protocol,feature_set,model,seed,fold,n_train_files,n_test_files,n_train_windows,n_test_windows,n_features,fit_seconds,predict_ms_per_1k,accuracy,macro_f1,weighted_f1,n_classes,file_accuracy,file_macro_f1,n_test_files_eval,precision_B,recall_B,f1_B,precision_IR,recall_IR,f1_IR,precision_OR,recall_OR,f1_OR,precision_N,recall_N,f1_N
P1,F1,lr,0,fold0,128,33,3225,895,91,2.425556182861328,1.0788773691188023,0.8379888268156425,0.8764307980661475,0.839290537088228,4,0.8787878787878788,0.9105263157894737,33,0.7238095238095238,0.9193548387096774,0.8099467140319716,0.9259259259259259,0.8101851851851852,0.8641975308641975,0.8777777777777778,0.79,0.8315789473684211,1.0,1.0,1.0
P1,F1,lr,0,fold1,128,33,3269,851,91,1.5984442234039307,0.6382109555738653,0.8260869565217391,0.8467889444241194,0.8286559709676443,4,0.8484848484848485,0.8728307414919991,33,0.614406779661017,0.725,0.6651376146788991,0.84375,1.0,0.9152542372881356,0.9556213017751479,0.7764423076923077,0.8567639257294429,0.9047619047619048,1.0,0.95
P1,F1,lr,0,fold2,129,32,3228,892,91,3.44315242767334,0.7187304475382305,0.8374439461883408,0.8624059788503827,0.834838238709846,4,0.875,0.8969320486815416,32,0.7323943661971831,0.6724137931034483,0.701123595505618,0.8898305084745762,0.9722222222222222,0.9292035398230089,0.8536585365853658,0.847457627118644,0.850546780072904,0.9393939393939394,1.0,0.96875
P1,F1,lr,0,fold3,129,32,3396,724,91,1.549724817276001,0.7106454332889115,0.7361878453038674,0.6198171885511533,0.7281273067322518,4,0.71875,0.5156926406926408,32,0.5445026178010471,0.5652173913043478,0.5546666666666666,0.8840579710144928,0.6630434782608695,0.7577639751552795,0.7853403141361257,0.9230769230769231,0.8486562942008486,0.5384615384615384,0.22580645161290322,0.3181818181818182
P1,F1,lr,0,fold4,130,31,3362,758,91,2.812105655670166,0.6781404439880854,0.8931398416886543,0.88570596274417,0.8954930770164653,3,0.9032258064516129,0.9013366750208855,31,0.7522935779816514,0.8913043478260869,0.8159203980099502,0.9528795811518325,0.8878048780487805,0.9191919191919192,0.9484240687679083,0.8970189701897019,0.9220055710306406,,,
P1,F1,lr,1,fold0,128,33,3225,895,91,2.2043304443359375,0.8420571268603789,0.8379888268156425,0.8764307980661475,0.839290537088228,4,0.8787878787878788,0.9105263157894737,33,0.7238095238095238,0.9193548387096774,0.8099467140319716,0.9259259259259259,0.8101851851851852,0.8641975308641975,0.8777777777777778,0.79,0.8315789473684211,1.0,1.0,1.0
P1,F1,lr,1,fold1,128,33,3269,851,91,1.4746558666229248,0.6861188016683037,0.8260869565217391,0.8467889444241194,0.8286559709676443,4,0.8484848484848485,0.8728307414919991,33,0.614406779661017,0.725,0.6651376146788991,0.84375,1.0,0.9152542372881356,0.9556213017751479,0.7764423076923077,0.8567639257294429,0.9047619047619048,1.0,0.95
P1,F1,lr,1,fold2,129,32,3228,892,91,3.357891798019409,0.6818450619821591,0.8374439461883408,0.8624059788503827,0.834838238709846,4,0.875,0.8969320486815416,32,0.7323943661971831,0.6724137931034483,0.701123595505618,0.8898305084745762,0.9722222222222222,0.9292035398230089,0.8536585365853658,0.847457627118644,0.850546780072904,0.9393939393939394,1.0,0.96875
P1,F1,lr,1,fold3,129,32,3396,724,91,1.5550479888916016,1.358063840075751,0.7361878453038674,0.6198171885511533,0.7281273067322518,4,0.71875,0.5156926406926408,32,0.5445026178010471,0.5652173913043478,0.5546666666666666,0.8840579710144928,0.6630434782608695,0.7577639751552795,0.7853403141361257,0.9230769230769231,0.8486562942008486,0.5384615384615384,0.22580645161290322,0.3181818181818182
P1,F1,lr,1,fold4,130,31,3362,758,91,2.6947553157806396,0.7319261656587546,0.8931398416886543,0.88570596274417,0.8954930770164653,3,0.9032258064516129,0.9013366750208855,31,0.7522935779816514,0.8913043478260869,0.8159203980099502,0.9528795811518325,0.8878048780487805,0.9191919191919192,0.9484240687679083,0.8970189701897019,0.9220055710306406,,,
P1,F1,lr,2,fold0,128,33,3225,895,91,2.2202086448669434,0.8484504742329346,0.8379888268156425,0.8764307980661475,0.839290537088228,4,0.8787878787878788,0.9105263157894737,33,0.7238095238095238,0.9193548387096774,0.8099467140319716,0.9259259259259259,0.8101851851851852,0.8641975308641975,0.8777777777777778,0.79,0.8315789473684211,1.0,1.0,1.0
P1,F1,lr,2,fold1,128,33,3269,851,91,1.5647087097167969,0.5905832723220844,0.8260869565217391,0.8467889444241194,0.8286559709676443,4,0.8484848484848485,0.8728307414919991,33,0.614406779661017,0.725,0.6651376146788991,0.84375,1.0,0.9152542372881356,0.9556213017751479,0.7764423076923077,0.8567639257294429,0.9047619047619048,1.0,0.95
P1,F1,lr,2,fold2,129,32,3228,892,91,3.2984626293182373,0.5695851928984638,0.8374439461883408,0.8624059788503827,0.834838238709846,4,0.875,0.8969320486815416,32,0.7323943661971831,0.6724137931034483,0.701123595505618,0.8898305084745762,0.9722222222222222,0.9292035398230089,0.8536585365853658,0.847457627118644,0.850546780072904,0.9393939393939394,1.0,0.96875
P1,F1,lr,2,fold3,129,32,3396,724,91,1.576798677444458,0.7152557373046875,0.7361878453038674,0.6198171885511533,0.7281273067322518,4,0.71875,0.5156926406926408,32,0.5445026178010471,0.5652173913043478,0.5546666666666666,0.8840579710144928,0.6630434782608695,0.7577639751552795,0.7853403141361257,0.9230769230769231,0.8486562942008486,0.5384615384615384,0.22580645161290322,0.3181818181818182
P1,F1,lr,2,fold4,130,31,3362,758,91,2.6458942890167236,0.6929236540379184,0.8931398416886543,0.88570596274417,0.8954930770164653,3,0.9032258064516129,0.9013366750208855,31,0.7522935779816514,0.8913043478260869,0.8159203980099502,0.9528795811518325,0.8878048780487805,0.9191919191919192,0.9484240687679083,0.8970189701897019,0.9220055710306406,,,
P1,F1,svm,0,fold0,128,33,3225,895,91,1.7331924438476562,164.81729859080394,0.8145251396648044,0.858575937698751,0.8147818150826994,4,0.8484848484848485,0.8844894494300267,33,0.7375415282392026,0.8951612903225806,0.8087431693989071,0.9065934065934066,0.7638888888888888,0.8291457286432161,0.8162729658792651,0.7775,0.7964148527528809,1.0,1.0,1.0
P1,F1,svm,0,fold1,128,33,3269,851,91,1.7367503643035889,164.33764008321435,0.7884841363102233,0.734302661008786,0.7941434971602097,4,0.7878787878787878,0.7306644880174292,33,0.5949367088607594,0.705,0.6453089244851259,0.8307692307692308,1.0,0.907563025210084,0.9640522875816994,0.7091346153846154,0.817174515235457,0.3958333333333333,1.0,0.5671641791044776
P1,F1,svm,0,fold2,129,32,3228,892,91,1.6437222957611084,155.8319335561162,0.8150224215246636,0.8440805120688915,0.815189578731398,4,0.84375,0.8760504201680672,32,0.7288135593220338,0.7413793103448276,0.7350427350427351,0.7916666666666666,0.8796296296296297,0.8333333333333334,0.8720626631853786,0.8087167070217918,0.8391959798994975,0.9393939393939394,1.0,0.96875
P1,F1,svm,0,fold3,129,32,3396,724,91,1.602829933166504,144.090771016495,0.7182320441988951,0.5207943951707709,0.6931227777098115,4,0.6875,0.47969187675070024,32,0.5121951219512195,0.45652173913043476,0.4827586206896552,0.8620689655172413,0.6793478260869565,0.7598784194528876,0.7493975903614458,0.9569230769230769,0.8405405405405405,0.0,0.0,0.0
P1,F1,svm,0,fold4,130,31,3362,758,91,1.7532830238342285,156.95837368122193,0.8812664907651715,0.8789652400074527,0.8810692560374839,3,0.8709677419354839,0.8736772486772487,31,0.8202764976958525,0.967391304347826,0.8877805486284289,0.8860103626943006,0.8341463414634146,0.8592964824120602,0.9166666666666666,0.8644986449864499,0.8898186889818689,,,
P1,F1,svm,1,fold0,128,33,3225,895,91,1.623652458190918,179.42956040025425,0.8145251396648044,0.858575937698751,0.8147818150826994,4,0.8484848484848485,0.8844894494300267,33,0.7375415282392026,0.8951612903225806,0.8087431693989071,0.9065934065934066,0.7638888888888888,0.8291457286432161,0.8162729658792651,0.7775,0.7964148527528809,1.0,1.0,1.0
P1,F1,svm,1,fold1,128,33,3269,851,91,1.7398531436920166,161.60297057603418,0.7884841363102233,0.7411330805262983,0.7928914756484398,4,0.7878787878787878,0.7592592592592592,33,0.5957446808510638,0.7,0.6436781609195402,0.8181818181818182,1.0,0.9,0.961038961038961,0.7115384615384616,0.8176795580110497,0.4318181818181818,1.0,0.6031746031746031
P1,F1,svm,1,fold2,129,32,3228,892,91,1.621652603149414,154.46075944087963,0.8116591928251121,0.8421704897938763,0.8121414424701158,4,0.84375,0.8760504201680672,32,0.7160493827160493,0.75,0.7326315789473684,0.7916666666666666,0.8796296296296297,0.8333333333333334,0.875,0.7966101694915254,0.8339670468948035,0.9393939393939394,1.0,0.96875
P1,F1,svm,1,fold3,129,32,3396,724,91,1.7230689525604248,147.14180435264967,0.7196132596685083,0.5217647514496924,0.6944139491329236,4,0.71875,0.5,32,0.5121951219512195,0.45652173913043476,0.4827586206896552,0.8680555555555556,0.6793478260869565,0.7621951219512195,0.75,0.96,0.8421052631578947,0.0,0.0,0.0
P1,F1,svm,1,fold4,130,31,3362,758,91,1.7676994800567627,159.68917856744852,0.8812664907651715,0.8789652400074527,0.8810692560374839,3,0.8709677419354839,0.8736772486772487,31,0.8202764976958525,0.967391304347826,0.8877805486284289,0.8860103626943006,0.8341463414634146,0.8592964824120602,0.9166666666666666,0.8644986449864499,0.8898186889818689,,,
P1,F1,svm,2,fold0,128,33,3225,895,91,1.647191047668457,155.86900977449045,0.8167597765363128,0.8607038341803557,0.8169906083337253,4,0.8484848484848485,0.8844894494300267,33,0.7392739273927392,0.9032258064516129,0.8130671506352087,0.9166666666666666,0.7638888888888888,0.8333333333333334,0.8162729658792651,0.7775,0.7964148527528809,1.0,1.0,1.0
P1,F1,svm,2,fold1,128,33,3269,851,91,1.6842107772827148,153.30370668799,0.7873090481786134,0.7403551745161628,0.7917451193940095,4,0.7878787878787878,0.7592592592592592,33,0.5932203389830508,0.7,0.6422018348623854,0.8181818181818182,1.0,0.9,0.9609120521172638,0.7091346153846154,0.8160442600276625,0.4318181818181818,1.0,0.6031746031746031
P1,F1,svm,2,fold2,129,32,3228,892,91,1.6809649467468262,153.74363270575688,0.8150224215246636,0.8443080068493527,0.8152257668599361,4,0.84375,0.8760504201680672,32,0.729957805907173,0.7456896551724138,0.7377398720682303,0.7941176470588235,0.875,0.8325991189427313,0.8697916666666666,0.8087167070217918,0.8381430363864492,0.9393939393939394,1.0,0.96875
P1,F1,svm,2,fold3,129,32,3396,724,91,1.5951337814331055,145.0115145899314,0.7182320441988951,0.5207943951707709,0.6931227777098115,4,0.6875,0.47969187675070024,32,0.5121951219512195,0.45652173913043476,0.4827586206896552,0.8620689655172413,0.6793478260869565,0.7598784194528876,0.7493975903614458,0.9569230769230769,0.8405405405405405,0.0,0.0,0.0
P1,F1,svm,2,fold4,130,31,3362,758,91,1.7206494808197021,169.68199948836758,0.8799472295514512,0.8775943698728615,0.879688872624301,3,0.8709677419354839,0.8736772486772487,31,0.8202764976958525,0.967391304347826,0.8877805486284289,0.8854166666666666,0.8292682926829268,0.8564231738035264,0.9140401146131805,0.8644986449864499,0.8885793871866295,,,
P1,F1,rf,0,fold0,128,33,3225,895,91,6.163580894470215,33.90871612719317,0.9206703910614525,0.9386058504143611,0.921800311657913,4,0.9393939393939394,0.9555555555555555,33,0.8231046931407943,0.9193548387096774,0.8685714285714285,0.9758454106280193,0.9351851851851852,0.9550827423167849,0.9552631578947368,0.9075,0.9307692307692308,1.0,1.0,1.0
P1,F1,rf,0,fold1,128,33,3269,851,91,6.157691955566406,43.65021137457197,0.8660399529964747,0.8365605558631979,0.864083416534869,4,0.8787878787878788,0.90625,33,0.7395833333333334,0.71,0.7244897959183674,0.9310344827586207,1.0,0.9642857142857143,0.8843373493975903,0.8822115384615384,0.8832731648616126,1.0,0.631578947368421,0.7741935483870968
P1,F1,rf,0,fold2,129,32,3228,892,91,6.009426832199097,31.984440414360286,0.8912556053811659,0.9106368097400623,0.8911779777000944,4,0.90625,0.9186274509803922,32,0.7956521739130434,0.7887931034482759,0.7922077922077922,0.9476190476190476,0.9212962962962963,0.9342723004694836,0.9073634204275535,0.9249394673123487,0.9160671462829736,1.0,1.0,1.0
P1,F1,rf,0,fold3,129,32,3396,724,91,6.674762964248657,36.53731793988475,0.8895027624309392,0.9034091150358852,0.8879980053099646,4,0.875,0.8891774891774892,32,0.7988505747126436,0.7554347826086957,0.776536312849162,1.0,0.8315217391304348,0.9080118694362018,0.8770491803278688,0.9876923076923076,0.9290882778581766,1.0,1.0,1.0
P1,F1,rf,0,fold4,130,31,3362,758,91,6.274868965148926,35.13937575206907,0.8865435356200527,0.8791985718805174,0.8893133639094396,3,0.8709677419354839,0.8686647173489278,31,0.7368421052631579,0.9891304347826086,0.8445475638051044,0.9010416666666666,0.8439024390243902,0.871536523929471,0.9937304075235109,0.8590785907859079,0.9215116279069767,,,
P1,F1,rf,1,fold0,128,33,3225,895,91,6.029171943664551,31.69102375733786,0.924022346368715,0.9409768765371447,0.9250412600183853,4,0.9696969696969697,0.9772296015180266,33,0.8315412186379928,0.9354838709677419,0.8804554079696395,0.975609756097561,0.9259259259259259,0.9501187648456056,0.9578947368421052,0.91,0.9333333333333333,1.0,1.0,1.0
P1,F1,rf,1,fold1,128,33,3269,851,91,6.216033935546875,32.50925577345242,0.8695652173913043,0.8405550712002325,0.8676077616602994,4,0.8787878787878788,0.90625,33,0.7526315789473684,0.715,0.7333333333333333,0.9473684210526315,1.0,0.972972972972973,0.8764845605700713,0.8870192307692307,0.8817204301075269,1.0,0.631578947368421,0.7741935483870968
P1,F1,rf,1,fold2,129,32,3228,892,91,6.08515739440918,32.13171467118199,0.8934977578475336,0.9136803955274581,0.8933780779920032,4,0.9375,0.9520833333333334,32,0.8114035087719298,0.7974137931034483,0.8043478260869565,0.9567307692307693,0.9212962962962963,0.9386792452830188,0.8988235294117647,0.9249394673123487,0.9116945107398569,1.0,1.0,1.0
P1,F1,rf,1,fold3,129,32,3396,724,91,6.606984376907349,38.89285398451663,0.8895027624309392,0.9034091150358852,0.8879980053099646,4,0.875,0.8891774891774892,32,0.7988505747126436,0.7554347826086957,0.776536312849162,1.0,0.8315217391304348,0.9080118694362018,0.8770491803278688,0.9876923076923076,0.9290882778581766,1.0,1.0,1.0
P1,F1,rf,1,fold4,130,31,3362,758,91,6.362896919250488,34.841195260000106,0.8812664907651715,0.8723406451436793,0.8844785798063844,3,0.8387096774193549,0.8296296296296296,31,0.7211155378486056,0.9836956521739131,0.832183908045977,0.9081081081081082,0.8195121951219512,0.8615384615384616,0.9906832298136646,0.8644986449864499,0.9232995658465991,,,
P1,F1,rf,2,fold0,128,33,3225,895,91,6.1496946811676025,31.89614365220736,0.9284916201117318,0.9447597492359222,0.929527092337134,4,0.9696969696969697,0.9772296015180266,33,0.8345323741007195,0.9354838709677419,0.8821292775665399,0.9806763285024155,0.9398148148148148,0.9598108747044918,0.9630606860158312,0.9125,0.9370988446726572,1.0,1.0,1.0
P1,F1,rf,2,fold1,128,33,3269,851,91,6.557863473892212,63.88133056855789,0.8742655699177438,0.8612676565370281,0.8724909590942119,4,0.8787878787878788,0.90625,33,0.7606382978723404,0.715,0.7371134020618557,0.9473684210526315,1.0,0.972972972972973,0.8812351543942993,0.8918269230769231,0.8864994026284349,1.0,0.7368421052631579,0.8484848484848485
P1,F1,rf,2,fold2,129,32,3228,892,91,6.184715747833252,31.661292362640793,0.897982062780269,0.9082569207949212,0.8973980294315322,4,0.90625,0.9186274509803922,32,0.8340807174887892,0.8017241379310345,0.8175824175824176,0.9255813953488372,0.9212962962962963,0.9234338747099768,0.9144893111638955,0.9322033898305084,0.9232613908872902,0.9393939393939394,1.0,0.96875
P1,F1,rf,2,fold3,129,32,3396,724,91,6.591577529907227,35.797364145352695,0.8895027624309392,0.9034091150358852,0.8879980053099646,4,0.875,0.8891774891774892,32,0.7988505747126436,0.7554347826086957,0.776536312849162,1.0,0.8315217391304348,0.9080118694362018,0.8770491803278688,0.9876923076923076,0.9290882778581766,1.0,1.0,1.0
P1,F1,rf,2,fold4,130,31,3362,758,91,6.445919752120972,36.642230595007426,0.8680738786279684,0.8560931940189543,0.8716416907867873,3,0.8387096774193549,0.8296296296296296,31,0.6973180076628352,0.9891304347826086,0.8179775280898877,0.8926553672316384,0.7707317073170732,0.8272251308900523,0.99375,0.8617886178861789,0.9230769230769231,,,
P1,F1,hgb,0,fold0,128,33,3225,895,91,3.9850621223449707,71.20777108815795,0.9128491620111732,0.9360473089529067,0.9141461765525032,4,0.9090909090909091,0.9316888045540797,33,0.8035714285714286,0.907258064516129,0.8522727272727273,1.0,0.9675925925925926,0.9835294117647059,0.9386666666666666,0.88,0.9083870967741936,1.0,1.0,1.0
P1,F1,hgb,0,fold1,128,33,3269,851,91,3.9106597900390625,68.80379171405079,0.8660399529964747,0.8862566073788869,0.8642882008208326,4,0.8484848484848485,0.8707107843137255,33,0.7277486910994765,0.695,0.710997442455243,0.8925619834710744,1.0,0.9432314410480349,0.9097744360902256,0.8725961538461539,0.8907975460122699,1.0,1.0,1.0
P1,F1,hgb,0,fold2,129,32,3228,892,91,3.758662223815918,77.2820994458391,0.9204035874439462,0.9348785099603967,0.9184497107694757,4,0.9375,0.9415153158037408,32,0.9090909090909091,0.7758620689655172,0.8372093023255814,0.9553571428571429,0.9907407407407407,0.9727272727272728,0.9020501138952164,0.9588377723970944,0.9295774647887324,1.0,1.0,1.0
P1,F1,hgb,0,fold3,129,32,3396,724,91,4.152316570281982,71.72315818828773,0.893646408839779,0.9062070100590545,0.8917438371240549,4,0.875,0.8891774891774892,32,0.8128654970760234,0.7554347826086957,0.7830985915492957,1.0,0.8315217391304348,0.9080118694362018,0.8780487804878049,0.9969230769230769,0.9337175792507204,1.0,1.0,1.0
P1,F1,hgb,0,fold4,130,31,3362,758,91,3.954664945602417,76.84438398456825,0.8641160949868074,0.853355285900043,0.8669780752762619,3,0.8387096774193549,0.8330827067669172,31,0.7137096774193549,0.9619565217391305,0.8194444444444444,0.8709677419354839,0.7902439024390244,0.8286445012787724,0.9753086419753086,0.8563685636856369,0.911976911976912,,,
P1,F1,hgb,1,fold0,128,33,3225,895,91,3.923022985458374,73.1092591525456,0.9128491620111732,0.9360473089529067,0.9141461765525032,4,0.9090909090909091,0.9316888045540797,33,0.8035714285714286,0.907258064516129,0.8522727272727273,1.0,0.9675925925925926,0.9835294117647059,0.9386666666666666,0.88,0.9083870967741936,1.0,1.0,1.0
P1,F1,hgb,1,fold1,128,33,3269,851,91,3.832610607147217,71.10953190912231,0.8660399529964747,0.8862566073788869,0.8642882008208326,4,0.8484848484848485,0.8707107843137255,33,0.7277486910994765,0.695,0.710997442455243,0.8925619834710744,1.0,0.9432314410480349,0.9097744360902256,0.8725961538461539,0.8907975460122699,1.0,1.0,1.0
P1,F1,hgb,1,fold2,129,32,3228,892,91,3.783975124359131,71.3058651295478,0.9204035874439462,0.9348785099603967,0.9184497107694757,4,0.9375,0.9415153158037408,32,0.9090909090909091,0.7758620689655172,0.8372093023255814,0.9553571428571429,0.9907407407407407,0.9727272727272728,0.9020501138952164,0.9588377723970944,0.9295774647887324,1.0,1.0,1.0
P1,F1,hgb,1,fold3,129,32,3396,724,91,3.981278419494629,78.0310420041585,0.893646408839779,0.9062070100590545,0.8917438371240549,4,0.875,0.8891774891774892,32,0.8128654970760234,0.7554347826086957,0.7830985915492957,1.0,0.8315217391304348,0.9080118694362018,0.8780487804878049,0.9969230769230769,0.9337175792507204,1.0,1.0,1.0
P1,F1,hgb,1,fold4,130,31,3362,758,91,3.8706326484680176,76.51317717217518,0.8641160949868074,0.853355285900043,0.8669780752762619,3,0.8387096774193549,0.8330827067669172,31,0.7137096774193549,0.9619565217391305,0.8194444444444444,0.8709677419354839,0.7902439024390244,0.8286445012787724,0.9753086419753086,0.8563685636856369,0.911976911976912,,,
P1,F1,hgb,2,fold0,128,33,3225,895,91,3.9134621620178223,75.28512837500546,0.9128491620111732,0.9360473089529067,0.9141461765525032,4,0.9090909090909091,0.9316888045540797,33,0.8035714285714286,0.907258064516129,0.8522727272727273,1.0,0.9675925925925926,0.9835294117647059,0.9386666666666666,0.88,0.9083870967741936,1.0,1.0,1.0
P1,F1,hgb,2,fold1,128,33,3269,851,91,3.75632905960083,69.23972509722593,0.8660399529964747,0.8862566073788869,0.8642882008208326,4,0.8484848484848485,0.8707107843137255,33,0.7277486910994765,0.695,0.710997442455243,0.8925619834710744,1.0,0.9432314410480349,0.9097744360902256,0.8725961538461539,0.8907975460122699,1.0,1.0,1.0
P1,F1,hgb,2,fold2,129,32,3228,892,91,3.813105344772339,70.67480429405589,0.9204035874439462,0.9348785099603967,0.9184497107694757,4,0.9375,0.9415153158037408,32,0.9090909090909091,0.7758620689655172,0.8372093023255814,0.9553571428571429,0.9907407407407407,0.9727272727272728,0.9020501138952164,0.9588377723970944,0.9295774647887324,1.0,1.0,1.0
P1,F1,hgb,2,fold3,129,32,3396,724,91,4.134547710418701,72.83885176010553,0.893646408839779,0.9062070100590545,0.8917438371240549,4,0.875,0.8891774891774892,32,0.8128654970760234,0.7554347826086957,0.7830985915492957,1.0,0.8315217391304348,0.9080118694362018,0.8780487804878049,0.9969230769230769,0.9337175792507204,1.0,1.0,1.0
P1,F1,hgb,2,fold4,130,31,3362,758,91,3.8584392070770264,74.30827712006179,0.8641160949868074,0.853355285900043,0.8669780752762619,3,0.8387096774193549,0.8330827067669172,31,0.7137096774193549,0.9619565217391305,0.8194444444444444,0.8709677419354839,0.7902439024390244,0.8286445012787724,0.9753086419753086,0.8563685636856369,0.911976911976912,,,
P1,F2,lr,0,fold0,128,33,3225,895,49,1.7590010166168213,0.6025729898633904,0.7251396648044692,0.7396940044082824,0.7173854842248407,4,0.696969696969697,0.7391941391941392,33,0.6797583081570997,0.907258064516129,0.7772020725388601,0.6815286624203821,0.49537037037037035,0.5737265415549598,0.7814207650273224,0.715,0.7467362924281984,0.7560975609756098,1.0,0.8611111111111112
P1,F2,lr,0,fold1,128,33,3269,851,49,1.2465429306030273,0.5185814217590977,0.5887191539365453,0.461855421664541,0.5934750965554384,4,0.6363636363636364,0.5,33,0.54296875,0.695,0.6096491228070176,0.53125,0.6296296296296297,0.576271186440678,0.7258064516129032,0.5408653846153846,0.6198347107438017,0.034482758620689655,0.05263157894736842,0.041666666666666664
P1,F2,lr,0,fold2,129,32,3228,892,49,2.5513672828674316,0.7684455324181527,0.602017937219731,0.6627637842718381,0.6018516509072634,4,0.65625,0.6586523125996809,32,0.6029411764705882,0.7068965517241379,0.6507936507936508,0.44954128440366975,0.6805555555555556,0.5414364640883977,0.7707509881422925,0.4721549636803874,0.5855855855855856,0.775,1.0,0.8732394366197183
P1,F2,lr,0,fold3,129,32,3396,724,49,0.6615653038024902,0.5716776979562328,0.5704419889502762,0.4296451547184295,0.571237536919761,4,0.5625,0.42004662004662,32,0.5606060606060606,0.6032608695652174,0.581151832460733,0.38223938223938225,0.5380434782608695,0.4469525959367946,0.7718631178707225,0.6246153846153846,0.6904761904761905,0.0,0.0,0.0
P1,F2,lr,0,fold4,130,31,3362,758,49,1.8170256614685059,0.5315664890259112,0.6187335092348285,0.6139368995484249,0.6299674526007096,3,0.6774193548387096,0.6591942820012996,31,0.6083333333333333,0.7934782608695652,0.6886792452830188,0.41015625,0.5121951219512195,0.455531453362256,0.8515625,0.5907859078590786,0.6976,,,
P1,F2,lr,1,fold0,128,33,3225,895,49,1.8387155532836914,0.49095580031751923,0.7251396648044692,0.7396940044082824,0.7173854842248407,4,0.696969696969697,0.7391941391941392,33,0.6797583081570997,0.907258064516129,0.7772020725388601,0.6815286624203821,0.49537037037037035,0.5737265415549598,0.7814207650273224,0.715,0.7467362924281984,0.7560975609756098,1.0,0.8611111111111112
P1,F2,lr,1,fold1,128,33,3269,851,49,1.2249939441680908,0.5020518140423031,0.5887191539365453,0.461855421664541,0.5934750965554384,4,0.6363636363636364,0.5,33,0.54296875,0.695,0.6096491228070176,0.53125,0.6296296296296297,0.576271186440678,0.7258064516129032,0.5408653846153846,0.6198347107438017,0.034482758620689655,0.05263157894736842,0.041666666666666664
P1,F2,lr,1,fold2,129,32,3228,892,49,2.37613582611084,0.5540826395488107,0.602017937219731,0.6627637842718381,0.6018516509072634,4,0.65625,0.6586523125996809,32,0.6029411764705882,0.7068965517241379,0.6507936507936508,0.44954128440366975,0.6805555555555556,0.5414364640883977,0.7707509881422925,0.4721549636803874,0.5855855855855856,0.775,1.0,0.8732394366197183
P1,F2,lr,1,fold3,129,32,3396,724,49,0.7542464733123779,0.6339168021692098,0.5704419889502762,0.4296451547184295,0.571237536919761,4,0.5625,0.42004662004662,32,0.5606060606060606,0.6032608695652174,0.581151832460733,0.38223938223938225,0.5380434782608695,0.4469525959367946,0.7718631178707225,0.6246153846153846,0.6904761904761905,0.0,0.0,0.0
P1,F2,lr,1,fold4,130,31,3362,758,49,1.848844289779663,0.5479223809959392,0.6187335092348285,0.6139368995484249,0.6299674526007096,3,0.6774193548387096,0.6591942820012996,31,0.6083333333333333,0.7934782608695652,0.6886792452830188,0.41015625,0.5121951219512195,0.455531453362256,0.8515625,0.5907859078590786,0.6976,,,
P1,F2,lr,2,fold0,128,33,3225,895,49,1.7808153629302979,0.5151972424384601,0.7251396648044692,0.7396940044082824,0.7173854842248407,4,0.696969696969697,0.7391941391941392,33,0.6797583081570997,0.907258064516129,0.7772020725388601,0.6815286624203821,0.49537037037037035,0.5737265415549598,0.7814207650273224,0.715,0.7467362924281984,0.7560975609756098,1.0,0.8611111111111112
P1,F2,lr,2,fold1,128,33,3269,851,49,1.3635656833648682,0.631767210192742,0.5887191539365453,0.461855421664541,0.5934750965554384,4,0.6363636363636364,0.5,33,0.54296875,0.695,0.6096491228070176,0.53125,0.6296296296296297,0.576271186440678,0.7258064516129032,0.5408653846153846,0.6198347107438017,0.034482758620689655,0.05263157894736842,0.041666666666666664
P1,F2,lr,2,fold2,129,32,3228,892,49,2.3150956630706787,0.52975966791401,0.602017937219731,0.6627637842718381,0.6018516509072634,4,0.65625,0.6586523125996809,32,0.6029411764705882,0.7068965517241379,0.6507936507936508,0.44954128440366975,0.6805555555555556,0.5414364640883977,0.7707509881422925,0.4721549636803874,0.5855855855855856,0.775,1.0,0.8732394366197183
P1,F2,lr,2,fold3,129,32,3396,724,49,0.6469910144805908,0.543686566431878,0.5704419889502762,0.4296451547184295,0.571237536919761,4,0.5625,0.42004662004662,32,0.5606060606060606,0.6032608695652174,0.581151832460733,0.38223938223938225,0.5380434782608695,0.4469525959367946,0.7718631178707225,0.6246153846153846,0.6904761904761905,0.0,0.0,0.0
P1,F2,lr,2,fold4,130,31,3362,758,49,2.0427865982055664,0.8074148978281147,0.6187335092348285,0.6139368995484249,0.6299674526007096,3,0.6774193548387096,0.6591942820012996,31,0.6083333333333333,0.7934782608695652,0.6886792452830188,0.41015625,0.5121951219512195,0.455531453362256,0.8515625,0.5907859078590786,0.6976,,,
P1,F2,svm,0,fold0,128,33,3225,895,49,2.410691976547241,232.13498419223552,0.6882681564245811,0.6667542630800274,0.6795999318452065,4,0.6666666666666666,0.7264957264957265,33,0.7348993288590604,0.8830645161290323,0.8021978021978022,0.6756756756756757,0.46296296296296297,0.5494505494505495,0.651270207852194,0.705,0.6770708283313326,0.9375,0.4838709677419355,0.6382978723404256
P1,F2,svm,0,fold1,128,33,3269,851,49,2.332212448120117,236.286259706096,0.4618096357226792,0.318455289741604,0.4435740645331352,4,0.48484848484848486,0.32854864433811803,33,0.4574468085106383,0.645,0.5352697095435685,0.2727272727272727,0.1388888888888889,0.18404907975460122,0.5467289719626168,0.5625,0.5545023696682464,0.0,0.0,0.0
P1,F2,svm,0,fold2,129,32,3228,892,49,2.407200336456299,238.30311180764784,0.6401345291479821,0.6949080407749958,0.6406390773070431,4,0.65625,0.7258771929824561,32,0.6216216216216216,0.6939655172413793,0.6558044806517311,0.5235849056603774,0.5138888888888888,0.5186915887850467,0.6903553299492385,0.6585956416464891,0.6741016109045849,1.0,0.8709677419354839,0.9310344827586207
P1,F2,svm,0,fold3,129,32,3396,724,49,2.146533966064453,205.17894576267642,0.6574585635359116,0.46961141882692864,0.6338667314672666,4,0.6875,0.4927083333333333,32,0.5504587155963303,0.6521739130434783,0.5970149253731343,0.5671641791044776,0.41304347826086957,0.4779874213836478,0.7526881720430108,0.8615384615384616,0.8034433285509326,0.0,0.0,0.0
P1,F2,svm,0,fold4,130,31,3362,758,49,2.569474220275879,223.5532750554953,0.6503957783641161,0.6319722711727035,0.6442665863341086,3,0.6774193548387096,0.6614870509607352,31,0.6496062992125984,0.8967391304347826,0.7534246575342466,0.4644808743169399,0.4146341463414634,0.4381443298969072,0.7570093457943925,0.6585365853658537,0.7043478260869566,,,
P1,F2,svm,1,fold0,128,33,3225,895,49,2.3396551609039307,232.05773124481712,0.6927374301675978,0.6759473931951243,0.6839104681873912,4,0.696969696969697,0.7459150326797386,33,0.7348993288590604,0.8830645161290323,0.8021978021978022,0.6923076923076923,0.4583333333333333,0.5515320334261838,0.6544622425629291,0.715,0.6833930704898447,0.9411764705882353,0.5161290322580645,0.6666666666666666
P1,F2,svm,1,fold1,128,33,3269,851,49,2.3439440727233887,224.46927116564382,0.46298472385428907,0.3209752110346819,0.44603844750212934,4,0.48484848484848486,0.32854864433811803,33,0.4574468085106383,0.645,0.5352697095435685,0.2831858407079646,0.14814814814814814,0.1945288753799392,0.548235294117647,0.5600961538461539,0.5541022592152199,0.0,0.0,0.0
P1,F2,svm,1,fold2,129,32,3228,892,49,2.3359181880950928,220.3035782270902,0.6423766816143498,0.7002180813192715,0.6424037678005192,4,0.65625,0.7258771929824561,32,0.624031007751938,0.6939655172413793,0.6571428571428571,0.5288461538461539,0.5092592592592593,0.5188679245283019,0.6884422110552764,0.6634382566585957,0.6757090012330457,1.0,0.9032258064516129,0.9491525423728814
P1,F2,svm,1,fold3,129,32,3396,724,49,2.1296372413635254,222.39744333931097,0.6560773480662984,0.46872315580371526,0.6328535884906323,4,0.6875,0.4927083333333333,32,0.5504587155963303,0.6521739130434783,0.5970149253731343,0.5588235294117647,0.41304347826086957,0.475,0.754054054054054,0.8584615384615385,0.8028776978417266,0.0,0.0,0.0
P1,F2,svm,1,fold4,130,31,3362,758,49,2.449075222015381,225.19955848955541,0.6517150395778364,0.6331719789093725,0.6455978804579302,3,0.6774193548387096,0.6614870509607352,31,0.6521739130434783,0.8967391304347826,0.7551487414187643,0.4644808743169399,0.4146341463414634,0.4381443298969072,0.7577639751552795,0.6612466124661247,0.7062228654124457,,,
P1,F2,svm,2,fold0,128,33,3225,895,49,2.370598077774048,229.05445631655903,0.6927374301675978,0.6694026362030532,0.683534635151257,4,0.696969696969697,0.7459150326797386,33,0.7357859531772575,0.8870967741935484,0.8043875685557587,0.6923076923076923,0.4583333333333333,0.5515320334261838,0.6544622425629291,0.715,0.6833930704898447,0.9375,0.4838709677419355,0.6382978723404256
P1,F2,svm,2,fold1,128,33,3269,851,49,2.3439700603485107,213.35072859193687,0.4618096357226792,0.318455289741604,0.4435740645331352,4,0.48484848484848486,0.32854864433811803,33,0.4574468085106383,0.645,0.5352697095435685,0.2727272727272727,0.1388888888888889,0.18404907975460122,0.5467289719626168,0.5625,0.5545023696682464,0.0,0.0,0.0
P1,F2,svm,2,fold2,129,32,3228,892,49,2.4813032150268555,219.82059350462774,0.6423766816143498,0.7005823632583459,0.6425795559893538,4,0.65625,0.7258771929824561,32,0.624031007751938,0.6939655172413793,0.6571428571428571,0.5285714285714286,0.5138888888888888,0.5211267605633803,0.6893939393939394,0.6610169491525424,0.6749072929542645,1.0,0.9032258064516129,0.9491525423728814
P1,F2,svm,2,fold3,129,32,3396,724,49,2.159044027328491,200.88181311254343,0.6574585635359116,0.46952536044945115,0.6340040623658356,4,0.6875,0.4927083333333333,32,0.5529953917050692,0.6521739130434783,0.5985037406483791,0.5588235294117647,0.41304347826086957,0.475,0.7547169811320755,0.8615384615384616,0.8045977011494253,0.0,0.0,0.0
P1,F2,svm,2,fold4,130,31,3362,758,49,2.5241243839263916,233.01452948738844,0.6517150395778364,0.6329746695782686,0.6454855592480965,3,0.6774193548387096,0.6614870509607352,31,0.6496062992125984,0.8967391304347826,0.7534246575342466,0.46703296703296704,0.4146341463414634,0.4392764857881137,0.7577639751552795,0.6612466124661247,0.7062228654124457,,,
P1,F2,rf,0,fold0,128,33,3225,895,49,5.408759832382202,35.76838104418536,0.852513966480447,0.8721599498657837,0.8535404480529698,4,0.8787878787878788,0.9052579365079365,33,0.7622377622377622,0.8790322580645161,0.8164794007490637,0.9153439153439153,0.8009259259259259,0.854320987654321,0.8775510204081632,0.86,0.8686868686868687,1.0,0.9032258064516129,0.9491525423728814
P1,F2,rf,0,fold1,128,33,3269,851,49,5.476145505905151,36.55368657005659,0.7837837837837838,0.5937304566632247,0.7820550351831638,4,0.7878787878787878,0.600085406213302,33,0.5424354243542435,0.735,0.6242038216560509,0.8983050847457628,0.9814814814814815,0.9380530973451328,0.9005847953216374,0.7403846153846154,0.8126649076517151,0.0,0.0,0.0
P1,F2,rf,0,fold2,129,32,3228,892,49,5.301864147186279,37.02677953403627,0.8262331838565022,0.8171927724685855,0.8254065542264836,4,0.84375,0.8705357142857143,32,0.7731481481481481,0.7198275862068966,0.7455357142857143,0.8921568627450981,0.8425925925925926,0.8666666666666667,0.8231292517006803,0.8789346246973365,0.8501170960187353,0.8064516129032258,0.8064516129032258,0.8064516129032258
P1,F2,rf,0,fold3,129,32,3396,724,49,5.505056619644165,40.61118015268231,0.7679558011049724,0.5690509515824973,0.7469163623075469,4,0.84375,0.6272727272727273,32,0.5852272727272727,0.5597826086956522,0.5722222222222222,1.0,0.7228260869565217,0.8391167192429022,0.7710843373493976,0.9846153846153847,0.8648648648648649,0.0,0.0,0.0
P1,F2,rf,0,fold4,130,31,3362,758,49,5.581019401550293,42.253245149879156,0.8733509234828496,0.8690585445696414,0.8727456594200114,3,0.8387096774193549,0.8439733593242366,31,0.8382352941176471,0.9293478260869565,0.8814432989690721,0.8858695652173914,0.7951219512195122,0.8380462724935732,0.8864864864864865,0.8888888888888888,0.8876860622462788,,,
P1,F2,rf,1,fold0,128,33,3225,895,49,5.455723762512207,35.72176288626047,0.8458100558659218,0.868496313840779,0.8473529832391543,4,0.8787878787878788,0.9079656862745098,33,0.7423728813559322,0.8830645161290323,0.8066298342541437,0.9301075268817204,0.8009259259259259,0.8606965174129353,0.8730569948186528,0.8425,0.8575063613231552,1.0,0.9032258064516129,0.9491525423728814
P1,F2,rf,1,fold1,128,33,3269,851,49,5.5186309814453125,37.60990048687551,0.7873090481786134,0.5960350939534633,0.785439830582279,4,0.7878787878787878,0.600085406213302,33,0.5457875457875457,0.745,0.6300211416490487,0.8879668049792531,0.9907407407407407,0.936542669584245,0.9164179104477612,0.7379807692307693,0.8175765645805593,0.0,0.0,0.0
P1,F2,rf,1,fold2,129,32,3228,892,49,5.34759259223938,36.482853739785504,0.8295964125560538,0.8283614024562129,0.8287787308647105,4,0.875,0.9020833333333333,32,0.780373831775701,0.7198275862068966,0.7488789237668162,0.8985507246376812,0.8611111111111112,0.8794326241134752,0.8204545454545454,0.87409200968523,0.8464243845252052,0.8387096774193549,0.8387096774193549,0.8387096774193549
P1,F2,rf,1,fold3,129,32,3396,724,49,5.5318989753723145,52.13200058067701,0.7624309392265194,0.5632280639432119,0.7414534224121985,4,0.8125,0.5967787114845938,32,0.5536723163841808,0.532608695652174,0.5429362880886427,1.0,0.7282608695652174,0.8427672955974843,0.774818401937046,0.9846153846153847,0.8672086720867209,0.0,0.0,0.0
P1,F2,rf,1,fold4,130,31,3362,758,49,5.593270778656006,39.68316835589648,0.8720316622691293,0.8675182422439991,0.8710963253001898,3,0.8709677419354839,0.8736772486772487,31,0.8472906403940886,0.9347826086956522,0.8888888888888888,0.8791208791208791,0.7804878048780488,0.8268733850129198,0.8820375335120644,0.8915989159891599,0.8867924528301887,,,
P1,F2,rf,2,fold0,128,33,3225,895,49,5.396941900253296,36.39546186564355,0.841340782122905,0.863599180739209,0.8425952023176007,4,0.8484848484848485,0.8844894494300267,33,0.7431506849315068,0.875,0.8037037037037037,0.9090909090909091,0.7870370370370371,0.8436724565756824,0.8711340206185567,0.845,0.8578680203045685,1.0,0.9032258064516129,0.9491525423728814
P1,F2,rf,2,fold1,128,33,3269,851,49,5.485487699508667,37.57992306271115,0.7849588719153937,0.5947122541004803,0.7840438784781928,4,0.7878787878787878,0.600085406213302,33,0.5447761194029851,0.73,0.6239316239316239,0.8983050847457628,0.9814814814814815,0.9380530973451328,0.9037900874635568,0.7451923076923077,0.8168642951251647,0.0,0.0,0.0
P1,F2,rf,2,fold2,129,32,3228,892,49,5.3179497718811035,36.588698759207276,0.8318385650224215,0.8267138415555437,0.8307221993516064,4,0.875,0.9020833333333333,32,0.7904761904761904,0.7155172413793104,0.751131221719457,0.8909952606635071,0.8703703703703703,0.8805620608899297,0.8246013667425968,0.8765133171912833,0.8497652582159625,0.8125,0.8387096774193549,0.8253968253968254
P1,F2,rf,2,fold3,129,32,3396,724,49,5.574014663696289,41.00338530145298,0.7707182320441989,0.5710647207548873,0.7498789090162582,4,0.84375,0.6272727272727273,32,0.5738636363636364,0.5489130434782609,0.5611111111111111,1.0,0.7445652173913043,0.8535825545171339,0.7785888077858881,0.9846153846153847,0.8695652173913043,0.0,0.0,0.0
P1,F2,rf,2,fold4,130,31,3362,758,49,5.764887571334839,42.71907353464091,0.8693931398416886,0.8664308682125706,0.8687991769434791,3,0.8709677419354839,0.8736772486772487,31,0.8527918781725888,0.9130434782608695,0.8818897637795275,0.8858695652173914,0.7951219512195122,0.8380462724935732,0.870026525198939,0.8888888888888888,0.8793565683646113,,,
P1,F2,hgb,0,fold0,128,33,3225,895,49,3.3252859115600586,100.29110828591459,0.8491620111731844,0.8825082346268787,0.8500130528082427,4,0.8484848484848485,0.8798611111111111,33,0.7632508833922261,0.8709677419354839,0.8135593220338984,0.8872549019607843,0.8379629629629629,0.861904761904762,0.8806366047745358,0.83,0.8545688545688546,1.0,1.0,1.0
P1,F2,hgb,0,fold1,128,33,3269,851,49,3.310718297958374,102.7850230628259,0.8084606345475911,0.6109773686524717,0.8043808116749059,4,0.7878787878787878,0.6078947368421053,33,0.5747126436781609,0.75,0.6507592190889371,0.9191489361702128,1.0,0.9578713968957872,0.9070422535211268,0.7740384615384616,0.8352788586251622,0.0,0.0,0.0
P1,F2,hgb,0,fold2,129,32,3228,892,49,3.268157720565796,97.36886473514573,0.8688340807174888,0.8771291764366363,0.8683795449488823,4,0.90625,0.9258064516129032,32,0.7802690582959642,0.75,0.7648351648351648,0.9669811320754716,0.9490740740740741,0.9579439252336449,0.8672985781990521,0.8861985472154964,0.8766467065868263,0.8571428571428571,0.967741935483871,0.9090909090909091
P1,F2,hgb,0,fold3,129,32,3396,724,49,3.531437635421753,101.5896955247742,0.7831491712707183,0.5833301025596329,0.7658099359010688,4,0.84375,0.6272727272727273,32,0.5897435897435898,0.625,0.6068601583113457,1.0,0.7228260869565217,0.8391167192429022,0.8096446700507615,0.9815384615384616,0.8873435326842837,0.0,0.0,0.0
P1,F2,hgb,0,fold4,130,31,3362,758,49,3.7886922359466553,102.56465318020541,0.8878627968337731,0.8865619542581692,0.8876183798560852,3,0.9032258064516129,0.9063180827886711,31,0.8592233009708737,0.9619565217391305,0.9076923076923077,0.8620689655172413,0.8536585365853658,0.8578431372549019,0.9197707736389685,0.8699186991869918,0.8941504178272981,,,
P1,F2,hgb,1,fold0,128,33,3225,895,49,3.322821617126465,100.06734112787512,0.8491620111731844,0.8825082346268787,0.8500130528082427,4,0.8484848484848485,0.8798611111111111,33,0.7632508833922261,0.8709677419354839,0.8135593220338984,0.8872549019607843,0.8379629629629629,0.861904761904762,0.8806366047745358,0.83,0.8545688545688546,1.0,1.0,1.0
P1,F2,hgb,1,fold1,128,33,3269,851,49,3.353281259536743,102.61580470586075,0.8084606345475911,0.6109773686524717,0.8043808116749059,4,0.7878787878787878,0.6078947368421053,33,0.5747126436781609,0.75,0.6507592190889371,0.9191489361702128,1.0,0.9578713968957872,0.9070422535211268,0.7740384615384616,0.8352788586251622,0.0,0.0,0.0
P1,F2,hgb,1,fold2,129,32,3228,892,49,3.3150157928466797,97.33465220361546,0.8688340807174888,0.8771291764366363,0.8683795449488823,4,0.90625,0.9258064516129032,32,0.7802690582959642,0.75,0.7648351648351648,0.9669811320754716,0.9490740740740741,0.9579439252336449,0.8672985781990521,0.8861985472154964,0.8766467065868263,0.8571428571428571,0.967741935483871,0.9090909090909091
P1,F2,hgb,1,fold3,129,32,3396,724,49,3.394012928009033,99.39914250242117,0.7831491712707183,0.5833301025596329,0.7658099359010688,4,0.84375,0.6272727272727273,32,0.5897435897435898,0.625,0.6068601583113457,1.0,0.7228260869565217,0.8391167192429022,0.8096446700507615,0.9815384615384616,0.8873435326842837,0.0,0.0,0.0
P1,F2,hgb,1,fold4,130,31,3362,758,49,3.6781818866729736,110.4673798291853,0.8878627968337731,0.8865619542581692,0.8876183798560852,3,0.9032258064516129,0.9063180827886711,31,0.8592233009708737,0.9619565217391305,0.9076923076923077,0.8620689655172413,0.8536585365853658,0.8578431372549019,0.9197707736389685,0.8699186991869918,0.8941504178272981,,,
P1,F2,hgb,2,fold0,128,33,3225,895,49,3.31474232673645,97.05660729434904,0.8491620111731844,0.8825082346268787,0.8500130528082427,4,0.8484848484848485,0.8798611111111111,33,0.7632508833922261,0.8709677419354839,0.8135593220338984,0.8872549019607843,0.8379629629629629,0.861904761904762,0.8806366047745358,0.83,0.8545688545688546,1.0,1.0,1.0
P1,F2,hgb,2,fold1,128,33,3269,851,49,3.317227840423584,93.07093681936118,0.8084606345475911,0.6109773686524717,0.8043808116749059,4,0.7878787878787878,0.6078947368421053,33,0.5747126436781609,0.75,0.6507592190889371,0.9191489361702128,1.0,0.9578713968957872,0.9070422535211268,0.7740384615384616,0.8352788586251622,0.0,0.0,0.0
P1,F2,hgb,2,fold2,129,32,3228,892,49,3.3181962966918945,98.40994137819573,0.8688340807174888,0.8771291764366363,0.8683795449488823,4,0.90625,0.9258064516129032,32,0.7802690582959642,0.75,0.7648351648351648,0.9669811320754716,0.9490740740740741,0.9579439252336449,0.8672985781990521,0.8861985472154964,0.8766467065868263,0.8571428571428571,0.967741935483871,0.9090909090909091
P1,F2,hgb,2,fold3,129,32,3396,724,49,3.526320695877075,99.57235821044247,0.7831491712707183,0.5833301025596329,0.7658099359010688,4,0.84375,0.6272727272727273,32,0.5897435897435898,0.625,0.6068601583113457,1.0,0.7228260869565217,0.8391167192429022,0.8096446700507615,0.9815384615384616,0.8873435326842837,0.0,0.0,0.0
P1,F2,hgb,2,fold4,130,31,3362,758,49,3.5626401901245117,102.6152935380357,0.8878627968337731,0.8865619542581692,0.8876183798560852,3,0.9032258064516129,0.9063180827886711,31,0.8592233009708737,0.9619565217391305,0.9076923076923077,0.8620689655172413,0.8536585365853658,0.8578431372549019,0.9197707736389685,0.8699186991869918,0.8941504178272981,,,
P1,F3,lr,0,fold0,128,33,3225,895,57,2.7190093994140625,0.8074264952590346,0.8055865921787709,0.7701059694989645,0.8081125034819703,4,0.8181818181818182,0.7914786967418546,33,0.7106109324758842,0.8911290322580645,0.7906976744186046,0.9065934065934066,0.7638888888888888,0.8291457286432161,0.8687150837988827,0.7775,0.820580474934037,0.5454545454545454,0.7741935483870968,0.64
P1,F3,lr,0,fold1,128,33,3269,851,57,1.9073960781097412,0.5533216142486321,0.7379553466509988,0.5715777733590894,0.7535812715522845,4,0.7575757575757576,0.6037037037037037,33,0.5245283018867924,0.695,0.5978494623655914,0.8269230769230769,0.9953703703703703,0.9033613445378151,0.9716312056737588,0.6586538461538461,0.7851002865329513,0.0,0.0,0.0
P1,F3,lr,0,fold2,129,32,3228,892,57,2.835360527038574,0.5610320600158964,0.7825112107623319,0.7557389483132706,0.7860945073047224,4,0.875,0.8265873015873015,32,0.6795366795366795,0.7586206896551724,0.7169042769857433,0.7869565217391304,0.8379629629629629,0.8116591928251121,0.896551724137931,0.7554479418886199,0.8199737187910644,0.5272727272727272,0.9354838709677419,0.6744186046511628
P1,F3,lr,0,fold3,129,32,3396,724,57,0.9115231037139893,0.713609200156196,0.7375690607734806,0.5473802341539227,0.7352409879669982,4,0.8125,0.612471198156682,32,0.538860103626943,0.5652173913043478,0.5517241379310345,0.7870967741935484,0.6630434782608695,0.7197640117994101,0.8901734104046243,0.9476923076923077,0.9180327868852459,0.0,0.0,0.0
P1,F3,lr,0,fold4,130,31,3362,758,57,2.9020440578460693,0.6677607433147984,0.7994722955145118,0.7897816517307122,0.8092419777580359,3,0.8064516129032258,0.7883597883597884,31,0.6718146718146718,0.9456521739130435,0.7855530474040632,0.7926829268292683,0.6341463414634146,0.7046070460704607,0.949685534591195,0.8184281842818428,0.8791848617176128,,,
P1,F3,lr,1,fold0,128,33,3225,895,57,2.5184714794158936,0.6350725056738826,0.8055865921787709,0.7701059694989645,0.8081125034819703,4,0.8181818181818182,0.7914786967418546,33,0.7106109324758842,0.8911290322580645,0.7906976744186046,0.9065934065934066,0.7638888888888888,0.8291457286432161,0.8687150837988827,0.7775,0.820580474934037,0.5454545454545454,0.7741935483870968,0.64
P1,F3,lr,1,fold1,128,33,3269,851,57,1.909740686416626,0.5659289421682212,0.7379553466509988,0.5715777733590894,0.7535812715522845,4,0.7575757575757576,0.6037037037037037,33,0.5245283018867924,0.695,0.5978494623655914,0.8269230769230769,0.9953703703703703,0.9033613445378151,0.9716312056737588,0.6586538461538461,0.7851002865329513,0.0,0.0,0.0
P1,F3,lr,1,fold2,129,32,3228,892,57,2.7217636108398438,0.7890265084168302,0.7825112107623319,0.7557389483132706,0.7860945073047224,4,0.875,0.8265873015873015,32,0.6795366795366795,0.7586206896551724,0.7169042769857433,0.7869565217391304,0.8379629629629629,0.8116591928251121,0.896551724137931,0.7554479418886199,0.8199737187910644,0.5272727272727272,0.9354838709677419,0.6744186046511628
P1,F3,lr,1,fold3,129,32,3396,724,57,0.7981369495391846,0.5601519379167925,0.7375690607734806,0.5473802341539227,0.7352409879669982,4,0.8125,0.612471198156682,32,0.538860103626943,0.5652173913043478,0.5517241379310345,0.7870967741935484,0.6630434782608695,0.7197640117994101,0.8901734104046243,0.9476923076923077,0.9180327868852459,0.0,0.0,0.0
P1,F3,lr,1,fold4,130,31,3362,758,57,2.9640705585479736,0.6196366765568313,0.7994722955145118,0.7897816517307122,0.8092419777580359,3,0.8064516129032258,0.7883597883597884,31,0.6718146718146718,0.9456521739130435,0.7855530474040632,0.7926829268292683,0.6341463414634146,0.7046070460704607,0.949685534591195,0.8184281842818428,0.8791848617176128,,,
P1,F3,lr,2,fold0,128,33,3225,895,57,2.498364210128784,0.5135989055953213,0.8055865921787709,0.7701059694989645,0.8081125034819703,4,0.8181818181818182,0.7914786967418546,33,0.7106109324758842,0.8911290322580645,0.7906976744186046,0.9065934065934066,0.7638888888888888,0.8291457286432161,0.8687150837988827,0.7775,0.820580474934037,0.5454545454545454,0.7741935483870968,0.64
P1,F3,lr,2,fold1,128,33,3269,851,57,1.9793627262115479,0.5718123618640294,0.7379553466509988,0.5715777733590894,0.7535812715522845,4,0.7575757575757576,0.6037037037037037,33,0.5245283018867924,0.695,0.5978494623655914,0.8269230769230769,0.9953703703703703,0.9033613445378151,0.9716312056737588,0.6586538461538461,0.7851002865329513,0.0,0.0,0.0
P1,F3,lr,2,fold2,129,32,3228,892,57,2.8044590950012207,0.633466404115138,0.7825112107623319,0.7557389483132706,0.7860945073047224,4,0.875,0.8265873015873015,32,0.6795366795366795,0.7586206896551724,0.7169042769857433,0.7869565217391304,0.8379629629629629,0.8116591928251121,0.896551724137931,0.7554479418886199,0.8199737187910644,0.5272727272727272,0.9354838709677419,0.6744186046511628
P1,F3,lr,2,fold3,129,32,3396,724,57,0.8869912624359131,0.5858379174332592,0.7375690607734806,0.5473802341539227,0.7352409879669982,4,0.8125,0.612471198156682,32,0.538860103626943,0.5652173913043478,0.5517241379310345,0.7870967741935484,0.6630434782608695,0.7197640117994101,0.8901734104046243,0.9476923076923077,0.9180327868852459,0.0,0.0,0.0
P1,F3,lr,2,fold4,130,31,3362,758,57,2.9742581844329834,0.7190301739131555,0.7994722955145118,0.7897816517307122,0.8092419777580359,3,0.8064516129032258,0.7883597883597884,31,0.6718146718146718,0.9456521739130435,0.7855530474040632,0.7926829268292683,0.6341463414634146,0.7046070460704607,0.949685534591195,0.8184281842818428,0.8791848617176128,,,
P1,F3,svm,0,fold0,128,33,3225,895,57,1.9681789875030518,174.1558479863172,0.7798882681564245,0.6398702026061539,0.7724533797038209,4,0.7575757575757576,0.575,33,0.6606060606060606,0.8790322580645161,0.754325259515571,0.8606965174129353,0.8009259259259259,0.829736211031175,0.8421052631578947,0.76,0.7989487516425755,1.0,0.0967741935483871,0.17647058823529413
P1,F3,svm,0,fold1,128,33,3269,851,57,1.9641368389129639,168.46724038398645,0.7320799059929495,0.5604373112462385,0.7440579826619044,4,0.7575757575757576,0.5968925581928678,33,0.4980694980694981,0.645,0.5620915032679739,0.8075471698113208,0.9907407407407407,0.8898128898128899,0.9556313993174061,0.6730769230769231,0.7898448519040903,0.0,0.0,0.0
P1,F3,svm,0,fold2,129,32,3228,892,57,1.9880707263946533,185.78420305465903,0.8071748878923767,0.8403513465311218,0.8094064834075918,4,0.8125,0.8484962406015037,32,0.6726618705035972,0.8060344827586207,0.7333333333333333,0.845360824742268,0.7592592592592593,0.8,0.8711340206185567,0.8184019370460048,0.8439450686641697,0.96875,1.0,0.9841269841269841
P1,F3,svm,0,fold3,129,32,3396,724,57,2.0730156898498535,163.86436494015857,0.7569060773480663,0.5641415659297847,0.7450261545059806,4,0.8125,0.6082251082251082,32,0.601063829787234,0.6141304347826086,0.6075268817204301,0.9236641221374046,0.657608695652174,0.7682539682539683,0.8092783505154639,0.9661538461538461,0.8807854137447405,0.0,0.0,0.0
P1,F3,svm,0,fold4,130,31,3362,758,57,2.0673346519470215,170.69637932689335,0.8060686015831134,0.7886825604878344,0.8068085742386106,3,0.8064516129032258,0.7904761904761904,31,0.6807692307692308,0.9619565217391305,0.7972972972972973,0.7692307692307693,0.6341463414634146,0.6951871657754011,0.9296636085626911,0.8238482384823849,0.8735632183908046,,,
P1,F3,svm,1,fold0,128,33,3225,895,57,1.9809858798980713,172.98693097503494,0.7810055865921788,0.6532222433918841,0.7746202423926513,4,0.7575757575757576,0.575,33,0.662613981762918,0.8790322580645161,0.755632582322357,0.8606965174129353,0.8009259259259259,0.829736211031175,0.8421052631578947,0.76,0.7989487516425755,1.0,0.12903225806451613,0.22857142857142856
P1,F3,svm,1,fold1,128,33,3269,851,57,2.0631089210510254,186.46266009356523,0.7309048178613397,0.5591909054872114,0.7428515643721747,4,0.7575757575757576,0.5968925581928678,33,0.49612403100775193,0.64,0.5589519650655022,0.8045112781954887,0.9907407407407407,0.8879668049792531,0.9556313993174061,0.6730769230769231,0.7898448519040903,0.0,0.0,0.0
P1,F3,svm,1,fold2,129,32,3228,892,57,1.9492430686950684,176.9442729351232,0.8038116591928252,0.8376854141282555,0.8064994827933865,4,0.8125,0.8484962406015037,32,0.6608391608391608,0.8146551724137931,0.7297297297297297,0.84375,0.75,0.7941176470588235,0.8769633507853403,0.8111380145278451,0.8427672955974843,0.96875,1.0,0.9841269841269841
P1,F3,svm,1,fold3,129,32,3396,724,57,2.0233170986175537,167.13109464276562,0.7569060773480663,0.5641415659297847,0.7450261545059806,4,0.8125,0.6082251082251082,32,0.601063829787234,0.6141304347826086,0.6075268817204301,0.9236641221374046,0.657608695652174,0.7682539682539683,0.8092783505154639,0.9661538461538461,0.8807854137447405,0.0,0.0,0.0
P1,F3,svm,1,fold4,130,31,3362,758,57,2.041562080383301,171.4962453515045,0.8073878627968337,0.7902323490010678,0.8078240070179341,3,0.8064516129032258,0.7904761904761904,31,0.6833976833976834,0.9619565217391305,0.7990970654627539,0.7784431137724551,0.6341463414634146,0.6989247311827957,0.9242424242424242,0.8265582655826558,0.8726752503576538,,,
P1,F3,svm,2,fold0,128,33,3225,895,57,2.0182044506073,172.85560096442367,0.7776536312849162,0.6381086297216286,0.7702756957710907,4,0.7575757575757576,0.575,33,0.6586102719033232,0.8790322580645161,0.7530224525043178,0.8636363636363636,0.7916666666666666,0.8260869565217391,0.837465564738292,0.76,0.7968545216251638,1.0,0.0967741935483871,0.17647058823529413
P1,F3,svm,2,fold1,128,33,3269,851,57,2.035747528076172,171.99897317852734,0.7309048178613397,0.5582735844076874,0.7419202301621762,4,0.7575757575757576,0.5968925581928678,33,0.49612403100775193,0.64,0.5589519650655022,0.7985074626865671,0.9907407407407407,0.8842975206611571,0.9556313993174061,0.6730769230769231,0.7898448519040903,0.0,0.0,0.0
P1,F3,svm,2,fold2,129,32,3228,892,57,1.987736463546753,164.94850406732257,0.8038116591928252,0.8372067781808603,0.8058937270025425,4,0.84375,0.8685823754789272,32,0.6702898550724637,0.7974137931034483,0.7283464566929134,0.84375,0.75,0.7941176470588235,0.8647959183673469,0.8208232445520581,0.8422360248447205,0.96875,1.0,0.9841269841269841
P1,F3,svm,2,fold3,129,32,3396,724,57,2.0431995391845703,161.34088210638058,0.7582872928176796,0.5649428324789035,0.7461459798485571,4,0.8125,0.6082251082251082,32,0.6042780748663101,0.6141304347826086,0.6091644204851752,0.9236641221374046,0.657608695652174,0.7682539682539683,0.8097686375321337,0.9692307692307692,0.8823529411764706,0.0,0.0,0.0
P1,F3,svm,2,fold4,130,31,3362,758,57,1.9956145286560059,179.03222257669492,0.8060686015831134,0.7884694691849566,0.8060941273091654,3,0.8064516129032258,0.7904761904761904,31,0.6807692307692308,0.9619565217391305,0.7972972972972973,0.7738095238095238,0.6341463414634146,0.6970509383378016,0.9240121580547113,0.8238482384823849,0.8710601719197708,,,
P1,F3,rf,0,fold0,128,33,3225,895,57,5.252673864364624,38.281232951073676,0.794413407821229,0.6761603478700664,0.7888942019579643,4,0.8484848484848485,0.6535370684776457,33,0.6825396825396826,0.8669354838709677,0.7637655417406749,0.8979591836734694,0.8148148148148148,0.8543689320388349,0.8311345646437994,0.7875,0.8087291399229781,1.0,0.16129032258064516,0.2777777777777778
P1,F3,rf,0,fold1,128,33,3269,851,57,5.468417167663574,37.17228612664444,0.781433607520564,0.604467270194986,0.79768923337774,4,0.7878787878787878,0.6221804511278195,33,0.5357142857142857,0.75,0.625,0.9230769230769231,1.0,0.96,0.9900662251655629,0.71875,0.8328690807799443,0.0,0.0,0.0
P1,F3,rf,0,fold2,129,32,3228,892,57,5.167478799819946,38.61151468593443,0.8217488789237668,0.6349214231682659,0.8102208819801224,4,0.90625,0.6772296015180266,32,0.734375,0.8103448275862069,0.7704918032786885,0.8436018957345972,0.8240740740740741,0.8337236533957846,0.8672985781990521,0.8861985472154964,0.8766467065868263,0.3333333333333333,0.03225806451612903,0.058823529411764705
P1,F3,rf,0,fold3,129,32,3396,724,57,5.391924142837524,39.875178047306626,0.744475138121547,0.551623448523131,0.7339394160433823,4,0.8125,0.6049107142857143,32,0.5153061224489796,0.5489130434782609,0.531578947368421,0.9758064516129032,0.657608695652174,0.7857142857142857,0.8170103092783505,0.9753846153846154,0.8892005610098177,0.0,0.0,0.0
P1,F3,rf,0,fold4,130,31,3362,758,57,5.491845369338989,40.726485541753846,0.8284960422163589,0.8206445720281396,0.8294742219165233,3,0.7741935483870968,0.7716705556995939,31,0.7488789237668162,0.907608695652174,0.8206388206388207,0.8546511627906976,0.7170731707317073,0.7798408488063661,0.8722222222222222,0.8509485094850948,0.8614540466392319,,,
P1,F3,rf,1,fold0,128,33,3225,895,57,5.2944769859313965,46.90079715664827,0.7966480446927374,0.6775743575640174,0.7911122556550119,4,0.8484848484848485,0.6535370684776457,33,0.6857142857142857,0.8709677419354839,0.7673179396092362,0.90625,0.8055555555555556,0.8529411764705882,0.8302872062663186,0.795,0.8122605363984674,1.0,0.16129032258064516,0.2777777777777778
P1,F3,rf,1,fold1,128,33,3269,851,57,5.403986930847168,36.43125540781526,0.7896592244418331,0.6089175235400466,0.8043580480121816,4,0.7878787878787878,0.6221804511278195,33,0.5535055350553506,0.75,0.6369426751592356,0.9152542372881356,1.0,0.9557522123893806,0.9870967741935484,0.7355769230769231,0.8429752066115702,0.0,0.0,0.0
P1,F3,rf,1,fold2,129,32,3228,892,57,5.091845989227295,37.12995169943223,0.82847533632287,0.6528749947301381,0.8179844283644213,4,0.90625,0.6772296015180266,32,0.7410358565737052,0.8017241379310345,0.7701863354037267,0.8457943925233645,0.8379629629629629,0.8418604651162791,0.8747044917257684,0.8958837772397095,0.8851674641148325,0.5,0.06451612903225806,0.11428571428571428
P1,F3,rf,1,fold3,129,32,3396,724,57,5.3619890213012695,40.095155410345086,0.7472375690607734,0.5539483083948114,0.7363631685076798,4,0.8125,0.6049107142857143,32,0.5177664974619289,0.5543478260869565,0.5354330708661418,0.9918032786885246,0.657608695652174,0.7908496732026143,0.8153846153846154,0.9784615384615385,0.8895104895104895,0.0,0.0,0.0
P1,F3,rf,1,fold4,130,31,3362,758,57,5.501123905181885,41.78269871935681,0.837730870712401,0.8295552537079854,0.8395970431256408,3,0.8387096774193549,0.8403846153846154,31,0.7359307359307359,0.9239130434782609,0.8192771084337349,0.8628571428571429,0.7365853658536585,0.7947368421052632,0.8997134670487106,0.8509485094850948,0.8746518105849582,,,
P1,F3,rf,2,fold0,128,33,3225,895,57,5.256611585617065,37.092603118726,0.794413407821229,0.6756246106820005,0.7890311980610958,4,0.8484848484848485,0.6535370684776457,33,0.678125,0.875,0.7640845070422535,0.8969072164948454,0.8055555555555556,0.848780487804878,0.8377659574468085,0.7875,0.8118556701030928,1.0,0.16129032258064516,0.2777777777777778
P1,F3,rf,2,fold1,128,33,3269,851,57,5.415924549102783,36.03706628819611,0.7802585193889542,0.6042978930702716,0.7972923542277484,4,0.7575757575757576,0.6037037037037037,33,0.5335689045936396,0.755,0.6252587991718427,0.9230769230769231,1.0,0.96,0.9966442953020134,0.7139423076923077,0.8319327731092437,0.0,0.0,0.0
P1,F3,rf,2,fold2,129,32,3228,892,57,5.098036289215088,50.31540789411742,0.82847533632287,0.6533449681496575,0.8182779152918459,4,0.90625,0.6772296015180266,32,0.7333333333333333,0.8060344827586207,0.7679671457905544,0.8504672897196262,0.8425925925925926,0.8465116279069768,0.8782816229116945,0.8910411622276029,0.8846153846153846,0.5,0.06451612903225806,0.11428571428571428
P1,F3,rf,2,fold3,129,32,3396,724,57,5.291573762893677,40.72380329363912,0.75,0.556381971736481,0.739753808607987,4,0.8125,0.6049107142857143,32,0.52,0.5652173913043478,0.5416666666666666,0.976,0.6630434782608695,0.7896440129449838,0.8255208333333334,0.9753846153846154,0.8942172073342737,0.0,0.0,0.0
P1,F3,rf,2,fold4,130,31,3362,758,57,5.38840389251709,41.04165099856092,0.8390501319261213,0.8298692122989312,0.8415296462475945,3,0.8064516129032258,0.808885640025991,31,0.7229437229437229,0.907608695652174,0.8048192771084337,0.8786127167630058,0.7414634146341463,0.8042328042328042,0.9031339031339032,0.8590785907859079,0.8805555555555555,,,
P1,F3,hgb,0,fold0,128,33,3225,895,57,4.222557544708252,105.79231731052505,0.8201117318435754,0.6931389392338457,0.8136468228130053,4,0.8181818181818182,0.627937030075188,33,0.7189542483660131,0.8870967741935484,0.7942238267148014,0.9025641025641026,0.8148148148148148,0.8564476885644768,0.8560411311053985,0.8325,0.844106463878327,1.0,0.16129032258064516,0.2777777777777778
P1,F3,hgb,0,fold1,128,33,3269,851,57,3.901355504989624,101.71900344651398,0.8072855464159812,0.6172232308135353,0.8134590177325327,4,0.7878787878787878,0.6147912885662432,33,0.5757575757575758,0.76,0.6551724137931034,0.935064935064935,1.0,0.9664429530201343,0.9465875370919882,0.7668269230769231,0.8472775564409031,0.0,0.0,0.0
P1,F3,hgb,0,fold2,129,32,3228,892,57,4.012323379516602,95.34497966680826,0.8228699551569507,0.7358881207807242,0.8208765670268806,4,0.875,0.6561274509803922,32,0.6984732824427481,0.7887931034482759,0.7408906882591093,0.9047619047619048,0.8796296296296297,0.892018779342723,0.8624078624078624,0.8498789346246973,0.8560975609756097,0.7692307692307693,0.3225806451612903,0.45454545454545453
P1,F3,hgb,0,fold3,129,32,3396,724,57,3.9890496730804443,94.8665550400539,0.755524861878453,0.5593540969899665,0.7470061346292429,4,0.8125,0.6049107142857143,32,0.529126213592233,0.592391304347826,0.558974358974359,0.8970588235294118,0.6630434782608695,0.7625,0.8657534246575342,0.9723076923076923,0.9159420289855073,0.0,0.0,0.0
P1,F3,hgb,0,fold4,130,31,3362,758,57,4.219144821166992,98.49801227096518,0.8139841688654353,0.8044532989702949,0.8213731897944381,3,0.7741935483870968,0.7625707625707626,31,0.6705426356589147,0.9402173913043478,0.7828054298642534,0.8333333333333334,0.6829268292682927,0.7506702412868632,0.9440993788819876,0.8238482384823849,0.8798842257597684,,,
P1,F3,hgb,1,fold0,128,33,3225,895,57,4.212703227996826,100.58520226505216,0.8201117318435754,0.6931389392338457,0.8136468228130053,4,0.8181818181818182,0.627937030075188,33,0.7189542483660131,0.8870967741935484,0.7942238267148014,0.9025641025641026,0.8148148148148148,0.8564476885644768,0.8560411311053985,0.8325,0.844106463878327,1.0,0.16129032258064516,0.2777777777777778
P1,F3,hgb,1,fold1,128,33,3269,851,57,3.9194796085357666,90.01492053165279,0.8072855464159812,0.6172232308135353,0.8134590177325327,4,0.7878787878787878,0.6147912885662432,33,0.5757575757575758,0.76,0.6551724137931034,0.935064935064935,1.0,0.9664429530201343,0.9465875370919882,0.7668269230769231,0.8472775564409031,0.0,0.0,0.0
P1,F3,hgb,1,fold2,129,32,3228,892,57,3.9749152660369873,96.3649407630544,0.8228699551569507,0.7358881207807242,0.8208765670268806,4,0.875,0.6561274509803922,32,0.6984732824427481,0.7887931034482759,0.7408906882591093,0.9047619047619048,0.8796296296296297,0.892018779342723,0.8624078624078624,0.8498789346246973,0.8560975609756097,0.7692307692307693,0.3225806451612903,0.45454545454545453
P1,F3,hgb,1,fold3,129,32,3396,724,57,3.960139274597168,95.75799025224717,0.755524861878453,0.5593540969899665,0.7470061346292429,4,0.8125,0.6049107142857143,32,0.529126213592233,0.592391304347826,0.558974358974359,0.8970588235294118,0.6630434782608695,0.7625,0.8657534246575342,0.9723076923076923,0.9159420289855073,0.0,0.0,0.0
P1,F3,hgb,1,fold4,130,31,3362,758,57,4.535201072692871,99.06889580799597,0.8139841688654353,0.8044532989702949,0.8213731897944381,3,0.7741935483870968,0.7625707625707626,31,0.6705426356589147,0.9402173913043478,0.7828054298642534,0.8333333333333334,0.6829268292682927,0.7506702412868632,0.9440993788819876,0.8238482384823849,0.8798842257597684,,,
P1,F3,hgb,2,fold0,128,33,3225,895,57,4.314128160476685,107.4532556800203,0.8201117318435754,0.6931389392338457,0.8136468228130053,4,0.8181818181818182,0.627937030075188,33,0.7189542483660131,0.8870967741935484,0.7942238267148014,0.9025641025641026,0.8148148148148148,0.8564476885644768,0.8560411311053985,0.8325,0.844106463878327,1.0,0.16129032258064516,0.2777777777777778
P1,F3,hgb,2,fold1,128,33,3269,851,57,3.869311571121216,92.06879433117518,0.8072855464159812,0.6172232308135353,0.8134590177325327,4,0.7878787878787878,0.6147912885662432,33,0.5757575757575758,0.76,0.6551724137931034,0.935064935064935,1.0,0.9664429530201343,0.9465875370919882,0.7668269230769231,0.8472775564409031,0.0,0.0,0.0
P1,F3,hgb,2,fold2,129,32,3228,892,57,3.959991693496704,106.44079858412123,0.8228699551569507,0.7358881207807242,0.8208765670268806,4,0.875,0.6561274509803922,32,0.6984732824427481,0.7887931034482759,0.7408906882591093,0.9047619047619048,0.8796296296296297,0.892018779342723,0.8624078624078624,0.8498789346246973,0.8560975609756097,0.7692307692307693,0.3225806451612903,0.45454545454545453
P1,F3,hgb,2,fold3,129,32,3396,724,57,3.946561098098755,95.95590401749584,0.755524861878453,0.5593540969899665,0.7470061346292429,4,0.8125,0.6049107142857143,32,0.529126213592233,0.592391304347826,0.558974358974359,0.8970588235294118,0.6630434782608695,0.7625,0.8657534246575342,0.9723076923076923,0.9159420289855073,0.0,0.0,0.0
P1,F3,hgb,2,fold4,130,31,3362,758,57,4.277626276016235,99.55359637580007,0.8139841688654353,0.8044532989702949,0.8213731897944381,3,0.7741935483870968,0.7625707625707626,31,0.6705426356589147,0.9402173913043478,0.7828054298642534,0.8333333333333334,0.6829268292682927,0.7506702412868632,0.9440993788819876,0.8238482384823849,0.8798842257597684,,,
P1,F6,lr,0,fold0,128,33,3225,895,18,0.09201979637145996,0.5833929477457228,0.6636871508379888,0.6998820955618641,0.6442115997608753,4,0.6363636363636364,0.6818181818181818,33,0.6192893401015228,0.9838709677419355,0.7601246105919003,0.5891472868217055,0.35185185185185186,0.4405797101449275,0.7210682492581603,0.6075,0.6594301221166893,0.8857142857142857,1.0,0.9393939393939394
P1,F6,lr,0,fold1,128,33,3269,851,18,0.08881545066833496,0.3986717251016727,0.5240893066980024,0.5572577515752583,0.5060316092998758,4,0.5454545454545454,0.6496983408748115,33,0.5054945054945055,0.92,0.6524822695035462,0.47715736040609136,0.4351851851851852,0.4552058111380145,0.5663082437275986,0.3798076923076923,0.4546762589928058,0.9090909090909091,0.5263157894736842,0.6666666666666666
P1,F6,lr,0,fold2,129,32,3228,892,18,0.08111405372619629,0.38649469213100823,0.5728699551569507,0.6429914953162073,0.5490210585610291,4,0.5625,0.6616161616161617,32,0.48693586698337293,0.8836206896551724,0.6278713629402757,0.5755102040816327,0.6527777777777778,0.6117136659436009,0.7165775401069518,0.324455205811138,0.44666666666666666,0.7948717948717948,1.0,0.8857142857142857
P1,F6,lr,0,fold3,129,32,3396,724,18,0.08382701873779297,0.8012049764559414,0.6906077348066298,0.7519359310506948,0.6849681060018991,4,0.6875,0.7508361204013378,32,0.8157894736842105,0.5054347826086957,0.6241610738255033,0.5459940652818991,1.0,0.7063339731285988,0.7933884297520661,0.5907692307692308,0.6772486772486772,1.0,1.0,1.0
P1,F6,lr,0,fold4,130,31,3362,758,18,0.09028291702270508,0.463626630073487,0.5738786279683378,0.5906273283965136,0.5772681164686336,3,0.6129032258064516,0.4705741626794258,31,0.5968379446640316,0.8206521739130435,0.6910755148741419,0.4495114006514658,0.6731707317073171,0.5390625,0.8588235294117647,0.3956639566395664,0.5417439703153989,,,
P1,F6,lr,1,fold0,128,33,3225,895,18,0.0809168815612793,0.39851865288931565,0.6636871508379888,0.6998820955618641,0.6442115997608753,4,0.6363636363636364,0.6818181818181818,33,0.6192893401015228,0.9838709677419355,0.7601246105919003,0.5891472868217055,0.35185185185185186,0.4405797101449275,0.7210682492581603,0.6075,0.6594301221166893,0.8857142857142857,1.0,0.9393939393939394
P1,F6,lr,1,fold1,128,33,3269,851,18,0.0806272029876709,0.42640784652476865,0.5240893066980024,0.5572577515752583,0.5060316092998758,4,0.5454545454545454,0.6496983408748115,33,0.5054945054945055,0.92,0.6524822695035462,0.47715736040609136,0.4351851851851852,0.4552058111380145,0.5663082437275986,0.3798076923076923,0.4546762589928058,0.9090909090909091,0.5263157894736842,0.6666666666666666
P1,F6,lr,1,fold2,129,32,3228,892,18,0.08311676979064941,0.41455965940193207,0.5728699551569507,0.6429914953162073,0.5490210585610291,4,0.5625,0.6616161616161617,32,0.48693586698337293,0.8836206896551724,0.6278713629402757,0.5755102040816327,0.6527777777777778,0.6117136659436009,0.7165775401069518,0.324455205811138,0.44666666666666666,0.7948717948717948,1.0,0.8857142857142857
P1,F6,lr,1,fold3,129,32,3396,724,18,0.08838415145874023,0.45378563812424466,0.6906077348066298,0.7519359310506948,0.6849681060018991,4,0.6875,0.7508361204013378,32,0.8157894736842105,0.5054347826086957,0.6241610738255033,0.5459940652818991,1.0,0.7063339731285988,0.7933884297520661,0.5907692307692308,0.6772486772486772,1.0,1.0,1.0
P1,F6,lr,1,fold4,130,31,3362,758,18,0.09224987030029297,0.46897374860214996,0.5738786279683378,0.5906273283965136,0.5772681164686336,3,0.6129032258064516,0.4705741626794258,31,0.5968379446640316,0.8206521739130435,0.6910755148741419,0.4495114006514658,0.6731707317073171,0.5390625,0.8588235294117647,0.3956639566395664,0.5417439703153989,,,
P1,F6,lr,2,fold0,128,33,3225,895,18,0.09358382225036621,0.44753431607891064,0.6636871508379888,0.6998820955618641,0.6442115997608753,4,0.6363636363636364,0.6818181818181818,33,0.6192893401015228,0.9838709677419355,0.7601246105919003,0.5891472868217055,0.35185185185185186,0.4405797101449275,0.7210682492581603,0.6075,0.6594301221166893,0.8857142857142857,1.0,0.9393939393939394
P1,F6,lr,2,fold1,128,33,3269,851,18,0.08160948753356934,0.43845484875904267,0.5240893066980024,0.5572577515752583,0.5060316092998758,4,0.5454545454545454,0.6496983408748115,33,0.5054945054945055,0.92,0.6524822695035462,0.47715736040609136,0.4351851851851852,0.4552058111380145,0.5663082437275986,0.3798076923076923,0.4546762589928058,0.9090909090909091,0.5263157894736842,0.6666666666666666
P1,F6,lr,2,fold2,129,32,3228,892,18,0.08314800262451172,0.38996940236455124,0.5728699551569507,0.6429914953162073,0.5490210585610291,4,0.5625,0.6616161616161617,32,0.48693586698337293,0.8836206896551724,0.6278713629402757,0.5755102040816327,0.6527777777777778,0.6117136659436009,0.7165775401069518,0.324455205811138,0.44666666666666666,0.7948717948717948,1.0,0.8857142857142857
P1,F6,lr,2,fold3,129,32,3396,724,18,0.08671951293945312,0.45477356041333955,0.6906077348066298,0.7519359310506948,0.6849681060018991,4,0.6875,0.7508361204013378,32,0.8157894736842105,0.5054347826086957,0.6241610738255033,0.5459940652818991,1.0,0.7063339731285988,0.7933884297520661,0.5907692307692308,0.6772486772486772,1.0,1.0,1.0
P1,F6,lr,2,fold4,130,31,3362,758,18,0.11132359504699707,0.455763220472512,0.5738786279683378,0.5906273283965136,0.5772681164686336,3,0.6129032258064516,0.4705741626794258,31,0.5968379446640316,0.8206521739130435,0.6910755148741419,0.4495114006514658,0.6731707317073171,0.5390625,0.8588235294117647,0.3956639566395664,0.5417439703153989,,,
P1,F6,svm,0,fold0,128,33,3225,895,18,1.5862829685211182,156.1950704904908,0.7240223463687151,0.7834686147186147,0.7223952211661709,4,0.7272727272727273,0.78010878010878,33,0.6964285714285714,0.7862903225806451,0.7386363636363636,0.8541666666666666,0.5694444444444444,0.6833333333333333,0.6795454545454546,0.7475,0.7119047619047619,1.0,1.0,1.0
P1,F6,svm,0,fold1,128,33,3269,851,18,1.4722416400909424,159.83038027053993,0.618096357226792,0.49046626620954514,0.6108524198530274,4,0.6666666666666666,0.5072463768115941,33,0.49859943977591037,0.89,0.6391382405745063,0.864406779661017,0.4722222222222222,0.6107784431137725,0.6568364611260054,0.5889423076923077,0.6210392902408112,0.3333333333333333,0.05263157894736842,0.09090909090909091
P1,F6,svm,0,fold2,129,32,3228,892,18,1.4413108825683594,145.56069010576326,0.6390134529147982,0.7206223033871346,0.6295197136297587,4,0.59375,0.6816666666666666,32,0.5449871465295629,0.9137931034482759,0.6827697262479872,0.6320754716981132,0.6203703703703703,0.6261682242990654,0.7423076923076923,0.46731234866828086,0.5735512630014858,1.0,1.0,1.0
P1,F6,svm,0,fold3,129,32,3396,724,18,1.6935429573059082,163.62891012792429,0.8218232044198895,0.8628371176250739,0.8230319464008414,4,0.8125,0.8598039215686275,32,0.930379746835443,0.7989130434782609,0.8596491228070176,0.7512437810945274,0.8206521739130435,0.7844155844155845,0.7964071856287425,0.8184615384615385,0.8072837632776935,1.0,1.0,1.0
P1,F6,svm,0,fold4,130,31,3362,758,18,1.6048393249511719,156.59665683957707,0.6530343007915568,0.6543728187287837,0.6610915822144013,3,0.5806451612903226,0.4323586744639376,31,0.6383928571428571,0.7771739130434783,0.7009803921568627,0.5613207547169812,0.5804878048780487,0.5707434052757794,0.7639344262295082,0.6314363143631436,0.6913946587537092,,,
P1,F6,svm,1,fold0,128,33,3225,895,18,1.5216765403747559,180.95490652755652,0.71731843575419,0.7785777805290497,0.7156689875877739,4,0.7272727272727273,0.78010878010878,33,0.6914893617021277,0.7862903225806451,0.7358490566037735,0.831081081081081,0.5694444444444444,0.6758241758241759,0.6751152073732719,0.7325,0.7026378896882494,1.0,1.0,1.0
P1,F6,svm,1,fold1,128,33,3269,851,18,1.5135576725006104,151.99842800404855,0.6204465334900118,0.49225776984255326,0.6134907093982914,4,0.6666666666666666,0.5072463768115941,33,0.49859943977591037,0.89,0.6391382405745063,0.8793103448275862,0.4722222222222222,0.6144578313253012,0.6586666666666666,0.59375,0.6245259165613148,0.3333333333333333,0.05263157894736842,0.09090909090909091
P1,F6,svm,1,fold2,129,32,3228,892,18,1.3924100399017334,146.20297692816354,0.6378923766816144,0.7202646873067848,0.6290020413378542,4,0.59375,0.6816666666666666,32,0.5442708333333334,0.9008620689655172,0.6785714285714286,0.6338028169014085,0.625,0.6293706293706294,0.7348484848484849,0.46973365617433416,0.5731166912850812,1.0,1.0,1.0
P1,F6,svm,1,fold3,129,32,3396,724,18,1.6568822860717773,166.79388383475458,0.81353591160221,0.8557401991636688,0.814631763052391,4,0.8125,0.8598039215686275,32,0.9391891891891891,0.7554347826086957,0.8373493975903614,0.7512437810945274,0.8206521739130435,0.7844155844155845,0.7790697674418605,0.8246153846153846,0.8011958146487295,1.0,1.0,1.0
P1,F6,svm,1,fold4,130,31,3362,758,18,1.651695966720581,176.73390521852198,0.6517150395778364,0.6539769660682997,0.6601982499332064,3,0.6129032258064516,0.46305668016194335,31,0.6283185840707964,0.7717391304347826,0.6926829268292682,0.5642201834862385,0.6,0.5815602836879432,0.7710437710437711,0.6205962059620597,0.6876876876876877,,,
P1,F6,svm,2,fold0,128,33,3225,895,18,1.511033296585083,161.16003750422814,0.7184357541899441,0.7798080667932428,0.7170280014980258,4,0.7272727272727273,0.78010878010878,33,0.6842105263157895,0.7862903225806451,0.7317073170731707,0.8541666666666666,0.5694444444444444,0.6833333333333333,0.6758620689655173,0.735,0.704191616766467,1.0,1.0,1.0
P1,F6,svm,2,fold1,128,33,3269,851,18,1.4674742221832275,152.82771001831486,0.6204465334900118,0.49225776984255326,0.6134907093982914,4,0.6666666666666666,0.5072463768115941,33,0.49859943977591037,0.89,0.6391382405745063,0.8793103448275862,0.4722222222222222,0.6144578313253012,0.6586666666666666,0.59375,0.6245259165613148,0.3333333333333333,0.05263157894736842,0.09090909090909091
P1,F6,svm,2,fold2,129,32,3228,892,18,1.6164209842681885,167.29633904358732,0.6367713004484304,0.7188619582035765,0.6274011987481501,4,0.59375,0.6816666666666666,32,0.5438144329896907,0.9094827586206896,0.6806451612903226,0.6303317535545023,0.6157407407407407,0.6229508196721312,0.7366412213740458,0.46731234866828086,0.5718518518518518,1.0,1.0,1.0
P1,F6,svm,2,fold3,129,32,3396,724,18,1.648120403289795,162.94559721130034,0.81353591160221,0.8558346594647306,0.8146116948717972,4,0.8125,0.8598039215686275,32,0.9333333333333333,0.7608695652173914,0.8383233532934131,0.7512437810945274,0.8206521739130435,0.7844155844155845,0.7807017543859649,0.8215384615384616,0.800599700149925,1.0,1.0,1.0
P1,F6,svm,2,fold4,130,31,3362,758,18,1.6171362400054932,153.76677299237818,0.6517150395778364,0.6529268571205753,0.6598144220045438,3,0.5806451612903226,0.4323586744639376,31,0.6327433628318584,0.7771739130434783,0.697560975609756,0.5613207547169812,0.5804878048780487,0.5707434052757794,0.7656765676567657,0.6287262872628726,0.6904761904761905,,,
P1,F6,rf,0,fold0,128,33,3225,895,18,3.532351016998291,34.89515634888377,0.8603351955307262,0.8919581100218112,0.8592862967020227,4,0.8484848484848485,0.8759867583396995,33,0.8952380952380953,0.7580645161290323,0.8209606986899564,0.8620689655172413,0.9259259259259259,0.8928571428571429,0.8317535545023697,0.8775,0.8540145985401459,1.0,1.0,1.0
P1,F6,rf,0,fold1,128,33,3269,851,18,3.4958839416503906,35.01223060975484,0.81786133960047,0.7968021477613236,0.819417275939268,4,0.8787878787878788,0.9105263157894737,33,0.6995515695067265,0.78,0.7375886524822695,0.9384615384615385,0.8472222222222222,0.8905109489051095,0.8199052132701422,0.8317307692307693,0.8257756563245824,1.0,0.5789473684210527,0.7333333333333333
P1,F6,rf,0,fold2,129,32,3228,892,18,3.409564256668091,39.73357880596623,0.8374439461883408,0.8736118843645213,0.8382271680823494,4,0.8125,0.8450940860215054,32,0.7171314741035857,0.7758620689655172,0.7453416149068323,0.8923766816143498,0.9212962962962963,0.9066059225512528,0.8708010335917312,0.8159806295399515,0.8425,1.0,1.0,1.0
P1,F6,rf,0,fold3,129,32,3396,724,18,3.7354393005371094,37.173539894061854,0.7845303867403315,0.8206893773754239,0.7780458004504002,4,0.75,0.7896825396825397,32,0.9509803921568627,0.5271739130434783,0.6783216783216783,0.86875,0.7554347826086957,0.8081395348837209,0.6983758700696056,0.9261538461538461,0.7962962962962963,1.0,1.0,1.0
P1,F6,rf,0,fold4,130,31,3362,758,18,3.5060391426086426,37.19644370368414,0.8113456464379947,0.8124430733540055,0.8106236452725385,3,0.8387096774193549,0.8372628403588155,31,0.7389380530973452,0.907608695652174,0.8146341463414634,0.7420634920634921,0.9121951219512195,0.8183807439824945,0.9321428571428572,0.7073170731707317,0.8043143297380585,,,
P1,F6,rf,1,fold0,128,33,3225,895,18,3.539224863052368,32.145484199737034,0.8715083798882681,0.9006566186455165,0.8703343177681905,4,0.8787878787878788,0.8991596638655462,33,0.8815165876777251,0.75,0.8104575163398693,0.9255813953488372,0.9212962962962963,0.9234338747099768,0.8310502283105022,0.91,0.8687350835322196,1.0,1.0,1.0
P1,F6,rf,1,fold1,128,33,3269,851,18,3.512131452560425,35.34142194987744,0.8155111633372503,0.7946233801247102,0.8171192624132039,4,0.9090909090909091,0.9346642468239564,33,0.6936936936936937,0.77,0.7298578199052133,0.9384615384615385,0.8472222222222222,0.8905109489051095,0.817966903073286,0.8317307692307693,0.8247914183551848,1.0,0.5789473684210527,0.7333333333333333
P1,F6,rf,1,fold2,129,32,3228,892,18,3.454742193222046,33.324876708300124,0.8307174887892377,0.8678534861288105,0.8316429689792901,4,0.84375,0.8686274509803922,32,0.7051792828685259,0.7629310344827587,0.7329192546583851,0.8873873873873874,0.9120370370370371,0.8995433789954338,0.865979381443299,0.8135593220338984,0.8389513108614233,1.0,1.0,1.0
P1,F6,rf,1,fold3,129,32,3396,724,18,3.7533137798309326,38.88758506564145,0.7983425414364641,0.8320873773502214,0.7922938754476897,4,0.75,0.7896825396825397,32,0.9523809523809523,0.5434782608695652,0.6920415224913494,0.92,0.75,0.8263473053892215,0.7054794520547946,0.9507692307692308,0.8099606815203145,1.0,1.0,1.0
P1,F6,rf,1,fold4,130,31,3362,758,18,3.537874698638916,36.65261029568071,0.8047493403693932,0.8057523515271999,0.8040275583909254,3,0.8387096774193549,0.8372628403588155,31,0.7321428571428571,0.8913043478260869,0.803921568627451,0.7410358565737052,0.9073170731707317,0.8157894736842105,0.9187279151943463,0.7046070460704607,0.7975460122699386,,,
P1,F6,rf,2,fold0,128,33,3225,895,18,3.5731258392333984,32.308248168263354,0.870391061452514,0.9005042823608136,0.8693164081694076,4,0.8787878787878788,0.8991596638655462,33,0.8525345622119815,0.7459677419354839,0.7956989247311828,0.9481132075471698,0.9305555555555556,0.9392523364485982,0.832183908045977,0.905,0.8670658682634731,1.0,1.0,1.0
P1,F6,rf,2,fold1,128,33,3269,851,18,3.4402947425842285,37.225797229592025,0.8202115158636898,0.7983194004220718,0.8217511437529904,4,0.8787878787878788,0.9105263157894737,33,0.6995515695067265,0.78,0.7375886524822695,0.9387755102040817,0.8518518518518519,0.8932038834951457,0.8242280285035629,0.8341346153846154,0.8291517323775388,1.0,0.5789473684210527,0.7333333333333333
P1,F6,rf,2,fold2,129,32,3228,892,18,3.467580795288086,31.90425479358622,0.8385650224215246,0.8742608683346541,0.8394544085088581,4,0.84375,0.8729166666666667,32,0.7182539682539683,0.7801724137931034,0.7479338842975206,0.8918918918918919,0.9166666666666666,0.9041095890410958,0.8733850129198967,0.8184019370460048,0.845,1.0,1.0,1.0
P1,F6,rf,2,fold3,129,32,3396,724,18,3.751066207885742,37.49889563460376,0.787292817679558,0.8212599759292367,0.7796502728409344,4,0.75,0.7896825396825397,32,0.9591836734693877,0.5108695652173914,0.6666666666666666,0.912751677852349,0.7391304347826086,0.8168168168168168,0.6928251121076233,0.9507692307692308,0.8015564202334631,1.0,1.0,1.0
P1,F6,rf,2,fold4,130,31,3362,758,18,3.5294318199157715,45.418739318847656,0.8087071240105541,0.8091958709364473,0.8081549523720722,3,0.8387096774193549,0.8372628403588155,31,0.7321428571428571,0.8913043478260869,0.803921568627451,0.73828125,0.9219512195121952,0.8199566160520607,0.935251798561151,0.7046070460704607,0.80370942812983,,,
P1,F6,hgb,0,fold0,128,33,3225,895,18,2.088693857192993,122.92036131107608,0.8737430167597765,0.9033524141820453,0.8732723359578435,4,0.8484848484848485,0.8761904761904762,33,0.8416289592760181,0.75,0.7931769722814499,0.98989898989899,0.9074074074074074,0.9468599033816425,0.8292134831460675,0.9225,0.8733727810650888,1.0,1.0,1.0
P1,F6,hgb,0,fold1,128,33,3269,851,18,2.129401683807373,126.43945203124426,0.8307873090481787,0.6531983911797469,0.8239167620204051,4,0.8787878787878788,0.6702508960573477,33,0.7156398104265402,0.755,0.7347931873479319,0.9478672985781991,0.9259259259259259,0.936768149882904,0.8294392523364486,0.8533653846153846,0.8412322274881516,1.0,0.05263157894736842,0.1
P1,F6,hgb,0,fold2,129,32,3228,892,18,2.07733416557312,125.94354526879006,0.8239910313901345,0.8635488490812284,0.8253610613088072,4,0.84375,0.8686274509803922,32,0.6937984496124031,0.771551724137931,0.7306122448979592,0.8899082568807339,0.8981481481481481,0.8940092165898618,0.8597402597402597,0.801452784503632,0.8295739348370927,1.0,1.0,1.0
P1,F6,hgb,0,fold3,129,32,3396,724,18,2.0969455242156982,148.714247329459,0.787292817679558,0.8264394546933173,0.7835453534731429,4,0.78125,0.8208791208791208,32,0.9304347826086956,0.5815217391304348,0.7157190635451505,0.8208092485549133,0.7717391304347826,0.7955182072829131,0.7160493827160493,0.8923076923076924,0.7945205479452054,1.0,1.0,1.0
P1,F6,hgb,0,fold4,130,31,3362,758,18,2.185021162033081,125.60475784744627,0.7968337730870713,0.7966984897962677,0.7967879803991321,3,0.8387096774193549,0.8372628403588155,31,0.694560669456067,0.9021739130434783,0.7848699763593381,0.7341269841269841,0.9024390243902439,0.8096280087527352,0.947565543071161,0.6856368563685636,0.7955974842767296,,,
P1,F6,hgb,1,fold0,128,33,3225,895,18,2.1002798080444336,124.97182664924495,0.8737430167597765,0.9033524141820453,0.8732723359578435,4,0.8484848484848485,0.8761904761904762,33,0.8416289592760181,0.75,0.7931769722814499,0.98989898989899,0.9074074074074074,0.9468599033816425,0.8292134831460675,0.9225,0.8733727810650888,1.0,1.0,1.0
P1,F6,hgb,1,fold1,128,33,3269,851,18,2.117361307144165,125.67628844784515,0.8307873090481787,0.6531983911797469,0.8239167620204051,4,0.8787878787878788,0.6702508960573477,33,0.7156398104265402,0.755,0.7347931873479319,0.9478672985781991,0.9259259259259259,0.936768149882904,0.8294392523364486,0.8533653846153846,0.8412322274881516,1.0,0.05263157894736842,0.1
P1,F6,hgb,1,fold2,129,32,3228,892,18,2.063685894012451,130.03595206769592,0.8239910313901345,0.8635488490812284,0.8253610613088072,4,0.84375,0.8686274509803922,32,0.6937984496124031,0.771551724137931,0.7306122448979592,0.8899082568807339,0.8981481481481481,0.8940092165898618,0.8597402597402597,0.801452784503632,0.8295739348370927,1.0,1.0,1.0
P1,F6,hgb,1,fold3,129,32,3396,724,18,2.127664566040039,137.29221913037378,0.787292817679558,0.8264394546933173,0.7835453534731429,4,0.78125,0.8208791208791208,32,0.9304347826086956,0.5815217391304348,0.7157190635451505,0.8208092485549133,0.7717391304347826,0.7955182072829131,0.7160493827160493,0.8923076923076924,0.7945205479452054,1.0,1.0,1.0
P1,F6,hgb,1,fold4,130,31,3362,758,18,2.1465375423431396,129.7780265908757,0.7968337730870713,0.7966984897962677,0.7967879803991321,3,0.8387096774193549,0.8372628403588155,31,0.694560669456067,0.9021739130434783,0.7848699763593381,0.7341269841269841,0.9024390243902439,0.8096280087527352,0.947565543071161,0.6856368563685636,0.7955974842767296,,,
P1,F6,hgb,2,fold0,128,33,3225,895,18,2.1453771591186523,126.03179036571993,0.8737430167597765,0.9033524141820453,0.8732723359578435,4,0.8484848484848485,0.8761904761904762,33,0.8416289592760181,0.75,0.7931769722814499,0.98989898989899,0.9074074074074074,0.9468599033816425,0.8292134831460675,0.9225,0.8733727810650888,1.0,1.0,1.0
P1,F6,hgb,2,fold1,128,33,3269,851,18,2.101611852645874,124.13763411596996,0.8307873090481787,0.6531983911797469,0.8239167620204051,4,0.8787878787878788,0.6702508960573477,33,0.7156398104265402,0.755,0.7347931873479319,0.9478672985781991,0.9259259259259259,0.936768149882904,0.8294392523364486,0.8533653846153846,0.8412322274881516,1.0,0.05263157894736842,0.1
P1,F6,hgb,2,fold2,129,32,3228,892,18,2.061882972717285,123.92554047930936,0.8239910313901345,0.8635488490812284,0.8253610613088072,4,0.84375,0.8686274509803922,32,0.6937984496124031,0.771551724137931,0.7306122448979592,0.8899082568807339,0.8981481481481481,0.8940092165898618,0.8597402597402597,0.801452784503632,0.8295739348370927,1.0,1.0,1.0
P1,F6,hgb,2,fold3,129,32,3396,724,18,2.115487575531006,135.0789438953716,0.787292817679558,0.8264394546933173,0.7835453534731429,4,0.78125,0.8208791208791208,32,0.9304347826086956,0.5815217391304348,0.7157190635451505,0.8208092485549133,0.7717391304347826,0.7955182072829131,0.7160493827160493,0.8923076923076924,0.7945205479452054,1.0,1.0,1.0
P1,F6,hgb,2,fold4,130,31,3362,758,18,2.145721197128296,125.97182180761976,0.7968337730870713,0.7966984897962677,0.7967879803991321,3,0.8387096774193549,0.8372628403588155,31,0.694560669456067,0.9021739130434783,0.7848699763593381,0.7341269841269841,0.9024390243902439,0.8096280087527352,0.947565543071161,0.6856368563685636,0.7955974842767296,,,
P1,F7,lr,0,fold0,128,33,3225,895,16,0.0485835075378418,0.42276009501025663,0.7072625698324022,0.7719207107562878,0.711751047862725,4,0.7272727272727273,0.7969899665551841,33,0.5493333333333333,0.8306451612903226,0.6613162118780096,0.7227722772277227,0.6759259259259259,0.6985645933014354,0.8710801393728222,0.625,0.727802037845706,1.0,1.0,1.0
P1,F7,lr,0,fold1,128,33,3269,851,16,0.0637199878692627,0.4364937088604399,0.7132784958871915,0.775139862429534,0.7123559821064251,4,0.696969696969697,0.7639170610773045,33,0.5581395348837209,0.6,0.5783132530120482,0.7480314960629921,0.8796296296296297,0.8085106382978723,0.7658402203856749,0.6682692307692307,0.7137355584082157,1.0,1.0,1.0
P1,F7,lr,0,fold2,129,32,3228,892,16,0.0415804386138916,0.485123005683112,0.6378923766816144,0.7160270183129736,0.6475754303786613,4,0.625,0.7317682317682318,32,0.43582089552238806,0.6293103448275862,0.5149911816578483,0.8263473053892215,0.6388888888888888,0.720626631853786,0.711484593837535,0.6150121065375302,0.6597402597402597,0.9393939393939394,1.0,0.96875
P1,F7,lr,0,fold3,129,32,3396,724,16,0.05879497528076172,0.7425882539696457,0.7182320441988951,0.7668618368607055,0.720158441029633,4,0.78125,0.8235632183908046,32,0.569377990430622,0.6467391304347826,0.6055979643765903,0.7142857142857143,0.6521739130434783,0.6818181818181818,0.7911392405063291,0.7692307692307693,0.7800312012480499,1.0,1.0,1.0
P1,F7,lr,0,fold4,130,31,3362,758,16,0.06399869918823242,0.516468742592039,0.6226912928759895,0.608438851450828,0.6364963682631382,3,0.6129032258064516,0.5897435897435898,31,0.4227129337539432,0.7282608695652174,0.5349301397205589,0.6079545454545454,0.5219512195121951,0.5616797900262467,0.8716981132075472,0.6260162601626016,0.7287066246056783,,,
P1,F7,lr,1,fold0,128,33,3225,895,16,0.047699928283691406,0.6246833161934794,0.7072625698324022,0.7719207107562878,0.711751047862725,4,0.7272727272727273,0.7969899665551841,33,0.5493333333333333,0.8306451612903226,0.6613162118780096,0.7227722772277227,0.6759259259259259,0.6985645933014354,0.8710801393728222,0.625,0.727802037845706,1.0,1.0,1.0
P1,F7,lr,1,fold1,128,33,3269,851,16,0.06760525703430176,0.40511547048279595,0.7132784958871915,0.775139862429534,0.7123559821064251,4,0.696969696969697,0.7639170610773045,33,0.5581395348837209,0.6,0.5783132530120482,0.7480314960629921,0.8796296296296297,0.8085106382978723,0.7658402203856749,0.6682692307692307,0.7137355584082157,1.0,1.0,1.0
P1,F7,lr,1,fold2,129,32,3228,892,16,0.04178357124328613,0.39210768558519304,0.6378923766816144,0.7160270183129736,0.6475754303786613,4,0.625,0.7317682317682318,32,0.43582089552238806,0.6293103448275862,0.5149911816578483,0.8263473053892215,0.6388888888888888,0.720626631853786,0.711484593837535,0.6150121065375302,0.6597402597402597,0.9393939393939394,1.0,0.96875
P1,F7,lr,1,fold3,129,32,3396,724,16,0.05639052391052246,0.5324901138221361,0.7182320441988951,0.7668618368607055,0.720158441029633,4,0.78125,0.8235632183908046,32,0.569377990430622,0.6467391304347826,0.6055979643765903,0.7142857142857143,0.6521739130434783,0.6818181818181818,0.7911392405063291,0.7692307692307693,0.7800312012480499,1.0,1.0,1.0
P1,F7,lr,1,fold4,130,31,3362,758,16,0.06858515739440918,0.46834467583407197,0.6226912928759895,0.608438851450828,0.6364963682631382,3,0.6129032258064516,0.5897435897435898,31,0.4227129337539432,0.7282608695652174,0.5349301397205589,0.6079545454545454,0.5219512195121951,0.5616797900262467,0.8716981132075472,0.6260162601626016,0.7287066246056783,,,
P1,F7,lr,2,fold0,128,33,3225,895,16,0.06452393531799316,0.5306478319221368,0.7072625698324022,0.7719207107562878,0.711751047862725,4,0.7272727272727273,0.7969899665551841,33,0.5493333333333333,0.8306451612903226,0.6613162118780096,0.7227722772277227,0.6759259259259259,0.6985645933014354,0.8710801393728222,0.625,0.727802037845706,1.0,1.0,1.0
P1,F7,lr,2,fold1,128,33,3269,851,16,0.06483936309814453,0.4468597340387687,0.7132784958871915,0.775139862429534,0.7123559821064251,4,0.696969696969697,0.7639170610773045,33,0.5581395348837209,0.6,0.5783132530120482,0.7480314960629921,0.8796296296296297,0.8085106382978723,0.7658402203856749,0.6682692307692307,0.7137355584082157,1.0,1.0,1.0
P1,F7,lr,2,fold2,129,32,3228,892,16,0.04123258590698242,0.41536151560967277,0.6378923766816144,0.7160270183129736,0.6475754303786613,4,0.625,0.7317682317682318,32,0.43582089552238806,0.6293103448275862,0.5149911816578483,0.8263473053892215,0.6388888888888888,0.720626631853786,0.711484593837535,0.6150121065375302,0.6597402597402597,0.9393939393939394,1.0,0.96875
P1,F7,lr,2,fold3,129,32,3396,724,16,0.05616617202758789,0.4814474622189011,0.7182320441988951,0.7668618368607055,0.720158441029633,4,0.78125,0.8235632183908046,32,0.569377990430622,0.6467391304347826,0.6055979643765903,0.7142857142857143,0.6521739130434783,0.6818181818181818,0.7911392405063291,0.7692307692307693,0.7800312012480499,1.0,1.0,1.0
P1,F7,lr,2,fold4,130,31,3362,758,16,0.06259608268737793,0.5306228798737941,0.6226912928759895,0.608438851450828,0.6364963682631382,3,0.6129032258064516,0.5897435897435898,31,0.4227129337539432,0.7282608695652174,0.5349301397205589,0.6079545454545454,0.5219512195121951,0.5616797900262467,0.8716981132075472,0.6260162601626016,0.7287066246056783,,,
P1,F7,svm,0,fold0,128,33,3225,895,16,0.9916257858276367,124.56398436477065,0.8011173184357542,0.8420077667899231,0.8035133193220075,4,0.8484848484848485,0.8809523809523809,33,0.67,0.8104838709677419,0.7335766423357665,0.8617021276595744,0.75,0.801980198019802,0.8590425531914894,0.8075,0.8324742268041238,1.0,1.0,1.0
P1,F7,svm,0,fold1,128,33,3269,851,16,0.9995839595794678,115.606675557048,0.7755581668625147,0.5792446128555147,0.7621307216711066,4,0.8484848484848485,0.647415329768271,33,0.7365269461077845,0.615,0.670299727520436,0.7562724014336918,0.9768518518518519,0.8525252525252526,0.8049382716049382,0.7836538461538461,0.7941534713763703,0.0,0.0,0.0
P1,F7,svm,0,fold2,129,32,3228,892,16,0.8455977439880371,95.30702513964187,0.7298206278026906,0.771852103824131,0.7250156991141985,4,0.8125,0.8352490421455939,32,0.6310160427807486,0.5086206896551724,0.5632458233890215,0.689795918367347,0.7824074074074074,0.7331887201735358,0.7762237762237763,0.8062953995157385,0.7909738717339667,1.0,1.0,1.0
P1,F7,svm,0,fold3,129,32,3396,724,16,1.1096818447113037,113.74179829550053,0.6408839779005525,0.6931003491644993,0.635888980236124,4,0.59375,0.6571428571428571,32,0.5177664974619289,0.5543478260869565,0.5354330708661418,0.5815602836879432,0.44565217391304346,0.5046153846153846,0.7014084507042253,0.7661538461538462,0.7323529411764705,1.0,1.0,1.0
P1,F7,svm,0,fold4,130,31,3362,758,16,0.9927880764007568,107.0656688358035,0.783641160949868,0.7662108243748795,0.7828792526541821,3,0.8064516129032258,0.7744646245595012,31,0.7135416666666666,0.7445652173913043,0.7287234042553191,0.7688172043010753,0.697560975609756,0.731457800511509,0.8263157894736842,0.8509485094850948,0.8384512683578104,,,
P1,F7,svm,1,fold0,128,33,3225,895,16,0.9979908466339111,108.0195997014392,0.8011173184357542,0.8420077667899231,0.8035133193220075,4,0.8484848484848485,0.8809523809523809,33,0.67,0.8104838709677419,0.7335766423357665,0.8617021276595744,0.75,0.801980198019802,0.8590425531914894,0.8075,0.8324742268041238,1.0,1.0,1.0
P1,F7,svm,1,fold1,128,33,3269,851,16,0.9584927558898926,123.56161931146606,0.7755581668625147,0.5797803057081954,0.7622610585218359,4,0.8181818181818182,0.6253472222222223,33,0.7380952380952381,0.62,0.6739130434782609,0.7562724014336918,0.9768518518518519,0.8525252525252526,0.8044554455445545,0.78125,0.7926829268292683,0.0,0.0,0.0
P1,F7,svm,1,fold2,129,32,3228,892,16,0.8693006038665771,94.74358751100274,0.7275784753363229,0.7698995558891211,0.7226248697112783,4,0.8125,0.8352490421455939,32,0.6256684491978609,0.5043103448275862,0.5584725536992841,0.691358024691358,0.7777777777777778,0.7320261437908496,0.7726218097447796,0.8062953995157385,0.7890995260663507,1.0,1.0,1.0
P1,F7,svm,1,fold3,129,32,3396,724,16,1.13124680519104,113.44739745335025,0.6408839779005525,0.6930195787911554,0.636016925246355,4,0.59375,0.6571428571428571,32,0.5151515151515151,0.5543478260869565,0.5340314136125655,0.5815602836879432,0.44565217391304346,0.5046153846153846,0.7033898305084746,0.7661538461538462,0.7334315169366715,1.0,1.0,1.0
P1,F7,svm,1,fold4,130,31,3362,758,16,1.01332426071167,107.6768130299913,0.783641160949868,0.7662108243748795,0.7828792526541821,3,0.8064516129032258,0.7744646245595012,31,0.7135416666666666,0.7445652173913043,0.7287234042553191,0.7688172043010753,0.697560975609756,0.731457800511509,0.8263157894736842,0.8509485094850948,0.8384512683578104,,,
P1,F7,svm,2,fold0,128,33,3225,895,16,1.01155686378479,108.41385612274682,0.8011173184357542,0.8420077667899231,0.8035133193220075,4,0.8484848484848485,0.8809523809523809,33,0.67,0.8104838709677419,0.7335766423357665,0.8617021276595744,0.75,0.801980198019802,0.8590425531914894,0.8075,0.8324742268041238,1.0,1.0,1.0
P1,F7,svm,2,fold1,128,33,3269,851,16,0.9596235752105713,105.82170811439093,0.7755581668625147,0.5797803057081954,0.7622610585218359,4,0.8181818181818182,0.6253472222222223,33,0.7380952380952381,0.62,0.6739130434782609,0.7562724014336918,0.9768518518518519,0.8525252525252526,0.8044554455445545,0.78125,0.7926829268292683,0.0,0.0,0.0
P1,F7,svm,2,fold2,129,32,3228,892,16,0.8652932643890381,103.4402526547556,0.7286995515695067,0.7708598313441443,0.7236030472899089,4,0.8125,0.8352490421455939,32,0.6324324324324324,0.5043103448275862,0.5611510791366906,0.689795918367347,0.7824074074074074,0.7331887201735358,0.7726218097447796,0.8062953995157385,0.7890995260663507,1.0,1.0,1.0
P1,F7,svm,2,fold3,129,32,3396,724,16,1.0801033973693848,112.29021114539046,0.6408839779005525,0.6931003491644993,0.635888980236124,4,0.59375,0.6571428571428571,32,0.5177664974619289,0.5543478260869565,0.5354330708661418,0.5815602836879432,0.44565217391304346,0.5046153846153846,0.7014084507042253,0.7661538461538462,0.7323529411764705,1.0,1.0,1.0
P1,F7,svm,2,fold4,130,31,3362,758,16,0.998427152633667,105.9581862276022,0.7849604221635884,0.7676078015325407,0.7841057665352376,3,0.8064516129032258,0.7744646245595012,31,0.7135416666666666,0.7445652173913043,0.7287234042553191,0.7771739130434783,0.697560975609756,0.7352185089974294,0.824607329842932,0.8536585365853658,0.8388814913448736,,,
P1,F7,rf,0,fold0,128,33,3225,895,16,2.938774585723877,41.603642469011874,0.8558659217877095,0.8846588923875328,0.8555248160355057,4,0.9393939393939394,0.9519607843137254,33,0.831275720164609,0.8145161290322581,0.8228105906313645,0.88,0.8148148148148148,0.8461538461538461,0.8479809976247031,0.8925,0.8696711327649208,1.0,1.0,1.0
P1,F7,rf,0,fold1,128,33,3269,851,16,3.0853796005249023,31.764582937668692,0.8789659224441834,0.8983555111959679,0.8750243018039728,4,0.8787878787878788,0.8991596638655462,33,0.8774193548387097,0.68,0.7661971830985915,0.8916666666666667,0.9907407407407407,0.9385964912280702,0.8672768878718535,0.9110576923076923,0.8886283704572099,1.0,1.0,1.0
P1,F7,rf,0,fold2,129,32,3228,892,16,3.0168700218200684,39.66114446186698,0.9047085201793722,0.9160979583610722,0.9051833120025764,4,1.0,1.0,32,0.8223140495867769,0.8577586206896551,0.8396624472573839,0.9563106796116505,0.9120370370370371,0.933649289099526,0.9245742092457421,0.9200968523002422,0.9223300970873787,0.9393939393939394,1.0,0.96875
P1,F7,rf,0,fold3,129,32,3396,724,16,3.1703970432281494,40.03061115412422,0.8522099447513812,0.8668368685406813,0.8471240026831087,4,0.84375,0.8582251082251082,32,0.7692307692307693,0.7608695652173914,0.7650273224043715,0.9838709677419355,0.6630434782608695,0.7922077922077922,0.8372093023255814,0.9969230769230769,0.9101123595505618,1.0,1.0,1.0
P1,F7,rf,0,fold4,130,31,3362,758,16,3.134526014328003,35.703339488651004,0.8179419525065963,0.7903662251265824,0.8202766672975063,3,0.8064516129032258,0.7741702741702742,31,0.5956678700361011,0.8967391304347826,0.7158351409978309,0.9917355371900827,0.5853658536585366,0.7361963190184049,0.9305555555555556,0.907859078590786,0.9190672153635117,,,
P1,F7,rf,1,fold0,128,33,3225,895,16,2.921633720397949,31.412380367683962,0.8569832402234637,0.8836808524839085,0.8566150871943286,4,0.9393939393939394,0.9445075757575758,33,0.8225806451612904,0.8225806451612904,0.8225806451612904,0.8613861386138614,0.8055555555555556,0.8325358851674641,0.8647342995169082,0.895,0.8796068796068796,1.0,1.0,1.0
P1,F7,rf,1,fold1,128,33,3269,851,16,3.1043567657470703,39.543584426897816,0.8860164512338425,0.9031729722838796,0.8818366587105758,4,0.8787878787878788,0.8991596638655462,33,0.8881578947368421,0.675,0.7670454545454546,0.9141630901287554,0.9861111111111112,0.9487750556792873,0.8657718120805369,0.9302884615384616,0.8968713789107764,1.0,1.0,1.0
P1,F7,rf,1,fold2,129,32,3228,892,16,2.9809136390686035,32.83467527996799,0.899103139013453,0.9109700012004374,0.8995717365464095,4,1.0,1.0,32,0.8140495867768595,0.8491379310344828,0.8312236286919831,0.9509803921568627,0.8981481481481481,0.9238095238095239,0.9200968523002422,0.9200968523002422,0.9200968523002422,0.9393939393939394,1.0,0.96875
P1,F7,rf,1,fold3,129,32,3396,724,16,3.1716673374176025,33.459610701924525,0.8549723756906077,0.873299580139971,0.8497983224979463,4,0.84375,0.8634453781512604,32,0.8562874251497006,0.7771739130434783,0.8148148148148148,0.983739837398374,0.657608695652174,0.7882736156351792,0.8039702233250621,0.9969230769230769,0.8901098901098901,1.0,1.0,1.0
P1,F7,rf,1,fold4,130,31,3362,758,16,3.1755268573760986,40.349985490059154,0.8179419525065963,0.7914930563231793,0.8207865373294428,3,0.8387096774193549,0.81990231990232,31,0.5949820788530465,0.9021739130434783,0.7170626349892009,0.9918032786885246,0.5902439024390244,0.7400611620795107,0.9327731092436975,0.9024390243902439,0.9173553719008265,,,
P1,F7,rf,2,fold0,128,33,3225,895,16,3.0400123596191406,32.40521393674712,0.8558659217877095,0.883817412958188,0.8555167499795749,4,0.9393939393939394,0.9445075757575758,33,0.823045267489712,0.8064516129032258,0.814663951120163,0.8682926829268293,0.8240740740740741,0.8456057007125891,0.8581730769230769,0.8925,0.875,1.0,1.0,1.0
P1,F7,rf,2,fold1,128,33,3269,851,16,2.9784295558929443,30.734144002374276,0.8883666274970623,0.9062630092552229,0.8849161306559347,4,0.8787878787878788,0.8991596638655462,33,0.89171974522293,0.7,0.7843137254901961,0.8991596638655462,0.9907407407407407,0.9427312775330396,0.8764302059496567,0.9206730769230769,0.8980070339976554,1.0,1.0,1.0
P1,F7,rf,2,fold2,129,32,3228,892,16,2.8790087699890137,32.81623258718995,0.8912556053811659,0.9038378877078915,0.8915056756714491,4,0.96875,0.9752688172043011,32,0.8117154811715481,0.8362068965517241,0.8237791932059448,0.9317073170731708,0.8842592592592593,0.9073634204275535,0.9132530120481928,0.9176755447941889,0.9154589371980676,0.9393939393939394,1.0,0.96875
P1,F7,rf,2,fold3,129,32,3396,724,16,3.0977776050567627,33.127668812788656,0.8535911602209945,0.8743009945813149,0.8489320944194391,4,0.84375,0.8708791208791209,32,0.8924050632911392,0.7663043478260869,0.8245614035087719,0.9838709677419355,0.6630434782608695,0.7922077922077922,0.7883211678832117,0.9969230769230769,0.8804347826086957,1.0,1.0,1.0
P1,F7,rf,2,fold4,130,31,3362,758,16,3.063753604888916,35.36804370326543,0.8179419525065963,0.7895174394216539,0.8197505433615281,3,0.8387096774193549,0.7980295566502463,31,0.5964285714285714,0.907608695652174,0.7198275862068966,0.9915966386554622,0.5756097560975609,0.7283950617283951,0.9331476323119777,0.907859078590786,0.9203296703296703,,,
P1,F7,hgb,0,fold0,128,33,3225,895,16,1.242981195449829,79.5428313356538,0.8335195530726257,0.714431002685634,0.828917488415776,4,0.9090909090909091,0.674812030075188,33,0.7029702970297029,0.8588709677419355,0.7731397459165155,0.8578947368421053,0.7546296296296297,0.8029556650246306,0.9189873417721519,0.9075,0.9132075471698113,1.0,0.22580645161290322,0.3684210526315789
P1,F7,hgb,0,fold1,128,33,3269,851,16,1.2086601257324219,80.76758558405552,0.9012925969447708,0.9172277276892526,0.9006504232035755,4,0.9393939393939394,0.9555555555555555,33,0.8205128205128205,0.8,0.810126582278481,0.8852459016393442,1.0,0.9391304347826087,0.9465648854961832,0.8942307692307693,0.9196538936959209,1.0,1.0,1.0
P1,F7,hgb,0,fold2,129,32,3228,892,16,1.2072014808654785,82.304124874919,0.8867713004484304,0.9084092100589971,0.8880705606608802,4,0.90625,0.9327485380116959,32,0.7642585551330798,0.8663793103448276,0.8121212121212121,0.9811320754716981,0.9629629629629629,0.9719626168224299,0.9140625,0.8498789346246973,0.8808030112923463,0.9393939393939394,1.0,0.96875
P1,F7,hgb,0,fold3,129,32,3396,724,16,1.26747465133667,79.76912661810606,0.8591160220994475,0.871795766501596,0.8562692020723375,4,0.875,0.8861607142857143,32,0.729064039408867,0.8043478260869565,0.7648578811369509,0.946969696969697,0.6793478260869565,0.7911392405063291,0.888268156424581,0.9784615384615385,0.931185944363104,1.0,1.0,1.0
P1,F7,hgb,0,fold4,130,31,3362,758,16,1.2356278896331787,88.24255346937356,0.8271767810026385,0.8033810552674291,0.8255365990698653,3,0.8709677419354839,0.8482231219073325,31,0.6612903225806451,0.8913043478260869,0.7592592592592593,0.9765625,0.6097560975609756,0.7507507507507507,0.8848167539267016,0.9159891598915989,0.9001331557922769,,,
P1,F7,hgb,1,fold0,128,33,3225,895,16,1.1698534488677979,81.37559091578649,0.8335195530726257,0.714431002685634,0.828917488415776,4,0.9090909090909091,0.674812030075188,33,0.7029702970297029,0.8588709677419355,0.7731397459165155,0.8578947368421053,0.7546296296296297,0.8029556650246306,0.9189873417721519,0.9075,0.9132075471698113,1.0,0.22580645161290322,0.3684210526315789
P1,F7,hgb,1,fold1,128,33,3269,851,16,1.1876020431518555,80.52664553937004,0.9012925969447708,0.9172277276892526,0.9006504232035755,4,0.9393939393939394,0.9555555555555555,33,0.8205128205128205,0.8,0.810126582278481,0.8852459016393442,1.0,0.9391304347826087,0.9465648854961832,0.8942307692307693,0.9196538936959209,1.0,1.0,1.0
P1,F7,hgb,1,fold2,129,32,3228,892,16,1.2118465900421143,81.69979257968508,0.8867713004484304,0.9084092100589971,0.8880705606608802,4,0.90625,0.9327485380116959,32,0.7642585551330798,0.8663793103448276,0.8121212121212121,0.9811320754716981,0.9629629629629629,0.9719626168224299,0.9140625,0.8498789346246973,0.8808030112923463,0.9393939393939394,1.0,0.96875
P1,F7,hgb,1,fold3,129,32,3396,724,16,1.2970504760742188,80.5729660539996,0.8591160220994475,0.871795766501596,0.8562692020723375,4,0.875,0.8861607142857143,32,0.729064039408867,0.8043478260869565,0.7648578811369509,0.946969696969697,0.6793478260869565,0.7911392405063291,0.888268156424581,0.9784615384615385,0.931185944363104,1.0,1.0,1.0
P1,F7,hgb,1,fold4,130,31,3362,758,16,1.1947264671325684,85.42588015030431,0.8271767810026385,0.8033810552674291,0.8255365990698653,3,0.8709677419354839,0.8482231219073325,31,0.6612903225806451,0.8913043478260869,0.7592592592592593,0.9765625,0.6097560975609756,0.7507507507507507,0.8848167539267016,0.9159891598915989,0.9001331557922769,,,
P1,F7,hgb,2,fold0,128,33,3225,895,16,1.204796552658081,79.26205683020906,0.8335195530726257,0.714431002685634,0.828917488415776,4,0.9090909090909091,0.674812030075188,33,0.7029702970297029,0.8588709677419355,0.7731397459165155,0.8578947368421053,0.7546296296296297,0.8029556650246306,0.9189873417721519,0.9075,0.9132075471698113,1.0,0.22580645161290322,0.3684210526315789
P1,F7,hgb,2,fold1,128,33,3269,851,16,1.2133033275604248,85.6875252639645,0.9012925969447708,0.9172277276892526,0.9006504232035755,4,0.9393939393939394,0.9555555555555555,33,0.8205128205128205,0.8,0.810126582278481,0.8852459016393442,1.0,0.9391304347826087,0.9465648854961832,0.8942307692307693,0.9196538936959209,1.0,1.0,1.0
P1,F7,hgb,2,fold2,129,32,3228,892,16,1.4424164295196533,95.40618802399914,0.8867713004484304,0.9084092100589971,0.8880705606608802,4,0.90625,0.9327485380116959,32,0.7642585551330798,0.8663793103448276,0.8121212121212121,0.9811320754716981,0.9629629629629629,0.9719626168224299,0.9140625,0.8498789346246973,0.8808030112923463,0.9393939393939394,1.0,0.96875
P1,F7,hgb,2,fold3,129,32,3396,724,16,1.5561635494232178,81.1683538868941,0.8591160220994475,0.871795766501596,0.8562692020723375,4,0.875,0.8861607142857143,32,0.729064039408867,0.8043478260869565,0.7648578811369509,0.946969696969697,0.6793478260869565,0.7911392405063291,0.888268156424581,0.9784615384615385,0.931185944363104,1.0,1.0,1.0
P1,F7,hgb,2,fold4,130,31,3362,758,16,1.1993167400360107,84.20139000724048,0.8271767810026385,0.8033810552674291,0.8255365990698653,3,0.8709677419354839,0.8482231219073325,31,0.6612903225806451,0.8913043478260869,0.7592592592592593,0.9765625,0.6097560975609756,0.7507507507507507,0.8848167539267016,0.9159891598915989,0.9001331557922769,,,
P2,F1,lr,0,load0,120,41,3104,1016,91,2.1070494651794434,0.7267542711393101,0.8484251968503937,0.8748670349878042,0.8465570868166433,4,0.8536585365853658,0.8760025062656641,41,0.7863247863247863,0.7022900763358778,0.7419354838709677,0.8444444444444444,0.9083665338645418,0.8752399232245681,0.8742393509127789,0.890495867768595,0.8822927328556807,1.0,1.0,1.0
P2,F1,lr,0,load1,121,40,3080,1040,91,0.3738126754760742,0.6357064613929162,0.8682692307692308,0.8861443673035607,0.8699203593781331,4,0.9,0.9211172895383422,40,0.7406143344709898,0.8282442748091603,0.781981981981982,0.9451476793248945,0.8549618320610687,0.8977955911823647,0.9035639412997903,0.8886597938144329,0.896049896049896,0.9393939393939394,1.0,0.96875
P2,F1,lr,0,load2,121,40,3088,1032,91,2.1691694259643555,0.5262766697610072,0.8788759689922481,0.8165552077817957,0.8758889058801063,4,0.95,0.7185270869481396,40,0.8286852589641435,0.7938931297709924,0.8109161793372319,0.9166666666666666,0.9656488549618321,0.9405204460966543,0.879837067209776,0.9056603773584906,0.8925619834710744,1.0,0.45161290322580644,0.6222222222222222
P2,F1,lr,0,load3,121,40,3088,1032,91,2.6903038024902344,0.6147595339043196,0.8498062015503876,0.8762044491232733,0.8534555093342345,4,0.8,0.84640866873065,40,0.6857142857142857,0.916030534351145,0.7843137254901961,0.9361702127659575,0.8396946564885496,0.8853118712273642,0.9323671497584541,0.8092243186582809,0.8664421997755332,0.9393939393939394,1.0,0.96875
P2,F1,lr,1,load0,120,41,3104,1016,91,1.9399158954620361,0.725580951360267,0.8484251968503937,0.8748670349878042,0.8465570868166433,4,0.8536585365853658,0.8760025062656641,41,0.7863247863247863,0.7022900763358778,0.7419354838709677,0.8444444444444444,0.9083665338645418,0.8752399232245681,0.8742393509127789,0.890495867768595,0.8822927328556807,1.0,1.0,1.0
P2,F1,lr,1,load1,121,40,3080,1040,91,0.4300210475921631,0.5318568303034856,0.8682692307692308,0.8861443673035607,0.8699203593781331,4,0.9,0.9211172895383422,40,0.7406143344709898,0.8282442748091603,0.781981981981982,0.9451476793248945,0.8549618320610687,0.8977955911823647,0.9035639412997903,0.8886597938144329,0.896049896049896,0.9393939393939394,1.0,0.96875
P2,F1,lr,1,load2,121,40,3088,1032,91,2.2014269828796387,0.6413274957228077,0.8788759689922481,0.8165552077817957,0.8758889058801063,4,0.95,0.7185270869481396,40,0.8286852589641435,0.7938931297709924,0.8109161793372319,0.9166666666666666,0.9656488549618321,0.9405204460966543,0.879837067209776,0.9056603773584906,0.8925619834710744,1.0,0.45161290322580644,0.6222222222222222
P2,F1,lr,1,load3,121,40,3088,1032,91,2.673494815826416,0.5308971848598746,0.8498062015503876,0.8762044491232733,0.8534555093342345,4,0.8,0.84640866873065,40,0.6857142857142857,0.916030534351145,0.7843137254901961,0.9361702127659575,0.8396946564885496,0.8853118712273642,0.9323671497584541,0.8092243186582809,0.8664421997755332,0.9393939393939394,1.0,0.96875
P2,F1,lr,2,load0,120,41,3104,1016,91,2.0802366733551025,0.6141155723511703,0.8484251968503937,0.8748670349878042,0.8465570868166433,4,0.8536585365853658,0.8760025062656641,41,0.7863247863247863,0.7022900763358778,0.7419354838709677,0.8444444444444444,0.9083665338645418,0.8752399232245681,0.8742393509127789,0.890495867768595,0.8822927328556807,1.0,1.0,1.0
P2,F1,lr,2,load1,121,40,3080,1040,91,0.4477369785308838,0.61186460348276,0.8682692307692308,0.8861443673035607,0.8699203593781331,4,0.9,0.9211172895383422,40,0.7406143344709898,0.8282442748091603,0.781981981981982,0.9451476793248945,0.8549618320610687,0.8977955911823647,0.9035639412997903,0.8886597938144329,0.896049896049896,0.9393939393939394,1.0,0.96875
P2,F1,lr,2,load2,121,40,3088,1032,91,2.0989882946014404,0.6126803021098293,0.8788759689922481,0.8165552077817957,0.8758889058801063,4,0.95,0.7185270869481396,40,0.8286852589641435,0.7938931297709924,0.8109161793372319,0.9166666666666666,0.9656488549618321,0.9405204460966543,0.879837067209776,0.9056603773584906,0.8925619834710744,1.0,0.45161290322580644,0.6222222222222222
P2,F1,lr,2,load3,121,40,3088,1032,91,2.7304887771606445,0.525583592496177,0.8498062015503876,0.8762044491232733,0.8534555093342345,4,0.8,0.84640866873065,40,0.6857142857142857,0.916030534351145,0.7843137254901961,0.9361702127659575,0.8396946564885496,0.8853118712273642,0.9323671497584541,0.8092243186582809,0.8664421997755332,0.9393939393939394,1.0,0.96875
P2,F1,svm,0,load0,120,41,3104,1016,91,1.5428261756896973,157.78945186945398,0.8553149606299213,0.8870776933330828,0.855763664901849,4,0.8292682926829268,0.8635025062656642,41,0.7695167286245354,0.7900763358778626,0.7796610169491526,0.9173553719008265,0.8844621513944223,0.9006085192697769,0.8662551440329218,0.8698347107438017,0.8680412371134021,1.0,1.0,1.0
P2,F1,svm,0,load1,121,40,3080,1040,91,1.2107322216033936,126.04571305788481,0.8355769230769231,0.8292918769904635,0.8358567327390758,4,0.875,0.9044566544566545,40,0.8037735849056604,0.8129770992366412,0.8083491461100569,0.9234234234234234,0.7824427480916031,0.8471074380165289,0.8267716535433071,0.865979381443299,0.8459214501510574,0.6888888888888889,1.0,0.8157894736842105
P2,F1,svm,0,load2,121,40,3088,1032,91,1.5534093379974365,188.237936921822,0.8575581395348837,0.6561277113716548,0.8478543371513103,4,0.875,0.6678743961352657,40,0.7038123167155426,0.916030534351145,0.7960199004975125,0.98,0.9351145038167938,0.95703125,0.9070294784580499,0.8385744234800838,0.8714596949891068,0.0,0.0,0.0
P2,F1,svm,0,load3,121,40,3088,1032,91,1.483428955078125,163.8030358987261,0.8410852713178295,0.8680751638617865,0.841199161558368,4,0.85,0.8805019305019305,40,0.8164794007490637,0.8320610687022901,0.8241965973534972,0.7972027972027972,0.8702290076335878,0.8321167883211679,0.8766816143497758,0.8197064989517819,0.847237269772481,0.9393939393939394,1.0,0.96875
P2,F1,svm,1,load0,120,41,3104,1016,91,1.5251598358154297,174.76973571176603,0.8582677165354331,0.8890576936780441,0.8585686300715093,4,0.8292682926829268,0.8635025062656642,41,0.7781954887218046,0.7900763358778626,0.7840909090909091,0.9173553719008265,0.8844621513944223,0.9006085192697769,0.8670756646216768,0.8760330578512396,0.8715313463514902,1.0,1.0,1.0
P2,F1,svm,1,load1,121,40,3080,1040,91,1.20351243019104,125.4070263642531,0.8365384615384616,0.8350531833794299,0.8366493038099878,4,0.875,0.9044566544566545,40,0.8068181818181818,0.8129770992366412,0.8098859315589354,0.9234234234234234,0.7824427480916031,0.8471074380165289,0.8238747553816047,0.8680412371134021,0.8453815261044176,0.7209302325581395,1.0,0.8378378378378378
P2,F1,svm,1,load2,121,40,3088,1032,91,1.5799312591552734,159.8550367724988,0.8565891472868217,0.6552893000135722,0.8468639525283228,4,0.875,0.6678743961352657,40,0.7041420118343196,0.9083969465648855,0.7933333333333333,0.98,0.9351145038167938,0.95703125,0.9031531531531531,0.8406708595387841,0.8707926167209555,0.0,0.0,0.0
P2,F1,svm,1,load3,121,40,3088,1032,91,1.4725556373596191,147.6785933324533,0.8401162790697675,0.8674407819923131,0.8401733059012658,4,0.85,0.8805019305019305,40,0.8157894736842105,0.8282442748091603,0.821969696969697,0.8,0.8702290076335878,0.8336380255941499,0.8727678571428571,0.8197064989517819,0.8454054054054054,0.9393939393939394,1.0,0.96875
P2,F1,svm,2,load0,120,41,3104,1016,91,1.5851860046386719,158.35663465064343,0.8572834645669292,0.8887683806929361,0.8577425082517669,4,0.8292682926829268,0.8635025062656642,41,0.7732342007434945,0.7938931297709924,0.783427495291902,0.921161825726141,0.8844621513944223,0.9024390243902439,0.86652977412731,0.871900826446281,0.8692070030895983,1.0,1.0,1.0
P2,F1,svm,2,load1,121,40,3080,1040,91,1.2616519927978516,126.83983032520003,0.8355769230769231,0.8316936696016651,0.8357452365998368,4,0.875,0.9044566544566545,40,0.8060836501901141,0.8091603053435115,0.8076190476190476,0.9234234234234234,0.7824427480916031,0.8471074380165289,0.8238747553816047,0.8680412371134021,0.8453815261044176,0.7045454545454546,1.0,0.8266666666666667
P2,F1,svm,2,load2,121,40,3088,1032,91,1.5432021617889404,153.30869098042334,0.8565891472868217,0.6553906522543191,0.8469082946094527,4,0.875,0.6678743961352657,40,0.7029411764705882,0.9122137404580153,0.7940199335548173,0.98,0.9351145038167938,0.95703125,0.9049773755656109,0.8385744234800838,0.8705114254624592,0.0,0.0,0.0
P2,F1,svm,2,load3,121,40,3088,1032,91,1.4651594161987305,150.44581982516502,0.8401162790697675,0.867193659690942,0.8401821152491286,4,0.85,0.8805019305019305,40,0.8150943396226416,0.8244274809160306,0.8197343453510436,0.8,0.8702290076335878,0.8336380255941499,0.8730512249443207,0.8218029350104822,0.8466522678185745,0.9393939393939394,1.0,0.96875
P2,F1,rf,0,load0,120,41,3104,1016,91,5.759039402008057,35.68980637497789,0.8966535433070866,0.8406817271496859,0.8938387890218018,4,0.8780487804878049,0.8909178433889602,41,0.8354430379746836,0.7557251908396947,0.7935871743486974,0.9351145038167938,0.9760956175298805,0.9551656920077972,0.903353057199211,0.9462809917355371,0.9243188698284561,1.0,0.5263157894736842,0.6896551724137931
P2,F1,rf,0,load1,121,40,3080,1040,91,5.703707456588745,28.079748153686523,0.9173076923076923,0.9297123387152824,0.9173659474560389,4,0.925,0.9426113360323887,40,0.8703703703703703,0.8969465648854962,0.8834586466165414,0.9869565217391304,0.8664122137404581,0.9227642276422764,0.90748031496063,0.9505154639175257,0.9284994964753273,0.96875,1.0,0.9841269841269841
P2,F1,rf,0,load2,121,40,3088,1032,91,5.6806230545043945,28.655279514401457,0.9496124031007752,0.9614373901496276,0.9499680257317742,4,0.95,0.9633838383838385,40,0.8817204301075269,0.9389312977099237,0.9094269870609981,0.9923076923076923,0.9847328244274809,0.9885057471264368,0.9632034632034632,0.9329140461215933,0.9478168264110756,1.0,1.0,1.0
P2,F1,rf,0,load3,121,40,3088,1032,91,5.674981117248535,28.7460726360942,0.9069767441860465,0.9208816829517731,0.9077105612286857,4,0.9,0.9246031746031745,40,0.8087248322147651,0.9198473282442748,0.8607142857142858,0.939622641509434,0.950381679389313,0.9449715370018975,0.9518348623853211,0.870020964360587,0.9090909090909091,0.9393939393939394,1.0,0.96875
P2,F1,rf,1,load0,120,41,3104,1016,91,5.757123231887817,29.88257746058186,0.8858267716535433,0.7818381940892412,0.8810356587230811,4,0.8536585365853658,0.6317073170731707,41,0.8290598290598291,0.7404580152671756,0.782258064516129,0.9312977099236641,0.9721115537848606,0.9512670565302144,0.8871595330739299,0.9421487603305785,0.9138276553106213,1.0,0.3157894736842105,0.48
P2,F1,rf,1,load1,121,40,3080,1040,91,5.749829053878784,28.640261063208946,0.9201923076923076,0.9319730180609629,0.9203065926878466,4,0.925,0.9426113360323887,40,0.8703703703703703,0.8969465648854962,0.8834586466165414,0.9956331877729258,0.8702290076335878,0.9287169042769857,0.9096267190569745,0.954639175257732,0.93158953722334,0.96875,1.0,0.9841269841269841
P2,F1,rf,1,load2,121,40,3088,1032,91,5.695261478424072,28.026427409445592,0.9573643410852714,0.9669889254414064,0.9576494422200275,4,0.975,0.9813384813384813,40,0.8981818181818182,0.9427480916030534,0.9199255121042831,0.9961389961389961,0.9847328244274809,0.9904030710172744,0.9678800856531049,0.9475890985324947,0.9576271186440678,1.0,1.0,1.0
P2,F1,rf,1,load3,121,40,3088,1032,91,5.832431793212891,29.475420944450438,0.9060077519379846,0.920341599224401,0.9068707288188163,4,0.9,0.9246031746031745,40,0.8013245033112583,0.9236641221374046,0.8581560283687943,0.9431818181818182,0.950381679389313,0.9467680608365019,0.953810623556582,0.8658280922431866,0.9076923076923077,0.9393939393939394,1.0,0.96875
P2,F1,rf,2,load0,120,41,3104,1016,91,5.7704102993011475,28.186426387997123,0.90748031496063,0.9231748308566704,0.9051894112223041,4,0.8780487804878049,0.8909178433889602,41,0.8755555555555555,0.7519083969465649,0.8090349075975359,0.9386973180076629,0.9760956175298805,0.95703125,0.9021526418786693,0.9524793388429752,0.9266331658291457,1.0,1.0,1.0
P2,F1,rf,2,load1,121,40,3080,1040,91,5.799182891845703,29.09486110393818,0.9221153846153847,0.9327829360400078,0.9223358235683548,4,0.925,0.93796992481203,40,0.8586956521739131,0.9045801526717557,0.8810408921933085,0.9956331877729258,0.8702290076335878,0.9287169042769857,0.9204771371769384,0.954639175257732,0.937246963562753,0.96875,1.0,0.9841269841269841
P2,F1,rf,2,load2,121,40,3088,1032,91,5.752454996109009,34.87772719804631,0.9457364341085271,0.9581363186491263,0.9463583519469396,4,0.975,0.9813384813384813,40,0.8631578947368421,0.9389312977099237,0.8994515539305301,0.9961089494163424,0.9770992366412213,0.9865125240847784,0.9651416122004357,0.9287211740041929,0.9465811965811965,1.0,1.0,1.0
P2,F1,rf,2,load3,121,40,3088,1032,91,5.713321208953857,30.18051154853762,0.9098837209302325,0.9232281345851011,0.9104684294608545,4,0.9,0.9246031746031745,40,0.8160535117056856,0.9312977099236641,0.8698752228163993,0.9328358208955224,0.9541984732824428,0.9433962264150944,0.9583333333333334,0.8679245283018868,0.9108910891089109,0.9393939393939394,1.0,0.96875
P2,F1,hgb,0,load0,120,41,3104,1016,91,3.468449354171753,76.51312144722526,0.9281496062992126,0.9433193857930995,0.9274784438417734,4,0.9024390243902439,0.9235588972431077,41,0.9152542372881356,0.8244274809160306,0.8674698795180723,0.991701244813278,0.952191235059761,0.9715447154471545,0.9019230769230769,0.96900826446281,0.9342629482071713,1.0,1.0,1.0
P2,F1,hgb,0,load1,121,40,3080,1040,91,3.4698591232299805,67.70468675173245,0.9442307692307692,0.955692644416791,0.9439777064692038,4,0.95,0.9611842105263158,40,0.97165991902834,0.916030534351145,0.9430255402750491,1.0,0.8740458015267175,0.9327902240325866,0.9043151969981238,0.9938144329896907,0.9469548133595285,1.0,1.0,1.0
P2,F1,hgb,0,load2,121,40,3088,1032,91,3.5381064414978027,74.07563601353371,0.9777131782945736,0.9829027058163868,0.9776926710476422,4,1.0,1.0,40,0.9841269841269841,0.9465648854961832,0.9649805447470817,1.0,0.9809160305343512,0.9903660886319846,0.9613821138211383,0.9916142557651991,0.9762641898864809,1.0,1.0,1.0
P2,F1,hgb,0,load3,121,40,3088,1032,91,3.5132479667663574,81.76740749861843,0.9273255813953488,0.9449076646709651,0.9274238081855186,4,0.925,0.9439393939393939,40,0.8383838383838383,0.950381679389313,0.8908765652951699,0.9390681003584229,1.0,0.9685767097966729,0.9764705882352941,0.870020964360587,0.9201773835920177,1.0,1.0,1.0
P2,F1,hgb,1,load0,120,41,3104,1016,91,3.3946433067321777,66.68140569071132,0.9281496062992126,0.9433193857930995,0.9274784438417734,4,0.9024390243902439,0.9235588972431077,41,0.9152542372881356,0.8244274809160306,0.8674698795180723,0.991701244813278,0.952191235059761,0.9715447154471545,0.9019230769230769,0.96900826446281,0.9342629482071713,1.0,1.0,1.0
P2,F1,hgb,1,load1,121,40,3080,1040,91,3.4757580757141113,68.88806819915771,0.9442307692307692,0.955692644416791,0.9439777064692038,4,0.95,0.9611842105263158,40,0.97165991902834,0.916030534351145,0.9430255402750491,1.0,0.8740458015267175,0.9327902240325866,0.9043151969981238,0.9938144329896907,0.9469548133595285,1.0,1.0,1.0
P2,F1,hgb,1,load2,121,40,3088,1032,91,3.5224030017852783,67.1252261760623,0.9777131782945736,0.9829027058163868,0.9776926710476422,4,1.0,1.0,40,0.9841269841269841,0.9465648854961832,0.9649805447470817,1.0,0.9809160305343512,0.9903660886319846,0.9613821138211383,0.9916142557651991,0.9762641898864809,1.0,1.0,1.0
P2,F1,hgb,1,load3,121,40,3088,1032,91,3.4760494232177734,68.43444912932641,0.9273255813953488,0.9449076646709651,0.9274238081855186,4,0.925,0.9439393939393939,40,0.8383838383838383,0.950381679389313,0.8908765652951699,0.9390681003584229,1.0,0.9685767097966729,0.9764705882352941,0.870020964360587,0.9201773835920177,1.0,1.0,1.0
P2,F1,hgb,2,load0,120,41,3104,1016,91,3.336854934692383,71.49319010456716,0.9281496062992126,0.9433193857930995,0.9274784438417734,4,0.9024390243902439,0.9235588972431077,41,0.9152542372881356,0.8244274809160306,0.8674698795180723,0.991701244813278,0.952191235059761,0.9715447154471545,0.9019230769230769,0.96900826446281,0.9342629482071713,1.0,1.0,1.0
P2,F1,hgb,2,load1,121,40,3080,1040,91,3.5111801624298096,67.02381830949051,0.9442307692307692,0.955692644416791,0.9439777064692038,4,0.95,0.9611842105263158,40,0.97165991902834,0.916030534351145,0.9430255402750491,1.0,0.8740458015267175,0.9327902240325866,0.9043151969981238,0.9938144329896907,0.9469548133595285,1.0,1.0,1.0
P2,F1,hgb,2,load2,121,40,3088,1032,91,3.5389606952667236,69.81991058172183,0.9777131782945736,0.9829027058163868,0.9776926710476422,4,1.0,1.0,40,0.9841269841269841,0.9465648854961832,0.9649805447470817,1.0,0.9809160305343512,0.9903660886319846,0.9613821138211383,0.9916142557651991,0.9762641898864809,1.0,1.0,1.0
P2,F1,hgb,2,load3,121,40,3088,1032,91,3.4706685543060303,69.54961044843806,0.9273255813953488,0.9449076646709651,0.9274238081855186,4,0.925,0.9439393939393939,40,0.8383838383838383,0.950381679389313,0.8908765652951699,0.9390681003584229,1.0,0.9685767097966729,0.9764705882352941,0.870020964360587,0.9201773835920177,1.0,1.0,1.0
P2,F2,lr,0,load0,120,41,3104,1016,49,1.8652324676513672,0.4594720254732868,0.610236220472441,0.4746392218286089,0.6128781283249912,4,0.6585365853658537,0.49253246753246754,41,0.693950177935943,0.7442748091603053,0.7182320441988951,0.40390879478827363,0.4940239043824701,0.4444444444444444,0.7159904534606205,0.6198347107438017,0.6644518272425249,0.1111111111111111,0.05263157894736842,0.07142857142857142
P2,F2,lr,0,load1,121,40,3080,1040,49,0.41545677185058594,0.428924193749061,0.6394230769230769,0.6558694774215252,0.642697789036062,4,0.7,0.6825184619302266,40,0.6510067114093959,0.7404580152671756,0.6928571428571428,0.48255813953488375,0.6335877862595419,0.5478547854785478,0.7988338192419825,0.5649484536082474,0.6618357487922706,0.5636363636363636,1.0,0.7209302325581395
P2,F2,lr,0,load2,121,40,3088,1032,49,1.4293553829193115,0.435483548068261,0.6918604651162791,0.5232956666327326,0.6877171017448108,4,0.7,0.5323809523809524,40,0.5808219178082191,0.8091603053435115,0.6762360446570973,0.698744769874477,0.6374045801526718,0.6666666666666666,0.8052884615384616,0.7023060796645703,0.7502799552071668,0.0,0.0,0.0
P2,F2,lr,0,load3,121,40,3088,1032,49,1.6238148212432861,0.458355097807655,0.687984496124031,0.7352406193272053,0.6886161515926009,4,0.675,0.7457386363636364,40,0.6715542521994134,0.8740458015267175,0.7595356550580431,0.5236486486486487,0.5916030534351145,0.5555555555555556,0.8164383561643835,0.6247379454926625,0.7078384798099763,0.9333333333333333,0.9032258064516129,0.9180327868852459
P2,F2,lr,1,load0,120,41,3104,1016,49,1.7774255275726318,0.5566229031780573,0.610236220472441,0.4746392218286089,0.6128781283249912,4,0.6585365853658537,0.49253246753246754,41,0.693950177935943,0.7442748091603053,0.7182320441988951,0.40390879478827363,0.4940239043824701,0.4444444444444444,0.7159904534606205,0.6198347107438017,0.6644518272425249,0.1111111111111111,0.05263157894736842,0.07142857142857142
P2,F2,lr,1,load1,121,40,3080,1040,49,0.4390842914581299,0.4855486062856821,0.6394230769230769,0.6558694774215252,0.642697789036062,4,0.7,0.6825184619302266,40,0.6510067114093959,0.7404580152671756,0.6928571428571428,0.48255813953488375,0.6335877862595419,0.5478547854785478,0.7988338192419825,0.5649484536082474,0.6618357487922706,0.5636363636363636,1.0,0.7209302325581395
P2,F2,lr,1,load2,121,40,3088,1032,49,1.3599910736083984,0.5463759104410807,0.6918604651162791,0.5232956666327326,0.6877171017448108,4,0.7,0.5323809523809524,40,0.5808219178082191,0.8091603053435115,0.6762360446570973,0.698744769874477,0.6374045801526718,0.6666666666666666,0.8052884615384616,0.7023060796645703,0.7502799552071668,0.0,0.0,0.0
P2,F2,lr,1,load3,121,40,3088,1032,49,1.6397120952606201,0.5653200223464374,0.687984496124031,0.7352406193272053,0.6886161515926009,4,0.675,0.7457386363636364,40,0.6715542521994134,0.8740458015267175,0.7595356550580431,0.5236486486486487,0.5916030534351145,0.5555555555555556,0.8164383561643835,0.6247379454926625,0.7078384798099763,0.9333333333333333,0.9032258064516129,0.9180327868852459
P2,F2,lr,2,load0,120,41,3104,1016,49,1.820742130279541,0.436240293848233,0.610236220472441,0.4746392218286089,0.6128781283249912,4,0.6585365853658537,0.49253246753246754,41,0.693950177935943,0.7442748091603053,0.7182320441988951,0.40390879478827363,0.4940239043824701,0.4444444444444444,0.7159904534606205,0.6198347107438017,0.6644518272425249,0.1111111111111111,0.05263157894736842,0.07142857142857142
P2,F2,lr,2,load1,121,40,3080,1040,49,0.40154051780700684,0.44176211723914516,0.6394230769230769,0.6558694774215252,0.642697789036062,4,0.7,0.6825184619302266,40,0.6510067114093959,0.7404580152671756,0.6928571428571428,0.48255813953488375,0.6335877862595419,0.5478547854785478,0.7988338192419825,0.5649484536082474,0.6618357487922706,0.5636363636363636,1.0,0.7209302325581395
P2,F2,lr,2,load2,121,40,3088,1032,49,1.3669168949127197,0.5066394805908203,0.6918604651162791,0.5232956666327326,0.6877171017448108,4,0.7,0.5323809523809524,40,0.5808219178082191,0.8091603053435115,0.6762360446570973,0.698744769874477,0.6374045801526718,0.6666666666666666,0.8052884615384616,0.7023060796645703,0.7502799552071668,0.0,0.0,0.0
P2,F2,lr,2,load3,121,40,3088,1032,49,1.5865328311920166,0.4484209903450899,0.687984496124031,0.7352406193272053,0.6886161515926009,4,0.675,0.7457386363636364,40,0.6715542521994134,0.8740458015267175,0.7595356550580431,0.5236486486486487,0.5916030534351145,0.5555555555555556,0.8164383561643835,0.6247379454926625,0.7078384798099763,0.9333333333333333,0.9032258064516129,0.9180327868852459
P2,F2,svm,0,load0,120,41,3104,1016,49,2.0838699340820312,216.52795198395498,0.6387795275590551,0.466574934740927,0.6281956805466735,4,0.5853658536585366,0.4268540669856459,41,0.6868327402135231,0.7366412213740458,0.7108655616942909,0.5,0.4262948207171315,0.46021505376344085,0.6711538461538461,0.7210743801652892,0.6952191235059761,0.0,0.0,0.0
P2,F2,svm,0,load1,121,40,3080,1040,49,1.5672364234924316,170.19235170804535,0.6951923076923077,0.6398245902122385,0.6948521190048244,4,0.725,0.542736099944338,40,0.6432926829268293,0.8053435114503816,0.7152542372881356,0.6181818181818182,0.648854961832061,0.633147113594041,0.7894736842105263,0.6804123711340206,0.7308970099667774,0.631578947368421,0.3870967741935484,0.48
P2,F2,svm,0,load2,121,40,3088,1032,49,2.2043142318725586,216.61829578784085,0.6744186046511628,0.5030750743778913,0.6592465366736334,4,0.725,0.5360576923076923,40,0.5994694960212201,0.8625954198473282,0.7073552425665102,0.7277777777777777,0.5,0.5927601809954751,0.7136842105263158,0.710691823899371,0.7121848739495799,0.0,0.0,0.0
P2,F2,svm,0,load3,121,40,3088,1032,49,2.1377575397491455,210.1786838945492,0.687984496124031,0.7086469797168837,0.6779734419770768,4,0.7,0.7447463768115942,40,0.6460176991150443,0.8358778625954199,0.7287853577371048,0.6294117647058823,0.4083969465648855,0.49537037037037035,0.7214428857715431,0.7547169811320755,0.7377049180327869,1.0,0.7741935483870968,0.8727272727272727
P2,F2,svm,1,load0,120,41,3104,1016,49,2.0817887783050537,225.80656479662798,0.639763779527559,0.46738340849107646,0.6291620152963066,4,0.5853658536585366,0.4268540669856459,41,0.6917562724014337,0.7366412213740458,0.7134935304990758,0.5,0.4262948207171315,0.46021505376344085,0.6704980842911877,0.7231404958677686,0.6958250497017893,0.0,0.0,0.0
P2,F2,svm,1,load1,121,40,3080,1040,49,1.575852394104004,161.12602674044098,0.6942307692307692,0.647820837431003,0.694655343456775,4,0.75,0.7979913551995932,40,0.64,0.7938931297709924,0.7086882453151618,0.6190476190476191,0.6450381679389313,0.6317757009345795,0.7899761336515513,0.6824742268041237,0.7323008849557522,0.6086956521739131,0.45161290322580644,0.5185185185185185
P2,F2,svm,1,load2,121,40,3088,1032,49,2.1537742614746094,236.00828740023826,0.6744186046511628,0.5031347955849007,0.659307183790829,4,0.725,0.5360576923076923,40,0.5978835978835979,0.8625954198473282,0.70625,0.7318435754189944,0.5,0.5941043083900227,0.7136842105263158,0.710691823899371,0.7121848739495799,0.0,0.0,0.0
P2,F2,svm,1,load3,121,40,3088,1032,49,2.100541830062866,221.00501282270565,0.687015503875969,0.7074895723094763,0.6767980902687794,4,0.7,0.7447463768115942,40,0.6460176991150443,0.8358778625954199,0.7287853577371048,0.6235294117647059,0.40458015267175573,0.49074074074074076,0.7214428857715431,0.7547169811320755,0.7377049180327869,1.0,0.7741935483870968,0.8727272727272727
P2,F2,svm,2,load0,120,41,3104,1016,49,2.1177423000335693,216.7844396876538,0.639763779527559,0.46738340849107646,0.6291620152963066,4,0.5853658536585366,0.4268540669856459,41,0.6917562724014337,0.7366412213740458,0.7134935304990758,0.5,0.4262948207171315,0.46021505376344085,0.6704980842911877,0.7231404958677686,0.6958250497017893,0.0,0.0,0.0
P2,F2,svm,2,load1,121,40,3080,1040,49,1.620523452758789,171.91653068249042,0.6942307692307692,0.6480152986252231,0.6947240258545894,4,0.75,0.7979913551995932,40,0.64,0.7938931297709924,0.7086882453151618,0.6181818181818182,0.648854961832061,0.633147113594041,0.7913669064748201,0.6804123711340206,0.7317073170731707,0.6086956521739131,0.45161290322580644,0.5185185185185185
P2,F2,svm,2,load2,121,40,3088,1032,49,2.1950340270996094,219.81661633927692,0.6753875968992248,0.5034983578976309,0.6600828935004107,4,0.725,0.5360576923076923,40,0.5978835978835979,0.8625954198473282,0.70625,0.7386363636363636,0.4961832061068702,0.593607305936073,0.7133891213389121,0.7148846960167715,0.7141361256544503,0.0,0.0,0.0
P2,F2,svm,2,load3,121,40,3088,1032,49,2.1797444820404053,212.6280189484589,0.687015503875969,0.7075854568202968,0.6767381547853287,4,0.7,0.7447463768115942,40,0.6460176991150443,0.8358778625954199,0.7287853577371048,0.6272189349112426,0.40458015267175573,0.4918793503480278,0.72,0.7547169811320755,0.736949846468782,1.0,0.7741935483870968,0.8727272727272727
P2,F2,rf,0,load0,120,41,3104,1016,49,5.015782117843628,32.54554403109813,0.8494094488188977,0.6386979062811565,0.8395887848266224,4,0.8780487804878049,0.6653746770025839,41,0.7899159663865546,0.7175572519083969,0.752,0.915057915057915,0.9442231075697212,0.9294117647058824,0.8439306358381503,0.9049586776859504,0.8733798604187437,0.0,0.0,0.0
P2,F2,rf,0,load1,121,40,3080,1040,49,5.076462745666504,34.44254398345947,0.8673076923076923,0.8647745659798091,0.8691926354726162,4,0.95,0.9573580757791285,40,0.7433333333333333,0.851145038167939,0.7935943060498221,1.0,0.816793893129771,0.8991596638655462,0.8784860557768924,0.9092783505154639,0.8936170212765957,1.0,0.7741935483870968,0.8727272727272727
P2,F2,rf,0,load2,121,40,3088,1032,49,4.8746538162231445,32.730573831602584,0.8372093023255814,0.6404247026131593,0.8298136114089005,4,0.875,0.6673976608187134,40,0.685459940652819,0.8816793893129771,0.7712854757929883,0.9913419913419913,0.8740458015267175,0.9290060851926978,0.8763557483731019,0.8469601677148847,0.8614072494669509,0.0,0.0,0.0
P2,F2,rf,0,load3,121,40,3088,1032,49,4.95315957069397,33.55187039042628,0.8468992248062015,0.8479771638754374,0.8493453632042339,4,0.85,0.8849378881987578,40,0.7103658536585366,0.8893129770992366,0.7898305084745763,0.9224489795918367,0.8625954198473282,0.8915187376725838,0.8990825688073395,0.8218029350104822,0.8587075575027382,1.0,0.7419354838709677,0.8518518518518519
P2,F2,rf,1,load0,120,41,3104,1016,49,5.110366344451904,36.749548799409645,0.8533464566929134,0.641116724111873,0.8430720690404464,4,0.8780487804878049,0.6653746770025839,41,0.8017241379310345,0.7099236641221374,0.7530364372469636,0.918918918918919,0.9482071713147411,0.9333333333333333,0.8438095238095238,0.9152892561983471,0.8780971258671952,0.0,0.0,0.0
P2,F2,rf,1,load1,121,40,3080,1040,49,5.082101583480835,33.13766076014592,0.8701923076923077,0.8795523691369999,0.8718966171677532,4,0.9,0.9176113360323888,40,0.7482758620689656,0.8282442748091603,0.7862318840579711,1.0,0.8244274809160306,0.9037656903765691,0.8777120315581854,0.9175257731958762,0.8971774193548387,1.0,0.8709677419354839,0.9310344827586207
P2,F2,rf,1,load2,121,40,3088,1032,49,4.802650451660156,35.86074178533036,0.8430232558139535,0.6443796642644622,0.8354717115516606,4,0.925,0.700956937799043,40,0.6916167664670658,0.8816793893129771,0.7751677852348994,0.9956709956709957,0.8778625954198473,0.9330628803245437,0.8814655172413793,0.8574423480083857,0.869287991498406,0.0,0.0,0.0
P2,F2,rf,1,load3,121,40,3088,1032,49,4.940705299377441,33.19909406262775,0.8420542635658915,0.8345808149806291,0.844189126228258,4,0.85,0.8849378881987578,40,0.7078313253012049,0.8969465648854962,0.7912457912457912,0.9183673469387755,0.8587786259541985,0.8875739644970414,0.8940092165898618,0.8134171907756813,0.8518111964873765,1.0,0.6774193548387096,0.8076923076923077
P2,F2,rf,2,load0,120,41,3104,1016,49,5.042097568511963,40.70692175016628,0.8484251968503937,0.6372012173032849,0.8381897081286417,4,0.8780487804878049,0.6653746770025839,41,0.7896995708154506,0.7022900763358778,0.7434343434343434,0.9186046511627907,0.9442231075697212,0.931237721021611,0.84,0.9111570247933884,0.8741328047571854,0.0,0.0,0.0
P2,F2,rf,2,load1,121,40,3080,1040,49,5.086606740951538,32.625977809612564,0.8663461538461539,0.8729069491556734,0.8682614820348459,4,0.875,0.8960526315789473,40,0.7413793103448276,0.8206106870229007,0.7789855072463768,1.0,0.8320610687022901,0.9083333333333333,0.8735177865612648,0.911340206185567,0.8920282542885973,1.0,0.8387096774193549,0.9122807017543859
P2,F2,rf,2,load2,121,40,3088,1032,49,4.849565505981445,33.365201580432036,0.8333333333333334,0.6367087120438435,0.8261014415394927,4,0.85,0.6511278195488722,40,0.6735294117647059,0.8740458015267175,0.760797342192691,0.9955947136563876,0.8625954198473282,0.9243353783231084,0.8747300215982722,0.8490566037735849,0.8617021276595744,0.0,0.0,0.0
P2,F2,rf,2,load3,121,40,3088,1032,49,4.98730731010437,35.855659218721605,0.8430232558139535,0.8492500903973427,0.845835798043895,4,0.825,0.862312030075188,40,0.7005988023952096,0.8931297709923665,0.785234899328859,0.9173553719008265,0.8473282442748091,0.8809523809523809,0.9027777777777778,0.8176100628930818,0.858085808580858,1.0,0.7741935483870968,0.8727272727272727
P2,F2,hgb,0,load0,120,41,3104,1016,49,3.1370584964752197,92.73239008084995,0.8572834645669292,0.6701219739170607,0.8500874967750517,4,0.8536585365853658,0.638095238095238,41,0.7615384615384615,0.7557251908396947,0.7586206896551724,0.9296875,0.9482071713147411,0.9388560157790927,0.8697394789579158,0.8966942148760331,0.8830111902339777,1.0,0.05263157894736842,0.1
P2,F2,hgb,0,load1,121,40,3080,1040,49,3.015620708465576,94.67808099893423,0.8951923076923077,0.9104120400716685,0.8945935157807993,4,0.925,0.9412955465587045,40,0.8174603174603174,0.7862595419847328,0.8015564202334631,0.9393939393939394,0.9465648854961832,0.9429657794676806,0.9065040650406504,0.9195876288659793,0.9129989764585466,0.96875,1.0,0.9841269841269841
P2,F2,hgb,0,load2,121,40,3088,1032,49,3.1528520584106445,95.11746177377627,0.8662790697674418,0.6602458329249412,0.8572944140002485,4,0.925,0.7035024154589371,40,0.7186544342507645,0.8969465648854962,0.797962648556876,0.9875518672199171,0.9083969465648855,0.9463220675944334,0.9112554112554112,0.8825995807127882,0.8966986155484558,0.0,0.0,0.0
P2,F2,hgb,0,load3,121,40,3088,1032,49,3.0337398052215576,107.33248651489731,0.874031007751938,0.8981295579892432,0.8755485811074022,4,0.9,0.9267676767676768,40,0.7564935064935064,0.8893129770992366,0.8175438596491228,0.915057915057915,0.9045801526717557,0.9097888675623801,0.9241379310344827,0.8427672955974843,0.881578947368421,1.0,0.967741935483871,0.9836065573770492
P2,F2,hgb,1,load0,120,41,3104,1016,49,3.0826430320739746,95.62861262343999,0.8572834645669292,0.6701219739170607,0.8500874967750517,4,0.8536585365853658,0.638095238095238,41,0.7615384615384615,0.7557251908396947,0.7586206896551724,0.9296875,0.9482071713147411,0.9388560157790927,0.8697394789579158,0.8966942148760331,0.8830111902339777,1.0,0.05263157894736842,0.1
P2,F2,hgb,1,load1,121,40,3080,1040,49,3.155996084213257,92.03988772172195,0.8951923076923077,0.9104120400716685,0.8945935157807993,4,0.925,0.9412955465587045,40,0.8174603174603174,0.7862595419847328,0.8015564202334631,0.9393939393939394,0.9465648854961832,0.9429657794676806,0.9065040650406504,0.9195876288659793,0.9129989764585466,0.96875,1.0,0.9841269841269841
P2,F2,hgb,1,load2,121,40,3088,1032,49,3.0891897678375244,95.47416553940883,0.8662790697674418,0.6602458329249412,0.8572944140002485,4,0.925,0.7035024154589371,40,0.7186544342507645,0.8969465648854962,0.797962648556876,0.9875518672199171,0.9083969465648855,0.9463220675944334,0.9112554112554112,0.8825995807127882,0.8966986155484558,0.0,0.0,0.0
P2,F2,hgb,1,load3,121,40,3088,1032,49,3.0517852306365967,94.64663128520168,0.874031007751938,0.8981295579892432,0.8755485811074022,4,0.9,0.9267676767676768,40,0.7564935064935064,0.8893129770992366,0.8175438596491228,0.915057915057915,0.9045801526717557,0.9097888675623801,0.9241379310344827,0.8427672955974843,0.881578947368421,1.0,0.967741935483871,0.9836065573770492
P2,F2,hgb,2,load0,120,41,3104,1016,49,3.1737613677978516,93.43145400520385,0.8572834645669292,0.6701219739170607,0.8500874967750517,4,0.8536585365853658,0.638095238095238,41,0.7615384615384615,0.7557251908396947,0.7586206896551724,0.9296875,0.9482071713147411,0.9388560157790927,0.8697394789579158,0.8966942148760331,0.8830111902339777,1.0,0.05263157894736842,0.1
P2,F2,hgb,2,load1,121,40,3080,1040,49,2.9918994903564453,91.4851060280433,0.8951923076923077,0.9104120400716685,0.8945935157807993,4,0.925,0.9412955465587045,40,0.8174603174603174,0.7862595419847328,0.8015564202334631,0.9393939393939394,0.9465648854961832,0.9429657794676806,0.9065040650406504,0.9195876288659793,0.9129989764585466,0.96875,1.0,0.9841269841269841
P2,F2,hgb,2,load2,121,40,3088,1032,49,3.275355100631714,97.31151336847348,0.8662790697674418,0.6602458329249412,0.8572944140002485,4,0.925,0.7035024154589371,40,0.7186544342507645,0.8969465648854962,0.797962648556876,0.9875518672199171,0.9083969465648855,0.9463220675944334,0.9112554112554112,0.8825995807127882,0.8966986155484558,0.0,0.0,0.0
P2,F2,hgb,2,load3,121,40,3088,1032,49,3.1188886165618896,97.4750796029734,0.874031007751938,0.8981295579892432,0.8755485811074022,4,0.9,0.9267676767676768,40,0.7564935064935064,0.8893129770992366,0.8175438596491228,0.915057915057915,0.9045801526717557,0.9097888675623801,0.9241379310344827,0.8427672955974843,0.881578947368421,1.0,0.967741935483871,0.9836065573770492
P2,F3,lr,0,load0,120,41,3104,1016,57,2.0060298442840576,0.5484096647247555,0.7893700787401575,0.6055447067079447,0.7901940387541861,4,0.8048780487804879,0.5975972540045766,41,0.6712328767123288,0.7480916030534351,0.7075812274368231,0.769811320754717,0.8127490039840638,0.7906976744186046,0.9011235955056179,0.8285123966942148,0.8632938643702907,0.07142857142857142,0.05263157894736842,0.06060606060606061
P2,F3,lr,0,load1,121,40,3080,1040,57,0.48398756980895996,0.45689252706674427,0.801923076923077,0.7124215922886721,0.8124931747044504,4,0.825,0.7301169590643275,40,0.75,0.7442748091603053,0.7471264367816092,0.8947368421052632,0.7786259541984732,0.8326530612244898,0.8765957446808511,0.8494845360824742,0.86282722513089,0.2804878048780488,0.7419354838709677,0.40707964601769914
P2,F3,lr,0,load2,121,40,3088,1032,57,1.8577051162719727,0.5029430685117263,0.8265503875968992,0.6285882848468348,0.819800657146891,4,0.925,0.7014790764790764,40,0.6941176470588235,0.9007633587786259,0.7840531561461794,0.8345323741007195,0.8854961832061069,0.8592592592592593,0.9459459459459459,0.8071278825995807,0.8710407239819005,0.0,0.0,0.0
P2,F3,lr,0,load3,121,40,3088,1032,57,2.5335168838500977,0.9612981663193813,0.7713178294573644,0.7478999808763606,0.7752154081102505,4,0.8,0.7628968253968254,40,0.6449704142011834,0.8320610687022901,0.7266666666666667,0.801762114537445,0.6946564885496184,0.7443762781186094,0.8924205378973105,0.7651991614255765,0.8239277652370203,0.5344827586206896,1.0,0.6966292134831461
P2,F3,lr,1,load0,120,41,3104,1016,57,1.992180585861206,0.4568907219593919,0.7893700787401575,0.6055447067079447,0.7901940387541861,4,0.8048780487804879,0.5975972540045766,41,0.6712328767123288,0.7480916030534351,0.7075812274368231,0.769811320754717,0.8127490039840638,0.7906976744186046,0.9011235955056179,0.8285123966942148,0.8632938643702907,0.07142857142857142,0.05263157894736842,0.06060606060606061
P2,F3,lr,1,load1,121,40,3080,1040,57,0.44316649436950684,0.4587265161367563,0.801923076923077,0.7124215922886721,0.8124931747044504,4,0.825,0.7301169590643275,40,0.75,0.7442748091603053,0.7471264367816092,0.8947368421052632,0.7786259541984732,0.8326530612244898,0.8765957446808511,0.8494845360824742,0.86282722513089,0.2804878048780488,0.7419354838709677,0.40707964601769914
P2,F3,lr,1,load2,121,40,3088,1032,57,1.6459300518035889,0.46505484470101294,0.8265503875968992,0.6285882848468348,0.819800657146891,4,0.925,0.7014790764790764,40,0.6941176470588235,0.9007633587786259,0.7840531561461794,0.8345323741007195,0.8854961832061069,0.8592592592592593,0.9459459459459459,0.8071278825995807,0.8710407239819005,0.0,0.0,0.0
P2,F3,lr,1,load3,121,40,3088,1032,57,2.083940267562866,0.7355860037397045,0.7713178294573644,0.7478999808763606,0.7752154081102505,4,0.8,0.7628968253968254,40,0.6449704142011834,0.8320610687022901,0.7266666666666667,0.801762114537445,0.6946564885496184,0.7443762781186094,0.8924205378973105,0.7651991614255765,0.8239277652370203,0.5344827586206896,1.0,0.6966292134831461
P2,F3,lr,2,load0,120,41,3104,1016,57,1.9335670471191406,0.4916209874190684,0.7893700787401575,0.6055447067079447,0.7901940387541861,4,0.8048780487804879,0.5975972540045766,41,0.6712328767123288,0.7480916030534351,0.7075812274368231,0.769811320754717,0.8127490039840638,0.7906976744186046,0.9011235955056179,0.8285123966942148,0.8632938643702907,0.07142857142857142,0.05263157894736842,0.06060606060606061
P2,F3,lr,2,load1,121,40,3080,1040,57,0.4826314449310303,0.5034299997182993,0.801923076923077,0.7124215922886721,0.8124931747044504,4,0.825,0.7301169590643275,40,0.75,0.7442748091603053,0.7471264367816092,0.8947368421052632,0.7786259541984732,0.8326530612244898,0.8765957446808511,0.8494845360824742,0.86282722513089,0.2804878048780488,0.7419354838709677,0.40707964601769914
P2,F3,lr,2,load2,121,40,3088,1032,57,1.5421178340911865,0.4597412523373153,0.8265503875968992,0.6285882848468348,0.819800657146891,4,0.925,0.7014790764790764,40,0.6941176470588235,0.9007633587786259,0.7840531561461794,0.8345323741007195,0.8854961832061069,0.8592592592592593,0.9459459459459459,0.8071278825995807,0.8710407239819005,0.0,0.0,0.0
P2,F3,lr,2,load3,121,40,3088,1032,57,2.098788261413574,0.7344308749649876,0.7713178294573644,0.7478999808763606,0.7752154081102505,4,0.8,0.7628968253968254,40,0.6449704142011834,0.8320610687022901,0.7266666666666667,0.801762114537445,0.6946564885496184,0.7443762781186094,0.8924205378973105,0.7651991614255765,0.8239277652370203,0.5344827586206896,1.0,0.6966292134831461
P2,F3,svm,0,load0,120,41,3104,1016,57,1.7680447101593018,172.65682145366517,0.7962598425196851,0.5930103373326524,0.7912303098238723,4,0.8292682926829268,0.6202560455192034,41,0.6722408026755853,0.767175572519084,0.7165775401069518,0.796,0.7928286852589641,0.7944111776447106,0.8776824034334764,0.8450413223140496,0.8610526315789474,0.0,0.0,0.0
P2,F3,svm,0,load1,121,40,3080,1040,57,1.4892377853393555,141.68390860924353,0.7730769230769231,0.6380171614676748,0.7695841932809541,4,0.8,0.6056492527080762,40,0.6885813148788927,0.7595419847328244,0.7223230490018149,0.9067357512953368,0.6679389312977099,0.7692307692307693,0.7895716945996276,0.8742268041237113,0.8297455968688845,0.2857142857142857,0.1935483870967742,0.23076923076923078
P2,F3,svm,0,load2,121,40,3088,1032,57,1.8279976844787598,165.65540040186207,0.8052325581395349,0.6131249879307004,0.798168740541915,4,0.825,0.6288156288156288,40,0.6303797468354431,0.950381679389313,0.7579908675799086,0.9090909090909091,0.8015267175572519,0.8519269776876268,0.916256157635468,0.779874213836478,0.8425821064552661,0.0,0.0,0.0
P2,F3,svm,0,load3,121,40,3088,1032,57,1.8074951171875,164.8948636165885,0.7848837209302325,0.8010074954688835,0.7864251663886608,4,0.8,0.8381960335621663,40,0.672782874617737,0.8396946564885496,0.7470288624787776,0.7676348547717843,0.7061068702290076,0.73558648111332,0.8744186046511628,0.7882599580712788,0.8291069459757442,0.8529411764705882,0.9354838709677419,0.8923076923076924
P2,F3,svm,1,load0,120,41,3104,1016,57,1.7507781982421875,163.11749698608878,0.7952755905511811,0.592199321829394,0.7895788880866367,4,0.8048780487804879,0.6008771929824561,41,0.6745762711864407,0.7595419847328244,0.7145421903052065,0.796812749003984,0.796812749003984,0.796812749003984,0.8702127659574468,0.8450413223140496,0.8574423480083857,0.0,0.0,0.0
P2,F3,svm,1,load1,121,40,3080,1040,57,1.5160584449768066,150.21700125474197,0.7721153846153846,0.6431249807087223,0.7694502383504829,4,0.8,0.6056492527080762,40,0.6888111888111889,0.7519083969465649,0.718978102189781,0.9067357512953368,0.6679389312977099,0.7692307692307693,0.7895716945996276,0.8742268041237113,0.8297455968688845,0.2916666666666667,0.22580645161290322,0.2545454545454545
P2,F3,svm,1,load2,121,40,3088,1032,57,1.862471342086792,164.4852549530739,0.8052325581395349,0.613207801912369,0.7980542661322739,4,0.825,0.6288156288156288,40,0.6313131313131313,0.9541984732824428,0.7598784194528876,0.9126637554585153,0.7977099236641222,0.8513238289205702,0.914004914004914,0.779874213836478,0.8416289592760181,0.0,0.0,0.0
P2,F3,svm,1,load3,121,40,3088,1032,57,1.7433805465698242,175.1750476600588,0.7848837209302325,0.8041281981453765,0.7864734448073057,4,0.8,0.8381960335621663,40,0.672782874617737,0.8396946564885496,0.7470288624787776,0.7644628099173554,0.7061068702290076,0.7341269841269841,0.8744186046511628,0.7882599580712788,0.8291069459757442,0.8787878787878788,0.9354838709677419,0.90625
P2,F3,svm,2,load0,120,41,3104,1016,57,1.8553118705749512,163.34418236739992,0.797244094488189,0.5936107301724708,0.7918236114096772,4,0.8048780487804879,0.6008771929824561,41,0.6722408026755853,0.767175572519084,0.7165775401069518,0.796812749003984,0.796812749003984,0.796812749003984,0.8776824034334764,0.8450413223140496,0.8610526315789474,0.0,0.0,0.0
P2,F3,svm,2,load1,121,40,3080,1040,57,1.49066162109375,145.42776804703934,0.7701923076923077,0.6330268680351027,0.7673513709639893,4,0.8,0.6056492527080762,40,0.6877192982456141,0.7480916030534351,0.716636197440585,0.9020618556701031,0.6679389312977099,0.7675438596491229,0.7895716945996276,0.8742268041237113,0.8297455968688845,0.25,0.1935483870967742,0.21818181818181817
P2,F3,svm,2,load2,121,40,3088,1032,57,1.8253679275512695,162.7292281897493,0.8052325581395349,0.613207801912369,0.7980542661322739,4,0.825,0.6288156288156288,40,0.6313131313131313,0.9541984732824428,0.7598784194528876,0.9126637554585153,0.7977099236641222,0.8513238289205702,0.914004914004914,0.779874213836478,0.8416289592760181,0.0,0.0,0.0
P2,F3,svm,2,load3,121,40,3088,1032,57,1.8465032577514648,158.5841640945553,0.7829457364341085,0.7994841743161345,0.7844981824989243,4,0.8,0.8381960335621663,40,0.6707692307692308,0.8320610687022901,0.7427597955706985,0.7676348547717843,0.7061068702290076,0.73558648111332,0.8703703703703703,0.7882599580712788,0.8272827282728272,0.8529411764705882,0.9354838709677419,0.8923076923076924
P2,F3,rf,0,load0,120,41,3104,1016,57,5.000664234161377,32.302432172880394,0.8218503937007874,0.6162985385048187,0.8137800052803656,4,0.8536585365853658,0.6445121951219512,41,0.7777777777777778,0.7480916030534351,0.7626459143968871,0.8508064516129032,0.8406374501992032,0.845691382765531,0.8310679611650486,0.8842975206611571,0.8568568568568569,0.0,0.0,0.0
P2,F3,rf,0,load1,121,40,3080,1040,57,5.00174617767334,33.61701965332031,0.8153846153846154,0.6614309028642735,0.8161218707592212,4,0.85,0.6510025062656641,40,0.6757679180887372,0.7557251908396947,0.7135135135135136,0.9634703196347032,0.8053435114503816,0.8773388773388774,0.8645418326693227,0.8948453608247423,0.8794326241134752,0.19230769230769232,0.16129032258064516,0.17543859649122806
P2,F3,rf,0,load2,121,40,3088,1032,57,4.646721363067627,33.84180771288022,0.8343023255813954,0.6360413756187625,0.8289625915071204,4,0.85,0.6511278195488722,40,0.6611111111111111,0.9083969465648855,0.7652733118971061,0.9650655021834061,0.8435114503816794,0.90020366598778,0.9178082191780822,0.8427672955974843,0.8786885245901639,0.0,0.0,0.0
P2,F3,rf,0,load3,121,40,3088,1032,57,4.8476784229278564,35.099280897037005,0.814922480620155,0.6489589558311362,0.8068796010967719,4,0.8,0.606359649122807,40,0.6982248520710059,0.9007633587786259,0.7866666666666666,0.8907563025210085,0.8091603053435115,0.848,0.8612334801762115,0.8197064989517819,0.8399570354457573,1.0,0.06451612903225806,0.12121212121212122
P2,F3,rf,1,load0,120,41,3104,1016,57,4.967682123184204,38.99012024947039,0.8139763779527559,0.6094996828479471,0.8059951881186153,4,0.8292682926829268,0.6205147013876153,41,0.7529411764705882,0.732824427480916,0.7427466150870407,0.8559670781893004,0.8286852589641435,0.8421052631578947,0.8259187620889749,0.8822314049586777,0.8531468531468531,0.0,0.0,0.0
P2,F3,rf,1,load1,121,40,3080,1040,57,4.909799337387085,33.14774770003099,0.8163461538461538,0.6529326871070029,0.8181299062614336,4,0.85,0.6510025062656641,40,0.7,0.7480916030534351,0.7232472324723247,0.9555555555555556,0.8206106870229007,0.8829568788501027,0.8628230616302187,0.8948453608247423,0.8785425101214575,0.125,0.12903225806451613,0.12698412698412698
P2,F3,rf,1,load2,121,40,3088,1032,57,4.761057615280151,33.57150757959647,0.8372093023255814,0.6388535345628861,0.8326631077817386,4,0.85,0.6574303405572756,40,0.6639344262295082,0.9274809160305344,0.7738853503184714,0.9568965517241379,0.8473282442748091,0.8987854251012146,0.9344262295081968,0.8364779874213837,0.8827433628318584,0.0,0.0,0.0
P2,F3,rf,1,load3,121,40,3088,1032,57,4.972512245178223,41.52826560560123,0.811046511627907,0.6447007116079961,0.803261713424855,4,0.8,0.606359649122807,40,0.6904761904761905,0.8854961832061069,0.7759197324414716,0.8786610878661087,0.8015267175572519,0.8383233532934131,0.8637362637362638,0.8238993710691824,0.8433476394849786,1.0,0.06451612903225806,0.12121212121212122
P2,F3,rf,2,load0,120,41,3104,1016,57,5.147687196731567,32.161633799395226,0.8159448818897638,0.6125465749877121,0.8080106599874036,4,0.8536585365853658,0.6445121951219512,41,0.766798418972332,0.7404580152671756,0.7533980582524272,0.860655737704918,0.8366533864541833,0.8484848484848485,0.8204633204633205,0.878099173553719,0.8483033932135728,0.0,0.0,0.0
P2,F3,rf,2,load1,121,40,3080,1040,57,4.948300838470459,36.05164014376127,0.8153846153846154,0.6589581739862692,0.8178647507802626,4,0.85,0.6510025062656641,40,0.6816608996539792,0.7519083969465649,0.7150635208711433,0.9594594594594594,0.8129770992366412,0.8801652892561983,0.8712273641851107,0.8927835051546392,0.8818737270875764,0.15625,0.16129032258064516,0.15873015873015872
P2,F3,rf,2,load2,121,40,3088,1032,57,4.637828826904297,34.1613163319669,0.8430232558139535,0.6421156445833689,0.8374580578467564,4,0.85,0.6511278195488722,40,0.6759776536312849,0.9236641221374046,0.7806451612903226,0.9649122807017544,0.8396946564885496,0.8979591836734694,0.9272727272727272,0.8553459119496856,0.8898582333696837,0.0,0.0,0.0
P2,F3,rf,2,load3,121,40,3088,1032,57,4.792795181274414,40.188085201174715,0.811046511627907,0.6458999470053344,0.802911469960178,4,0.85,0.6457616707616708,40,0.6996996996996997,0.8893129770992366,0.7831932773109244,0.8898305084745762,0.8015267175572519,0.8433734939759037,0.8503253796095445,0.8218029350104822,0.835820895522388,1.0,0.06451612903225806,0.12121212121212122
P2,F3,hgb,0,load0,120,41,3104,1016,57,3.6777427196502686,90.82292947243518,0.827755905511811,0.6221837536171971,0.823133705279399,4,0.8292682926829268,0.6225972540045767,41,0.6878980891719745,0.8244274809160306,0.75,0.8838174273858921,0.848605577689243,0.8658536585365854,0.8956521739130435,0.8512396694214877,0.8728813559322034,0.0,0.0,0.0
P2,F3,hgb,0,load1,121,40,3080,1040,57,3.6344456672668457,92.25698617788461,0.825,0.6526741722442703,0.8318980247913598,4,0.875,0.6781376518218623,40,0.7755102040816326,0.7251908396946565,0.7495069033530573,0.9691629955947136,0.8396946564885496,0.8997955010224948,0.8607350096711799,0.9175257731958762,0.8882235528942116,0.058823529411764705,0.0967741935483871,0.07317073170731707
P2,F3,hgb,0,load2,121,40,3088,1032,57,3.562452793121338,93.1810038958409,0.8653100775193798,0.6620708213664546,0.8598583539061264,4,0.925,0.7133838383838385,40,0.7248520710059172,0.9351145038167938,0.8166666666666667,0.9558232931726908,0.9083969465648855,0.9315068493150684,0.9447004608294931,0.859538784067086,0.9001097694840834,0.0,0.0,0.0
P2,F3,hgb,0,load3,121,40,3088,1032,57,3.7298362255096436,98.1861768766891,0.8420542635658915,0.814429496910812,0.8450384555420813,4,0.875,0.8247835497835497,40,0.7210031347962382,0.8778625954198473,0.7917383820998278,0.8692307692307693,0.8625954198473282,0.8659003831417624,0.9414634146341463,0.8092243186582809,0.8703494926719278,0.627906976744186,0.8709677419354839,0.7297297297297297
P2,F3,hgb,1,load0,120,41,3104,1016,57,3.7238800525665283,90.79265782213587,0.827755905511811,0.6221837536171971,0.823133705279399,4,0.8292682926829268,0.6225972540045767,41,0.6878980891719745,0.8244274809160306,0.75,0.8838174273858921,0.848605577689243,0.8658536585365854,0.8956521739130435,0.8512396694214877,0.8728813559322034,0.0,0.0,0.0
P2,F3,hgb,1,load1,121,40,3080,1040,57,3.6216979026794434,91.29093243525578,0.825,0.6526741722442703,0.8318980247913598,4,0.875,0.6781376518218623,40,0.7755102040816326,0.7251908396946565,0.7495069033530573,0.9691629955947136,0.8396946564885496,0.8997955010224948,0.8607350096711799,0.9175257731958762,0.8882235528942116,0.058823529411764705,0.0967741935483871,0.07317073170731707
P2,F3,hgb,1,load2,121,40,3088,1032,57,3.5573503971099854,96.2850659392601,0.8653100775193798,0.6620708213664546,0.8598583539061264,4,0.925,0.7133838383838385,40,0.7248520710059172,0.9351145038167938,0.8166666666666667,0.9558232931726908,0.9083969465648855,0.9315068493150684,0.9447004608294931,0.859538784067086,0.9001097694840834,0.0,0.0,0.0
P2,F3,hgb,1,load3,121,40,3088,1032,57,3.6655495166778564,102.28642197542412,0.8420542635658915,0.814429496910812,0.8450384555420813,4,0.875,0.8247835497835497,40,0.7210031347962382,0.8778625954198473,0.7917383820998278,0.8692307692307693,0.8625954198473282,0.8659003831417624,0.9414634146341463,0.8092243186582809,0.8703494926719278,0.627906976744186,0.8709677419354839,0.7297297297297297
P2,F3,hgb,2,load0,120,41,3104,1016,57,3.60545015335083,100.70486331549216,0.827755905511811,0.6221837536171971,0.823133705279399,4,0.8292682926829268,0.6225972540045767,41,0.6878980891719745,0.8244274809160306,0.75,0.8838174273858921,0.848605577689243,0.8658536585365854,0.8956521739130435,0.8512396694214877,0.8728813559322034,0.0,0.0,0.0
P2,F3,hgb,2,load1,121,40,3080,1040,57,3.677074909210205,91.33265568659856,0.825,0.6526741722442703,0.8318980247913598,4,0.875,0.6781376518218623,40,0.7755102040816326,0.7251908396946565,0.7495069033530573,0.9691629955947136,0.8396946564885496,0.8997955010224948,0.8607350096711799,0.9175257731958762,0.8882235528942116,0.058823529411764705,0.0967741935483871,0.07317073170731707
P2,F3,hgb,2,load2,121,40,3088,1032,57,3.603625535964966,93.21357852728791,0.8653100775193798,0.6620708213664546,0.8598583539061264,4,0.925,0.7133838383838385,40,0.7248520710059172,0.9351145038167938,0.8166666666666667,0.9558232931726908,0.9083969465648855,0.9315068493150684,0.9447004608294931,0.859538784067086,0.9001097694840834,0.0,0.0,0.0
P2,F3,hgb,2,load3,121,40,3088,1032,57,3.665127754211426,94.5040883944016,0.8420542635658915,0.814429496910812,0.8450384555420813,4,0.875,0.8247835497835497,40,0.7210031347962382,0.8778625954198473,0.7917383820998278,0.8692307692307693,0.8625954198473282,0.8659003831417624,0.9414634146341463,0.8092243186582809,0.8703494926719278,0.627906976744186,0.8709677419354839,0.7297297297297297
P2,F6,lr,0,load0,120,41,3104,1016,18,0.07520675659179688,0.35668921282910926,0.6860236220472441,0.6732797156482998,0.6776775039777145,4,0.6585365853658537,0.5041666666666667,41,0.6524216524216524,0.8740458015267175,0.7471451876019576,0.5688311688311688,0.8725099601593626,0.6886792452830188,0.8888888888888888,0.49586776859504134,0.636604774535809,0.9,0.47368421052631576,0.6206896551724138
P2,F6,lr,0,load1,121,40,3080,1040,18,0.07381534576416016,0.36794405717116135,0.5942307692307692,0.6638264012159836,0.582717358351137,4,0.625,0.7131818706031601,40,0.5213270142180095,0.8396946564885496,0.6432748538011696,0.5348101265822784,0.6450381679389313,0.5847750865051903,0.75,0.40824742268041236,0.5287049399198932,0.8157894736842105,1.0,0.8985507246376812
P2,F6,lr,0,load2,121,40,3088,1032,18,0.07846474647521973,0.37403069725332333,0.6463178294573644,0.6478208393745828,0.6440493572842861,4,0.675,0.6764418377321603,40,0.5543175487465181,0.7595419847328244,0.6409017713365539,0.6563573883161512,0.7290076335877863,0.6907775768535263,0.7784810126582279,0.5157232704402516,0.6204287515762925,0.4696969696969697,1.0,0.6391752577319587
P2,F6,lr,0,load3,121,40,3088,1032,18,0.06500530242919922,0.347924786944722,0.6550387596899225,0.7344649131962565,0.6391476239445695,4,0.675,0.7518315018315018,40,0.5853080568720379,0.9427480916030534,0.7222222222222222,0.5777126099706745,0.7519083969465649,0.6533996683250415,0.8445378151260504,0.42138364779874216,0.5622377622377622,1.0,1.0,1.0
P2,F6,lr,1,load0,120,41,3104,1016,18,0.07360053062438965,0.35645454887330064,0.6860236220472441,0.6732797156482998,0.6776775039777145,4,0.6585365853658537,0.5041666666666667,41,0.6524216524216524,0.8740458015267175,0.7471451876019576,0.5688311688311688,0.8725099601593626,0.6886792452830188,0.8888888888888888,0.49586776859504134,0.636604774535809,0.9,0.47368421052631576,0.6206896551724138
P2,F6,lr,1,load1,121,40,3080,1040,18,0.07605838775634766,0.3684025544386643,0.5942307692307692,0.6638264012159836,0.582717358351137,4,0.625,0.7131818706031601,40,0.5213270142180095,0.8396946564885496,0.6432748538011696,0.5348101265822784,0.6450381679389313,0.5847750865051903,0.75,0.40824742268041236,0.5287049399198932,0.8157894736842105,1.0,0.8985507246376812
P2,F6,lr,1,load2,121,40,3088,1032,18,0.06812238693237305,0.35393145657324976,0.6463178294573644,0.6478208393745828,0.6440493572842861,4,0.675,0.6764418377321603,40,0.5543175487465181,0.7595419847328244,0.6409017713365539,0.6563573883161512,0.7290076335877863,0.6907775768535263,0.7784810126582279,0.5157232704402516,0.6204287515762925,0.4696969696969697,1.0,0.6391752577319587
P2,F6,lr,1,load3,121,40,3088,1032,18,0.07087469100952148,0.42277713154637536,0.6550387596899225,0.7344649131962565,0.6391476239445695,4,0.675,0.7518315018315018,40,0.5853080568720379,0.9427480916030534,0.7222222222222222,0.5777126099706745,0.7519083969465649,0.6533996683250415,0.8445378151260504,0.42138364779874216,0.5622377622377622,1.0,1.0,1.0
P2,F6,lr,2,load0,120,41,3104,1016,18,0.07298827171325684,0.37945161654254583,0.6860236220472441,0.6732797156482998,0.6776775039777145,4,0.6585365853658537,0.5041666666666667,41,0.6524216524216524,0.8740458015267175,0.7471451876019576,0.5688311688311688,0.8725099601593626,0.6886792452830188,0.8888888888888888,0.49586776859504134,0.636604774535809,0.9,0.47368421052631576,0.6206896551724138
P2,F6,lr,2,load1,121,40,3080,1040,18,0.07907843589782715,0.3525843987098107,0.5942307692307692,0.6638264012159836,0.582717358351137,4,0.625,0.7131818706031601,40,0.5213270142180095,0.8396946564885496,0.6432748538011696,0.5348101265822784,0.6450381679389313,0.5847750865051903,0.75,0.40824742268041236,0.5287049399198932,0.8157894736842105,1.0,0.8985507246376812
P2,F6,lr,2,load2,121,40,3088,1032,18,0.06506800651550293,0.3624794095061546,0.6463178294573644,0.6478208393745828,0.6440493572842861,4,0.675,0.6764418377321603,40,0.5543175487465181,0.7595419847328244,0.6409017713365539,0.6563573883161512,0.7290076335877863,0.6907775768535263,0.7784810126582279,0.5157232704402516,0.6204287515762925,0.4696969696969697,1.0,0.6391752577319587
P2,F6,lr,2,load3,121,40,3088,1032,18,0.06823015213012695,0.3744927487632101,0.6550387596899225,0.7344649131962565,0.6391476239445695,4,0.675,0.7518315018315018,40,0.5853080568720379,0.9427480916030534,0.7222222222222222,0.5777126099706745,0.7519083969465649,0.6533996683250415,0.8445378151260504,0.42138364779874216,0.5622377622377622,1.0,1.0,1.0
P2,F6,svm,0,load0,120,41,3104,1016,18,1.3145394325256348,145.97459102240134,0.7529527559055118,0.5930289308334774,0.7478660914417948,4,0.7073170731707317,0.5362867808519982,41,0.6796116504854369,0.8015267175572519,0.7355516637478109,0.7256944444444444,0.8326693227091634,0.7755102040816326,0.8273381294964028,0.7128099173553719,0.7658157602663707,0.5,0.05263157894736842,0.09523809523809523
P2,F6,svm,0,load1,121,40,3080,1040,18,1.3535192012786865,153.16536793342004,0.6884615384615385,0.7608562259473246,0.6889960152560025,4,0.725,0.7854449472096532,40,0.5651041666666666,0.8282442748091603,0.6718266253869969,0.7555555555555555,0.648854961832061,0.6981519507186859,0.745,0.6144329896907217,0.6734463276836158,1.0,1.0,1.0
P2,F6,svm,0,load2,121,40,3088,1032,18,1.3167204856872559,144.2041970038599,0.6937984496124031,0.7204440894370863,0.6957894240127214,4,0.675,0.6766347687400318,40,0.5727554179566563,0.7061068702290076,0.6324786324786325,0.8260869565217391,0.7251908396946565,0.7723577235772358,0.7175925925925926,0.649895178197065,0.682068206820682,0.6595744680851063,1.0,0.7948717948717948
P2,F6,svm,0,load3,121,40,3088,1032,18,1.3815653324127197,147.67882435820823,0.751937984496124,0.8099147813394023,0.7476274030938878,4,0.725,0.7916666666666666,40,0.6433915211970075,0.9847328244274809,0.7782805429864253,0.7406015037593985,0.7519083969465649,0.7462121212121212,0.8682634730538922,0.6079664570230608,0.7151664611590629,1.0,1.0,1.0
P2,F6,svm,1,load0,120,41,3104,1016,18,1.281925916671753,145.99688409820317,0.7529527559055118,0.5932577043580392,0.7478248765591249,4,0.7073170731707317,0.5362867808519982,41,0.6752411575562701,0.8015267175572519,0.7329842931937173,0.7275862068965517,0.8406374501992032,0.7800369685767098,0.8305084745762712,0.7086776859504132,0.7647714604236343,0.5,0.05263157894736842,0.09523809523809523
P2,F6,svm,1,load1,121,40,3080,1040,18,1.3905932903289795,146.74548919384296,0.6884615384615385,0.7608562259473246,0.6889960152560025,4,0.725,0.7854449472096532,40,0.5651041666666666,0.8282442748091603,0.6718266253869969,0.7555555555555555,0.648854961832061,0.6981519507186859,0.745,0.6144329896907217,0.6734463276836158,1.0,1.0,1.0
P2,F6,svm,1,load2,121,40,3088,1032,18,1.3317813873291016,144.51816100482793,0.6976744186046512,0.7233602067581857,0.699667510797579,4,0.7,0.6971861471861471,40,0.575,0.7022900763358778,0.6323024054982818,0.8283261802575107,0.7366412213740458,0.7797979797979798,0.7222222222222222,0.6540880503144654,0.6864686468646864,0.6595744680851063,1.0,0.7948717948717948
P2,F6,svm,1,load3,121,40,3088,1032,18,1.3573532104492188,149.39858007800672,0.7548449612403101,0.8121161675544046,0.7506654076087507,4,0.725,0.7916666666666666,40,0.6482412060301508,0.9847328244274809,0.7818181818181819,0.7433962264150943,0.7519083969465649,0.7476280834914611,0.8668639053254438,0.6142557651991615,0.7190184049079754,1.0,1.0,1.0
P2,F6,svm,2,load0,120,41,3104,1016,18,1.342186689376831,147.3903186677948,0.7549212598425197,0.5945865484090077,0.7497960240194265,4,0.7073170731707317,0.5362867808519982,41,0.6796116504854369,0.8015267175572519,0.7355516637478109,0.7275862068965517,0.8406374501992032,0.7800369685767098,0.8313253012048193,0.7128099173553719,0.7675194660734149,0.5,0.05263157894736842,0.09523809523809523
P2,F6,svm,2,load1,121,40,3080,1040,18,1.359609842300415,146.7354022539579,0.6875,0.7602469057798559,0.6879007324927272,4,0.725,0.7854449472096532,40,0.5651041666666666,0.8282442748091603,0.6718266253869969,0.75,0.6526717557251909,0.6979591836734694,0.7455919395465995,0.6103092783505155,0.671201814058957,1.0,1.0,1.0
P2,F6,svm,2,load2,121,40,3088,1032,18,1.297194004058838,150.68701071332592,0.6947674418604651,0.7209356125657754,0.6967348842165143,4,0.675,0.6766347687400318,40,0.575,0.7022900763358778,0.6323024054982818,0.8260869565217391,0.7251908396946565,0.7723577235772358,0.7172413793103448,0.6540880503144654,0.6842105263157895,0.6595744680851063,1.0,0.7948717948717948
P2,F6,svm,2,load3,121,40,3088,1032,18,1.3487865924835205,165.90329103691633,0.7558139534883721,0.8126837382917556,0.7518527809349629,4,0.75,0.8098039215686275,40,0.6522842639593909,0.9809160305343512,0.7835365853658537,0.7424242424242424,0.7480916030534351,0.7452471482889734,0.8629737609329446,0.6205450733752621,0.7219512195121951,1.0,1.0,1.0
P2,F6,rf,0,load0,120,41,3104,1016,18,3.1746785640716553,30.233634738471565,0.7608267716535433,0.6197127909773825,0.7571072666990893,4,0.6829268292682927,0.5113844393592677,41,0.7738095238095238,0.7442748091603053,0.7587548638132295,0.6635514018691588,0.848605577689243,0.7447552447552448,0.8231292517006803,0.75,0.7848648648648648,1.0,0.10526315789473684,0.19047619047619047
P2,F6,rf,0,load1,121,40,3080,1040,18,3.2778313159942627,30.197547032282905,0.885576923076923,0.9091510253653695,0.8869095769603057,4,0.9,0.924812030075188,40,0.7727272727272727,0.8435114503816794,0.8065693430656934,0.9879518072289156,0.9389312977099237,0.9628180039138943,0.8942917547568711,0.8721649484536083,0.8830897703549061,0.96875,1.0,0.9841269841269841
P2,F6,rf,0,load2,121,40,3088,1032,18,3.1961560249328613,29.999849408171897,0.872093023255814,0.89584556257523,0.868137325731959,4,0.9,0.9194444444444444,40,0.8838383838383839,0.6679389312977099,0.7608695652173914,0.927007299270073,0.9694656488549618,0.9477611940298507,0.831758034026465,0.9224318658280922,0.8747514910536779,1.0,1.0,1.0
P2,F6,rf,0,load3,121,40,3088,1032,18,3.20986008644104,30.303648275922438,0.8633720930232558,0.8948524987180485,0.8642427503177594,4,0.925,0.9459627329192546,40,0.7637540453074434,0.9007633587786259,0.8266199649737302,0.90234375,0.8816793893129771,0.8918918918918919,0.9013761467889908,0.8238993710691824,0.8608981380065718,1.0,1.0,1.0
P2,F6,rf,1,load0,120,41,3104,1016,18,3.2496302127838135,31.110104613416777,0.7539370078740157,0.6144348923553031,0.7505711470490665,4,0.6829268292682927,0.5113844393592677,41,0.7729083665338645,0.7404580152671756,0.7563352826510721,0.6501547987616099,0.8366533864541833,0.7317073170731707,0.8181818181818182,0.743801652892562,0.7792207792207793,1.0,0.10526315789473684,0.19047619047619047
P2,F6,rf,1,load1,121,40,3080,1040,18,3.212189197540283,30.588645201462967,0.8807692307692307,0.905476962023643,0.8820607692148384,4,0.925,0.944015444015444,40,0.7649122807017544,0.8320610687022901,0.7970749542961609,0.9840637450199203,0.9427480916030534,0.9629629629629629,0.8898305084745762,0.865979381443299,0.877742946708464,0.96875,1.0,0.9841269841269841
P2,F6,rf,1,load2,121,40,3088,1032,18,3.209325075149536,29.941630917926165,0.8711240310077519,0.8949408983684094,0.8665498879990253,4,0.9,0.9194444444444444,40,0.9047619047619048,0.6526717557251909,0.7583148558758315,0.924187725631769,0.9770992366412213,0.9499072356215214,0.8242990654205608,0.9245283018867925,0.8715415019762845,1.0,1.0,1.0
P2,F6,rf,1,load3,121,40,3088,1032,18,3.14556884765625,30.644642290218854,0.8701550387596899,0.9003512698227857,0.8711193275434341,4,0.925,0.9459627329192546,40,0.7694805194805194,0.9045801526717557,0.8315789473684211,0.9206349206349206,0.8854961832061069,0.9027237354085603,0.9024943310657596,0.8343815513626834,0.8671023965141612,1.0,1.0,1.0
P2,F6,rf,2,load0,120,41,3104,1016,18,3.2389657497406006,31.38043749050831,0.7598425196850394,0.6186498030955274,0.7560436542559891,4,0.6829268292682927,0.5113844393592677,41,0.7677165354330708,0.7442748091603053,0.7558139534883721,0.6687898089171974,0.8366533864541833,0.7433628318584071,0.8183856502242153,0.7541322314049587,0.7849462365591398,1.0,0.10526315789473684,0.19047619047619047
P2,F6,rf,2,load1,121,40,3080,1040,18,3.25727915763855,31.438469886779785,0.885576923076923,0.9091972092863259,0.8866528409270974,4,0.925,0.944015444015444,40,0.7703180212014135,0.8320610687022901,0.8,0.984313725490196,0.9580152671755725,0.9709864603481625,0.8957446808510638,0.8680412371134021,0.881675392670157,0.96875,1.0,0.9841269841269841
P2,F6,rf,2,load2,121,40,3088,1032,18,3.341883420944214,36.56744956970215,0.8672480620155039,0.8920849987422087,0.8631301519157683,4,0.9,0.9194444444444444,40,0.8917525773195877,0.6603053435114504,0.7587719298245614,0.9166666666666666,0.9656488549618321,0.9405204460966543,0.8248587570621468,0.9182389937106918,0.8690476190476191,1.0,1.0,1.0
P2,F6,rf,2,load3,121,40,3088,1032,18,3.2132272720336914,30.64695254776829,0.8536821705426356,0.8879521991649688,0.8539314862399039,4,0.875,0.9066770186335403,40,0.7637540453074434,0.9007633587786259,0.8266199649737302,0.8639705882352942,0.8969465648854962,0.8801498127340824,0.9023809523809524,0.7945492662473794,0.8450390189520625,1.0,1.0,1.0
P2,F6,hgb,0,load0,120,41,3104,1016,18,1.8525609970092773,121.57282491368572,0.8238188976377953,0.643743124766807,0.8174849983424826,4,0.8292682926829268,0.626154104414974,41,0.7555555555555555,0.7786259541984732,0.7669172932330827,0.8056537102473498,0.9083665338645418,0.8539325842696629,0.8744588744588745,0.8347107438016529,0.854122621564482,1.0,0.05263157894736842,0.1
P2,F6,hgb,0,load1,121,40,3080,1040,18,1.9506053924560547,120.46946929051326,0.8980769230769231,0.9141592232357681,0.898596500224836,4,0.9,0.9236842105263158,40,0.7941176470588235,0.8244274809160306,0.8089887640449438,0.9883720930232558,0.9732824427480916,0.9807692307692307,0.9056603773584906,0.8907216494845361,0.8981288981288982,0.9393939393939394,1.0,0.96875
P2,F6,hgb,0,load2,121,40,3088,1032,18,1.859191656112671,115.50063310667525,0.8672480620155039,0.8935262757081838,0.8644143376036756,4,0.925,0.9412955465587045,40,0.8910891089108911,0.6870229007633588,0.7758620689655172,0.9213483146067416,0.9389312977099237,0.9300567107750473,0.8233082706766918,0.9182389937106918,0.8681863230921705,1.0,1.0,1.0
P2,F6,hgb,0,load3,121,40,3088,1032,18,1.9717583656311035,126.95835542309192,0.8488372093023255,0.8806587500975436,0.8505218602300371,4,0.95,0.9633838383838385,40,0.728125,0.8893129770992366,0.8006872852233677,0.9173913043478261,0.8053435114503816,0.8577235772357723,0.8891352549889135,0.8406708595387841,0.8642241379310345,1.0,1.0,1.0
P2,F6,hgb,1,load0,120,41,3104,1016,18,1.8664577007293701,117.48873342679242,0.8238188976377953,0.643743124766807,0.8174849983424826,4,0.8292682926829268,0.626154104414974,41,0.7555555555555555,0.7786259541984732,0.7669172932330827,0.8056537102473498,0.9083665338645418,0.8539325842696629,0.8744588744588745,0.8347107438016529,0.854122621564482,1.0,0.05263157894736842,0.1
P2,F6,hgb,1,load1,121,40,3080,1040,18,1.90913724899292,121.19137323819675,0.8980769230769231,0.9141592232357681,0.898596500224836,4,0.9,0.9236842105263158,40,0.7941176470588235,0.8244274809160306,0.8089887640449438,0.9883720930232558,0.9732824427480916,0.9807692307692307,0.9056603773584906,0.8907216494845361,0.8981288981288982,0.9393939393939394,1.0,0.96875
P2,F6,hgb,1,load2,121,40,3088,1032,18,1.9562547206878662,114.522470060245,0.8672480620155039,0.8935262757081838,0.8644143376036756,4,0.925,0.9412955465587045,40,0.8910891089108911,0.6870229007633588,0.7758620689655172,0.9213483146067416,0.9389312977099237,0.9300567107750473,0.8233082706766918,0.9182389937106918,0.8681863230921705,1.0,1.0,1.0
P2,F6,hgb,1,load3,121,40,3088,1032,18,1.909400224685669,126.89597846925722,0.8488372093023255,0.8806587500975436,0.8505218602300371,4,0.95,0.9633838383838385,40,0.728125,0.8893129770992366,0.8006872852233677,0.9173913043478261,0.8053435114503816,0.8577235772357723,0.8891352549889135,0.8406708595387841,0.8642241379310345,1.0,1.0,1.0
P2,F6,hgb,2,load0,120,41,3104,1016,18,1.9455287456512451,121.66903713556725,0.8238188976377953,0.643743124766807,0.8174849983424826,4,0.8292682926829268,0.626154104414974,41,0.7555555555555555,0.7786259541984732,0.7669172932330827,0.8056537102473498,0.9083665338645418,0.8539325842696629,0.8744588744588745,0.8347107438016529,0.854122621564482,1.0,0.05263157894736842,0.1
P2,F6,hgb,2,load1,121,40,3080,1040,18,1.945185899734497,124.96893222515399,0.8980769230769231,0.9141592232357681,0.898596500224836,4,0.9,0.9236842105263158,40,0.7941176470588235,0.8244274809160306,0.8089887640449438,0.9883720930232558,0.9732824427480916,0.9807692307692307,0.9056603773584906,0.8907216494845361,0.8981288981288982,0.9393939393939394,1.0,0.96875
P2,F6,hgb,2,load2,121,40,3088,1032,18,1.8660755157470703,116.58991954123327,0.8672480620155039,0.8935262757081838,0.8644143376036756,4,0.925,0.9412955465587045,40,0.8910891089108911,0.6870229007633588,0.7758620689655172,0.9213483146067416,0.9389312977099237,0.9300567107750473,0.8233082706766918,0.9182389937106918,0.8681863230921705,1.0,1.0,1.0
P2,F6,hgb,2,load3,121,40,3088,1032,18,2.004430055618286,125.75956278069076,0.8488372093023255,0.8806587500975436,0.8505218602300371,4,0.95,0.9633838383838385,40,0.728125,0.8893129770992366,0.8006872852233677,0.9173913043478261,0.8053435114503816,0.8577235772357723,0.8891352549889135,0.8406708595387841,0.8642241379310345,1.0,1.0,1.0
P2,F7,lr,0,load0,120,41,3104,1016,16,0.048922061920166016,0.3482413104199988,0.6791338582677166,0.7532116858055631,0.6811655180908915,4,0.6829268292682927,0.7455436720142603,41,0.5347721822541966,0.851145038167939,0.6568483063328424,0.7298578199052133,0.6135458167330677,0.6666666666666666,0.7967479674796748,0.6074380165289256,0.6893317702227433,1.0,1.0,1.0
P2,F7,lr,0,load1,121,40,3080,1040,16,0.04122495651245117,0.36565157083364636,0.6634615384615384,0.7303640792450048,0.6693772760212626,4,0.7,0.7698748619801252,40,0.49570200573065903,0.6603053435114504,0.5662847790507365,0.6504065040650406,0.6106870229007634,0.6299212598425197,0.7874396135265701,0.6721649484536083,0.7252502780867631,1.0,1.0,1.0
P2,F7,lr,0,load2,121,40,3088,1032,16,0.207810640335083,0.35046607024909915,0.7441860465116279,0.8048009454732691,0.7529426443749738,4,0.75,0.8163461538461538,40,0.5236842105263158,0.7595419847328244,0.6199376947040498,0.8554216867469879,0.8129770992366412,0.8336594911937377,0.8736559139784946,0.6813417190775681,0.7656065959952886,1.0,1.0,1.0
P2,F7,lr,0,load3,121,40,3088,1032,16,0.1413249969482422,0.6394792896832606,0.7858527131782945,0.8221948659775654,0.7898139492953048,4,0.825,0.8649552202183781,40,0.6560693641618497,0.8664122137404581,0.7467105263157895,0.7152777777777778,0.7862595419847328,0.7490909090909091,0.9506849315068493,0.7274633123689728,0.8242280285035629,0.9393939393939394,1.0,0.96875
P2,F7,lr,1,load0,120,41,3104,1016,16,0.05355048179626465,0.354342573271023,0.6791338582677166,0.7532116858055631,0.6811655180908915,4,0.6829268292682927,0.7455436720142603,41,0.5347721822541966,0.851145038167939,0.6568483063328424,0.7298578199052133,0.6135458167330677,0.6666666666666666,0.7967479674796748,0.6074380165289256,0.6893317702227433,1.0,1.0,1.0
P2,F7,lr,1,load1,121,40,3080,1040,16,0.04323887825012207,0.36565157083364636,0.6634615384615384,0.7303640792450048,0.6693772760212626,4,0.7,0.7698748619801252,40,0.49570200573065903,0.6603053435114504,0.5662847790507365,0.6504065040650406,0.6106870229007634,0.6299212598425197,0.7874396135265701,0.6721649484536083,0.7252502780867631,1.0,1.0,1.0
P2,F7,lr,1,load2,121,40,3088,1032,16,0.2034318447113037,0.45442765997361767,0.7441860465116279,0.8048009454732691,0.7529426443749738,4,0.75,0.8163461538461538,40,0.5236842105263158,0.7595419847328244,0.6199376947040498,0.8554216867469879,0.8129770992366412,0.8336594911937377,0.8736559139784946,0.6813417190775681,0.7656065959952886,1.0,1.0,1.0
P2,F7,lr,1,load3,121,40,3088,1032,16,0.11751890182495117,0.40706738021022587,0.7858527131782945,0.8221948659775654,0.7898139492953048,4,0.825,0.8649552202183781,40,0.6560693641618497,0.8664122137404581,0.7467105263157895,0.7152777777777778,0.7862595419847328,0.7490909090909091,0.9506849315068493,0.7274633123689728,0.8242280285035629,0.9393939393939394,1.0,0.96875
P2,F7,lr,2,load0,120,41,3104,1016,16,0.04914236068725586,0.3503532860222764,0.6791338582677166,0.7532116858055631,0.6811655180908915,4,0.6829268292682927,0.7455436720142603,41,0.5347721822541966,0.851145038167939,0.6568483063328424,0.7298578199052133,0.6135458167330677,0.6666666666666666,0.7967479674796748,0.6074380165289256,0.6893317702227433,1.0,1.0,1.0
P2,F7,lr,2,load1,121,40,3080,1040,16,0.04992556571960449,0.3748215161837064,0.6634615384615384,0.7303640792450048,0.6693772760212626,4,0.7,0.7698748619801252,40,0.49570200573065903,0.6603053435114504,0.5662847790507365,0.6504065040650406,0.6106870229007634,0.6299212598425197,0.7874396135265701,0.6721649484536083,0.7252502780867631,1.0,1.0,1.0
P2,F7,lr,2,load2,121,40,3088,1032,16,0.1916942596435547,0.3675619761149089,0.7441860465116279,0.8048009454732691,0.7529426443749738,4,0.75,0.8163461538461538,40,0.5236842105263158,0.7595419847328244,0.6199376947040498,0.8554216867469879,0.8129770992366412,0.8336594911937377,0.8736559139784946,0.6813417190775681,0.7656065959952886,1.0,1.0,1.0
P2,F7,lr,2,load3,121,40,3088,1032,16,0.11128354072570801,0.3511591475139293,0.7858527131782945,0.8221948659775654,0.7898139492953048,4,0.825,0.8649552202183781,40,0.6560693641618497,0.8664122137404581,0.7467105263157895,0.7152777777777778,0.7862595419847328,0.7490909090909091,0.9506849315068493,0.7274633123689728,0.8242280285035629,0.9393939393939394,1.0,0.96875
P2,F7,svm,0,load0,120,41,3104,1016,16,0.801091194152832,98.34367459214579,0.6968503937007874,0.5265392511941089,0.6903549947673256,4,0.7073170731707317,0.5363053613053613,41,0.6801470588235294,0.7061068702290076,0.6928838951310862,0.6714801444043321,0.7410358565737052,0.7045454545454546,0.721627408993576,0.6962809917355371,0.7087276550998949,0.0,0.0,0.0
P2,F7,svm,0,load1,121,40,3080,1040,16,0.8324682712554932,98.51455688476562,0.8076923076923077,0.8454690547085744,0.8062708694320626,4,0.9,0.9222222222222222,40,0.8281938325991189,0.7175572519083969,0.7689161554192229,0.8471615720524017,0.7404580152671756,0.790224032586558,0.7721518987341772,0.8804123711340206,0.8227360308285164,1.0,1.0,1.0
P2,F7,svm,0,load2,121,40,3088,1032,16,1.0212373733520508,118.19300725478534,0.8246124031007752,0.8647521545798591,0.8280887715695563,4,0.875,0.9121212121212121,40,0.654434250764526,0.816793893129771,0.7266553480475382,0.9034749034749034,0.8931297709923665,0.8982725527831094,0.8963855421686747,0.779874213836478,0.8340807174887892,1.0,1.0,1.0
P2,F7,svm,0,load3,121,40,3088,1032,16,0.9891147613525391,116.71652165494224,0.7558139534883721,0.8012190805144095,0.7574436459918628,4,0.775,0.8140616693248273,40,0.6206896551724138,0.6870229007633588,0.6521739130434783,0.7723577235772358,0.7251908396946565,0.7480314960629921,0.8150537634408602,0.7945492662473794,0.8046709129511678,1.0,1.0,1.0
P2,F7,svm,1,load0,120,41,3104,1016,16,0.8212049007415771,97.69318610664428,0.6958661417322834,0.5257400418806445,0.6893679456677938,4,0.7073170731707317,0.5363053613053613,41,0.6789667896678967,0.7022900763358778,0.6904315196998124,0.6714801444043321,0.7410358565737052,0.7045454545454546,0.7200854700854701,0.6962809917355371,0.707983193277311,0.0,0.0,0.0
P2,F7,svm,1,load1,121,40,3080,1040,16,0.8102521896362305,95.54624557495117,0.8076923076923077,0.8454799260744761,0.8062818244238558,4,0.9,0.9222222222222222,40,0.8245614035087719,0.7175572519083969,0.7673469387755102,0.8508771929824561,0.7404580152671756,0.7918367346938775,0.7721518987341772,0.8804123711340206,0.8227360308285164,1.0,1.0,1.0
P2,F7,svm,1,load2,121,40,3088,1032,16,0.9942820072174072,121.79631595463717,0.8246124031007752,0.8644155206916878,0.8280189228632318,4,0.875,0.9121212121212121,40,0.6553846153846153,0.8129770992366412,0.7257240204429302,0.9,0.8931297709923665,0.896551724137931,0.8966346153846154,0.7819706498951782,0.8353863381858903,1.0,1.0,1.0
P2,F7,svm,1,load3,121,40,3088,1032,16,1.037900447845459,115.81667633943779,0.7558139534883721,0.8012815009936518,0.7575988900919509,4,0.775,0.8140616693248273,40,0.6185567010309279,0.6870229007633588,0.650994575045208,0.7701612903225806,0.7290076335877863,0.7490196078431373,0.8181818181818182,0.7924528301886793,0.805111821086262,1.0,1.0,1.0
P2,F7,svm,2,load0,120,41,3104,1016,16,0.8127725124359131,96.86435301472822,0.6958661417322834,0.5257400418806445,0.6893679456677938,4,0.7073170731707317,0.5363053613053613,41,0.6789667896678967,0.7022900763358778,0.6904315196998124,0.6714801444043321,0.7410358565737052,0.7045454545454546,0.7200854700854701,0.6962809917355371,0.707983193277311,0.0,0.0,0.0
P2,F7,svm,2,load1,121,40,3080,1040,16,0.8253250122070312,96.79083640758807,0.8067307692307693,0.8444715495128009,0.8052656911193985,4,0.9,0.9222222222222222,40,0.8209606986899564,0.7175572519083969,0.7657841140529531,0.8502202643171806,0.7366412213740458,0.7893660531697342,0.7721518987341772,0.8804123711340206,0.8227360308285164,1.0,1.0,1.0
P2,F7,svm,2,load2,121,40,3088,1032,16,1.0228831768035889,120.64858000407848,0.8236434108527132,0.8636605535077864,0.8269802464498545,4,0.875,0.9121212121212121,40,0.6553846153846153,0.8129770992366412,0.7257240204429302,0.896551724137931,0.8931297709923665,0.8948374760994264,0.8963855421686747,0.779874213836478,0.8340807174887892,1.0,1.0,1.0
P2,F7,svm,2,load3,121,40,3088,1032,16,1.0093443393707275,118.82532474606536,0.7587209302325582,0.8029910481356873,0.7600336475448703,4,0.775,0.8140616693248273,40,0.6280701754385964,0.683206106870229,0.6544789762340036,0.7701612903225806,0.7290076335877863,0.7490196078431373,0.8162393162393162,0.80083857442348,0.8084656084656084,1.0,1.0,1.0
P2,F7,rf,0,load0,120,41,3104,1016,16,2.6760501861572266,28.595680326927365,0.8877952755905512,0.9117555835938278,0.8872024465353591,4,0.9512195121951219,0.9624373433583959,41,0.8617886178861789,0.8091603053435115,0.8346456692913385,0.8969465648854962,0.9362549800796812,0.9161793372319688,0.8916155419222904,0.9008264462809917,0.8961973278520041,1.0,1.0,1.0
P2,F7,rf,0,load1,121,40,3080,1040,16,2.8052685260772705,28.339028358459473,0.8769230769230769,0.902390873120647,0.8772931902874653,4,0.925,0.9426113360323887,40,0.8171641791044776,0.8358778625954199,0.8264150943396227,0.9774774774774775,0.8282442748091603,0.8966942148760331,0.8574181117533719,0.9175257731958762,0.8864541832669323,1.0,1.0,1.0
P2,F7,rf,0,load2,121,40,3088,1032,16,2.8289194107055664,29.163305149521936,0.9079457364341085,0.925473747305813,0.9077772630016455,4,0.925,0.9426113360323887,40,0.8697318007662835,0.8664122137404581,0.8680688336520076,0.9954954954954955,0.8435114503816794,0.9132231404958677,0.8841698841698842,0.960167714884696,0.9206030150753769,1.0,1.0,1.0
P2,F7,rf,0,load3,121,40,3088,1032,16,2.8157169818878174,28.67584080659142,0.9234496124031008,0.9336135826045336,0.9236571101137269,4,0.95,0.9633838383838385,40,0.8571428571428571,0.916030534351145,0.8856088560885609,0.947565543071161,0.9656488549618321,0.9565217391304348,0.9491150442477876,0.89937106918239,0.9235737351991389,0.9393939393939394,1.0,0.96875
P2,F7,rf,1,load0,120,41,3104,1016,16,2.695858955383301,28.679220695195237,0.8828740157480315,0.9078594154545137,0.882081643432308,4,0.926829268292683,0.9435494223363285,41,0.8559670781893004,0.7938931297709924,0.8237623762376237,0.8939393939393939,0.9402390438247012,0.916504854368932,0.8857142857142857,0.8966942148760331,0.891170431211499,1.0,1.0,1.0
P2,F7,rf,1,load1,121,40,3080,1040,16,2.8277106285095215,28.151273727416992,0.8778846153846154,0.9034554631200061,0.878317372946862,4,0.925,0.9426113360323887,40,0.8178438661710037,0.8396946564885496,0.8286252354048964,0.9775784753363229,0.8320610687022901,0.8989690721649485,0.8588007736943907,0.9154639175257732,0.8862275449101796,1.0,1.0,1.0
P2,F7,rf,1,load2,121,40,3088,1032,16,2.804410457611084,28.106131294901058,0.9060077519379846,0.9241533458276424,0.9058254876109668,4,0.925,0.9426113360323887,40,0.8702290076335878,0.8702290076335878,0.8702290076335878,0.9954545454545455,0.8358778625954199,0.9087136929460581,0.8805394990366089,0.9580712788259959,0.9176706827309237,1.0,1.0,1.0
P2,F7,rf,1,load3,121,40,3088,1032,16,2.834676504135132,29.45716990980991,0.9156976744186046,0.926642895244869,0.9158338219153321,4,0.95,0.9633838383838385,40,0.8703703703703703,0.8969465648854962,0.8834586466165414,0.9453125,0.9236641221374046,0.9343629343629344,0.9238900634249472,0.9161425576519916,0.92,0.9393939393939394,1.0,0.96875
P2,F7,rf,2,load0,120,41,3104,1016,16,2.692103385925293,28.264569485281395,0.8818897637795275,0.906769108016235,0.8810477701888316,4,0.926829268292683,0.9435494223363285,41,0.8589211618257261,0.7900763358778626,0.8230616302186878,0.8901515151515151,0.9362549800796812,0.912621359223301,0.8841463414634146,0.8987603305785123,0.8913934426229508,1.0,1.0,1.0
P2,F7,rf,2,load1,121,40,3080,1040,16,2.7800145149230957,28.201937675476074,0.8778846153846154,0.9031813815585877,0.8783731113165304,4,0.925,0.9426113360323887,40,0.8109090909090909,0.851145038167939,0.8305400372439479,0.9773755656108597,0.8244274809160306,0.8944099378881988,0.8635477582846004,0.9134020618556701,0.8877755511022044,1.0,1.0,1.0
P2,F7,rf,2,load2,121,40,3088,1032,16,2.853775978088379,28.68323363074961,0.9040697674418605,0.9216848716492129,0.9035229322900152,4,0.925,0.9426113360323887,40,0.88,0.8396946564885496,0.859375,0.9954545454545455,0.8358778625954199,0.9087136929460581,0.871939736346516,0.9706498951781971,0.9186507936507936,1.0,1.0,1.0
P2,F7,rf,2,load3,121,40,3088,1032,16,2.8525705337524414,29.268421868021175,0.9273255813953488,0.9360909890787095,0.9273101182542233,4,0.95,0.9633838383838385,40,0.8676470588235294,0.9007633587786259,0.8838951310861424,0.9416058394160584,0.9847328244274809,0.9626865671641791,0.9536423841059603,0.9056603773584906,0.9290322580645162,0.9393939393939394,1.0,0.96875
P2,F7,hgb,0,load0,120,41,3104,1016,16,1.1613435745239258,81.38568382563554,0.9084645669291339,0.9263420637851347,0.9086181230019057,4,0.9512195121951219,0.9577045761256288,41,0.8846153846153846,0.8778625954198473,0.8812260536398467,0.8726591760299626,0.9282868525896414,0.8996138996138996,0.9382978723404255,0.9111570247933884,0.9245283018867925,1.0,1.0,1.0
P2,F7,hgb,0,load1,121,40,3080,1040,16,1.1940712928771973,79.24139499664307,0.8701923076923077,0.850715264291078,0.8708750305221332,4,0.9,0.9172771672771673,40,0.7807308970099668,0.8969465648854962,0.8348134991119005,0.9861111111111112,0.8129770992366412,0.891213389121339,0.8702594810379242,0.8989690721649485,0.8843813387423936,0.9545454545454546,0.6774193548387096,0.7924528301886793
P2,F7,hgb,0,load2,121,40,3088,1032,16,1.226402759552002,81.11753204996272,0.9408914728682171,0.9495552812951158,0.9408098293614836,4,0.95,0.9617794486215538,40,0.9348659003831418,0.9312977099236641,0.9330783938814532,0.9957081545064378,0.8854961832061069,0.9373737373737374,0.9153543307086615,0.9748427672955975,0.9441624365482234,1.0,0.967741935483871,0.9836065573770492
P2,F7,hgb,0,load3,121,40,3088,1032,16,1.1809062957763672,81.00502250730528,0.9292635658914729,0.9363144660474143,0.9307605263492686,4,0.925,0.9403445207220951,40,0.8129032258064516,0.9618320610687023,0.8811188811188811,0.979757085020243,0.9236641221374046,0.9508840864440079,0.9819004524886877,0.909853249475891,0.9445048966267682,0.9393939393939394,1.0,0.96875
P2,F7,hgb,1,load0,120,41,3104,1016,16,1.160834789276123,77.94245960205559,0.9084645669291339,0.9263420637851347,0.9086181230019057,4,0.9512195121951219,0.9577045761256288,41,0.8846153846153846,0.8778625954198473,0.8812260536398467,0.8726591760299626,0.9282868525896414,0.8996138996138996,0.9382978723404255,0.9111570247933884,0.9245283018867925,1.0,1.0,1.0
P2,F7,hgb,1,load1,121,40,3080,1040,16,1.1782865524291992,81.96624425741342,0.8701923076923077,0.850715264291078,0.8708750305221332,4,0.9,0.9172771672771673,40,0.7807308970099668,0.8969465648854962,0.8348134991119005,0.9861111111111112,0.8129770992366412,0.891213389121339,0.8702594810379242,0.8989690721649485,0.8843813387423936,0.9545454545454546,0.6774193548387096,0.7924528301886793
P2,F7,hgb,1,load2,121,40,3088,1032,16,1.2347149848937988,82.6120376586914,0.9408914728682171,0.9495552812951158,0.9408098293614836,4,0.95,0.9617794486215538,40,0.9348659003831418,0.9312977099236641,0.9330783938814532,0.9957081545064378,0.8854961832061069,0.9373737373737374,0.9153543307086615,0.9748427672955975,0.9441624365482234,1.0,0.967741935483871,0.9836065573770492
P2,F7,hgb,1,load3,121,40,3088,1032,16,1.1785738468170166,82.43876834248387,0.9292635658914729,0.9363144660474143,0.9307605263492686,4,0.925,0.9403445207220951,40,0.8129032258064516,0.9618320610687023,0.8811188811188811,0.979757085020243,0.9236641221374046,0.9508840864440079,0.9819004524886877,0.909853249475891,0.9445048966267682,0.9393939393939394,1.0,0.96875
P2,F7,hgb,2,load0,120,41,3104,1016,16,1.1521074771881104,78.10578571529838,0.9084645669291339,0.9263420637851347,0.9086181230019057,4,0.9512195121951219,0.9577045761256288,41,0.8846153846153846,0.8778625954198473,0.8812260536398467,0.8726591760299626,0.9282868525896414,0.8996138996138996,0.9382978723404255,0.9111570247933884,0.9245283018867925,1.0,1.0,1.0
P2,F7,hgb,2,load1,121,40,3080,1040,16,1.1879346370697021,79.77898304279034,0.8701923076923077,0.850715264291078,0.8708750305221332,4,0.9,0.9172771672771673,40,0.7807308970099668,0.8969465648854962,0.8348134991119005,0.9861111111111112,0.8129770992366412,0.891213389121339,0.8702594810379242,0.8989690721649485,0.8843813387423936,0.9545454545454546,0.6774193548387096,0.7924528301886793
P2,F7,hgb,2,load2,121,40,3088,1032,16,1.2462446689605713,80.2493372628855,0.9408914728682171,0.9495552812951158,0.9408098293614836,4,0.95,0.9617794486215538,40,0.9348659003831418,0.9312977099236641,0.9330783938814532,0.9957081545064378,0.8854961832061069,0.9373737373737374,0.9153543307086615,0.9748427672955975,0.9441624365482234,1.0,0.967741935483871,0.9836065573770492
P2,F7,hgb,2,load3,121,40,3088,1032,16,1.1811025142669678,80.74119109515995,0.9292635658914729,0.9363144660474143,0.9307605263492686,4,0.925,0.9403445207220951,40,0.8129032258064516,0.9618320610687023,0.8811188811188811,0.979757085020243,0.9236641221374046,0.9508840864440079,0.9819004524886877,0.909853249475891,0.9445048966267682,0.9393939393939394,1.0,0.96875
P3,F1,lr,0,12k_to_48k,105,52,3263,745,91,1.6072120666503906,0.7696599768312186,0.5704697986577181,0.5740008849526931,0.5713477580807904,3,0.5384615384615384,0.5332333833083459,52,0.4151624548736462,0.6388888888888888,0.5032822757111597,0.5627705627705628,0.7692307692307693,0.65,0.759493670886076,0.45454545454545453,0.5687203791469194,,,
P3,F1,lr,0,48k_to_12k,52,105,745,3263,91,0.045917510986328125,0.3917868284224879,0.5418326693227091,0.5438752903462262,0.5331250813408871,3,0.5428571428571428,0.5445662879009059,105,0.4904610492845787,0.7108294930875576,0.5804327375352775,0.4864406779661017,0.6612903225806451,0.560546875,0.6993939393939393,0.37786509495743287,0.4906462585034014,,,
P3,F1,lr,1,12k_to_48k,105,52,3263,745,91,1.7441644668579102,0.6285289790006292,0.5704697986577181,0.5740008849526931,0.5713477580807904,3,0.5384615384615384,0.5332333833083459,52,0.4151624548736462,0.6388888888888888,0.5032822757111597,0.5627705627705628,0.7692307692307693,0.65,0.759493670886076,0.45454545454545453,0.5687203791469194,,,
P3,F1,lr,1,48k_to_12k,52,105,745,3263,91,0.0445554256439209,0.38886413667744885,0.5418326693227091,0.5438752903462262,0.5331250813408871,3,0.5428571428571428,0.5445662879009059,105,0.4904610492845787,0.7108294930875576,0.5804327375352775,0.4864406779661017,0.6612903225806451,0.560546875,0.6993939393939393,0.37786509495743287,0.4906462585034014,,,
P3,F1,lr,2,12k_to_48k,105,52,3263,745,91,1.580329418182373,0.6246886797399329,0.5704697986577181,0.5740008849526931,0.5713477580807904,3,0.5384615384615384,0.5332333833083459,52,0.4151624548736462,0.6388888888888888,0.5032822757111597,0.5627705627705628,0.7692307692307693,0.65,0.759493670886076,0.45454545454545453,0.5687203791469194,,,
P3,F1,lr,2,48k_to_12k,52,105,745,3263,91,0.052022695541381836,0.580665782445638,0.5418326693227091,0.5438752903462262,0.5331250813408871,3,0.5428571428571428,0.5445662879009059,105,0.4904610492845787,0.7108294930875576,0.5804327375352775,0.4864406779661017,0.6612903225806451,0.560546875,0.6993939393939393,0.37786509495743287,0.4906462585034014,,,
P3,F1,svm,0,12k_to_48k,105,52,3263,745,91,1.4563415050506592,143.07802955576238,0.6791946308724832,0.6625164053586149,0.6821687773577908,3,0.6730769230769231,0.6602298850574713,52,0.6235294117647059,0.5888888888888889,0.6057142857142858,0.5537190082644629,0.7928994082840237,0.6520681265206812,0.7987987987987988,0.6717171717171717,0.7297668038408779,,,
P3,F1,svm,0,48k_to_12k,52,105,745,3263,91,0.0669562816619873,29.328042584769097,0.545816733067729,0.5472324472882545,0.5480545279376152,3,0.5238095238095238,0.5251184458320943,105,0.42333088774761557,0.6647465437788018,0.5172568354997759,0.5427394438722966,0.6071428571428571,0.5731375747688962,0.728740581270183,0.44335297969875576,0.5513029315960912,,,
P3,F1,svm,1,12k_to_48k,105,52,3263,745,91,1.5454704761505127,146.00721781685849,0.6805369127516778,0.663674944189758,0.6835130200305995,3,0.6730769230769231,0.6602298850574713,52,0.6272189349112426,0.5888888888888889,0.6074498567335244,0.5537190082644629,0.7928994082840237,0.6520681265206812,0.7994011976047904,0.6742424242424242,0.7315068493150685,,,
P3,F1,svm,1,48k_to_12k,52,105,745,3263,91,0.06690835952758789,30.308094194174323,0.5455102666258045,0.5471094760687474,0.5480528622489936,3,0.5428571428571428,0.5435571687840292,105,0.418966737438075,0.6820276497695853,0.5190705830775976,0.550321199143469,0.5921658986175116,0.5704772475027747,0.7358078602620087,0.44138834315651604,0.5517805976258698,,,
P3,F1,svm,2,12k_to_48k,105,52,3263,745,91,1.4212157726287842,143.01338451820732,0.6791946308724832,0.6625164053586149,0.6821687773577908,3,0.6730769230769231,0.6602298850574713,52,0.6235294117647059,0.5888888888888889,0.6057142857142858,0.5537190082644629,0.7928994082840237,0.6520681265206812,0.7987987987987988,0.6717171717171717,0.7297668038408779,,,
P3,F1,svm,2,48k_to_12k,52,105,745,3263,91,0.06528067588806152,30.553673368051232,0.548268464603126,0.5498629175072637,0.5511776117048226,3,0.5428571428571428,0.5435571687840292,105,0.41937765205091937,0.6831797235023042,0.5197195442594216,0.5549568965517241,0.5933179723502304,0.5734966592427617,0.739413680781759,0.44597249508840864,0.5563725490196079,,,
P3,F1,rf,0,12k_to_48k,105,52,3263,745,91,5.3427557945251465,32.03673650754378,0.8080536912751678,0.8044143480750474,0.8126198426566348,3,0.8076923076923077,0.7954144620811286,52,0.6219512195121951,0.85,0.7183098591549296,0.7788461538461539,0.9585798816568047,0.8594164456233422,0.9862542955326461,0.7247474747474747,0.8355167394468704,,,
P3,F1,rf,0,48k_to_12k,52,105,745,3263,91,1.0238361358642578,11.71049514943531,0.5335580753907447,0.5323540809037685,0.5491230426637679,3,0.5333333333333333,0.5336211964564455,105,0.3416289592760181,0.695852534562212,0.4582701062215478,0.7839080459770115,0.39285714285714285,0.523407521105142,0.7509433962264151,0.5212835625409299,0.6153846153846154,,,
P3,F1,rf,1,12k_to_48k,105,52,3263,745,91,5.236019134521484,31.693669773588244,0.7879194630872484,0.7823059463533509,0.7923327466197194,3,0.7884615384615384,0.7745054945054944,52,0.6239669421487604,0.8388888888888889,0.7156398104265402,0.7414634146341463,0.8994082840236687,0.8128342245989305,0.9530201342281879,0.7171717171717171,0.8184438040345822,,,
P3,F1,rf,1,48k_to_12k,52,105,745,3263,91,1.0567798614501953,12.272674906593577,0.5448973337419553,0.5434694546136418,0.5601779387836687,3,0.5333333333333333,0.5322691325526194,105,0.3498312710911136,0.716589861751152,0.47014361300075586,0.8337408312958435,0.39285714285714285,0.5340642129992169,0.7574349442379182,0.5337262606417813,0.6262005378409528,,,
P3,F1,rf,2,12k_to_48k,105,52,3263,745,91,5.332648754119873,31.511575583643562,0.8067114093959732,0.801732760121182,0.8101026322671452,3,0.8076923076923077,0.7985185185185184,52,0.6437768240343348,0.8333333333333334,0.7263922518159807,0.7570093457943925,0.9585798816568047,0.8459530026109661,0.9697986577181208,0.7297979797979798,0.8328530259365994,,,
P3,F1,rf,2,48k_to_12k,52,105,745,3263,91,0.9900050163269043,11.638523865213726,0.53723567269384,0.5364131745082218,0.5532244411603171,3,0.5333333333333333,0.5341372321286239,105,0.3425352112676056,0.7004608294930875,0.4600832387438517,0.8119047619047619,0.39285714285714285,0.5295031055900621,0.7528089887640449,0.5265225933202358,0.6196531791907515,,,
P3,F1,hgb,0,12k_to_48k,105,52,3263,745,91,2.772630453109741,58.593045945135536,0.7677852348993288,0.7651540147274689,0.7718993796814083,3,0.7692307692307693,0.7554582497111233,52,0.606425702811245,0.8388888888888889,0.703962703962704,0.8431372549019608,0.7633136094674556,0.8012422360248447,0.8513119533527697,0.7373737373737373,0.790257104194858,,,
P3,F1,hgb,0,48k_to_12k,52,105,745,3263,91,1.3641924858093262,39.776957842458295,0.5470425988354275,0.5526846355637778,0.5663378243150192,3,0.5238095238095238,0.5298024879140038,105,0.34285714285714286,0.6774193548387096,0.45528455284552843,0.7948207171314741,0.4596774193548387,0.5824817518248175,0.762906309751434,0.5225933202357563,0.6202876020209872,,,
P3,F1,hgb,1,12k_to_48k,105,52,3263,745,91,2.902143716812134,52.4392864048081,0.7677852348993288,0.7651540147274689,0.7718993796814083,3,0.7692307692307693,0.7554582497111233,52,0.606425702811245,0.8388888888888889,0.703962703962704,0.8431372549019608,0.7633136094674556,0.8012422360248447,0.8513119533527697,0.7373737373737373,0.790257104194858,,,
P3,F1,hgb,1,48k_to_12k,52,105,745,3263,91,1.3901095390319824,44.98555986858605,0.5470425988354275,0.5526846355637778,0.5663378243150192,3,0.5238095238095238,0.5298024879140038,105,0.34285714285714286,0.6774193548387096,0.45528455284552843,0.7948207171314741,0.4596774193548387,0.5824817518248175,0.762906309751434,0.5225933202357563,0.6202876020209872,,,
P3,F1,hgb,2,12k_to_48k,105,52,3263,745,91,2.7879364490509033,54.222785386463144,0.7677852348993288,0.7651540147274689,0.7718993796814083,3,0.7692307692307693,0.7554582497111233,52,0.606425702811245,0.8388888888888889,0.703962703962704,0.8431372549019608,0.7633136094674556,0.8012422360248447,0.8513119533527697,0.7373737373737373,0.790257104194858,,,
P3,F1,hgb,2,48k_to_12k,52,105,745,3263,91,1.367621898651123,43.65295856743548,0.5470425988354275,0.5526846355637778,0.5663378243150192,3,0.5238095238095238,0.5298024879140038,105,0.34285714285714286,0.6774193548387096,0.45528455284552843,0.7948207171314741,0.4596774193548387,0.5824817518248175,0.762906309751434,0.5225933202357563,0.6202876020209872,,,
P3,F2,lr,0,12k_to_48k,105,52,3263,745,49,1.1799745559692383,0.534761672051961,0.4885906040268456,0.4871369596022836,0.5124463431409819,3,0.4423076923076923,0.44795454545454544,52,0.7218543046357616,0.6055555555555555,0.6586102719033232,0.19557195571955718,0.3136094674556213,0.2409090909090909,0.6253869969040248,0.51010101010101,0.5618915159944368,,,
P3,F2,lr,0,48k_to_12k,52,105,745,3263,49,0.07191252708435059,0.2837203011496681,0.4535703340484217,0.45302808533338124,0.43846283331817826,3,0.44761904761904764,0.4416975181681064,105,0.42857142857142855,0.6808755760368663,0.5260347129506008,0.38810900082576383,0.5414746543778802,0.4521404521404521,0.6225854383358098,0.27439423706614274,0.3809090909090909,,,
P3,F2,lr,1,12k_to_48k,105,52,3263,745,49,1.1989696025848389,0.5344416471135697,0.4885906040268456,0.4871369596022836,0.5124463431409819,3,0.4423076923076923,0.44795454545454544,52,0.7218543046357616,0.6055555555555555,0.6586102719033232,0.19557195571955718,0.3136094674556213,0.2409090909090909,0.6253869969040248,0.51010101010101,0.5618915159944368,,,
P3,F2,lr,1,48k_to_12k,52,105,745,3263,49,0.05845975875854492,0.27897092706397963,0.4535703340484217,0.45302808533338124,0.43846283331817826,3,0.44761904761904764,0.4416975181681064,105,0.42857142857142855,0.6808755760368663,0.5260347129506008,0.38810900082576383,0.5414746543778802,0.4521404521404521,0.6225854383358098,0.27439423706614274,0.3809090909090909,,,
P3,F2,lr,2,12k_to_48k,105,52,3263,745,49,1.132756233215332,0.5382819463742659,0.4885906040268456,0.4871369596022836,0.5124463431409819,3,0.4423076923076923,0.44795454545454544,52,0.7218543046357616,0.6055555555555555,0.6586102719033232,0.19557195571955718,0.3136094674556213,0.2409090909090909,0.6253869969040248,0.51010101010101,0.5618915159944368,,,
P3,F2,lr,2,48k_to_12k,52,105,745,3263,49,0.07445454597473145,0.42605538913307106,0.4535703340484217,0.45302808533338124,0.43846283331817826,3,0.44761904761904764,0.4416975181681064,105,0.42857142857142855,0.6808755760368663,0.5260347129506008,0.38810900082576383,0.5414746543778802,0.4521404521404521,0.6225854383358098,0.27439423706614274,0.3809090909090909,,,
P3,F2,svm,0,12k_to_48k,105,52,3263,745,49,1.8902733325958252,200.342331956697,0.5020134228187919,0.4940894193839851,0.5181951512054473,3,0.46153846153846156,0.46848536516055694,52,0.7278481012658228,0.6388888888888888,0.6804733727810651,0.20425531914893616,0.28402366863905326,0.2376237623762376,0.5994318181818182,0.5328282828282829,0.5641711229946524,,,
P3,F2,svm,0,48k_to_12k,52,105,745,3263,49,0.08475565910339355,37.87494312208049,0.524670548574931,0.5241504481573566,0.5211646173569703,3,0.5333333333333333,0.5340560970365504,105,0.4991922455573506,0.7119815668202765,0.5868945868945868,0.436241610738255,0.5241935483870968,0.47619047619047616,0.6507128309572301,0.41846758349705304,0.5093662813870068,,,
P3,F2,svm,1,12k_to_48k,105,52,3263,745,49,1.8651726245880127,191.52628495389183,0.5020134228187919,0.4940894193839851,0.5181951512054473,3,0.46153846153846156,0.46848536516055694,52,0.7278481012658228,0.6388888888888888,0.6804733727810651,0.20425531914893616,0.28402366863905326,0.2376237623762376,0.5994318181818182,0.5328282828282829,0.5641711229946524,,,
P3,F2,svm,1,48k_to_12k,52,105,745,3263,49,0.08404660224914551,38.62001031518458,0.5225252834814588,0.5216645943617622,0.5185097391909023,3,0.5333333333333333,0.534647550776583,105,0.4921259842519685,0.7200460829493087,0.5846585594013096,0.43545279383429675,0.5207373271889401,0.47429171038824763,0.6575916230366492,0.4112639161755075,0.5060435132957293,,,
P3,F2,svm,2,12k_to_48k,105,52,3263,745,49,1.85498046875,183.71031588355964,0.5020134228187919,0.4940894193839851,0.5181951512054473,3,0.46153846153846156,0.46848536516055694,52,0.7278481012658228,0.6388888888888888,0.6804733727810651,0.20425531914893616,0.28402366863905326,0.2376237623762376,0.5994318181818182,0.5328282828282829,0.5641711229946524,,,
P3,F2,svm,2,48k_to_12k,52,105,745,3263,49,0.10206294059753418,38.55863378853876,0.5234446828072326,0.5224071242840279,0.5197794283746087,3,0.5333333333333333,0.5348725348725348,105,0.4940523394131642,0.717741935483871,0.5852512916862377,0.4357976653696498,0.5161290322580645,0.47257383966244726,0.6540041067761807,0.4171578258022266,0.5093962415033987,,,
P3,F2,rf,0,12k_to_48k,105,52,3263,745,49,4.794512748718262,49.19487357939649,0.6416107382550336,0.624921614405433,0.6440849226131555,3,0.6538461538461539,0.6340554390868856,52,0.6296296296296297,0.6611111111111111,0.6449864498644986,0.5104166666666666,0.5798816568047337,0.5429362880886427,0.717032967032967,0.6590909090909091,0.6868421052631579,,,
P3,F2,rf,0,48k_to_12k,52,105,745,3263,49,1.084071159362793,14.224010050168916,0.6310144039227704,0.6308941284852504,0.6312202366320449,3,0.6476190476190476,0.6494124953629025,105,0.5704295704295704,0.6578341013824884,0.6110219368646335,0.6183524504692388,0.6831797235023042,0.6491516146688561,0.6868764389869532,0.5861165684348395,0.6325088339222615,,,
P3,F2,rf,1,12k_to_48k,105,52,3263,745,49,4.843598365783691,37.09185043437369,0.6550335570469799,0.6399661728583935,0.6565972717012029,3,0.6730769230769231,0.6587467971115769,52,0.6358695652173914,0.65,0.6428571428571429,0.5531914893617021,0.6153846153846154,0.5826330532212886,0.7158176943699732,0.6742424242424242,0.694408322496749,,,
P3,F2,rf,1,48k_to_12k,52,105,745,3263,49,1.0290849208831787,13.664095379113055,0.629788538155072,0.6301113052032714,0.6296463261859713,3,0.6285714285714286,0.6267876271815199,105,0.5786749482401656,0.6440092165898618,0.6095965103598692,0.6168032786885246,0.6935483870967742,0.6529284164859002,0.6767600302800908,0.5854616895874263,0.6278089887640449,,,
P3,F2,rf,2,12k_to_48k,105,52,3263,745,49,4.8359527587890625,48.68123355327837,0.6416107382550336,0.6283241462631998,0.6449961362321941,3,0.6153846153846154,0.6041215574548908,52,0.6335078534031413,0.6722222222222223,0.6522911051212938,0.5024390243902439,0.6094674556213018,0.5508021390374331,0.7277936962750716,0.6414141414141414,0.6818791946308724,,,
P3,F2,rf,2,48k_to_12k,52,105,745,3263,49,1.039344072341919,14.244688094265067,0.6322402696904689,0.6326285412747312,0.632154567968807,3,0.6666666666666666,0.6656779137313064,105,0.582059123343527,0.6578341013824884,0.6176311519740401,0.6160990712074303,0.6877880184331797,0.6499727817093086,0.6816450875856817,0.5861165684348395,0.6302816901408451,,,
P3,F2,hgb,0,12k_to_48k,105,52,3263,745,49,2.760197162628174,83.70284266119836,0.7221476510067114,0.6992483307686218,0.719649339792664,3,0.75,0.7301313392771546,52,0.6402116402116402,0.6722222222222223,0.6558265582655827,0.8151260504201681,0.5739644970414202,0.6736111111111112,0.7322654462242563,0.8080808080808081,0.7683073229291717,,,
P3,F2,hgb,0,48k_to_12k,52,105,745,3263,49,0.977968692779541,48.21805693859927,0.636837266319338,0.6350674028991705,0.6376769667290213,3,0.6571428571428571,0.6540162122328667,105,0.5711462450592886,0.6658986175115207,0.6148936170212767,0.6016096579476862,0.6889400921658986,0.6423200859291085,0.7175815433571997,0.5907007203667322,0.6479885057471264,,,
P3,F2,hgb,1,12k_to_48k,105,52,3263,745,49,2.750777006149292,87.79852182273098,0.7221476510067114,0.6992483307686218,0.719649339792664,3,0.75,0.7301313392771546,52,0.6402116402116402,0.6722222222222223,0.6558265582655827,0.8151260504201681,0.5739644970414202,0.6736111111111112,0.7322654462242563,0.8080808080808081,0.7683073229291717,,,
P3,F2,hgb,1,48k_to_12k,52,105,745,3263,49,0.9815323352813721,51.475469955738944,0.636837266319338,0.6350674028991705,0.6376769667290213,3,0.6571428571428571,0.6540162122328667,105,0.5711462450592886,0.6658986175115207,0.6148936170212767,0.6016096579476862,0.6889400921658986,0.6423200859291085,0.7175815433571997,0.5907007203667322,0.6479885057471264,,,
P3,F2,hgb,2,12k_to_48k,105,52,3263,745,49,2.7454752922058105,78.88198698927091,0.7221476510067114,0.6992483307686218,0.719649339792664,3,0.75,0.7301313392771546,52,0.6402116402116402,0.6722222222222223,0.6558265582655827,0.8151260504201681,0.5739644970414202,0.6736111111111112,0.7322654462242563,0.8080808080808081,0.7683073229291717,,,
P3,F2,hgb,2,48k_to_12k,52,105,745,3263,49,1.0074052810668945,48.04671413504635,0.636837266319338,0.6350674028991705,0.6376769667290213,3,0.6571428571428571,0.6540162122328667,105,0.5711462450592886,0.6658986175115207,0.6148936170212767,0.6016096579476862,0.6889400921658986,0.6423200859291085,0.7175815433571997,0.5907007203667322,0.6479885057471264,,,
P3,F3,lr,0,12k_to_48k,105,52,3263,745,57,1.3472626209259033,0.5779650387347945,0.72751677852349,0.696419722076877,0.7253442289523758,3,0.7307692307692307,0.6848886804671624,52,0.5976331360946746,0.5611111111111111,0.5787965616045845,0.7358490566037735,0.6923076923076923,0.7134146341463414,0.7769784172661871,0.8181818181818182,0.7970479704797048,,,
P3,F3,lr,0,48k_to_12k,52,105,745,3263,57,0.06093597412109375,0.3246379855802152,0.5412197364388599,0.5402868315588828,0.530962439102389,3,0.5238095238095238,0.5233943621040396,105,0.4822546972860125,0.7983870967741935,0.6013015184381779,0.4782608695652174,0.5829493087557603,0.5254413291796469,0.73828125,0.3713163064833006,0.49411764705882355,,,
P3,F3,lr,1,12k_to_48k,105,52,3263,745,57,1.2974295616149902,0.6960542410012059,0.72751677852349,0.696419722076877,0.7253442289523758,3,0.7307692307692307,0.6848886804671624,52,0.5976331360946746,0.5611111111111111,0.5787965616045845,0.7358490566037735,0.6923076923076923,0.7134146341463414,0.7769784172661871,0.8181818181818182,0.7970479704797048,,,
P3,F3,lr,1,48k_to_12k,52,105,745,3263,57,0.05962419509887695,0.2892734154652424,0.5412197364388599,0.5402868315588828,0.530962439102389,3,0.5238095238095238,0.5233943621040396,105,0.4822546972860125,0.7983870967741935,0.6013015184381779,0.4782608695652174,0.5829493087557603,0.5254413291796469,0.73828125,0.3713163064833006,0.49411764705882355,,,
P3,F3,lr,2,12k_to_48k,105,52,3263,745,57,1.149294137954712,0.8563867351352769,0.72751677852349,0.696419722076877,0.7253442289523758,3,0.7307692307692307,0.6848886804671624,52,0.5976331360946746,0.5611111111111111,0.5787965616045845,0.7358490566037735,0.6923076923076923,0.7134146341463414,0.7769784172661871,0.8181818181818182,0.7970479704797048,,,
P3,F3,lr,2,48k_to_12k,52,105,745,3263,57,0.06308507919311523,0.31908487126464097,0.5412197364388599,0.5402868315588828,0.530962439102389,3,0.5238095238095238,0.5233943621040396,105,0.4822546972860125,0.7983870967741935,0.6013015184381779,0.4782608695652174,0.5829493087557603,0.5254413291796469,0.73828125,0.3713163064833006,0.49411764705882355,,,
P3,F3,svm,0,12k_to_48k,105,52,3263,745,57,1.6308469772338867,148.19874859496252,0.7583892617449665,0.7179928960543118,0.7532944811908759,3,0.7692307692307693,0.7323232323232324,52,0.7278911564625851,0.5944444444444444,0.654434250764526,0.68125,0.6449704142011834,0.662613981762918,0.7968036529680366,0.8813131313131313,0.8369304556354916,,,
P3,F3,svm,0,48k_to_12k,52,105,745,3263,57,0.06822633743286133,37.811447643919514,0.5914802329144959,0.5859203105038484,0.5885188502858403,3,0.6,0.591713747645951,105,0.48612862547288777,0.8882488479262672,0.628361858190709,0.5223214285714286,0.5391705069124424,0.5306122448979592,0.8847631241997439,0.45252128356254095,0.598786828422877,,,
P3,F3,svm,1,12k_to_48k,105,52,3263,745,57,1.7219557762145996,163.29080466456062,0.7583892617449665,0.7179928960543118,0.7532944811908759,3,0.7692307692307693,0.7323232323232324,52,0.7278911564625851,0.5944444444444444,0.654434250764526,0.68125,0.6449704142011834,0.662613981762918,0.7968036529680366,0.8813131313131313,0.8369304556354916,,,
P3,F3,svm,1,48k_to_12k,52,105,745,3263,57,0.0689697265625,32.42799558414479,0.5908673000306467,0.5848112753021838,0.5879489975886887,3,0.6,0.5923060663707461,105,0.4823091247672253,0.8951612903225806,0.6268656716417911,0.5245153933865451,0.5299539170506913,0.5272206303724928,0.8916129032258064,0.45252128356254095,0.6003475238922676,,,
P3,F3,svm,2,12k_to_48k,105,52,3263,745,57,1.6216306686401367,165.88876711442165,0.7570469798657719,0.7162996599476514,0.7518367690934544,3,0.7692307692307693,0.7323232323232324,52,0.7278911564625851,0.5944444444444444,0.654434250764526,0.6792452830188679,0.6390532544378699,0.6585365853658537,0.7949886104783599,0.8813131313131313,0.8359281437125748,,,
P3,F3,svm,2,48k_to_12k,52,105,745,3263,57,0.07289290428161621,33.073398988743044,0.5927060986821943,0.5870699335021231,0.5896637990705036,3,0.6,0.5919259882253995,105,0.4867924528301887,0.8917050691244239,0.629780309194467,0.5240761478163494,0.5391705069124424,0.5315161839863713,0.8871794871794871,0.4531761624099542,0.5999133073255309,,,
P3,F3,rf,0,12k_to_48k,105,52,3263,745,57,4.743201971054077,37.46307936290766,0.7677852348993288,0.7481341745452518,0.7681448536857192,3,0.8076923076923077,0.793656220322887,52,0.688622754491018,0.6388888888888888,0.6628242074927954,0.6805555555555556,0.8698224852071006,0.7636363636363637,0.856353591160221,0.7828282828282829,0.8179419525065963,,,
P3,F3,rf,0,48k_to_12k,52,105,745,3263,57,0.9687566757202148,13.723791358005478,0.5832056389825314,0.5744816854132891,0.588243040704218,3,0.580952380952381,0.569785575048733,105,0.4160782183595872,0.8824884792626728,0.5655223329641934,0.6741154562383612,0.41705069124423966,0.5153024911032028,0.8757062146892656,0.5075311067452521,0.642620232172471,,,
P3,F3,rf,1,12k_to_48k,105,52,3263,745,57,4.751660585403442,37.3469103102716,0.7785234899328859,0.7577806226654608,0.7791995814680196,3,0.8076923076923077,0.7948717948717948,52,0.6763005780346821,0.65,0.6628895184135978,0.7033492822966507,0.8698224852071006,0.7777777777777778,0.8705234159779615,0.797979797979798,0.8326745718050066,,,
P3,F3,rf,1,48k_to_12k,52,105,745,3263,57,0.975839376449585,19.2476056888357,0.5825927060986822,0.5736101716547454,0.5885174481706127,3,0.580952380952381,0.5704761904761905,105,0.4088486140724947,0.8836405529953917,0.5590379008746356,0.7137014314928425,0.402073732718894,0.5143699336772292,0.8741648106904232,0.5140798952193845,0.6474226804123712,,,
P3,F3,rf,2,12k_to_48k,105,52,3263,745,57,4.698626756668091,37.83366824156486,0.7677852348993288,0.7468597061725649,0.7681273384099503,3,0.7884615384615384,0.7731398161586842,52,0.6804733727810651,0.6388888888888888,0.6590257879656161,0.6908212560386473,0.8461538461538461,0.7606382978723404,0.8509485094850948,0.7929292929292929,0.8209150326797385,,,
P3,F3,rf,2,48k_to_12k,52,105,745,3263,57,1.0019330978393555,15.203842457693266,0.5865767698437021,0.5772280011535508,0.5902072060509026,3,0.580952380952381,0.5669163026142431,105,0.4258135686707115,0.8894009216589862,0.5759045132413279,0.6507936507936508,0.4251152073732719,0.5142857142857142,0.8754246885617214,0.5062213490504257,0.64149377593361,,,
P3,F3,hgb,0,12k_to_48k,105,52,3263,745,57,3.1428496837615967,73.4383627872339,0.7825503355704698,0.7598607237582137,0.783627326874687,3,0.8269230769230769,0.8086868686868686,52,0.6612021857923497,0.6722222222222223,0.6666666666666666,0.7391304347826086,0.8047337278106509,0.7705382436260623,0.8624338624338624,0.8232323232323232,0.8423772609819121,,,
P3,F3,hgb,0,48k_to_12k,52,105,745,3263,57,1.053025484085083,47.58960514612224,0.5908673000306467,0.5868476081274684,0.5987836197563441,3,0.5904761904761905,0.5813867067658777,105,0.4204476709013914,0.8006912442396313,0.5513685045616818,0.692436974789916,0.47465437788018433,0.5632262474367737,0.8088669950738916,0.5376555337262606,0.6459480723839497,,,
P3,F3,hgb,1,12k_to_48k,105,52,3263,745,57,3.162803888320923,76.22770015025299,0.7825503355704698,0.7598607237582137,0.783627326874687,3,0.8269230769230769,0.8086868686868686,52,0.6612021857923497,0.6722222222222223,0.6666666666666666,0.7391304347826086,0.8047337278106509,0.7705382436260623,0.8624338624338624,0.8232323232323232,0.8423772609819121,,,
P3,F3,hgb,1,48k_to_12k,52,105,745,3263,57,1.0437965393066406,46.05380370139783,0.5908673000306467,0.5868476081274684,0.5987836197563441,3,0.5904761904761905,0.5813867067658777,105,0.4204476709013914,0.8006912442396313,0.5513685045616818,0.692436974789916,0.47465437788018433,0.5632262474367737,0.8088669950738916,0.5376555337262606,0.6459480723839497,,,
P3,F3,hgb,2,12k_to_48k,105,52,3263,745,57,3.2878916263580322,74.19874204085178,0.7825503355704698,0.7598607237582137,0.783627326874687,3,0.8269230769230769,0.8086868686868686,52,0.6612021857923497,0.6722222222222223,0.6666666666666666,0.7391304347826086,0.8047337278106509,0.7705382436260623,0.8624338624338624,0.8232323232323232,0.8423772609819121,,,
P3,F3,hgb,2,48k_to_12k,52,105,745,3263,57,1.1449744701385498,46.34475766461647,0.5908673000306467,0.5868476081274684,0.5987836197563441,3,0.5904761904761905,0.5813867067658777,105,0.4204476709013914,0.8006912442396313,0.5513685045616818,0.692436974789916,0.47465437788018433,0.5632262474367737,0.8088669950738916,0.5376555337262606,0.6459480723839497,,,
P3,F6,lr,0,12k_to_48k,105,52,3263,745,18,0.06483316421508789,0.4336337915202915,0.5892617449664429,0.6011175516063599,0.6077923708116554,3,0.6153846153846154,0.6378585493055186,52,0.781021897810219,0.5944444444444444,0.6750788643533123,0.36272040302267,0.8520710059171598,0.508833922261484,0.8909952606635071,0.47474747474747475,0.6194398682042833,,,
P3,F6,lr,0,48k_to_12k,52,105,745,3263,18,0.02862715721130371,0.19158244388731133,0.42506895494943303,0.41174785364351446,0.40494402058159795,3,0.4095238095238095,0.39334107626790554,105,0.4232442510876321,0.7845622119815668,0.5498587000403714,0.31812577065351416,0.29723502304147464,0.3073257891602144,0.531435349940688,0.2933857236411264,0.3780590717299578,,,
P3,F6,lr,1,12k_to_48k,105,52,3263,745,18,0.06311559677124023,0.44515468930238045,0.5892617449664429,0.6011175516063599,0.6077923708116554,3,0.6153846153846154,0.6378585493055186,52,0.781021897810219,0.5944444444444444,0.6750788643533123,0.36272040302267,0.8520710059171598,0.508833922261484,0.8909952606635071,0.47474747474747475,0.6194398682042833,,,
P3,F6,lr,1,48k_to_12k,52,105,745,3263,18,0.02928948402404785,0.19224004952994514,0.42506895494943303,0.41174785364351446,0.40494402058159795,3,0.4095238095238095,0.39334107626790554,105,0.4232442510876321,0.7845622119815668,0.5498587000403714,0.31812577065351416,0.29723502304147464,0.3073257891602144,0.531435349940688,0.2933857236411264,0.3780590717299578,,,
P3,F6,lr,2,12k_to_48k,105,52,3263,745,18,0.07385563850402832,0.44515468930238045,0.5892617449664429,0.6011175516063599,0.6077923708116554,3,0.6153846153846154,0.6378585493055186,52,0.781021897810219,0.5944444444444444,0.6750788643533123,0.36272040302267,0.8520710059171598,0.508833922261484,0.8909952606635071,0.47474747474747475,0.6194398682042833,,,
P3,F6,lr,2,48k_to_12k,52,105,745,3263,18,0.02853107452392578,0.1942128664578465,0.42506895494943303,0.41174785364351446,0.40494402058159795,3,0.4095238095238095,0.39334107626790554,105,0.4232442510876321,0.7845622119815668,0.5498587000403714,0.31812577065351416,0.29723502304147464,0.3073257891602144,0.531435349940688,0.2933857236411264,0.3780590717299578,,,
P3,F6,svm,0,12k_to_48k,105,52,3263,745,18,1.411531925201416,149.61165869796037,0.6375838926174496,0.6102438750369273,0.6394204532905035,3,0.6538461538461539,0.6231200897867565,52,0.6931216931216931,0.7277777777777777,0.7100271002710027,0.40782122905027934,0.4319526627218935,0.41954022988505746,0.7188328912466844,0.6843434343434344,0.7011642949547219,,,
P3,F6,svm,0,48k_to_12k,52,105,745,3263,18,0.07384037971496582,31.48053198769675,0.5304934109714986,0.49928863587144345,0.5062890176522716,3,0.5619047619047619,0.5305079396175487,105,0.4888888888888889,0.9377880184331797,0.6427161468614291,0.42213883677298314,0.25921658986175117,0.32119914346895073,0.6497652582159624,0.4531761624099542,0.5339506172839507,,,
P3,F6,svm,1,12k_to_48k,105,52,3263,745,18,1.337388515472412,147.66878729698644,0.6375838926174496,0.6100072275339116,0.6392310718169185,3,0.6538461538461539,0.6231200897867565,52,0.6894736842105263,0.7277777777777777,0.7081081081081081,0.4101123595505618,0.4319526627218935,0.4207492795389049,0.7188328912466844,0.6843434343434344,0.7011642949547219,,,
P3,F6,svm,1,48k_to_12k,52,105,745,3263,18,0.07456088066101074,34.03562217850353,0.5329451425068955,0.5000238436813523,0.5084373187267557,3,0.5619047619047619,0.5305079396175487,105,0.486857825567503,0.9389400921658986,0.6412273800157356,0.4269005847953216,0.2523041474654378,0.3171614771904417,0.6552044609665427,0.46168958742632615,0.5416826738378794,,,
P3,F6,svm,2,12k_to_48k,105,52,3263,745,18,1.3380980491638184,145.28716170547793,0.6375838926174496,0.6102438750369273,0.6394204532905035,3,0.6538461538461539,0.6231200897867565,52,0.6931216931216931,0.7277777777777777,0.7100271002710027,0.40782122905027934,0.4319526627218935,0.41954022988505746,0.7188328912466844,0.6843434343434344,0.7011642949547219,,,
P3,F6,svm,2,48k_to_12k,52,105,745,3263,18,0.09397053718566895,37.24313023409667,0.531719276739197,0.49978616220919775,0.5072333078379664,3,0.5619047619047619,0.5308017979778191,105,0.4900662251655629,0.9377880184331797,0.6437327006722025,0.42366412213740456,0.2557603686635945,0.31896551724137934,0.6484230055658627,0.4577603143418468,0.5366602687140115,,,
P3,F6,rf,0,12k_to_48k,105,52,3263,745,18,2.937136650085449,37.63909307902291,0.625503355704698,0.4997194095153577,0.5687679571457821,3,0.5961538461538461,0.44923076923076927,52,0.671875,0.7166666666666667,0.6935483870967742,0.2647058823529412,0.05325443786982249,0.08866995073891626,0.6319845857418112,0.8282828282828283,0.7169398907103826,,,
P3,F6,rf,0,48k_to_12k,52,105,745,3263,18,0.7058620452880859,12.279177895726288,0.4465216058841557,0.3797482922798878,0.4160746030025216,3,0.4666666666666667,0.4021095437793874,105,0.4895833333333333,0.3248847926267281,0.39058171745152354,0.2709677419354839,0.14516129032258066,0.18904726181545387,0.4720972097209721,0.6869679109364768,0.559615897572686,,,
P3,F6,rf,1,12k_to_48k,105,52,3263,745,18,2.890500068664551,30.18283203944264,0.6268456375838927,0.5015115242106982,0.5700669396095189,3,0.5961538461538461,0.44923076923076927,52,0.6770833333333334,0.7222222222222222,0.6989247311827957,0.2647058823529412,0.05325443786982249,0.08866995073891626,0.6319845857418112,0.8282828282828283,0.7169398907103826,,,
P3,F6,rf,1,48k_to_12k,52,105,745,3263,18,0.78220534324646,12.425239415684619,0.4413116763714373,0.3765541060425721,0.4124154685998034,3,0.45714285714285713,0.3950812472551603,105,0.4709784411276949,0.3271889400921659,0.38613188307273966,0.26849894291754756,0.14631336405529954,0.1894108873974646,0.47050754458161864,0.6738703339882122,0.5541195476575121,,,
P3,F6,rf,2,12k_to_48k,105,52,3263,745,18,2.929023265838623,30.84272346240562,0.625503355704698,0.5004189980365136,0.5688680378103073,3,0.5961538461538461,0.44923076923076927,52,0.6735751295336787,0.7222222222222222,0.6970509383378016,0.2647058823529412,0.05325443786982249,0.08866995073891626,0.6312741312741312,0.8257575757575758,0.7155361050328227,,,
P3,F6,rf,2,48k_to_12k,52,105,745,3263,18,0.7714526653289795,12.082261539404282,0.44927980386147714,0.3818774459884831,0.41862193046140067,3,0.47619047619047616,0.4090049674281098,105,0.5026642984014209,0.326036866359447,0.39552760307477286,0.26371308016877637,0.14400921658986174,0.18628912071535023,0.4752920035938904,0.6928618205631958,0.5638156141753264,,,
P3,F6,hgb,0,12k_to_48k,105,52,3263,745,18,1.5468785762786865,89.36952424529416,0.6093959731543624,0.5000001928439232,0.5667798393761501,3,0.5769230769230769,0.43033509700176364,52,0.6009615384615384,0.6944444444444444,0.6443298969072165,0.2962962962962963,0.09467455621301775,0.14349775784753363,0.6480331262939959,0.7904040404040404,0.7121729237770194,,,
P3,F6,hgb,0,48k_to_12k,52,105,745,3263,18,0.7121515274047852,58.50856230370734,0.437634079068342,0.3951938488762359,0.42157180393355387,3,0.44761904761904764,0.39244908097367115,105,0.46657754010695185,0.402073732718894,0.4319306930693069,0.2924187725631769,0.18663594470046083,0.22784810126582278,0.4676185619581846,0.6005239030779306,0.525802752293578,,,
P3,F6,hgb,1,12k_to_48k,105,52,3263,745,18,1.596198320388794,87.2896821706887,0.6093959731543624,0.5000001928439232,0.5667798393761501,3,0.5769230769230769,0.43033509700176364,52,0.6009615384615384,0.6944444444444444,0.6443298969072165,0.2962962962962963,0.09467455621301775,0.14349775784753363,0.6480331262939959,0.7904040404040404,0.7121729237770194,,,
P3,F6,hgb,1,48k_to_12k,52,105,745,3263,18,0.7897756099700928,59.596242036623636,0.437634079068342,0.3951938488762359,0.42157180393355387,3,0.44761904761904764,0.39244908097367115,105,0.46657754010695185,0.402073732718894,0.4319306930693069,0.2924187725631769,0.18663594470046083,0.22784810126582278,0.4676185619581846,0.6005239030779306,0.525802752293578,,,
P3,F6,hgb,2,12k_to_48k,105,52,3263,745,18,1.5489223003387451,90.18334766362338,0.6093959731543624,0.5000001928439232,0.5667798393761501,3,0.5769230769230769,0.43033509700176364,52,0.6009615384615384,0.6944444444444444,0.6443298969072165,0.2962962962962963,0.09467455621301775,0.14349775784753363,0.6480331262939959,0.7904040404040404,0.7121729237770194,,,
P3,F6,hgb,2,48k_to_12k,52,105,745,3263,18,0.6982276439666748,58.66017693798125,0.437634079068342,0.3951938488762359,0.42157180393355387,3,0.44761904761904764,0.39244908097367115,105,0.46657754010695185,0.402073732718894,0.4319306930693069,0.2924187725631769,0.18663594470046083,0.22784810126582278,0.4676185619581846,0.6005239030779306,0.525802752293578,,,
P3,F7,lr,0,12k_to_48k,105,52,3263,745,16,0.05074906349182129,0.45379536263894715,0.44026845637583895,0.47071926088813204,0.4107301182932272,3,0.4423076923076923,0.4794887652030509,52,0.2810077519379845,0.8055555555555556,0.4166666666666667,0.7345679012345679,0.7041420118343196,0.7190332326283988,0.9552238805970149,0.16161616161616163,0.27645788336933047,,,
P3,F7,lr,0,48k_to_12k,52,105,745,3263,16,0.011840105056762695,0.19874303866265705,0.5157830217591174,0.5181566615568123,0.5268386135325566,3,0.5238095238095238,0.5268940005461116,105,0.3562005277044855,0.6221198156682027,0.45302013422818793,0.512396694214876,0.5714285714285714,0.5403050108932462,0.8305519897304237,0.42370661427635886,0.5611448395490026,,,
P3,F7,lr,1,12k_to_48k,105,52,3263,745,16,0.0508732795715332,0.4371540658425965,0.44026845637583895,0.47071926088813204,0.4107301182932272,3,0.4423076923076923,0.4794887652030509,52,0.2810077519379845,0.8055555555555556,0.4166666666666667,0.7345679012345679,0.7041420118343196,0.7190332326283988,0.9552238805970149,0.16161616161616163,0.27645788336933047,,,
P3,F7,lr,1,48k_to_12k,52,105,745,3263,16,0.010523557662963867,0.19055950177654765,0.5157830217591174,0.5181566615568123,0.5268386135325566,3,0.5238095238095238,0.5268940005461116,105,0.3562005277044855,0.6221198156682027,0.45302013422818793,0.512396694214876,0.5714285714285714,0.5403050108932462,0.8305519897304237,0.42370661427635886,0.5611448395490026,,,
P3,F7,lr,2,12k_to_48k,105,52,3263,745,16,0.05345749855041504,0.4441946144872064,0.44026845637583895,0.47071926088813204,0.4107301182932272,3,0.4423076923076923,0.4794887652030509,52,0.2810077519379845,0.8055555555555556,0.4166666666666667,0.7345679012345679,0.7041420118343196,0.7190332326283988,0.9552238805970149,0.16161616161616163,0.27645788336933047,,,
P3,F7,lr,2,48k_to_12k,52,105,745,3263,16,0.01032876968383789,0.19662408714750373,0.5157830217591174,0.5181566615568123,0.5268386135325566,3,0.5238095238095238,0.5268940005461116,105,0.3562005277044855,0.6221198156682027,0.45302013422818793,0.512396694214876,0.5714285714285714,0.5403050108932462,0.8305519897304237,0.42370661427635886,0.5611448395490026,,,
P3,F7,svm,0,12k_to_48k,105,52,3263,745,16,0.8949906826019287,98.83138157377307,0.38523489932885907,0.3776832229886331,0.3772298528041175,3,0.40384615384615385,0.394204711277882,52,0.3178294573643411,0.6833333333333333,0.43386243386243384,0.3149171270718232,0.33727810650887574,0.32571428571428573,0.6045197740112994,0.2702020202020202,0.37347294938917974,,,
P3,F7,svm,0,48k_to_12k,52,105,745,3263,16,0.039696693420410156,18.82250017451977,0.49065277352129943,0.5019766118354574,0.5102960536439982,3,0.47619047619047616,0.488596479978112,105,0.2980997624703088,0.5783410138248848,0.3934169278996865,0.6713615023474179,0.4942396313364055,0.5693430656934306,0.7127659574468085,0.43876882776686316,0.543169841913255,,,
P3,F7,svm,1,12k_to_48k,105,52,3263,745,16,0.9279067516326904,98.62816573789455,0.3865771812080537,0.37919232403066777,0.37842912073898005,3,0.40384615384615385,0.394204711277882,52,0.3147208121827411,0.6888888888888889,0.43205574912891986,0.32571428571428573,0.33727810650887574,0.3313953488372093,0.6079545454545454,0.2702020202020202,0.3741258741258741,,,
P3,F7,svm,1,48k_to_12k,52,105,745,3263,16,0.04803276062011719,19.101324966996497,0.49218510573092245,0.5038807982495132,0.5117268065844777,3,0.47619047619047616,0.488596479978112,105,0.3000590667454223,0.5852534562211982,0.39672003123779775,0.6815286624203821,0.4930875576036866,0.5721925133689839,0.7112526539278131,0.43876882776686316,0.5427298501417578,,,
P3,F7,svm,2,12k_to_48k,105,52,3263,745,16,0.9010043144226074,102.2111649481242,0.38791946308724834,0.38035571570866206,0.37991883736797133,3,0.40384615384615385,0.394204711277882,52,0.3171355498721228,0.6888888888888889,0.4343257443082312,0.32386363636363635,0.33727810650887574,0.33043478260869563,0.6067415730337079,0.2727272727272727,0.37630662020905925,,,
P3,F7,svm,2,48k_to_12k,52,105,745,3263,16,0.03946423530578613,19.21991318455146,0.49095923996322405,0.5024715416746001,0.510557788710127,3,0.47619047619047616,0.488596479978112,105,0.29851632047477744,0.5794930875576036,0.39404622013317664,0.6755905511811023,0.4942396313364055,0.5708582834331337,0.7104984093319194,0.43876882776686316,0.5425101214574899,,,
P3,F7,rf,0,12k_to_48k,105,52,3263,745,16,2.6400856971740723,30.556621167483744,0.7006711409395974,0.6952004131251016,0.7098858322904018,3,0.7115384615384616,0.7040444935181777,52,0.49458483754512633,0.7611111111111111,0.5995623632385121,0.9803921568627451,0.591715976331361,0.7380073800738007,0.7786885245901639,0.7196969696969697,0.7480314960629921,,,
P3,F7,rf,0,48k_to_12k,52,105,745,3263,16,0.6416809558868408,11.150799680260329,0.5445908673000307,0.543098018399078,0.5607657001472941,3,0.5428571428571428,0.5422411126205496,105,0.35180345007841085,0.7753456221198156,0.48399856166846456,0.7461706783369803,0.39285714285714285,0.5147169811320754,0.8544232922732363,0.4996725605762934,0.6305785123966943,,,
P3,F7,rf,1,12k_to_48k,105,52,3263,745,16,2.663518190383911,31.613983563928798,0.697986577181208,0.6960116736300054,0.7106371727252226,3,0.6923076923076923,0.6938122332859175,52,0.4732142857142857,0.8833333333333333,0.6162790697674418,0.9797979797979798,0.5739644970414202,0.7238805970149254,0.8516129032258064,0.6666666666666666,0.7478753541076487,,,
P3,F7,rf,1,48k_to_12k,52,105,745,3263,16,0.6501107215881348,11.166509148389915,0.5504137296965982,0.545242058507675,0.5624080153366184,3,0.5428571428571428,0.5392528819495112,105,0.37103825136612023,0.782258064516129,0.5033358042994811,0.6653992395437263,0.4032258064516129,0.5021520803443329,0.8456449834619625,0.5022920759659463,0.6302382908792111,,,
P3,F7,rf,2,12k_to_48k,105,52,3263,745,16,2.6720285415649414,31.089142664966968,0.7006711409395974,0.6968652237904154,0.7107199742403956,3,0.7115384615384616,0.7096663226694186,52,0.4901315789473684,0.8277777777777777,0.6157024793388429,0.98,0.5798816568047337,0.7286245353159851,0.8064516129032258,0.6944444444444444,0.746268656716418,,,
P3,F7,rf,2,48k_to_12k,52,105,745,3263,16,0.6258893013000488,10.782248251210902,0.5773827765859638,0.5657985288322136,0.5876930850444065,3,0.5904761904761905,0.5787609823045684,105,0.3870005963029219,0.7476958525345622,0.5100196463654224,0.7396963123644251,0.39285714285714285,0.5131677953348383,0.7946666666666666,0.5854616895874263,0.6742081447963801,,,
P3,F7,hgb,0,12k_to_48k,105,52,3263,745,16,0.9929711818695068,61.07035899322305,0.6953020134228188,0.6954720376449292,0.7107856092126711,3,0.6923076923076923,0.6938122332859175,52,0.4588235294117647,0.8666666666666667,0.6,0.99,0.5857988165680473,0.7360594795539034,0.8622950819672132,0.6641414141414141,0.7503566333808844,,,
P3,F7,hgb,0,48k_to_12k,52,105,745,3263,16,0.5143170356750488,42.671884015919495,0.5369292062519154,0.529002552062736,0.5445158684801862,3,0.5238095238095238,0.5129891619094895,105,0.3952020202020202,0.7211981566820277,0.5106035889070146,0.5150684931506849,0.43317972350230416,0.47058823529411764,0.7903055848261328,0.4911591355599214,0.6058158319870759,,,
P3,F7,hgb,1,12k_to_48k,105,52,3263,745,16,1.0027194023132324,66.22404060107749,0.6953020134228188,0.6954720376449292,0.7107856092126711,3,0.6923076923076923,0.6938122332859175,52,0.4588235294117647,0.8666666666666667,0.6,0.99,0.5857988165680473,0.7360594795539034,0.8622950819672132,0.6641414141414141,0.7503566333808844,,,
P3,F7,hgb,1,48k_to_12k,52,105,745,3263,16,0.4842205047607422,42.861201373704404,0.5369292062519154,0.529002552062736,0.5445158684801862,3,0.5238095238095238,0.5129891619094895,105,0.3952020202020202,0.7211981566820277,0.5106035889070146,0.5150684931506849,0.43317972350230416,0.47058823529411764,0.7903055848261328,0.4911591355599214,0.6058158319870759,,,
P3,F7,hgb,2,12k_to_48k,105,52,3263,745,16,1.0659983158111572,62.27333273663617,0.6953020134228188,0.6954720376449292,0.7107856092126711,3,0.6923076923076923,0.6938122332859175,52,0.4588235294117647,0.8666666666666667,0.6,0.99,0.5857988165680473,0.7360594795539034,0.8622950819672132,0.6641414141414141,0.7503566333808844,,,
P3,F7,hgb,2,48k_to_12k,52,105,745,3263,16,0.515979528427124,42.22149721800898,0.5369292062519154,0.529002552062736,0.5445158684801862,3,0.5238095238095238,0.5129891619094895,105,0.3952020202020202,0.7211981566820277,0.5106035889070146,0.5150684931506849,0.43317972350230416,0.47058823529411764,0.7903055848261328,0.4911591355599214,0.6058158319870759,,,
P4,F1,lr,0,DE_to_FE,60,45,1860,1403,91,0.3674137592315674,0.46137308785512626,0.3178902352102637,0.3089730334885148,0.29909187509591756,3,0.28888888888888886,0.2074074074074074,45,0.24696356275303644,0.6559139784946236,0.3588235294117647,0.42995169082125606,0.239247311827957,0.307426597582038,0.5432692307692307,0.17147192716236723,0.2606689734717416,,,
P4,F1,lr,0,FE_to_DE,45,60,1403,1860,91,0.10311484336853027,0.6443710737330939,0.267741935483871,0.26607885439540174,0.24210908503955064,3,0.25,0.2508837457480157,60,0.3063063063063063,0.27419354838709675,0.28936170212765955,0.27394438722966014,0.5362903225806451,0.36264485344239944,0.2157303370786517,0.11059907834101383,0.14623000761614624,,,
P4,F1,lr,1,DE_to_FE,60,45,1860,1403,91,0.3427724838256836,0.48329468208470683,0.3178902352102637,0.3089730334885148,0.29909187509591756,3,0.28888888888888886,0.2074074074074074,45,0.24696356275303644,0.6559139784946236,0.3588235294117647,0.42995169082125606,0.239247311827957,0.307426597582038,0.5432692307692307,0.17147192716236723,0.2606689734717416,,,
P4,F1,lr,1,FE_to_DE,45,60,1403,1860,91,0.09658956527709961,0.411848868093183,0.267741935483871,0.26607885439540174,0.24210908503955064,3,0.25,0.2508837457480157,60,0.3063063063063063,0.27419354838709675,0.28936170212765955,0.27394438722966014,0.5362903225806451,0.36264485344239944,0.2157303370786517,0.11059907834101383,0.14623000761614624,,,
P4,F1,lr,2,DE_to_FE,60,45,1860,1403,91,0.3862159252166748,0.45355608526163244,0.3178902352102637,0.3089730334885148,0.29909187509591756,3,0.28888888888888886,0.2074074074074074,45,0.24696356275303644,0.6559139784946236,0.3588235294117647,0.42995169082125606,0.239247311827957,0.307426597582038,0.5432692307692307,0.17147192716236723,0.2606689734717416,,,
P4,F1,lr,2,FE_to_DE,45,60,1403,1860,91,0.1005411148071289,0.42505161736601144,0.267741935483871,0.26607885439540174,0.24210908503955064,3,0.25,0.2508837457480157,60,0.3063063063063063,0.27419354838709675,0.28936170212765955,0.27394438722966014,0.5362903225806451,0.36264485344239944,0.2157303370786517,0.11059907834101383,0.14623000761614624,,,
P4,F1,svm,0,DE_to_FE,60,45,1860,1403,91,0.27320289611816406,49.302005292004715,0.5039201710620099,0.4904418746280075,0.498057828653711,3,0.5777777777777777,0.5659259259259259,45,0.5599078341013825,0.6532258064516129,0.6029776674937966,0.37540453074433655,0.3118279569892473,0.3406754772393539,0.5272727272727272,0.5280728376327769,0.5276724791508719,,,
P4,F1,svm,0,FE_to_DE,45,60,1403,1860,91,0.2601463794708252,61.824373019638884,0.3650537634408602,0.3641717000346381,0.3660161204207566,3,0.36666666666666664,0.3655132125189549,60,0.25817555938037867,0.6048387096774194,0.3618817852834741,0.5432098765432098,0.2661290322580645,0.3572395128552097,0.5428571428571428,0.28456221198156684,0.37339380196523053,,,
P4,F1,svm,1,DE_to_FE,60,45,1860,1403,91,0.270343542098999,55.99030068493365,0.5074839629365645,0.49417770298612895,0.5009334256778378,3,0.6222222222222222,0.6064886592018375,45,0.5577777777777778,0.6747311827956989,0.610705596107056,0.3811074918566775,0.31451612903225806,0.3446244477172312,0.5325077399380805,0.5220030349013657,0.5272030651340996,,,
P4,F1,svm,1,FE_to_DE,45,60,1403,1860,91,0.27979588508605957,63.98257388863512,0.36451612903225805,0.36360064361502403,0.3653131926529874,3,0.36666666666666664,0.3655132125189549,60,0.25817555938037867,0.6048387096774194,0.3618817852834741,0.5409836065573771,0.2661290322580645,0.3567567567567568,0.5418502202643172,0.2834101382488479,0.3721633888048411,,,
P4,F1,svm,2,DE_to_FE,60,45,1860,1403,91,0.2696561813354492,54.84069149917309,0.5067712045616536,0.49389080083485287,0.501257227353503,3,0.5777777777777777,0.5695767195767195,45,0.5664335664335665,0.6532258064516129,0.6067415730337079,0.3782051282051282,0.3172043010752688,0.34502923976608185,0.5287009063444109,0.5311077389984825,0.5299015897047691,,,
P4,F1,svm,2,FE_to_DE,45,60,1403,1860,91,0.291140079498291,62.63397073233,0.3650537634408602,0.3648287707939353,0.3660492391938159,3,0.36666666666666664,0.3655132125189549,60,0.25817555938037867,0.6048387096774194,0.3618817852834741,0.5469387755102041,0.2701612903225806,0.3616734143049933,0.5408388520971302,0.28225806451612906,0.3709311127933384,,,
P4,F1,rf,0,DE_to_FE,60,45,1860,1403,91,2.108407974243164,18.362309026956048,0.30933713471133284,0.2474784851573393,0.280141144109296,3,0.28888888888888886,0.23249299719887953,45,0.23038229376257546,0.6155913978494624,0.33528550512445093,0.0,0.0,0.0,0.5890804597701149,0.3110773899848255,0.407149950347567,,,
P4,F1,rf,0,FE_to_DE,45,60,1403,1860,91,2.1419050693511963,16.19413334836242,0.5870967741935483,0.4656555352392231,0.5202570135116217,3,0.6166666666666667,0.4803743961352657,60,0.6390134529147982,0.5745967741935484,0.6050955414012739,0.11888111888111888,0.034274193548387094,0.053208137715179966,0.6215578284815106,0.9101382488479263,0.7386629266012156,,,
P4,F1,rf,1,DE_to_FE,60,45,1860,1403,91,2.108776330947876,18.201890538950433,0.3178902352102637,0.25422415286035904,0.28934403393919783,3,0.26666666666666666,0.21423537702607467,45,0.23178137651821862,0.6155913978494624,0.33676470588235297,0.0,0.0,0.0,0.6027777777777777,0.3292867981790592,0.4259077526987242,,,
P4,F1,rf,1,FE_to_DE,45,60,1403,1860,91,2.1418423652648926,16.572142160066996,0.603763440860215,0.4710937338458494,0.5305494056813306,3,0.6333333333333333,0.4830917874396135,60,0.6131868131868132,0.5625,0.5867507886435331,0.14634146341463414,0.036290322580645164,0.05815831987075929,0.6443057722308893,0.9516129032258065,0.7683720930232558,,,
P4,F1,rf,2,DE_to_FE,60,45,1860,1403,91,2.1492486000061035,18.368256746320665,0.3285816108339273,0.262634247500547,0.30199859352214287,3,0.28888888888888886,0.23249299719887953,45,0.2303719008264463,0.5994623655913979,0.3328358208955224,0.0,0.0,0.0,0.6149870801033591,0.3611532625189681,0.45506692160611856,,,
P4,F1,rf,2,FE_to_DE,45,60,1403,1860,91,2.1321511268615723,22.057948573943104,0.5881720430107527,0.45711592601553086,0.5140176605003549,3,0.6166666666666667,0.46857489020142357,60,0.6187214611872146,0.5463709677419355,0.5802997858672377,0.13513513513513514,0.03024193548387097,0.04942339373970346,0.6163234172387491,0.9308755760368663,0.7416245984396512,,,
P4,F1,hgb,0,DE_to_FE,60,45,1860,1403,91,1.785167932510376,42.75254666252979,0.26300784034212404,0.14411247803163443,0.1146325912211718,3,0.26666666666666666,0.14545454545454545,45,0.27640449438202247,0.9919354838709677,0.43233743409490333,0.0,0.0,0.0,0.0,0.0,0.0,,,
P4,F1,hgb,0,FE_to_DE,45,60,1403,1860,91,2.0604214668273926,44.63580346876575,0.4403225806451613,0.40230895596989963,0.41652172098893747,3,0.4,0.3675849731663685,60,0.4588235294117647,0.7076612903225806,0.5567010309278351,0.2490842490842491,0.13709677419354838,0.17685305591677503,0.48661800486618007,0.4608294930875576,0.47337278106508873,,,
P4,F1,hgb,1,DE_to_FE,60,45,1860,1403,91,1.7194504737854004,41.72698990923119,0.26300784034212404,0.14411247803163443,0.1146325912211718,3,0.26666666666666666,0.14545454545454545,45,0.27640449438202247,0.9919354838709677,0.43233743409490333,0.0,0.0,0.0,0.0,0.0,0.0,,,
P4,F1,hgb,1,FE_to_DE,45,60,1403,1860,91,1.8950588703155518,44.10295076267694,0.4403225806451613,0.40230895596989963,0.41652172098893747,3,0.4,0.3675849731663685,60,0.4588235294117647,0.7076612903225806,0.5567010309278351,0.2490842490842491,0.13709677419354838,0.17685305591677503,0.48661800486618007,0.4608294930875576,0.47337278106508873,,,
P4,F1,hgb,2,DE_to_FE,60,45,1860,1403,91,1.7171909809112549,41.16518533153357,0.26300784034212404,0.14411247803163443,0.1146325912211718,3,0.26666666666666666,0.14545454545454545,45,0.27640449438202247,0.9919354838709677,0.43233743409490333,0.0,0.0,0.0,0.0,0.0,0.0,,,
P4,F1,hgb,2,FE_to_DE,45,60,1403,1860,91,1.8943421840667725,44.32867932063277,0.4403225806451613,0.40230895596989963,0.41652172098893747,3,0.4,0.3675849731663685,60,0.4588235294117647,0.7076612903225806,0.5567010309278351,0.2490842490842491,0.13709677419354838,0.17685305591677503,0.48661800486618007,0.4608294930875576,0.47337278106508873,,,
P4,F2,lr,0,DE_to_FE,60,45,1860,1403,49,0.2904362678527832,0.3624710115635301,0.40413399857448323,0.42524489411646865,0.3899794565086582,3,0.5333333333333333,0.5565684899485741,45,0.675,0.5806451612903226,0.6242774566473989,0.2947232947232947,0.6155913978494624,0.39860748476936464,0.39869281045751637,0.18512898330804248,0.2528497409326425,,,
P4,F2,lr,0,FE_to_DE,45,60,1403,1860,49,0.18570303916931152,0.3158405262936828,0.2731182795698925,0.26679851658311715,0.2726892594294919,3,0.25,0.23801966534414354,60,0.28091872791519434,0.32056451612903225,0.2994350282485876,0.2079002079002079,0.20161290322580644,0.2047082906857728,0.3062730627306273,0.2868663594470046,0.2962522308149911,,,
P4,F2,lr,1,DE_to_FE,60,45,1860,1403,49,0.3513975143432617,0.38150371353029777,0.40413399857448323,0.42524489411646865,0.3899794565086582,3,0.5333333333333333,0.5565684899485741,45,0.675,0.5806451612903226,0.6242774566473989,0.2947232947232947,0.6155913978494624,0.39860748476936464,0.39869281045751637,0.18512898330804248,0.2528497409326425,,,
P4,F2,lr,1,FE_to_DE,45,60,1403,1860,49,0.1968679428100586,0.3307096419795867,0.2731182795698925,0.26679851658311715,0.2726892594294919,3,0.25,0.23801966534414354,60,0.28091872791519434,0.32056451612903225,0.2994350282485876,0.2079002079002079,0.20161290322580644,0.2047082906857728,0.3062730627306273,0.2868663594470046,0.2962522308149911,,,
P4,F2,lr,2,DE_to_FE,60,45,1860,1403,49,0.3004732131958008,0.38473247547108874,0.40413399857448323,0.42524489411646865,0.3899794565086582,3,0.5333333333333333,0.5565684899485741,45,0.675,0.5806451612903226,0.6242774566473989,0.2947232947232947,0.6155913978494624,0.39860748476936464,0.39869281045751637,0.18512898330804248,0.2528497409326425,,,
P4,F2,lr,2,FE_to_DE,45,60,1403,1860,49,0.1879260540008545,0.316481436452558,0.2731182795698925,0.26679851658311715,0.2726892594294919,3,0.25,0.23801966534414354,60,0.28091872791519434,0.32056451612903225,0.2994350282485876,0.2079002079002079,0.20161290322580644,0.2047082906857728,0.3062730627306273,0.2868663594470046,0.2962522308149911,,,
P4,F2,svm,0,DE_to_FE,60,45,1860,1403,49,0.45925235748291016,85.42165531911598,0.3649322879543835,0.37960883025257175,0.3171256934832526,3,0.4666666666666667,0.48,45,0.6988235294117647,0.7983870967741935,0.7452948557089084,0.2364341085271318,0.49193548387096775,0.3193717277486911,0.1568627450980392,0.048558421851289835,0.07415990730011587,,,
P4,F2,svm,0,FE_to_DE,45,60,1403,1860,49,0.26964306831359863,74.50836960987378,0.3424731182795699,0.2840255196098088,0.31648006115187205,3,0.31666666666666665,0.2511166253101737,60,0.3724770642201835,0.4092741935483871,0.3900096061479347,0.022641509433962263,0.012096774193548387,0.01576872536136662,0.4076190476190476,0.4930875576036866,0.44629822732012514,,,
P4,F2,svm,1,DE_to_FE,60,45,1860,1403,49,0.46698927879333496,85.43049193074341,0.36635780470420526,0.3785427265843065,0.31576962304631645,3,0.4666666666666667,0.4711111111111112,45,0.6862302483069977,0.8172043010752689,0.7460122699386503,0.23740053050397877,0.48118279569892475,0.31793960923623443,0.15048543689320387,0.04704097116843703,0.07167630057803469,,,
P4,F2,svm,1,FE_to_DE,45,60,1403,1860,49,0.26422905921936035,73.49252700805664,0.34086021505376346,0.2828876793924988,0.31503665708393647,3,0.31666666666666665,0.2511166253101737,60,0.3711151736745887,0.4092741935483871,0.38926174496644295,0.022641509433962263,0.012096774193548387,0.01576872536136662,0.40553435114503816,0.48963133640552997,0.44363256784968685,,,
P4,F2,svm,2,DE_to_FE,60,45,1860,1403,49,0.4713747501373291,85.00395548488103,0.3670705630791162,0.3808389826885879,0.31856016806242,3,0.4666666666666667,0.48,45,0.6944444444444444,0.8064516129032258,0.746268656716418,0.23759791122715404,0.489247311827957,0.31985940246045697,0.16097560975609757,0.05007587253414264,0.0763888888888889,,,
P4,F2,svm,2,FE_to_DE,45,60,1403,1860,49,0.2738974094390869,70.54510936942151,0.3424731182795699,0.283907672567664,0.31638578351815627,3,0.31666666666666665,0.2511166253101737,60,0.3717948717948718,0.4092741935483871,0.3896353166986564,0.022727272727272728,0.012096774193548387,0.015789473684210527,0.4076190476190476,0.4930875576036866,0.44629822732012514,,,
P4,F2,rf,0,DE_to_FE,60,45,1860,1403,49,2.2210159301757812,23.31030173379867,0.4354953670705631,0.33414830526223255,0.38412074453558953,3,0.4888888888888889,0.3729789590254706,45,0.31285714285714283,0.5887096774193549,0.4085820895522388,0.17647058823529413,0.008064516129032258,0.015424164524421594,0.5670553935860059,0.590288315629742,0.5784386617100372,,,
P4,F2,rf,0,FE_to_DE,45,60,1403,1860,49,1.8713955879211426,25.416958716607862,0.5064516129032258,0.37177177177177173,0.43075075075075075,3,0.48333333333333334,0.3434343434343434,60,0.680327868852459,0.3346774193548387,0.4486486486486487,0.0,0.0,0.0,0.5315068493150685,0.8940092165898618,0.6666666666666666,,,
P4,F2,rf,1,DE_to_FE,60,45,1860,1403,49,2.214397668838501,31.57321334479965,0.4276550249465431,0.32584396724942316,0.3752411618335526,3,0.4222222222222222,0.3245614035087719,45,0.3103448275862069,0.6048387096774194,0.41020966271649956,0.0,0.0,0.0,0.5656108597285068,0.5690440060698028,0.56732223903177,,,
P4,F2,rf,1,FE_to_DE,45,60,1403,1860,49,1.8955941200256348,17.7314204554404,0.524731182795699,0.37657763934448846,0.43940381703350345,3,0.5,0.3492822966507177,60,0.6694214876033058,0.32661290322580644,0.43902439024390244,0.0,0.0,0.0,0.5466756212222968,0.9377880184331797,0.690708527789563,,,
P4,F2,rf,2,DE_to_FE,60,45,1860,1403,49,2.2089641094207764,30.246022252295585,0.43193157519600855,0.32857236261100103,0.37869021545936765,3,0.4444444444444444,0.3410239507800483,45,0.3132867132867133,0.6021505376344086,0.41214351425942963,0.0,0.0,0.0,0.5676077265973254,0.5796661608497724,0.5735735735735735,,,
P4,F2,rf,2,FE_to_DE,45,60,1403,1860,49,1.9178252220153809,17.850501562959405,0.5274193548387097,0.37698392261001956,0.43974447927438504,3,0.5166666666666667,0.35198135198135194,60,0.6926406926406926,0.3225806451612903,0.4401650618982118,0.0,0.0,0.0,0.5440689198144466,0.945852534562212,0.6907867059318469,,,
P4,F2,hgb,0,DE_to_FE,60,45,1860,1403,49,1.4107584953308105,57.95083892234971,0.41625089094796863,0.3316345979125411,0.3724376682758161,3,0.4888888888888889,0.3801801801801801,45,0.3401920438957476,0.6666666666666666,0.45049954586739327,0.0379746835443038,0.008064516129032258,0.013303769401330377,0.5596638655462185,0.5053110773899848,0.5311004784688995,,,
P4,F2,hgb,0,FE_to_DE,45,60,1403,1860,49,1.4504311084747314,57.14188339889691,0.3301075268817204,0.27553465220069945,0.3091743884272262,3,0.3,0.23143683702989393,60,0.30689655172413793,0.3588709677419355,0.3308550185873606,0.07326007326007326,0.04032258064516129,0.05201560468140442,0.4131082423038729,0.4792626728110599,0.4437333333333333,,,
P4,F2,hgb,1,DE_to_FE,60,45,1860,1403,49,1.4568982124328613,61.91898734758177,0.41625089094796863,0.3316345979125411,0.3724376682758161,3,0.4888888888888889,0.3801801801801801,45,0.3401920438957476,0.6666666666666666,0.45049954586739327,0.0379746835443038,0.008064516129032258,0.013303769401330377,0.5596638655462185,0.5053110773899848,0.5311004784688995,,,
P4,F2,hgb,1,FE_to_DE,45,60,1403,1860,49,1.4420647621154785,56.694143561906714,0.3301075268817204,0.27553465220069945,0.3091743884272262,3,0.3,0.23143683702989393,60,0.30689655172413793,0.3588709677419355,0.3308550185873606,0.07326007326007326,0.04032258064516129,0.05201560468140442,0.4131082423038729,0.4792626728110599,0.4437333333333333,,,
P4,F2,hgb,2,DE_to_FE,60,45,1860,1403,49,1.4490323066711426,61.1447642211479,0.41625089094796863,0.3316345979125411,0.3724376682758161,3,0.4888888888888889,0.3801801801801801,45,0.3401920438957476,0.6666666666666666,0.45049954586739327,0.0379746835443038,0.008064516129032258,0.013303769401330377,0.5596638655462185,0.5053110773899848,0.5311004784688995,,,
P4,F2,hgb,2,FE_to_DE,45,60,1403,1860,49,1.4104783535003662,62.60038704000494,0.3301075268817204,0.27553465220069945,0.3091743884272262,3,0.3,0.23143683702989393,60,0.30689655172413793,0.3588709677419355,0.3308550185873606,0.07326007326007326,0.04032258064516129,0.05201560468140442,0.4131082423038729,0.4792626728110599,0.4437333333333333,,,
P4,F3,lr,0,DE_to_FE,60,45,1860,1403,57,0.4647560119628906,0.3818435832082758,0.3827512473271561,0.3676032007565962,0.32984534818478073,3,0.5111111111111111,0.49444444444444446,45,0.43283582089552236,0.7016129032258065,0.5353846153846153,0.2936170212765957,0.5564516129032258,0.38440111420612816,0.7263157894736842,0.1047040971168437,0.1830238726790451,,,
P4,F3,lr,0,FE_to_DE,45,60,1403,1860,57,0.21204924583435059,0.34224602483933975,0.3263440860215054,0.35188158068555847,0.34686474167262976,3,0.31666666666666665,0.35440452984312637,60,0.7368421052631579,0.5645161290322581,0.639269406392694,0.07819548872180451,0.10483870967741936,0.08957795004306632,0.3374233128834356,0.31682027649769584,0.32679738562091504,,,
P4,F3,lr,1,DE_to_FE,60,45,1860,1403,57,0.404979944229126,0.38932071612379165,0.3827512473271561,0.3676032007565962,0.32984534818478073,3,0.5111111111111111,0.49444444444444446,45,0.43283582089552236,0.7016129032258065,0.5353846153846153,0.2936170212765957,0.5564516129032258,0.38440111420612816,0.7263157894736842,0.1047040971168437,0.1830238726790451,,,
P4,F3,lr,1,FE_to_DE,45,60,1403,1860,57,0.22161483764648438,0.5095235763057585,0.3263440860215054,0.35188158068555847,0.34686474167262976,3,0.31666666666666665,0.35440452984312637,60,0.7368421052631579,0.5645161290322581,0.639269406392694,0.07819548872180451,0.10483870967741936,0.08957795004306632,0.3374233128834356,0.31682027649769584,0.32679738562091504,,,
P4,F3,lr,2,DE_to_FE,60,45,1860,1403,57,0.3790171146392822,0.39509850064941754,0.3827512473271561,0.3676032007565962,0.32984534818478073,3,0.5111111111111111,0.49444444444444446,45,0.43283582089552236,0.7016129032258065,0.5353846153846153,0.2936170212765957,0.5564516129032258,0.38440111420612816,0.7263157894736842,0.1047040971168437,0.1830238726790451,,,
P4,F3,lr,2,FE_to_DE,45,60,1403,1860,57,0.21850013732910156,0.5575918382213961,0.3263440860215054,0.35188158068555847,0.34686474167262976,3,0.31666666666666665,0.35440452984312637,60,0.7368421052631579,0.5645161290322581,0.639269406392694,0.07819548872180451,0.10483870967741936,0.08957795004306632,0.3374233128834356,0.31682027649769584,0.32679738562091504,,,
P4,F3,svm,0,DE_to_FE,60,45,1860,1403,57,0.37260937690734863,65.80556705009911,0.44975053456878117,0.46768701084937064,0.4303361356210721,3,0.4666666666666667,0.49088803088803085,45,0.6926829268292682,0.7634408602150538,0.7263427109974424,0.29614325068870523,0.5779569892473119,0.39162112932604737,0.4943820224719101,0.20030349013657056,0.28509719222462204,,,
P4,F3,svm,0,FE_to_DE,45,60,1403,1860,57,0.28373098373413086,68.27000648744645,0.4989247311827957,0.42890794754134703,0.46196560262082514,3,0.55,0.45987654320987653,60,0.8109756097560976,0.5362903225806451,0.6456310679611651,0.07423580786026202,0.034274193548387094,0.04689655172413793,0.4950115118956255,0.7430875576036866,0.5941962229387379,,,
P4,F3,svm,1,DE_to_FE,60,45,1860,1403,57,0.3500699996948242,66.92781672678245,0.45830363506771205,0.4733559054619973,0.4345288513003398,3,0.4666666666666667,0.4831094831094831,45,0.6836027713625866,0.7956989247311828,0.7354037267080745,0.30638297872340425,0.5806451612903226,0.4011142061281337,0.49433962264150944,0.19878603945371776,0.28354978354978355,,,
P4,F3,svm,1,FE_to_DE,45,60,1403,1860,57,0.280961275100708,67.32671491561396,0.5,0.4301836950204967,0.4630957803594126,3,0.55,0.45987654320987653,60,0.8121212121212121,0.5403225806451613,0.648910411622276,0.07423580786026202,0.034274193548387094,0.04689655172413793,0.4957724827056111,0.7430875576036866,0.5947441217150761,,,
P4,F3,svm,2,DE_to_FE,60,45,1860,1403,57,0.3480360507965088,68.15593580815593,0.44689950106913756,0.4652212626106718,0.4283747849194414,3,0.4444444444444444,0.47201336675020883,45,0.691358024691358,0.7526881720430108,0.7207207207207207,0.29411764705882354,0.5779569892473119,0.3898458748866727,0.4943820224719101,0.20030349013657056,0.28509719222462204,,,
P4,F3,svm,2,FE_to_DE,45,60,1403,1860,57,0.2735464572906494,68.59610157628212,0.5,0.42994373447519285,0.46290381192316954,3,0.55,0.45987654320987653,60,0.8096676737160121,0.5403225806451613,0.6481257557436517,0.07456140350877193,0.034274193548387094,0.04696132596685083,0.4957724827056111,0.7430875576036866,0.5947441217150761,,,
P4,F3,rf,0,DE_to_FE,60,45,1860,1403,57,2.0659091472625732,24.69578047607596,0.4568781183178902,0.39589977767687046,0.42846217776603546,3,0.4222222222222222,0.3253968253968254,45,0.3448275862068966,0.7526881720430108,0.47297297297297297,0.45569620253164556,0.0967741935483871,0.15964523281596452,0.634765625,0.4931714719271624,0.5550811272416738,,,
P4,F3,rf,0,FE_to_DE,45,60,1403,1860,57,2.0618956089019775,19.820915755405224,0.5908602150537634,0.5260302326295324,0.5606152592280323,3,0.6333333333333333,0.5668514570007107,60,0.752112676056338,0.5383064516129032,0.627497062279671,0.3595505617977528,0.1935483870967742,0.2516382699868938,0.5945072697899838,0.847926267281106,0.6989553656220323,,,
P4,F3,rf,1,DE_to_FE,60,45,1860,1403,57,2.042769432067871,27.09220157549879,0.46186742694226657,0.3964768666191372,0.4311883787418125,3,0.4222222222222222,0.32476378817842233,45,0.34974747474747475,0.7446236559139785,0.47594501718213056,0.4342105263157895,0.08870967741935484,0.14732142857142858,0.6317757009345795,0.5128983308042488,0.5661641541038526,,,
P4,F3,rf,1,FE_to_DE,45,60,1403,1860,57,2.0667433738708496,19.193336527834656,0.5951612903225807,0.525860429047802,0.5610856942316191,3,0.6333333333333333,0.5463203463203463,60,0.7621621621621621,0.5685483870967742,0.651270207852194,0.3401639344262295,0.16733870967741934,0.22432432432432434,0.5955056179775281,0.8548387096774194,0.7019867549668874,,,
P4,F3,rf,2,DE_to_FE,60,45,1860,1403,57,2.094820976257324,24.7075059799662,0.466143977191732,0.40374455710399376,0.4364241366066226,3,0.4444444444444444,0.3801108801108801,45,0.35471698113207545,0.7580645161290323,0.4832904884318766,0.47435897435897434,0.09946236559139784,0.16444444444444445,0.6320754716981132,0.5083459787556904,0.5634987384356602,,,
P4,F3,rf,2,FE_to_DE,45,60,1403,1860,57,2.047868251800537,19.25306935464182,0.5908602150537634,0.5253249234238138,0.5598969970007511,3,0.6333333333333333,0.5702020202020202,60,0.7547169811320755,0.5645161290322581,0.6459054209919262,0.33460076045627374,0.1774193548387097,0.2318840579710145,0.5962479608482871,0.8421658986175116,0.6981852913085005,,,
P4,F3,hgb,0,DE_to_FE,60,45,1860,1403,57,1.6712150573730469,58.631427952500644,0.49679258731290094,0.48671137271389536,0.4882023463640108,3,0.5111111111111111,0.49131241565452094,45,0.4031413612565445,0.8279569892473119,0.5422535211267606,0.47651006711409394,0.3817204301075269,0.42388059701492536,0.7243401759530792,0.37481031866464337,0.494,,,
P4,F3,hgb,0,FE_to_DE,45,60,1403,1860,57,1.6998329162597656,57.793560848441174,0.4913978494623656,0.507629155249519,0.4807868685034126,3,0.5166666666666667,0.5377910513799016,60,0.7238095238095238,0.6129032258064516,0.6637554585152838,0.35823754789272033,0.7540322580645161,0.4857142857142857,0.5959595959595959,0.271889400921659,0.37341772151898733,,,
P4,F3,hgb,1,DE_to_FE,60,45,1860,1403,57,1.738640308380127,66.08035168474433,0.49679258731290094,0.48671137271389536,0.4882023463640108,3,0.5111111111111111,0.49131241565452094,45,0.4031413612565445,0.8279569892473119,0.5422535211267606,0.47651006711409394,0.3817204301075269,0.42388059701492536,0.7243401759530792,0.37481031866464337,0.494,,,
P4,F3,hgb,1,FE_to_DE,45,60,1403,1860,57,1.7059082984924316,55.14826825869981,0.4913978494623656,0.507629155249519,0.4807868685034126,3,0.5166666666666667,0.5377910513799016,60,0.7238095238095238,0.6129032258064516,0.6637554585152838,0.35823754789272033,0.7540322580645161,0.4857142857142857,0.5959595959595959,0.271889400921659,0.37341772151898733,,,
P4,F3,hgb,2,DE_to_FE,60,45,1860,1403,57,1.7301640510559082,60.093717242000956,0.49679258731290094,0.48671137271389536,0.4882023463640108,3,0.5111111111111111,0.49131241565452094,45,0.4031413612565445,0.8279569892473119,0.5422535211267606,0.47651006711409394,0.3817204301075269,0.42388059701492536,0.7243401759530792,0.37481031866464337,0.494,,,
P4,F3,hgb,2,FE_to_DE,45,60,1403,1860,57,1.6946239471435547,57.85278094712124,0.4913978494623656,0.507629155249519,0.4807868685034126,3,0.5166666666666667,0.5377910513799016,60,0.7238095238095238,0.6129032258064516,0.6637554585152838,0.35823754789272033,0.7540322580645161,0.4857142857142857,0.5959595959595959,0.271889400921659,0.37341772151898733,,,
P4,F6,lr,0,DE_to_FE,60,45,1860,1403,18,0.03346753120422363,0.35193505154621235,0.40769779044903776,0.3121054768758918,0.3299438830656582,3,0.4222222222222222,0.3236842105263158,45,0.37973273942093544,0.9166666666666666,0.537007874015748,0.0,0.0,0.0,0.463855421686747,0.3505311077389985,0.3993085566119274,,,
P4,F6,lr,0,FE_to_DE,45,60,1403,1860,18,0.0294191837310791,0.3636524241457703,0.26021505376344084,0.24158222169765212,0.24294932166191918,3,0.23333333333333334,0.21684981684981686,60,0.22916666666666666,0.532258064516129,0.32038834951456313,0.20192307692307693,0.12701612903225806,0.15594059405940594,0.39646464646464646,0.18087557603686635,0.24841772151898733,,,
P4,F6,lr,1,DE_to_FE,60,45,1860,1403,18,0.03238725662231445,0.3057127753412052,0.40769779044903776,0.3121054768758918,0.3299438830656582,3,0.4222222222222222,0.3236842105263158,45,0.37973273942093544,0.9166666666666666,0.537007874015748,0.0,0.0,0.0,0.463855421686747,0.3505311077389985,0.3993085566119274,,,
P4,F6,lr,1,FE_to_DE,45,60,1403,1860,18,0.024621009826660156,0.2635422573294691,0.26021505376344084,0.24158222169765212,0.24294932166191918,3,0.23333333333333334,0.21684981684981686,60,0.22916666666666666,0.532258064516129,0.32038834951456313,0.20192307692307693,0.12701612903225806,0.15594059405940594,0.39646464646464646,0.18087557603686635,0.24841772151898733,,,
P4,F6,lr,2,DE_to_FE,60,45,1860,1403,18,0.03429222106933594,0.3136997127736881,0.40769779044903776,0.3121054768758918,0.3299438830656582,3,0.4222222222222222,0.3236842105263158,45,0.37973273942093544,0.9166666666666666,0.537007874015748,0.0,0.0,0.0,0.463855421686747,0.3505311077389985,0.3993085566119274,,,
P4,F6,lr,2,FE_to_DE,45,60,1403,1860,18,0.02406144142150879,0.25546678932764194,0.26021505376344084,0.24158222169765212,0.24294932166191918,3,0.23333333333333334,0.21684981684981686,60,0.22916666666666666,0.532258064516129,0.32038834951456313,0.20192307692307693,0.12701612903225806,0.15594059405940594,0.39646464646464646,0.18087557603686635,0.24841772151898733,,,
P4,F6,svm,0,DE_to_FE,60,45,1860,1403,18,0.3303823471069336,63.185171832888784,0.37562366357804705,0.29460566215051887,0.317942343199461,3,0.37777777777777777,0.29554263565891475,45,0.3282051282051282,0.8602150537634409,0.47512991833704527,0.0,0.0,0.0,0.5847457627118644,0.3141122913505311,0.40868706811451133,,,
P4,F6,svm,0,FE_to_DE,45,60,1403,1860,18,0.1514589786529541,39.77667900823777,0.22311827956989247,0.17529877141710729,0.18954057834979102,3,0.2,0.1558077623651394,60,0.1891506067094932,0.5342741935483871,0.27938850817079597,0.0,0.0,0.0,0.4297994269340974,0.1728110599078341,0.2465078060805259,,,
P4,F6,svm,1,DE_to_FE,60,45,1860,1403,18,0.3182675838470459,62.33804666052864,0.37633642195295797,0.2951826208008206,0.318971334329268,3,0.37777777777777777,0.2956989247311828,45,0.32719836400818,0.8602150537634409,0.4740740740740741,0.0,0.0,0.0,0.5909090909090909,0.3156297420333839,0.4114737883283877,,,
P4,F6,svm,1,FE_to_DE,45,60,1403,1860,18,0.17817330360412598,39.989332998952555,0.2172043010752688,0.16912991760221577,0.18107507836037962,3,0.2,0.1558077623651394,60,0.18811881188118812,0.5362903225806451,0.27853403141361255,0.0,0.0,0.0,0.40828402366863903,0.15898617511520738,0.22885572139303484,,,
P4,F6,svm,2,DE_to_FE,60,45,1860,1403,18,0.3209981918334961,63.6111984742342,0.3770491803278688,0.29570585077831457,0.3197086298855799,3,0.37777777777777777,0.2956989247311828,45,0.32719836400818,0.8602150537634409,0.4740740740740741,0.0,0.0,0.0,0.5920679886685553,0.3171471927162367,0.41304347826086957,,,
P4,F6,svm,2,FE_to_DE,45,60,1403,1860,18,0.15601253509521484,48.17683209655105,0.21989247311827956,0.17181118256171735,0.1846826372137009,3,0.2,0.1558077623651394,60,0.18878637331440737,0.5362903225806451,0.27926509186351706,0.0,0.0,0.0,0.41690962099125367,0.16474654377880185,0.236168455821635,,,
P4,F6,rf,0,DE_to_FE,60,45,1860,1403,18,1.4146809577941895,21.345685060246876,0.3592302209550962,0.27979955239855986,0.3343586155994976,3,0.3333333333333333,0.2631578947368421,45,0.212636695018226,0.47043010752688175,0.2928870292887029,0.0,0.0,0.0,0.6036697247706422,0.4992412746585736,0.5465116279069767,,,
P4,F6,rf,0,FE_to_DE,45,60,1403,1860,18,1.3457560539245605,16.536123009138212,0.2838709677419355,0.217969784106988,0.2633666529736638,3,0.26666666666666666,0.20606060606060606,60,0.16587677725118483,0.28225806451612906,0.208955223880597,0.0,0.0,0.0,0.4429223744292237,0.4470046082949309,0.44495412844036697,,,
P4,F6,rf,1,DE_to_FE,60,45,1860,1403,18,1.3596060276031494,25.5337291671307,0.36350677120456165,0.28164997642098255,0.3358577648341045,3,0.35555555555555557,0.27575348627980206,45,0.21782178217821782,0.4731182795698925,0.2983050847457627,0.0,0.0,0.0,0.5932504440497336,0.5068285280728376,0.546644844517185,,,
P4,F6,rf,1,FE_to_DE,45,60,1403,1860,18,1.3041291236877441,16.828378041585285,0.28763440860215056,0.22054033727855896,0.2665409033277071,3,0.26666666666666666,0.20606060606060606,60,0.16785714285714284,0.2842741935483871,0.21107784431137724,0.0,0.0,0.0,0.44721906923950056,0.4539170506912442,0.4505431675242996,,,
P4,F6,rf,2,DE_to_FE,60,45,1860,1403,18,1.4062559604644775,17.173444893389025,0.3549536707056308,0.27716975227578805,0.33050211405634006,3,0.3333333333333333,0.2631578947368421,45,0.21341463414634146,0.47043010752688175,0.2936241610738255,0.0,0.0,0.0,0.5959409594095941,0.49013657056145676,0.5378850957535387,,,
P4,F6,rf,2,FE_to_DE,45,60,1403,1860,18,1.3180413246154785,17.62913119408392,0.2887096774193548,0.22023417653891628,0.26497657889929443,3,0.26666666666666666,0.20384294068504594,60,0.17515527950310558,0.2842741935483871,0.2167563412759416,0.0,0.0,0.0,0.43231441048034935,0.45622119815668205,0.4439461883408072,,,
P4,F6,hgb,0,DE_to_FE,60,45,1860,1403,18,0.7103135585784912,49.4150119599324,0.3649322879543835,0.27890131465229057,0.3271147820349017,3,0.35555555555555557,0.26858185134518925,45,0.24346629986244842,0.47580645161290325,0.3221110100090992,0.0,0.0,0.0,0.52099533437014,0.5083459787556904,0.5145929339477726,,,
P4,F6,hgb,0,FE_to_DE,45,60,1403,1860,18,0.8936333656311035,61.118474570653774,0.28225806451612906,0.27979216094031084,0.3004484280840972,3,0.26666666666666666,0.26515151515151514,60,0.1630558722919042,0.28830645161290325,0.20830298616168974,0.24603174603174602,0.25,0.248,0.5386221294363257,0.29723502304147464,0.3830734966592428,,,
P4,F6,hgb,1,DE_to_FE,60,45,1860,1403,18,0.7000486850738525,51.619916495814635,0.3649322879543835,0.27890131465229057,0.3271147820349017,3,0.35555555555555557,0.26858185134518925,45,0.24346629986244842,0.47580645161290325,0.3221110100090992,0.0,0.0,0.0,0.52099533437014,0.5083459787556904,0.5145929339477726,,,
P4,F6,hgb,1,FE_to_DE,45,60,1403,1860,18,0.9404098987579346,61.38458046861874,0.28225806451612906,0.27979216094031084,0.3004484280840972,3,0.26666666666666666,0.26515151515151514,60,0.1630558722919042,0.28830645161290325,0.20830298616168974,0.24603174603174602,0.25,0.248,0.5386221294363257,0.29723502304147464,0.3830734966592428,,,
P4,F6,hgb,2,DE_to_FE,60,45,1860,1403,18,0.6831314563751221,50.04292118999675,0.3649322879543835,0.27890131465229057,0.3271147820349017,3,0.35555555555555557,0.26858185134518925,45,0.24346629986244842,0.47580645161290325,0.3221110100090992,0.0,0.0,0.0,0.52099533437014,0.5083459787556904,0.5145929339477726,,,
P4,F6,hgb,2,FE_to_DE,45,60,1403,1860,18,0.9270765781402588,64.1299832251764,0.28225806451612906,0.27979216094031084,0.3004484280840972,3,0.26666666666666666,0.26515151515151514,60,0.1630558722919042,0.28830645161290325,0.20830298616168974,0.24603174603174602,0.25,0.248,0.5386221294363257,0.29723502304147464,0.3830734966592428,,,
P4,F7,lr,0,DE_to_FE,60,45,1860,1403,16,0.02484869956970215,0.28905916112028357,0.2915181753385602,0.28007812670653415,0.2342709641243936,3,0.3111111111111111,0.2901960784313726,45,0.23902894491129786,0.6881720430107527,0.3548163548163548,0.5432098765432098,0.3548387096774194,0.4292682926829268,0.23595505617977527,0.03186646433990895,0.05614973262032086,,,
P4,F7,lr,0,FE_to_DE,45,60,1403,1860,16,0.013200759887695312,0.24354586037256384,0.18118279569892473,0.16706731177386447,0.14120101923041234,3,0.2,0.1869047619047619,60,0.21529411764705883,0.3689516129032258,0.27191679049034173,0.1471861471861472,0.27419354838709675,0.19154929577464788,0.20930232558139536,0.020737327188940093,0.03773584905660377,,,
P4,F7,lr,1,DE_to_FE,60,45,1860,1403,16,0.02442646026611328,0.3023140785614253,0.2915181753385602,0.28007812670653415,0.2342709641243936,3,0.3111111111111111,0.2901960784313726,45,0.23902894491129786,0.6881720430107527,0.3548163548163548,0.5432098765432098,0.3548387096774194,0.4292682926829268,0.23595505617977527,0.03186646433990895,0.05614973262032086,,,
P4,F7,lr,1,FE_to_DE,45,60,1403,1860,16,0.013046741485595703,0.25251860259681624,0.18118279569892473,0.16706731177386447,0.14120101923041234,3,0.2,0.1869047619047619,60,0.21529411764705883,0.3689516129032258,0.27191679049034173,0.1471861471861472,0.27419354838709675,0.19154929577464788,0.20930232558139536,0.020737327188940093,0.03773584905660377,,,
P4,F7,lr,2,DE_to_FE,60,45,1860,1403,16,0.02438044548034668,0.2914382488661295,0.2915181753385602,0.28007812670653415,0.2342709641243936,3,0.3111111111111111,0.2901960784313726,45,0.23902894491129786,0.6881720430107527,0.3548163548163548,0.5432098765432098,0.3548387096774194,0.4292682926829268,0.23595505617977527,0.03186646433990895,0.05614973262032086,,,
P4,F7,lr,2,FE_to_DE,45,60,1403,1860,16,0.013269424438476562,0.24123858380061325,0.18118279569892473,0.16706731177386447,0.14120101923041234,3,0.2,0.1869047619047619,60,0.21529411764705883,0.3689516129032258,0.27191679049034173,0.1471861471861472,0.27419354838709675,0.19154929577464788,0.20930232558139536,0.020737327188940093,0.03773584905660377,,,
P4,F7,svm,0,DE_to_FE,60,45,1860,1403,16,0.08333730697631836,12.085425879219473,0.29579472558802566,0.2565757584939964,0.2093578791298747,3,0.3333333333333333,0.29788838612368024,45,0.2602965403624382,0.8494623655913979,0.39848675914249687,0.6040268456375839,0.24193548387096775,0.345489443378119,0.225,0.013657056145675266,0.02575107296137339,,,
P4,F7,svm,0,FE_to_DE,45,60,1403,1860,16,0.16327261924743652,34.699388729628694,0.2032258064516129,0.15851014702682786,0.1439621137228268,3,0.18333333333333332,0.14285714285714285,60,0.19499679281590762,0.6129032258064516,0.2958637469586375,0.2097902097902098,0.06048387096774194,0.09389671361502347,0.27848101265822783,0.05069124423963134,0.08576998050682261,,,
P4,F7,svm,1,DE_to_FE,60,45,1860,1403,16,0.09833955764770508,12.274563355014227,0.2965074839629366,0.25859222291598327,0.21096185225527547,3,0.3333333333333333,0.29788838612368024,45,0.26061615320566195,0.8413978494623656,0.3979656706929434,0.5802469135802469,0.25268817204301075,0.352059925093633,0.225,0.013657056145675266,0.02575107296137339,,,
P4,F7,svm,1,FE_to_DE,45,60,1403,1860,16,0.17076778411865234,35.25057146626134,0.2075268817204301,0.16076430474427145,0.1453919316002952,3,0.2,0.15303784109754257,60,0.19936305732484078,0.6310483870967742,0.30300096805421106,0.22556390977443608,0.06048387096774194,0.09538950715421304,0.27388535031847133,0.04953917050691244,0.08390243902439025,,,
P4,F7,svm,2,DE_to_FE,60,45,1860,1403,16,0.08273530006408691,11.935713286070168,0.2965074839629366,0.2579132179814408,0.21043686099299375,3,0.3333333333333333,0.29788838612368024,45,0.2610508757297748,0.8413978494623656,0.39847231063017186,0.5662650602409639,0.25268817204301075,0.34944237918215615,0.23684210526315788,0.013657056145675266,0.02582496413199426,,,
P4,F7,svm,2,FE_to_DE,45,60,1403,1860,16,0.16188549995422363,33.72879438502814,0.20053763440860214,0.15717666593781304,0.14257107834711932,3,0.18333333333333332,0.14285714285714285,60,0.19253058596265293,0.6028225806451613,0.29184968277208395,0.20261437908496732,0.0625,0.09553158705701079,0.2792207792207792,0.04953917050691244,0.08414872798434442,,,
P4,F7,rf,0,DE_to_FE,60,45,1860,1403,16,1.1582462787628174,18.273093236486822,0.2074126870990734,0.11559539931759509,0.0925587350539993,3,0.2,0.1111111111111111,45,0.22053231939163498,0.7795698924731183,0.34380557202133966,0.0,0.0,0.0,0.08333333333333333,0.0015174506828528073,0.0029806259314456036,,,
P4,F7,rf,0,FE_to_DE,45,60,1403,1860,16,1.1553921699523926,16.878112669914,0.44516129032258067,0.436576732350078,0.45333218234023936,3,0.5,0.48886686254380685,60,0.2813793103448276,0.4112903225806452,0.33415233415233414,0.5941558441558441,0.3689516129032258,0.4552238805970149,0.5332527206771464,0.5080645161290323,0.5203539823008849,,,
P4,F7,rf,1,DE_to_FE,60,45,1860,1403,16,1.0927391052246094,18.137825104651583,0.21240199572344975,0.11862926756543778,0.09559086694707931,3,0.2,0.1111111111111111,45,0.22424242424242424,0.7956989247311828,0.34988179669030733,0.0,0.0,0.0,0.2857142857142857,0.0030349013657056147,0.006006006006006006,,,
P4,F7,rf,1,FE_to_DE,45,60,1403,1860,16,1.165982723236084,17.3499507288779,0.4596774193548387,0.4569810592854581,0.47275734298260474,3,0.5,0.5023300389338125,60,0.26783310901749663,0.4012096774193548,0.321226795803067,0.6845637583892618,0.4112903225806452,0.5138539042821159,0.5518925518925519,0.5207373271889401,0.5358624777711914,,,
P4,F7,rf,2,DE_to_FE,60,45,1860,1403,16,1.108635425567627,18.158557155008243,0.2052744119743407,0.1153353539131386,0.09295617894655607,3,0.2,0.1111111111111111,45,0.2183206106870229,0.7688172043010753,0.3400713436385256,0.0,0.0,0.0,0.13333333333333333,0.0030349013657056147,0.005934718100890208,,,
P4,F7,rf,2,FE_to_DE,45,60,1403,1860,16,1.195392370223999,17.120633074032362,0.43548387096774194,0.42463309260714466,0.4427260122739927,3,0.5,0.49153638814016176,60,0.27807486631016043,0.41935483870967744,0.33440514469453375,0.5738831615120275,0.33669354838709675,0.4243964421855146,0.5298416565164433,0.5011520737327189,0.5150976909413855,,,
P4,F7,hgb,0,DE_to_FE,60,45,1860,1403,16,0.5955479145050049,46.77201540913653,0.22594440484675696,0.12308289652494663,0.09790485568199603,3,0.24444444444444444,0.13095238095238096,45,0.23568773234200743,0.8521505376344086,0.36924868957483986,0.0,0.0,0.0,0.0,0.0,0.0,,,
P4,F7,hgb,0,FE_to_DE,45,60,1403,1860,16,0.724867582321167,52.87431901501071,0.3021505376344086,0.3119894603865698,0.2819518685594643,3,0.3333333333333333,0.3444444444444444,60,0.22080471050049066,0.4536290322580645,0.297029702970297,0.47058823529411764,0.4838709677419355,0.47713717693836977,0.2930513595166163,0.11175115207373272,0.16180150125104253,,,
P4,F7,hgb,1,DE_to_FE,60,45,1860,1403,16,0.59810471534729,46.58032891075695,0.22594440484675696,0.12308289652494663,0.09790485568199603,3,0.24444444444444444,0.13095238095238096,45,0.23568773234200743,0.8521505376344086,0.36924868957483986,0.0,0.0,0.0,0.0,0.0,0.0,,,
P4,F7,hgb,1,FE_to_DE,45,60,1403,1860,16,0.6786041259765625,52.536046633156396,0.3021505376344086,0.3119894603865698,0.2819518685594643,3,0.3333333333333333,0.3444444444444444,60,0.22080471050049066,0.4536290322580645,0.297029702970297,0.47058823529411764,0.4838709677419355,0.47713717693836977,0.2930513595166163,0.11175115207373272,0.16180150125104253,,,
P4,F7,hgb,2,DE_to_FE,60,45,1860,1403,16,0.5646882057189941,47.3841206991749,0.22594440484675696,0.12308289652494663,0.09790485568199603,3,0.24444444444444444,0.13095238095238096,45,0.23568773234200743,0.8521505376344086,0.36924868957483986,0.0,0.0,0.0,0.0,0.0,0.0,,,
P4,F7,hgb,2,FE_to_DE,45,60,1403,1860,16,0.7265017032623291,52.332749930761196,0.3021505376344086,0.3119894603865698,0.2819518685594643,3,0.3333333333333333,0.3444444444444444,60,0.22080471050049066,0.4536290322580645,0.297029702970297,0.47058823529411764,0.4838709677419355,0.47713717693836977,0.2930513595166163,0.11175115207373272,0.16180150125104253,,,
P5,F1,lr,0,fold0,43,13,646,211,91,0.03137326240539551,1.3966130984337974,0.7298578199052133,0.7434052262561954,0.7215761745646377,4,0.6923076923076923,0.7499999999999999,13,0.34210526315789475,0.28888888888888886,0.3132530120481928,1.0,1.0,1.0,0.6914893617021277,0.7222222222222222,0.7065217391304348,0.9117647058823529,1.0,0.9538461538461539
P5,F1,lr,0,fold1,43,13,646,211,91,0.04283905029296875,1.3446355882979117,0.8672985781990521,0.8513575540537939,0.8598419454684766,4,0.9230769230769231,0.9307692307692308,13,0.8666666666666667,0.5777777777777777,0.6933333333333334,0.9555555555555556,0.9555555555555556,0.9555555555555556,0.8165137614678899,0.9888888888888889,0.8944723618090452,0.9259259259259259,0.8064516129032258,0.8620689655172413
P5,F1,lr,0,fold2,45,11,693,164,91,0.057352542877197266,1.7721478532000285,0.676829268292683,0.5002043497299664,0.6294509258039596,4,0.6363636363636364,0.43333333333333335,11,0.625,0.6666666666666666,0.6451612903225806,0.32608695652173914,0.7894736842105263,0.46153846153846156,0.8837209302325582,0.9047619047619048,0.8941176470588236,0.0,0.0,0.0
P5,F1,lr,0,fold3,46,10,715,142,91,0.04982113838195801,3.8063022452341,0.8380281690140845,0.7970575441213025,0.8241861059471419,4,0.8,0.625,10,1.0,0.6,0.75,1.0,1.0,1.0,0.7325581395348837,1.0,0.8456375838926175,1.0,0.42105263157894735,0.5925925925925926
P5,F1,lr,0,fold4,47,9,728,129,91,0.05710291862487793,3.260235453760901,1.0,1.0,1.0,3,1.0,1.0,9,1.0,1.0,1.0,1.0,1.0,1.0,1.0,1.0,1.0,,,
P5,F1,lr,1,fold0,43,13,646,211,91,0.03126192092895508,1.3412457506803541,0.7298578199052133,0.7434052262561954,0.7215761745646377,4,0.6923076923076923,0.7499999999999999,13,0.34210526315789475,0.28888888888888886,0.3132530120481928,1.0,1.0,1.0,0.6914893617021277,0.7222222222222222,0.7065217391304348,0.9117647058823529,1.0,0.9538461538461539
P5,F1,lr,1,fold1,43,13,646,211,91,0.04140114784240723,1.5299467113910692,0.8672985781990521,0.8513575540537939,0.8598419454684766,4,0.9230769230769231,0.9307692307692308,13,0.8666666666666667,0.5777777777777777,0.6933333333333334,0.9555555555555556,0.9555555555555556,0.9555555555555556,0.8165137614678899,0.9888888888888889,0.8944723618090452,0.9259259259259259,0.8064516129032258,0.8620689655172413
P5,F1,lr,1,fold2,45,11,693,164,91,0.05440068244934082,1.7619714504334985,0.676829268292683,0.5002043497299664,0.6294509258039596,4,0.6363636363636364,0.43333333333333335,11,0.625,0.6666666666666666,0.6451612903225806,0.32608695652173914,0.7894736842105263,0.46153846153846156,0.8837209302325582,0.9047619047619048,0.8941176470588236,0.0,0.0,0.0
P5,F1,lr,1,fold3,46,10,715,142,91,0.05443930625915527,2.1743102812431228,0.8380281690140845,0.7970575441213025,0.8241861059471419,4,0.8,0.625,10,1.0,0.6,0.75,1.0,1.0,1.0,0.7325581395348837,1.0,0.8456375838926175,1.0,0.42105263157894735,0.5925925925925926
P5,F1,lr,1,fold4,47,9,728,129,91,0.06880640983581543,2.9497368391170062,1.0,1.0,1.0,3,1.0,1.0,9,1.0,1.0,1.0,1.0,1.0,1.0,1.0,1.0,1.0,,,
P5,F1,lr,2,fold0,43,13,646,211,91,0.03241729736328125,1.6463311362605524,0.7298578199052133,0.7434052262561954,0.7215761745646377,4,0.6923076923076923,0.7499999999999999,13,0.34210526315789475,0.28888888888888886,0.3132530120481928,1.0,1.0,1.0,0.6914893617021277,0.7222222222222222,0.7065217391304348,0.9117647058823529,1.0,0.9538461538461539
P5,F1,lr,2,fold1,43,13,646,211,91,0.0410008430480957,1.3152569956124112,0.8672985781990521,0.8513575540537939,0.8598419454684766,4,0.9230769230769231,0.9307692307692308,13,0.8666666666666667,0.5777777777777777,0.6933333333333334,0.9555555555555556,0.9555555555555556,0.9555555555555556,0.8165137614678899,0.9888888888888889,0.8944723618090452,0.9259259259259259,0.8064516129032258,0.8620689655172413
P5,F1,lr,2,fold2,45,11,693,164,91,0.05895805358886719,1.6965517183629477,0.676829268292683,0.5002043497299664,0.6294509258039596,4,0.6363636363636364,0.43333333333333335,11,0.625,0.6666666666666666,0.6451612903225806,0.32608695652173914,0.7894736842105263,0.46153846153846156,0.8837209302325582,0.9047619047619048,0.8941176470588236,0.0,0.0,0.0
P5,F1,lr,2,fold3,46,10,715,142,91,0.05167841911315918,1.9325336939852003,0.8380281690140845,0.7970575441213025,0.8241861059471419,4,0.8,0.625,10,1.0,0.6,0.75,1.0,1.0,1.0,0.7325581395348837,1.0,0.8456375838926175,1.0,0.42105263157894735,0.5925925925925926
P5,F1,lr,2,fold4,47,9,728,129,91,0.04985523223876953,1.990517904592115,1.0,1.0,1.0,3,1.0,1.0,9,1.0,1.0,1.0,1.0,1.0,1.0,1.0,1.0,1.0,,,
P5,F1,svm,0,fold0,43,13,646,211,91,0.05720686912536621,31.261082509117667,0.7345971563981043,0.7367682809959064,0.7366368093935547,4,0.6923076923076923,0.6818181818181819,13,0.3877551020408163,0.4222222222222222,0.40425531914893614,0.9772727272727273,0.9555555555555556,0.9662921348314607,0.8493150684931506,0.6888888888888889,0.7607361963190185,0.6888888888888889,1.0,0.8157894736842105
P5,F1,svm,0,fold1,43,13,646,211,91,0.04773378372192383,26.17519613690851,0.6777251184834123,0.5212520458453513,0.6375776580099665,4,0.7692307692307693,0.5736263736263736,13,0.3424657534246575,0.5555555555555556,0.423728813559322,0.9655172413793104,0.6222222222222222,0.7567567567567568,0.8256880733944955,1.0,0.9045226130653267,0.0,0.0,0.0
P5,F1,svm,0,fold2,45,11,693,164,91,0.0690615177154541,36.55363873737615,0.8658536585365854,0.8713750981062969,0.8720956486697546,4,0.8181818181818182,0.8106060606060606,11,0.6136363636363636,0.9,0.7297297297297297,1.0,0.7894736842105263,0.8823529411764706,0.9324324324324325,0.8214285714285714,0.8734177215189873,1.0,1.0,1.0
P5,F1,svm,0,fold3,46,10,715,142,91,0.07537674903869629,46.50841296558649,0.8169014084507042,0.8399513342004088,0.8181133983284272,4,0.8,0.825,10,0.59375,0.6333333333333333,0.6129032258064516,0.967741935483871,1.0,0.9836065573770492,0.8032786885245902,0.7777777777777778,0.7903225806451613,1.0,0.9473684210526315,0.972972972972973
P5,F1,svm,0,fold4,47,9,728,129,91,0.07518386840820312,37.6239303470582,0.9844961240310077,0.983743842364532,0.984339557795853,3,1.0,1.0,9,1.0,0.9333333333333333,0.9655172413793104,1.0,1.0,1.0,0.971830985915493,1.0,0.9857142857142858,,,
P5,F1,svm,1,fold0,43,13,646,211,91,0.08063936233520508,44.14359540170968,0.7251184834123223,0.7257904943555318,0.7253052993867231,4,0.6923076923076923,0.6818181818181819,13,0.3617021276595745,0.37777777777777777,0.3695652173913043,0.9772727272727273,0.9555555555555556,0.9662921348314607,0.8266666666666667,0.6888888888888889,0.7515151515151515,0.6888888888888889,1.0,0.8157894736842105
P5,F1,svm,1,fold1,43,13,646,211,91,0.04685211181640625,25.981975392707717,0.6777251184834123,0.5212520458453513,0.6375776580099665,4,0.7692307692307693,0.5736263736263736,13,0.3424657534246575,0.5555555555555556,0.423728813559322,0.9655172413793104,0.6222222222222222,0.7567567567567568,0.8256880733944955,1.0,0.9045226130653267,0.0,0.0,0.0
P5,F1,svm,1,fold2,45,11,693,164,91,0.0701603889465332,36.23380893614234,0.8658536585365854,0.8713750981062969,0.8720956486697546,4,0.8181818181818182,0.8106060606060606,11,0.6136363636363636,0.9,0.7297297297297297,1.0,0.7894736842105263,0.8823529411764706,0.9324324324324325,0.8214285714285714,0.8734177215189873,1.0,1.0,1.0
P5,F1,svm,1,fold3,46,10,715,142,91,0.0746760368347168,38.35852717010068,0.7816901408450704,0.7954863156921869,0.7830619154337293,4,0.8,0.825,10,0.5806451612903226,0.6,0.5901639344262295,0.967741935483871,1.0,0.9836065573770492,0.7424242424242424,0.7777777777777778,0.7596899224806202,1.0,0.7368421052631579,0.8484848484848485
P5,F1,svm,1,fold4,47,9,728,129,91,0.07885861396789551,40.462774823802384,0.9844961240310077,0.983743842364532,0.984339557795853,3,1.0,1.0,9,1.0,0.9333333333333333,0.9655172413793104,1.0,1.0,1.0,0.971830985915493,1.0,0.9857142857142858,,,
P5,F1,svm,2,fold0,43,13,646,211,91,0.05778980255126953,42.66675614632701,0.7393364928909952,0.7407263995796602,0.7400134034460462,4,0.6923076923076923,0.6818181818181819,13,0.3958333333333333,0.4222222222222222,0.40860215053763443,0.9777777777777777,0.9777777777777777,0.9777777777777777,0.8493150684931506,0.6888888888888889,0.7607361963190185,0.6888888888888889,1.0,0.8157894736842105
P5,F1,svm,2,fold1,43,13,646,211,91,0.04670977592468262,25.593274012561093,0.6777251184834123,0.5212520458453513,0.6375776580099665,4,0.7692307692307693,0.5736263736263736,13,0.3424657534246575,0.5555555555555556,0.423728813559322,0.9655172413793104,0.6222222222222222,0.7567567567567568,0.8256880733944955,1.0,0.9045226130653267,0.0,0.0,0.0
P5,F1,svm,2,fold2,45,11,693,164,91,0.06974363327026367,36.547823650080986,0.8658536585365854,0.8713750981062969,0.8720956486697546,4,0.8181818181818182,0.8106060606060606,11,0.6136363636363636,0.9,0.7297297297297297,1.0,0.7894736842105263,0.8823529411764706,0.9324324324324325,0.8214285714285714,0.8734177215189873,1.0,1.0,1.0
P5,F1,svm,2,fold3,46,10,715,142,91,0.07468152046203613,38.88741345472739,0.7464788732394366,0.7369927295606278,0.7429720234792657,4,0.7,0.5568181818181819,10,0.5806451612903226,0.6,0.5901639344262295,0.967741935483871,1.0,0.9836065573770492,0.6901408450704225,0.7777777777777778,0.7313432835820896,1.0,0.47368421052631576,0.6428571428571429
P5,F1,svm,2,fold4,47,9,728,129,91,0.07595586776733398,40.18184750579124,0.9844961240310077,0.983743842364532,0.984339557795853,3,1.0,1.0,9,1.0,0.9333333333333333,0.9655172413793104,1.0,1.0,1.0,0.971830985915493,1.0,0.9857142857142858,,,
P5,F1,rf,0,fold0,43,13,646,211,91,0.9208524227142334,78.00468336349415,0.7440758293838863,0.7850349889508577,0.7538910137133048,4,0.7692307692307693,0.8246753246753247,13,0.423728813559322,0.5555555555555556,0.4807692307692308,1.0,0.9111111111111111,0.9534883720930233,0.75,0.6666666666666666,0.7058823529411765,1.0,1.0,1.0
P5,F1,rf,0,fold1,43,13,646,211,91,0.9272727966308594,76.59451091459012,0.909952606635071,0.9078315371092257,0.9039630677341495,4,0.9230769230769231,0.9307692307692308,13,0.9333333333333333,0.6222222222222222,0.7466666666666667,0.9772727272727273,0.9555555555555556,0.9662921348314607,0.8490566037735849,1.0,0.9183673469387755,1.0,1.0,1.0
P5,F1,rf,0,fold2,45,11,693,164,91,0.9648191928863525,102.2830242063941,0.8353658536585366,0.8142554662518364,0.8320396238704415,4,0.7272727272727273,0.725,11,0.5555555555555556,0.5,0.5263157894736842,0.9375,0.7894736842105263,0.8571428571428571,0.8444444444444444,0.9047619047619048,0.8735632183908046,1.0,1.0,1.0
P5,F1,rf,0,fold3,46,10,715,142,91,0.9951543807983398,127.0871766856019,0.9084507042253521,0.9267183901078919,0.9113362439151821,4,0.9,0.9222222222222222,10,0.6976744186046512,1.0,0.821917808219178,1.0,1.0,1.0,1.0,0.7936507936507936,0.8849557522123894,1.0,1.0,1.0
P5,F1,rf,0,fold4,47,9,728,129,91,1.1140058040618896,122.37711470256481,1.0,1.0,1.0,3,1.0,1.0,9,1.0,1.0,1.0,1.0,1.0,1.0,1.0,1.0,1.0,,,
P5,F1,rf,1,fold0,43,13,646,211,91,0.88677978515625,77.25778914175892,0.7393364928909952,0.7791205514819111,0.7497363127423576,4,0.7692307692307693,0.8246753246753247,13,0.4166666666666667,0.5555555555555556,0.47619047619047616,0.975609756097561,0.8888888888888888,0.9302325581395349,0.759493670886076,0.6666666666666666,0.7100591715976331,1.0,1.0,1.0
P5,F1,rf,1,fold1,43,13,646,211,91,0.9599614143371582,106.89513943206643,0.9052132701421801,0.8994439785046439,0.8978609903568863,4,0.9230769230769231,0.9307692307692308,13,0.9642857142857143,0.6,0.7397260273972602,0.9555555555555556,0.9555555555555556,0.9555555555555556,0.8490566037735849,1.0,0.9183673469387755,0.96875,1.0,0.9841269841269841
P5,F1,rf,1,fold2,45,11,693,164,91,0.9926557540893555,99.88866201261195,0.8780487804878049,0.8446824381926684,0.8656119393674755,4,0.8181818181818182,0.7724358974358974,11,0.7777777777777778,0.4666666666666667,0.5833333333333334,1.0,0.7894736842105263,0.8823529411764706,0.84,1.0,0.9130434782608695,1.0,1.0,1.0
P5,F1,rf,1,fold3,46,10,715,142,91,1.0676124095916748,116.33819257709342,0.8873239436619719,0.9110047846889953,0.8909899588921086,4,0.9,0.9222222222222222,10,0.6521739130434783,1.0,0.7894736842105263,1.0,1.0,1.0,1.0,0.746031746031746,0.8545454545454545,1.0,1.0,1.0
P5,F1,rf,1,fold4,47,9,728,129,91,1.0867078304290771,122.20338333484739,1.0,1.0,1.0,3,1.0,1.0,9,1.0,1.0,1.0,1.0,1.0,1.0,1.0,1.0,1.0,,,
P5,F1,rf,2,fold0,43,13,646,211,91,0.9051814079284668,76.75948301197793,0.7488151658767772,0.7896964097321879,0.75875837191321,4,0.7692307692307693,0.8246753246753247,13,0.43333333333333335,0.5777777777777777,0.49523809523809526,1.0,0.9111111111111111,0.9534883720930233,0.759493670886076,0.6666666666666666,0.7100591715976331,1.0,1.0,1.0
P5,F1,rf,2,fold1,43,13,646,211,91,0.9215798377990723,79.44649429682872,0.9146919431279621,0.9144982037758924,0.9096502715256186,4,0.9230769230769231,0.9307692307692308,13,0.9666666666666667,0.6444444444444445,0.7733333333333333,0.9772727272727273,0.9555555555555556,0.9662921348314607,0.8490566037735849,1.0,0.9183673469387755,1.0,1.0,1.0
P5,F1,rf,2,fold2,45,11,693,164,91,1.078190565109253,97.8853644394293,0.8719512195121951,0.8477886147607562,0.865245486574621,4,0.8181818181818182,0.7724358974358974,11,0.6956521739130435,0.5333333333333333,0.6037735849056604,1.0,0.7894736842105263,0.8823529411764706,0.8526315789473684,0.9642857142857143,0.9050279329608939,1.0,1.0,1.0
P5,F1,rf,2,fold3,46,10,715,142,91,1.0337128639221191,115.75893617012132,0.8943661971830986,0.9162162162162162,0.8977921583555386,4,0.9,0.9222222222222222,10,0.6666666666666666,1.0,0.8,1.0,1.0,1.0,1.0,0.7619047619047619,0.8648648648648649,1.0,1.0,1.0
P5,F1,rf,2,fold4,47,9,728,129,91,1.0680992603302002,126.23432070709939,1.0,1.0,1.0,3,1.0,1.0,9,1.0,1.0,1.0,1.0,1.0,1.0,1.0,1.0,1.0,,,
P5,F1,hgb,0,fold0,43,13,646,211,91,1.3404178619384766,87.82052315806891,0.7393364928909952,0.777102749470139,0.7453736670229116,4,0.7692307692307693,0.8246753246753247,13,0.4074074074074074,0.4888888888888889,0.4444444444444444,0.9772727272727273,0.9555555555555556,0.9662921348314607,0.7317073170731707,0.6666666666666666,0.6976744186046512,1.0,1.0,1.0
P5,F1,hgb,0,fold1,43,13,646,211,91,1.6725714206695557,104.71095406048671,0.8909952606635071,0.8750385690431247,0.8800684475249405,4,0.8461538461538461,0.820054945054945,13,0.9230769230769231,0.5333333333333333,0.676056338028169,0.8269230769230769,0.9555555555555556,0.8865979381443299,0.8823529411764706,1.0,0.9375,1.0,1.0,1.0
P5,F1,hgb,0,fold2,45,11,693,164,91,1.6402995586395264,96.72670829586866,0.8597560975609756,0.8636667915573872,0.8682871999195826,4,0.8181818181818182,0.8106060606060606,11,0.5777777777777777,0.8666666666666667,0.6933333333333334,1.0,0.7894736842105263,0.8823529411764706,0.9452054794520548,0.8214285714285714,0.8789808917197452,1.0,1.0,1.0
P5,F1,hgb,0,fold3,46,10,715,142,91,1.4745993614196777,142.30063263799104,0.8943661971830986,0.9136008918617614,0.897192519666494,4,1.0,1.0,10,0.6923076923076923,0.9,0.782608695652174,1.0,1.0,1.0,0.9444444444444444,0.8095238095238095,0.8717948717948718,1.0,1.0,1.0
P5,F1,hgb,0,fold4,47,9,728,129,91,1.755100965499878,138.8390858968099,1.0,1.0,1.0,3,1.0,1.0,9,1.0,1.0,1.0,1.0,1.0,1.0,1.0,1.0,1.0,,,
P5,F1,hgb,1,fold0,43,13,646,211,91,1.4051358699798584,95.07703555138755,0.7393364928909952,0.777102749470139,0.7453736670229116,4,0.7692307692307693,0.8246753246753247,13,0.4074074074074074,0.4888888888888889,0.4444444444444444,0.9772727272727273,0.9555555555555556,0.9662921348314607,0.7317073170731707,0.6666666666666666,0.6976744186046512,1.0,1.0,1.0
P5,F1,hgb,1,fold1,43,13,646,211,91,1.4235570430755615,83.7357688289118,0.8909952606635071,0.8750385690431247,0.8800684475249405,4,0.8461538461538461,0.820054945054945,13,0.9230769230769231,0.5333333333333333,0.676056338028169,0.8269230769230769,0.9555555555555556,0.8865979381443299,0.8823529411764706,1.0,0.9375,1.0,1.0,1.0
P5,F1,hgb,1,fold2,45,11,693,164,91,1.5069401264190674,96.36326533992117,0.8597560975609756,0.8636667915573872,0.8682871999195826,4,0.8181818181818182,0.8106060606060606,11,0.5777777777777777,0.8666666666666667,0.6933333333333334,1.0,0.7894736842105263,0.8823529411764706,0.9452054794520548,0.8214285714285714,0.8789808917197452,1.0,1.0,1.0
P5,F1,hgb,1,fold3,46,10,715,142,91,1.524747371673584,102.41085374859017,0.8943661971830986,0.9136008918617614,0.897192519666494,4,1.0,1.0,10,0.6923076923076923,0.9,0.782608695652174,1.0,1.0,1.0,0.9444444444444444,0.8095238095238095,0.8717948717948718,1.0,1.0,1.0
P5,F1,hgb,1,fold4,47,9,728,129,91,1.6710283756256104,109.93683985037397,1.0,1.0,1.0,3,1.0,1.0,9,1.0,1.0,1.0,1.0,1.0,1.0,1.0,1.0,1.0,,,
P5,F1,hgb,2,fold0,43,13,646,211,91,1.3410582542419434,81.94480462096878,0.7393364928909952,0.777102749470139,0.7453736670229116,4,0.7692307692307693,0.8246753246753247,13,0.4074074074074074,0.4888888888888889,0.4444444444444444,0.9772727272727273,0.9555555555555556,0.9662921348314607,0.7317073170731707,0.6666666666666666,0.6976744186046512,1.0,1.0,1.0
P5,F1,hgb,2,fold1,43,13,646,211,91,1.4402363300323486,84.06684296955994,0.8909952606635071,0.8750385690431247,0.8800684475249405,4,0.8461538461538461,0.820054945054945,13,0.9230769230769231,0.5333333333333333,0.676056338028169,0.8269230769230769,0.9555555555555556,0.8865979381443299,0.8823529411764706,1.0,0.9375,1.0,1.0,1.0
P5,F1,hgb,2,fold2,45,11,693,164,91,1.6293847560882568,103.50710008202529,0.8597560975609756,0.8636667915573872,0.8682871999195826,4,0.8181818181818182,0.8106060606060606,11,0.5777777777777777,0.8666666666666667,0.6933333333333334,1.0,0.7894736842105263,0.8823529411764706,0.9452054794520548,0.8214285714285714,0.8789808917197452,1.0,1.0,1.0
P5,F1,hgb,2,fold3,46,10,715,142,91,1.5179896354675293,102.89776493126237,0.8943661971830986,0.9136008918617614,0.897192519666494,4,1.0,1.0,10,0.6923076923076923,0.9,0.782608695652174,1.0,1.0,1.0,0.9444444444444444,0.8095238095238095,0.8717948717948718,1.0,1.0,1.0
P5,F1,hgb,2,fold4,47,9,728,129,91,1.5980117321014404,110.76483615609102,1.0,1.0,1.0,3,1.0,1.0,9,1.0,1.0,1.0,1.0,1.0,1.0,1.0,1.0,1.0,,,
P5,F2,lr,0,fold0,43,13,646,211,49,0.04251551628112793,1.3468954800429502,0.44075829383886256,0.34873647240677336,0.419323569341932,4,0.46153846153846156,0.3625541125541125,13,0.2647058823529412,0.2,0.22784810126582278,0.3815789473684211,0.6444444444444445,0.4793388429752066,0.6091954022988506,0.5888888888888889,0.5988700564971752,0.14285714285714285,0.06451612903225806,0.08888888888888889
P5,F2,lr,0,fold1,43,13,646,211,49,0.05361056327819824,1.2745789442017181,0.6350710900473934,0.49141940268507545,0.5840668302320652,4,0.6923076923076923,0.5256410256410257,13,0.45614035087719296,0.5777777777777777,0.5098039215686274,0.7567567567567568,0.6222222222222222,0.6829268292682927,0.6837606837606838,0.8888888888888888,0.7729468599033816,0.0,0.0,0.0
P5,F2,lr,0,fold2,45,11,693,164,49,0.15067744255065918,2.1733888765660727,0.7439024390243902,0.688070987654321,0.732446928635953,4,0.6363636363636364,0.4839743589743589,11,0.45,0.3,0.36,0.8235294117647058,0.7368421052631579,0.7777777777777778,0.8717948717948718,0.8095238095238095,0.8395061728395061,0.6326530612244898,1.0,0.775
P5,F2,lr,0,fold3,46,10,715,142,49,0.1748499870300293,1.7679912943235585,0.6971830985915493,0.5439102564102565,0.6622426868905743,4,0.7,0.5138888888888888,10,0.5142857142857142,0.6,0.5538461538461539,0.6,1.0,0.75,0.9444444444444444,0.8095238095238095,0.8717948717948718,0.0,0.0,0.0
P5,F2,lr,0,fold4,47,9,728,129,49,0.15560507774353027,2.371248348738796,0.9224806201550387,0.9202517788724686,0.9227670218047123,3,1.0,1.0,9,0.8666666666666667,0.8666666666666667,0.8666666666666667,1.0,0.9333333333333333,0.9655172413793104,0.9154929577464789,0.9420289855072463,0.9285714285714286,,,
P5,F2,lr,1,fold0,43,13,646,211,49,0.036142826080322266,1.3163869414849303,0.44075829383886256,0.34873647240677336,0.419323569341932,4,0.46153846153846156,0.3625541125541125,13,0.2647058823529412,0.2,0.22784810126582278,0.3815789473684211,0.6444444444444445,0.4793388429752066,0.6091954022988506,0.5888888888888889,0.5988700564971752,0.14285714285714285,0.06451612903225806,0.08888888888888889
P5,F2,lr,1,fold1,43,13,646,211,49,0.054033756256103516,1.2632794854765255,0.6350710900473934,0.49141940268507545,0.5840668302320652,4,0.6923076923076923,0.5256410256410257,13,0.45614035087719296,0.5777777777777777,0.5098039215686274,0.7567567567567568,0.6222222222222222,0.6829268292682927,0.6837606837606838,0.8888888888888888,0.7729468599033816,0.0,0.0,0.0
P5,F2,lr,1,fold2,45,11,693,164,49,0.15319085121154785,1.5758886569883765,0.7439024390243902,0.688070987654321,0.732446928635953,4,0.6363636363636364,0.4839743589743589,11,0.45,0.3,0.36,0.8235294117647058,0.7368421052631579,0.7777777777777778,0.8717948717948718,0.8095238095238095,0.8395061728395061,0.6326530612244898,1.0,0.775
P5,F2,lr,1,fold3,46,10,715,142,49,0.17490887641906738,1.8720895471707197,0.6971830985915493,0.5439102564102565,0.6622426868905743,4,0.7,0.5138888888888888,10,0.5142857142857142,0.6,0.5538461538461539,0.6,1.0,0.75,0.9444444444444444,0.8095238095238095,0.8717948717948718,0.0,0.0,0.0
P5,F2,lr,1,fold4,47,9,728,129,49,0.138930082321167,1.9664912260780039,0.9224806201550387,0.9202517788724686,0.9227670218047123,3,1.0,1.0,9,0.8666666666666667,0.8666666666666667,0.8666666666666667,1.0,0.9333333333333333,0.9655172413793104,0.9154929577464789,0.9420289855072463,0.9285714285714286,,,
P5,F2,lr,2,fold0,43,13,646,211,49,0.03500199317932129,1.2531099726238522,0.44075829383886256,0.34873647240677336,0.419323569341932,4,0.46153846153846156,0.3625541125541125,13,0.2647058823529412,0.2,0.22784810126582278,0.3815789473684211,0.6444444444444445,0.4793388429752066,0.6091954022988506,0.5888888888888889,0.5988700564971752,0.14285714285714285,0.06451612903225806,0.08888888888888889
P5,F2,lr,2,fold1,43,13,646,211,49,0.05401301383972168,1.6542407573681872,0.6350710900473934,0.49141940268507545,0.5840668302320652,4,0.6923076923076923,0.5256410256410257,13,0.45614035087719296,0.5777777777777777,0.5098039215686274,0.7567567567567568,0.6222222222222222,0.6829268292682927,0.6837606837606838,0.8888888888888888,0.7729468599033816,0.0,0.0,0.0
P5,F2,lr,2,fold2,45,11,693,164,49,0.152604341506958,1.6485772481778773,0.7439024390243902,0.688070987654321,0.732446928635953,4,0.6363636363636364,0.4839743589743589,11,0.45,0.3,0.36,0.8235294117647058,0.7368421052631579,0.7777777777777778,0.8717948717948718,0.8095238095238095,0.8395061728395061,0.6326530612244898,1.0,0.775
P5,F2,lr,2,fold3,46,10,715,142,49,0.2526590824127197,1.8771265594052597,0.6971830985915493,0.5439102564102565,0.6622426868905743,4,0.7,0.5138888888888888,10,0.5142857142857142,0.6,0.5538461538461539,0.6,1.0,0.75,0.9444444444444444,0.8095238095238095,0.8717948717948718,0.0,0.0,0.0
P5,F2,lr,2,fold4,47,9,728,129,49,0.14469671249389648,2.0016071408293965,0.9224806201550387,0.9202517788724686,0.9227670218047123,3,1.0,1.0,9,0.8666666666666667,0.8666666666666667,0.8666666666666667,1.0,0.9333333333333333,0.9655172413793104,0.9154929577464789,0.9420289855072463,0.9285714285714286,,,
P5,F2,svm,0,fold0,43,13,646,211,49,0.08910942077636719,49.29388868865244,0.3744075829383886,0.3054556336642717,0.3558177429360553,4,0.38461538461538464,0.29871794871794877,13,0.3,0.26666666666666666,0.2823529411764706,0.5151515151515151,0.37777777777777777,0.4358974358974359,0.3983739837398374,0.5444444444444444,0.460093896713615,0.06666666666666667,0.03225806451612903,0.043478260869565216
P5,F2,svm,0,fold1,43,13,646,211,49,0.08616995811462402,41.85093522636811,0.6208530805687204,0.4757679092717456,0.5707148453296985,4,0.6923076923076923,0.5256410256410257,13,0.3888888888888889,0.4666666666666667,0.42424242424242425,0.75,0.6666666666666666,0.7058823529411765,0.6837606837606838,0.8888888888888888,0.7729468599033816,0.0,0.0,0.0
P5,F2,svm,0,fold2,45,11,693,164,49,0.11078381538391113,53.63400389508503,0.7560975609756098,0.732097288676236,0.7662057027268837,4,0.8181818181818182,0.8250000000000001,11,0.45652173913043476,0.7,0.5526315789473685,1.0,0.7368421052631579,0.8484848484848485,0.8765432098765432,0.8452380952380952,0.8606060606060606,0.782608695652174,0.5806451612903226,0.6666666666666666
P5,F2,svm,0,fold3,46,10,715,142,49,0.11323881149291992,62.65875319360008,0.6549295774647887,0.5053146853146853,0.5992908499950753,4,0.7,0.5333333333333333,10,0.8,0.4,0.5333333333333333,0.6222222222222222,0.9333333333333333,0.7466666666666667,0.6625,0.8412698412698413,0.7412587412587412,0.0,0.0,0.0
P5,F2,svm,0,fold4,47,9,728,129,49,0.1235957145690918,55.73819774065831,0.8604651162790697,0.8435897435897436,0.8559928443649374,3,0.8888888888888888,0.8585858585858586,9,1.0,0.7333333333333333,0.8461538461538461,1.0,0.6666666666666666,0.8,0.7931034482758621,1.0,0.8846153846153846,,,
P5,F2,svm,1,fold0,43,13,646,211,49,0.08856916427612305,45.2599819237587,0.3696682464454976,0.30281891322202675,0.35201927591638354,4,0.38461538461538464,0.29871794871794877,13,0.2926829268292683,0.26666666666666666,0.27906976744186046,0.5151515151515151,0.37777777777777777,0.4358974358974359,0.39344262295081966,0.5333333333333333,0.4528301886792453,0.06666666666666667,0.03225806451612903,0.043478260869565216
P5,F2,svm,1,fold1,43,13,646,211,49,0.08478593826293945,41.827206363045214,0.6208530805687204,0.4757679092717456,0.5707148453296985,4,0.6923076923076923,0.5256410256410257,13,0.3888888888888889,0.4666666666666667,0.42424242424242425,0.75,0.6666666666666666,0.7058823529411765,0.6837606837606838,0.8888888888888888,0.7729468599033816,0.0,0.0,0.0
P5,F2,svm,1,fold2,45,11,693,164,49,0.11075210571289062,53.55404644477658,0.75,0.726497864222415,0.7587149067359379,4,0.8181818181818182,0.8250000000000001,11,0.45454545454545453,0.6666666666666666,0.5405405405405406,1.0,0.7368421052631579,0.8484848484848485,0.8554216867469879,0.8452380952380952,0.8502994011976048,0.782608695652174,0.5806451612903226,0.6666666666666666
P5,F2,svm,1,fold3,46,10,715,142,49,0.12227678298950195,54.29395487610723,0.6549295774647887,0.5070580808080808,0.599567861715749,4,0.7,0.5333333333333333,10,0.8571428571428571,0.4,0.5454545454545454,0.6222222222222222,0.9333333333333333,0.7466666666666667,0.654320987654321,0.8412698412698413,0.7361111111111112,0.0,0.0,0.0
P5,F2,svm,1,fold4,47,9,728,129,49,0.12884879112243652,56.39800729677659,0.8604651162790697,0.8435897435897436,0.8559928443649374,3,0.8888888888888888,0.8585858585858586,9,1.0,0.7333333333333333,0.8461538461538461,1.0,0.6666666666666666,0.8,0.7931034482758621,1.0,0.8846153846153846,,,
P5,F2,svm,2,fold0,43,13,646,211,49,0.08805489540100098,50.54586871540377,0.3744075829383886,0.3054556336642717,0.3558177429360553,4,0.38461538461538464,0.29871794871794877,13,0.3,0.26666666666666666,0.2823529411764706,0.5151515151515151,0.37777777777777777,0.4358974358974359,0.3983739837398374,0.5444444444444444,0.460093896713615,0.06666666666666667,0.03225806451612903,0.043478260869565216
P5,F2,svm,2,fold1,43,13,646,211,49,0.0879209041595459,56.31424239461456,0.6208530805687204,0.4757679092717456,0.5707148453296985,4,0.6923076923076923,0.5256410256410257,13,0.3888888888888889,0.4666666666666667,0.42424242424242425,0.75,0.6666666666666666,0.7058823529411765,0.6837606837606838,0.8888888888888888,0.7729468599033816,0.0,0.0,0.0
P5,F2,svm,2,fold2,45,11,693,164,49,0.11241650581359863,57.83104315036681,0.7560975609756098,0.7326433004746258,0.764898173625767,4,0.8181818181818182,0.8250000000000001,11,0.4666666666666667,0.7,0.56,1.0,0.7368421052631579,0.8484848484848485,0.8658536585365854,0.8452380952380952,0.8554216867469879,0.782608695652174,0.5806451612903226,0.6666666666666666
P5,F2,svm,2,fold3,46,10,715,142,49,0.11792588233947754,53.82383373421683,0.6549295774647887,0.5053146853146853,0.5992908499950753,4,0.7,0.5333333333333333,10,0.8,0.4,0.5333333333333333,0.6222222222222222,0.9333333333333333,0.7466666666666667,0.6625,0.8412698412698413,0.7412587412587412,0.0,0.0,0.0
P5,F2,svm,2,fold4,47,9,728,129,49,0.1487283706665039,83.46868115802143,0.8604651162790697,0.8435897435897436,0.8559928443649374,3,0.8888888888888888,0.8585858585858586,9,1.0,0.7333333333333333,0.8461538461538461,1.0,0.6666666666666666,0.8,0.7931034482758621,1.0,0.8846153846153846,,,
P5,F2,rf,0,fold0,43,13,646,211,49,0.9229440689086914,82.09395747614133,0.6635071090047393,0.6550806620574063,0.6574183574073357,4,0.6923076923076923,0.6818181818181819,13,0.24390243902439024,0.2222222222222222,0.23255813953488372,0.9333333333333333,0.9333333333333333,0.9333333333333333,0.7317073170731707,0.6666666666666666,0.6976744186046512,0.6511627906976745,0.9032258064516129,0.7567567567567568
P5,F2,rf,0,fold1,43,13,646,211,49,0.9419598579406738,81.04875754406102,0.7109004739336493,0.5574571128486404,0.6586560504939275,4,0.7692307692307693,0.580952380952381,13,0.49230769230769234,0.7111111111111111,0.5818181818181818,0.967741935483871,0.6666666666666666,0.7894736842105263,0.7652173913043478,0.9777777777777777,0.8585365853658536,0.0,0.0,0.0
P5,F2,rf,0,fold2,45,11,693,164,49,1.024627447128296,103.01717897740807,0.8658536585365854,0.8415071770334929,0.8558631890146653,4,0.8181818181818182,0.7976190476190476,11,1.0,0.5,0.6666666666666666,1.0,0.7368421052631579,0.8484848484848485,0.7924528301886793,1.0,0.8842105263157894,1.0,0.9354838709677419,0.9666666666666667
P5,F2,rf,0,fold3,46,10,715,142,49,1.0861144065856934,120.20661797322019,0.7464788732394366,0.6836515875551685,0.7351022348112812,4,0.8,0.6388888888888888,10,0.5,0.9,0.6428571428571429,0.9354838709677419,0.9666666666666667,0.9508196721311475,0.8679245283018868,0.7301587301587301,0.7931034482758621,1.0,0.21052631578947367,0.34782608695652173
P5,F2,rf,0,fold4,47,9,728,129,49,1.0400748252868652,127.43565463280493,0.9302325581395349,0.925010940048534,0.929172321723467,3,1.0,1.0,9,1.0,0.9,0.9473684210526315,1.0,0.8,0.8888888888888888,0.8846153846153846,1.0,0.9387755102040817,,,
P5,F2,rf,1,fold0,43,13,646,211,49,0.9252958297729492,81.59678129223286,0.6635071090047393,0.6592585575344196,0.6582986877479441,4,0.6923076923076923,0.6818181818181819,13,0.2619047619047619,0.24444444444444444,0.25287356321839083,0.9130434782608695,0.9333333333333333,0.9230769230769231,0.7142857142857143,0.6666666666666666,0.6896551724137931,0.6923076923076923,0.8709677419354839,0.7714285714285715
P5,F2,rf,1,fold1,43,13,646,211,49,0.9457063674926758,82.66458014176355,0.7440758293838863,0.5919763985090618,0.6936243919739599,4,0.7692307692307693,0.580952380952381,13,0.5,0.7333333333333333,0.5945945945945946,1.0,0.8,0.8888888888888888,0.8073394495412844,0.9777777777777777,0.8844221105527639,0.0,0.0,0.0
P5,F2,rf,1,fold2,45,11,693,164,49,1.00437331199646,110.5099189572218,0.8658536585365854,0.8415071770334929,0.8558631890146653,4,0.8181818181818182,0.7976190476190476,11,1.0,0.5,0.6666666666666666,1.0,0.7368421052631579,0.8484848484848485,0.7924528301886793,1.0,0.8842105263157894,1.0,0.9354838709677419,0.9666666666666667
P5,F2,rf,1,fold3,46,10,715,142,49,1.0657243728637695,119.40237501977195,0.7394366197183099,0.6816499218511605,0.7307880539832219,4,0.8,0.6388888888888888,10,0.4745762711864407,0.9333333333333333,0.6292134831460674,0.9375,1.0,0.967741935483871,0.9148936170212766,0.6825396825396826,0.7818181818181819,1.0,0.21052631578947367,0.34782608695652173
P5,F2,rf,1,fold4,47,9,728,129,49,1.0340485572814941,128.06774109833,0.9147286821705426,0.9080514315413645,0.9135304977352736,3,1.0,1.0,9,1.0,0.8333333333333334,0.9090909090909091,1.0,0.8,0.8888888888888888,0.8625,1.0,0.9261744966442953,,,
P5,F2,rf,2,fold0,43,13,646,211,49,0.9234609603881836,84.79565805733488,0.6635071090047393,0.6575388712685285,0.6584027598898645,4,0.6923076923076923,0.6818181818181819,13,0.2619047619047619,0.24444444444444444,0.25287356321839083,0.9130434782608695,0.9333333333333333,0.9230769230769231,0.7228915662650602,0.6666666666666666,0.6936416184971098,0.675,0.8709677419354839,0.7605633802816901
P5,F2,rf,2,fold1,43,13,646,211,49,1.0448403358459473,90.52787346862503,0.7393364928909952,0.5876568758344459,0.6889963869677738,4,0.8461538461538461,0.6474358974358974,13,0.46774193548387094,0.6444444444444445,0.5420560747663551,1.0,0.8666666666666667,0.9285714285714286,0.8,0.9777777777777777,0.88,0.0,0.0,0.0
P5,F2,rf,2,fold2,45,11,693,164,49,1.0061078071594238,102.88197819779559,0.8658536585365854,0.8415071770334929,0.8558631890146653,4,0.8181818181818182,0.7976190476190476,11,1.0,0.5,0.6666666666666666,1.0,0.7368421052631579,0.8484848484848485,0.7924528301886793,1.0,0.8842105263157894,1.0,0.9354838709677419,0.9666666666666667
P5,F2,rf,2,fold3,46,10,715,142,49,1.0779588222503662,117.75023500684281,0.7464788732394366,0.6974368471461494,0.7413468344110336,4,0.8,0.6388888888888888,10,0.48214285714285715,0.9,0.627906976744186,0.9090909090909091,1.0,0.9523809523809523,0.9166666666666666,0.6984126984126984,0.7927927927927928,1.0,0.2631578947368421,0.4166666666666667
P5,F2,rf,2,fold4,47,9,728,129,49,1.0541911125183105,129.47052948234617,0.9224806201550387,0.9166309166309166,0.9214081190825376,3,1.0,1.0,9,1.0,0.8666666666666667,0.9285714285714286,1.0,0.8,0.8888888888888888,0.8734177215189873,1.0,0.9324324324324325,,,
P5,F2,hgb,0,fold0,43,13,646,211,49,1.0190436840057373,91.85668981470768,0.6966824644549763,0.7101967253176931,0.6916199913830245,4,0.6923076923076923,0.7499999999999999,13,0.3023255813953488,0.28888888888888886,0.29545454545454547,0.8627450980392157,0.9777777777777777,0.9166666666666666,0.7093023255813954,0.6777777777777778,0.6931818181818182,0.9354838709677419,0.9354838709677419,0.9354838709677419
P5,F2,hgb,0,fold1,43,13,646,211,49,1.0791876316070557,93.31770982787508,0.9241706161137441,0.9253286630578175,0.9198939378619369,4,0.9230769230769231,0.9307692307692308,13,0.967741935483871,0.6666666666666666,0.7894736842105263,1.0,0.9777777777777777,0.9887640449438202,0.8571428571428571,1.0,0.9230769230769231,1.0,1.0,1.0
P5,F2,hgb,0,fold2,45,11,693,164,49,1.1559431552886963,103.1858165089677,0.8902439024390244,0.8839742819273736,0.8844748169341232,4,0.9090909090909091,0.8974358974358974,11,0.9473684210526315,0.6,0.7346938775510204,1.0,0.9473684210526315,0.972972972972973,0.8681318681318682,0.9404761904761905,0.9028571428571428,0.8611111111111112,1.0,0.9253731343283582
P5,F2,hgb,0,fold3,46,10,715,142,49,1.1599006652832031,111.84014065164915,0.7816901408450704,0.6347905282331512,0.7430154698683907,4,0.8,0.6388888888888888,10,0.5087719298245614,0.9666666666666667,0.6666666666666666,0.967741935483871,1.0,0.9836065573770492,0.9629629629629629,0.8253968253968254,0.8888888888888888,0.0,0.0,0.0
P5,F2,hgb,0,fold4,47,9,728,129,49,1.1806557178497314,120.61207793479741,0.9612403100775194,0.9593068758223023,0.961038623723805,3,1.0,1.0,9,1.0,0.9333333333333333,0.9655172413793104,1.0,0.9,0.9473684210526315,0.9324324324324325,1.0,0.965034965034965,,,
P5,F2,hgb,1,fold0,43,13,646,211,49,1.048854112625122,92.43409215556501,0.6966824644549763,0.7101967253176931,0.6916199913830245,4,0.6923076923076923,0.7499999999999999,13,0.3023255813953488,0.28888888888888886,0.29545454545454547,0.8627450980392157,0.9777777777777777,0.9166666666666666,0.7093023255813954,0.6777777777777778,0.6931818181818182,0.9354838709677419,0.9354838709677419,0.9354838709677419
P5,F2,hgb,1,fold1,43,13,646,211,49,1.0739011764526367,95.4442679599563,0.9241706161137441,0.9253286630578175,0.9198939378619369,4,0.9230769230769231,0.9307692307692308,13,0.967741935483871,0.6666666666666666,0.7894736842105263,1.0,0.9777777777777777,0.9887640449438202,0.8571428571428571,1.0,0.9230769230769231,1.0,1.0,1.0
P5,F2,hgb,1,fold2,45,11,693,164,49,1.1469438076019287,104.686109031119,0.8902439024390244,0.8839742819273736,0.8844748169341232,4,0.9090909090909091,0.8974358974358974,11,0.9473684210526315,0.6,0.7346938775510204,1.0,0.9473684210526315,0.972972972972973,0.8681318681318682,0.9404761904761905,0.9028571428571428,0.8611111111111112,1.0,0.9253731343283582
P5,F2,hgb,1,fold3,46,10,715,142,49,1.1184778213500977,115.00842134717485,0.7816901408450704,0.6347905282331512,0.7430154698683907,4,0.8,0.6388888888888888,10,0.5087719298245614,0.9666666666666667,0.6666666666666666,0.967741935483871,1.0,0.9836065573770492,0.9629629629629629,0.8253968253968254,0.8888888888888888,0.0,0.0,0.0
P5,F2,hgb,1,fold4,47,9,728,129,49,1.1618645191192627,128.23038322981014,0.9612403100775194,0.9593068758223023,0.961038623723805,3,1.0,1.0,9,1.0,0.9333333333333333,0.9655172413793104,1.0,0.9,0.9473684210526315,0.9324324324324325,1.0,0.965034965034965,,,
P5,F2,hgb,2,fold0,43,13,646,211,49,1.003404140472412,92.638612358491,0.6966824644549763,0.7101967253176931,0.6916199913830245,4,0.6923076923076923,0.7499999999999999,13,0.3023255813953488,0.28888888888888886,0.29545454545454547,0.8627450980392157,0.9777777777777777,0.9166666666666666,0.7093023255813954,0.6777777777777778,0.6931818181818182,0.9354838709677419,0.9354838709677419,0.9354838709677419
P5,F2,hgb,2,fold1,43,13,646,211,49,1.1239168643951416,94.39680813613097,0.9241706161137441,0.9253286630578175,0.9198939378619369,4,0.9230769230769231,0.9307692307692308,13,0.967741935483871,0.6666666666666666,0.7894736842105263,1.0,0.9777777777777777,0.9887640449438202,0.8571428571428571,1.0,0.9230769230769231,1.0,1.0,1.0
P5,F2,hgb,2,fold2,45,11,693,164,49,1.1106359958648682,106.90601860604636,0.8902439024390244,0.8839742819273736,0.8844748169341232,4,0.9090909090909091,0.8974358974358974,11,0.9473684210526315,0.6,0.7346938775510204,1.0,0.9473684210526315,0.972972972972973,0.8681318681318682,0.9404761904761905,0.9028571428571428,0.8611111111111112,1.0,0.9253731343283582
P5,F2,hgb,2,fold3,46,10,715,142,49,1.1362285614013672,113.01208549821881,0.7816901408450704,0.6347905282331512,0.7430154698683907,4,0.8,0.6388888888888888,10,0.5087719298245614,0.9666666666666667,0.6666666666666666,0.967741935483871,1.0,0.9836065573770492,0.9629629629629629,0.8253968253968254,0.8888888888888888,0.0,0.0,0.0
P5,F2,hgb,2,fold4,47,9,728,129,49,1.1462657451629639,120.46791786371274,0.9612403100775194,0.9593068758223023,0.961038623723805,3,1.0,1.0,9,1.0,0.9333333333333333,0.9655172413793104,1.0,0.9,0.9473684210526315,0.9324324324324325,1.0,0.965034965034965,,,
P5,F3,lr,0,fold0,43,13,646,211,57,0.020096302032470703,1.2870083487994297,0.6682464454976303,0.6498843006751115,0.6731788874255236,4,0.6923076923076923,0.6583333333333333,13,0.25,0.24444444444444444,0.24719101123595505,0.9318181818181818,0.9111111111111111,0.9213483146067416,0.8955223880597015,0.6666666666666666,0.7643312101910829,0.5178571428571429,0.9354838709677419,0.6666666666666666
P5,F3,lr,0,fold1,43,13,646,211,57,0.0544891357421875,1.296047915779584,0.7488151658767772,0.6008795950543523,0.7007139090146499,4,0.8461538461538461,0.6474358974358974,13,0.4827586206896552,0.6222222222222222,0.5436893203883495,0.9777777777777777,0.9777777777777777,0.9777777777777777,0.819047619047619,0.9555555555555556,0.882051282051282,0.0,0.0,0.0
P5,F3,lr,0,fold2,45,11,693,164,57,0.27149367332458496,1.5991490061690168,0.6829268292682927,0.6488828502415459,0.6935489572287027,4,0.7272727272727273,0.6666666666666666,11,0.42424242424242425,0.4666666666666667,0.4444444444444444,0.8823529411764706,0.7894736842105263,0.8333333333333334,0.868421052631579,0.7857142857142857,0.825,0.4473684210526316,0.5483870967741935,0.4927536231884058
P5,F3,lr,0,fold3,46,10,715,142,57,0.2806508541107178,1.9325336939852003,0.7605633802816901,0.6547619047619048,0.7469818913480886,4,0.8,0.6722222222222223,10,0.5370370370370371,0.9666666666666667,0.6904761904761905,1.0,1.0,1.0,0.9795918367346939,0.7619047619047619,0.8571428571428571,0.1111111111111111,0.05263157894736842,0.07142857142857142
P5,F3,lr,0,fold4,47,9,728,129,57,0.27887892723083496,2.1864277447840963,0.9689922480620154,0.9737923946557041,0.9795406199956979,3,1.0,1.0,9,1.0,0.8666666666666667,0.9285714285714286,1.0,1.0,1.0,0.9857142857142858,1.0,0.9928057553956835,,,
P5,F3,lr,1,fold0,43,13,646,211,57,0.02203679084777832,1.3152569956124112,0.6682464454976303,0.6498843006751115,0.6731788874255236,4,0.6923076923076923,0.6583333333333333,13,0.25,0.24444444444444444,0.24719101123595505,0.9318181818181818,0.9111111111111111,0.9213483146067416,0.8955223880597015,0.6666666666666666,0.7643312101910829,0.5178571428571429,0.9354838709677419,0.6666666666666666
P5,F3,lr,1,fold1,43,13,646,211,57,0.05575728416442871,1.3005676992696609,0.7488151658767772,0.6008795950543523,0.7007139090146499,4,0.8461538461538461,0.6474358974358974,13,0.4827586206896552,0.6222222222222222,0.5436893203883495,0.9777777777777777,0.9777777777777777,0.9777777777777777,0.819047619047619,0.9555555555555556,0.882051282051282,0.0,0.0,0.0
P5,F3,lr,1,fold2,45,11,693,164,57,0.26051998138427734,1.622409355349657,0.6829268292682927,0.6488828502415459,0.6935489572287027,4,0.7272727272727273,0.6666666666666666,11,0.42424242424242425,0.4666666666666667,0.4444444444444444,0.8823529411764706,0.7894736842105263,0.8333333333333334,0.868421052631579,0.7857142857142857,0.825,0.4473684210526316,0.5483870967741935,0.4927536231884058
P5,F3,lr,1,fold3,46,10,715,142,57,0.3252298831939697,2.0870020691777618,0.7605633802816901,0.6547619047619048,0.7469818913480886,4,0.8,0.6722222222222223,10,0.5370370370370371,0.9666666666666667,0.6904761904761905,1.0,1.0,1.0,0.9795918367346939,0.7619047619047619,0.8571428571428571,0.1111111111111111,0.05263157894736842,0.07142857142857142
P5,F3,lr,1,fold4,47,9,728,129,57,0.2747969627380371,1.9738840502361918,0.9689922480620154,0.9737923946557041,0.9795406199956979,3,1.0,1.0,9,1.0,0.8666666666666667,0.9285714285714286,1.0,1.0,1.0,0.9857142857142858,1.0,0.9928057553956835,,,
P5,F3,lr,2,fold0,43,13,646,211,57,0.02390575408935547,1.3129971038673727,0.6682464454976303,0.6498843006751115,0.6731788874255236,4,0.6923076923076923,0.6583333333333333,13,0.25,0.24444444444444444,0.24719101123595505,0.9318181818181818,0.9111111111111111,0.9213483146067416,0.8955223880597015,0.6666666666666666,0.7643312101910829,0.5178571428571429,0.9354838709677419,0.6666666666666666
P5,F3,lr,2,fold1,43,13,646,211,57,0.052557945251464844,1.2768388359467564,0.7488151658767772,0.6008795950543523,0.7007139090146499,4,0.8461538461538461,0.6474358974358974,13,0.4827586206896552,0.6222222222222222,0.5436893203883495,0.9777777777777777,0.9777777777777777,0.9777777777777777,0.819047619047619,0.9555555555555556,0.882051282051282,0.0,0.0,0.0
P5,F3,lr,2,fold2,45,11,693,164,57,0.266338586807251,1.6863753155964176,0.6829268292682927,0.6488828502415459,0.6935489572287027,4,0.7272727272727273,0.6666666666666666,11,0.42424242424242425,0.4666666666666667,0.4444444444444444,0.8823529411764706,0.7894736842105263,0.8333333333333334,0.868421052631579,0.7857142857142857,0.825,0.4473684210526316,0.5483870967741935,0.4927536231884058
P5,F3,lr,2,fold3,46,10,715,142,57,0.2702147960662842,1.8452254819198393,0.7605633802816901,0.6547619047619048,0.7469818913480886,4,0.8,0.6722222222222223,10,0.5370370370370371,0.9666666666666667,0.6904761904761905,1.0,1.0,1.0,0.9795918367346939,0.7619047619047619,0.8571428571428571,0.1111111111111111,0.05263157894736842,0.07142857142857142
P5,F3,lr,2,fold4,47,9,728,129,57,0.26532459259033203,2.014544583106226,0.9689922480620154,0.9737923946557041,0.9795406199956979,3,1.0,1.0,9,1.0,0.8666666666666667,0.9285714285714286,1.0,1.0,1.0,0.9857142857142858,1.0,0.9928057553956835,,,
P5,F3,svm,0,fold0,43,13,646,211,57,0.07806181907653809,41.57296854172838,0.6445497630331753,0.6217755031270271,0.6471969096787858,4,0.6923076923076923,0.6583333333333333,13,0.2564102564102564,0.2222222222222222,0.23809523809523808,0.975609756097561,0.8888888888888888,0.9302325581395349,0.7922077922077922,0.6777777777777778,0.7305389221556886,0.46296296296296297,0.8064516129032258,0.5882352941176471
P5,F3,svm,0,fold1,43,13,646,211,57,0.0677340030670166,36.36730790703217,0.6635071090047393,0.5087544065804936,0.6046246122487623,4,0.7692307692307693,0.580952380952381,13,0.46808510638297873,0.4888888888888889,0.4782608695652174,0.9655172413793104,0.6222222222222222,0.7567567567567568,0.6666666666666666,1.0,0.8,0.0,0.0,0.0
P5,F3,svm,0,fold2,45,11,693,164,57,0.08414912223815918,45.332966781244046,0.7012195121951219,0.6293736603953322,0.693894597436091,4,0.7272727272727273,0.5367965367965368,11,0.38571428571428573,0.9,0.54,1.0,0.7894736842105263,0.8823529411764706,0.9583333333333334,0.8214285714285714,0.8846153846153846,0.5714285714285714,0.12903225806451613,0.21052631578947367
P5,F3,svm,0,fold3,46,10,715,142,57,0.10770463943481445,45.58999773482201,0.6830985915492958,0.5636861921897908,0.6583967821322175,4,0.7,0.55,10,0.38461538461538464,0.6666666666666666,0.4878048780487805,0.967741935483871,1.0,0.9836065573770492,0.8245614035087719,0.746031746031746,0.7833333333333333,0.0,0.0,0.0
P5,F3,svm,0,fold4,47,9,728,129,57,0.0987846851348877,49.08835241036822,0.9844961240310077,0.9861076655916646,0.988132669485903,3,1.0,1.0,9,1.0,0.9333333333333333,0.9655172413793104,1.0,1.0,1.0,0.9857142857142858,1.0,0.9928057553956835,,,
P5,F3,svm,1,fold0,43,13,646,211,57,0.07491898536682129,41.2577136432955,0.6587677725118484,0.636501884262388,0.6608641326932556,4,0.6923076923076923,0.6583333333333333,13,0.2564102564102564,0.2222222222222222,0.23809523809523808,0.975609756097561,0.8888888888888888,0.9302325581395349,0.8356164383561644,0.6777777777777778,0.7484662576687117,0.4827586206896552,0.9032258064516129,0.6292134831460674
P5,F3,svm,1,fold1,43,13,646,211,57,0.0671696662902832,36.588777298045954,0.6635071090047393,0.5073924320247849,0.6065508126771021,4,0.7692307692307693,0.580952380952381,13,0.43137254901960786,0.4888888888888889,0.4583333333333333,0.9655172413793104,0.6222222222222222,0.7567567567567568,0.6870229007633588,1.0,0.8144796380090498,0.0,0.0,0.0
P5,F3,svm,1,fold2,45,11,693,164,57,0.08298945426940918,42.605690839813974,0.7073170731707317,0.6419971834887801,0.7033720148472147,4,0.7272727272727273,0.5367965367965368,11,0.39705882352941174,0.9,0.5510204081632653,1.0,0.7894736842105263,0.8823529411764706,0.9583333333333334,0.8214285714285714,0.8846153846153846,0.5555555555555556,0.16129032258064516,0.25
P5,F3,svm,1,fold3,46,10,715,142,57,0.1128077507019043,47.384853094396455,0.676056338028169,0.5574004659946041,0.6515804194064516,4,0.7,0.55,10,0.37254901960784315,0.6333333333333333,0.4691358024691358,0.967741935483871,1.0,0.9836065573770492,0.8103448275862069,0.746031746031746,0.7768595041322314,0.0,0.0,0.0
P5,F3,svm,1,fold4,47,9,728,129,57,0.10107660293579102,48.34352537643078,0.9844961240310077,0.9861076655916646,0.988132669485903,3,1.0,1.0,9,1.0,0.9333333333333333,0.9655172413793104,1.0,1.0,1.0,0.9857142857142858,1.0,0.9928057553956835,,,
P5,F3,svm,2,fold0,43,13,646,211,57,0.07400727272033691,41.43285525353599,0.6398104265402843,0.6185486879741325,0.6442014297577993,4,0.6923076923076923,0.6583333333333333,13,0.25,0.2222222222222222,0.23529411764705882,0.975609756097561,0.8888888888888888,0.9302325581395349,0.8,0.6666666666666666,0.7272727272727273,0.45454545454545453,0.8064516129032258,0.5813953488372093
P5,F3,svm,2,fold1,43,13,646,211,57,0.06630158424377441,35.930018854367226,0.6682464454976303,0.5154367358963028,0.6103251775418698,4,0.7692307692307693,0.580952380952381,13,0.4791666666666667,0.5111111111111111,0.4946236559139785,1.0,0.6222222222222222,0.7671232876712328,0.6666666666666666,1.0,0.8,0.0,0.0,0.0
P5,F3,svm,2,fold2,45,11,693,164,57,0.09859514236450195,42.97931019852801,0.7012195121951219,0.6293877690936515,0.6938720055649754,4,0.7272727272727273,0.5367965367965368,11,0.391304347826087,0.9,0.5454545454545454,1.0,0.7894736842105263,0.8823529411764706,0.9583333333333334,0.8214285714285714,0.8846153846153846,0.5,0.12903225806451613,0.20512820512820512
P5,F3,svm,2,fold3,46,10,715,142,57,0.09507417678833008,46.57053611647915,0.6830985915492958,0.5636861921897908,0.6583967821322175,4,0.7,0.55,10,0.38461538461538464,0.6666666666666666,0.4878048780487805,0.967741935483871,1.0,0.9836065573770492,0.8245614035087719,0.746031746031746,0.7833333333333333,0.0,0.0,0.0
P5,F3,svm,2,fold4,47,9,728,129,57,0.09893298149108887,48.46920338711997,0.9844961240310077,0.9861076655916646,0.988132669485903,3,1.0,1.0,9,1.0,0.9333333333333333,0.9655172413793104,1.0,1.0,1.0,0.9857142857142858,1.0,0.9928057553956835,,,
P5,F3,rf,0,fold0,43,13,646,211,57,0.8600890636444092,85.97758143999,0.5497630331753555,0.48778604985981666,0.535360230807225,4,0.6153846153846154,0.5,13,0.23684210526315788,0.2,0.21686746987951808,1.0,0.9555555555555556,0.9772727272727273,0.5555555555555556,0.6666666666666666,0.6060606060606061,0.18181818181818182,0.12903225806451613,0.1509433962264151
P5,F3,rf,0,fold1,43,13,646,211,57,0.8978312015533447,83.07136065587048,0.7582938388625592,0.5985708582183801,0.7054952879068432,4,0.8461538461538461,0.6474358974358974,13,0.45,0.6,0.5142857142857142,0.9772727272727273,0.9555555555555556,0.9662921348314607,0.8411214953271028,1.0,0.9137055837563451,0.0,0.0,0.0
P5,F3,rf,0,fold2,45,11,693,164,57,0.9271728992462158,154.45889496221776,0.6463414634146342,0.5445674818676393,0.6079835646457914,4,0.6363636363636364,0.45833333333333337,11,0.32608695652173914,0.5,0.39473684210526316,0.9375,0.7894736842105263,0.8571428571428571,0.7474747474747475,0.8809523809523809,0.8087431693989071,0.6666666666666666,0.06451612903225806,0.11764705882352941
P5,F3,rf,0,fold3,46,10,715,142,57,0.9549555778503418,120.9101206819776,0.7464788732394366,0.6943869202842972,0.7494494244703276,4,0.8,0.6722222222222223,10,0.5576923076923077,0.9666666666666667,0.7073170731707317,1.0,1.0,1.0,0.9767441860465116,0.6666666666666666,0.7924528301886793,0.29411764705882354,0.2631578947368421,0.2777777777777778
P5,F3,rf,0,fold4,47,9,728,129,57,0.9922325611114502,132.6993454334348,0.9767441860465116,0.9824561403508771,0.9877600979192166,3,1.0,1.0,9,1.0,0.9,0.9473684210526315,1.0,1.0,1.0,1.0,1.0,1.0,,,
P5,F3,rf,1,fold0,43,13,646,211,57,0.8606865406036377,80.29395370121816,0.5355450236966824,0.46489471344417327,0.5206433008388256,4,0.6153846153846154,0.5,13,0.24390243902439024,0.2222222222222222,0.23255813953488372,0.9761904761904762,0.9111111111111111,0.9425287356321839,0.5555555555555556,0.6666666666666666,0.6060606060606061,0.1,0.06451612903225806,0.0784313725490196
P5,F3,rf,1,fold1,43,13,646,211,57,0.9009900093078613,79.41146597478061,0.7582938388625592,0.5985708582183801,0.7054952879068432,4,0.8461538461538461,0.6474358974358974,13,0.45,0.6,0.5142857142857142,0.9772727272727273,0.9555555555555556,0.9662921348314607,0.8411214953271028,1.0,0.9137055837563451,0.0,0.0,0.0
P5,F3,rf,1,fold2,45,11,693,164,57,0.912346601486206,102.61012286674685,0.6524390243902439,0.5766562415926823,0.629966059043157,4,0.6363636363636364,0.45833333333333337,11,0.34,0.5666666666666667,0.425,0.9375,0.7894736842105263,0.8571428571428571,0.7634408602150538,0.8452380952380952,0.8022598870056498,0.8,0.12903225806451613,0.2222222222222222
P5,F3,rf,1,fold3,46,10,715,142,57,0.9258925914764404,118.42855265442755,0.7394366197183099,0.6893813348632626,0.7425467126722853,4,0.8,0.6722222222222223,10,0.5471698113207547,0.9666666666666667,0.6987951807228916,1.0,1.0,1.0,0.9761904761904762,0.6507936507936508,0.780952380952381,0.29411764705882354,0.2631578947368421,0.2777777777777778
P5,F3,rf,1,fold4,47,9,728,129,57,0.9819769859313965,125.68170710127482,0.9767441860465116,0.9824561403508771,0.9877600979192166,3,1.0,1.0,9,1.0,0.9,0.9473684210526315,1.0,1.0,1.0,1.0,1.0,1.0,,,
P5,F3,rf,2,fold0,43,13,646,211,57,0.8813736438751221,80.30751305168839,0.5734597156398105,0.5273484483344105,0.5655846395637748,4,0.6153846153846154,0.5,13,0.2682926829268293,0.24444444444444444,0.2558139534883721,1.0,0.9555555555555556,0.9772727272727273,0.5825242718446602,0.6666666666666666,0.6217616580310881,0.2916666666666667,0.22580645161290322,0.2545454545454545
P5,F3,rf,2,fold1,43,13,646,211,57,0.872328519821167,81.3583627131313,0.7535545023696683,0.5938457609805925,0.7004802269459599,4,0.8461538461538461,0.6474358974358974,13,0.4406779661016949,0.5777777777777777,0.5,0.9772727272727273,0.9555555555555556,0.9662921348314607,0.8333333333333334,1.0,0.9090909090909091,0.0,0.0,0.0
P5,F3,rf,2,fold2,45,11,693,164,57,0.902252197265625,101.97918589522199,0.676829268292683,0.6036159081098718,0.6579095932622446,4,0.6363636363636364,0.45833333333333337,11,0.3469387755102041,0.5666666666666667,0.43037974683544306,1.0,0.7894736842105263,0.8823529411764706,0.7872340425531915,0.8809523809523809,0.8314606741573034,0.8333333333333334,0.16129032258064516,0.2702702702702703
P5,F3,rf,2,fold3,46,10,715,142,57,0.9523091316223145,159.52385647196166,0.7464788732394366,0.6851898563885246,0.7444159119449486,4,0.8,0.6722222222222223,10,0.5454545454545454,1.0,0.7058823529411765,1.0,1.0,1.0,0.9767441860465116,0.6666666666666666,0.7924528301886793,0.2857142857142857,0.21052631578947367,0.24242424242424243
P5,F3,rf,2,fold4,47,9,728,129,57,1.0424160957336426,127.70364450853924,0.9612403100775194,0.964935064935065,0.9712171549380851,3,1.0,1.0,9,1.0,0.8333333333333334,0.9090909090909091,1.0,1.0,1.0,0.971830985915493,1.0,0.9857142857142858,,,
P5,F3,hgb,0,fold0,43,13,646,211,57,1.1398468017578125,90.43408796120595,0.5118483412322274,0.4388616826040761,0.4951473369213677,4,0.5384615384615384,0.40384615384615385,13,0.1794871794871795,0.15555555555555556,0.16666666666666666,0.975,0.8666666666666667,0.9176470588235294,0.5309734513274337,0.6666666666666666,0.5911330049261084,0.10526315789473684,0.06451612903225806,0.08
P5,F3,hgb,0,fold1,43,13,646,211,57,1.182483196258545,95.03748744584938,0.7819905213270142,0.6212025585447745,0.7385696666753279,4,0.9230769230769231,0.7142857142857143,13,0.49230769230769234,0.7111111111111111,0.5818181818181818,0.8958333333333334,0.9555555555555556,0.9247311827956989,0.9574468085106383,1.0,0.9782608695652174,0.0,0.0,0.0
P5,F3,hgb,0,fold2,45,11,693,164,57,1.298532247543335,103.7964006749595,0.6280487804878049,0.5176575203252033,0.5999467083085466,4,0.7272727272727273,0.5367965367965368,11,0.2878787878787879,0.6333333333333333,0.3958333333333333,0.8823529411764706,0.7894736842105263,0.8333333333333334,0.8625,0.8214285714285714,0.8414634146341463,0.0,0.0,0.0
P5,F3,hgb,0,fold3,46,10,715,142,57,1.4118645191192627,142.60956938837614,0.7183098591549296,0.6334398310662571,0.7102364902446713,4,0.8,0.6722222222222223,10,0.5357142857142857,1.0,0.6976744186046512,1.0,1.0,1.0,0.9534883720930233,0.6507936507936508,0.7735849056603774,0.07692307692307693,0.05263157894736842,0.0625
P5,F3,hgb,0,fold4,47,9,728,129,57,1.5679445266723633,123.486038326293,0.9767441860465116,0.9824561403508771,0.9877600979192166,3,1.0,1.0,9,1.0,0.9,0.9473684210526315,1.0,1.0,1.0,1.0,1.0,1.0,,,
P5,F3,hgb,1,fold0,43,13,646,211,57,1.1047918796539307,89.3696789492928,0.5118483412322274,0.4388616826040761,0.4951473369213677,4,0.5384615384615384,0.40384615384615385,13,0.1794871794871795,0.15555555555555556,0.16666666666666666,0.975,0.8666666666666667,0.9176470588235294,0.5309734513274337,0.6666666666666666,0.5911330049261084,0.10526315789473684,0.06451612903225806,0.08
P5,F3,hgb,1,fold1,43,13,646,211,57,1.2319724559783936,100.35388277605246,0.7819905213270142,0.6212025585447745,0.7385696666753279,4,0.9230769230769231,0.7142857142857143,13,0.49230769230769234,0.7111111111111111,0.5818181818181818,0.8958333333333334,0.9555555555555556,0.9247311827956989,0.9574468085106383,1.0,0.9782608695652174,0.0,0.0,0.0
P5,F3,hgb,1,fold2,45,11,693,164,57,1.2943828105926514,105.5598258972168,0.6280487804878049,0.5176575203252033,0.5999467083085466,4,0.7272727272727273,0.5367965367965368,11,0.2878787878787879,0.6333333333333333,0.3958333333333333,0.8823529411764706,0.7894736842105263,0.8333333333333334,0.8625,0.8214285714285714,0.8414634146341463,0.0,0.0,0.0
P5,F3,hgb,1,fold3,46,10,715,142,57,1.3728203773498535,134.45128857249944,0.7183098591549296,0.6334398310662571,0.7102364902446713,4,0.8,0.6722222222222223,10,0.5357142857142857,1.0,0.6976744186046512,1.0,1.0,1.0,0.9534883720930233,0.6507936507936508,0.7735849056603774,0.07692307692307693,0.05263157894736842,0.0625
P5,F3,hgb,1,fold4,47,9,728,129,57,1.396165132522583,127.35063715498576,0.9767441860465116,0.9824561403508771,0.9877600979192166,3,1.0,1.0,9,1.0,0.9,0.9473684210526315,1.0,1.0,1.0,1.0,1.0,1.0,,,
P5,F3,hgb,2,fold0,43,13,646,211,57,1.0600721836090088,91.27024790687018,0.5118483412322274,0.4388616826040761,0.4951473369213677,4,0.5384615384615384,0.40384615384615385,13,0.1794871794871795,0.15555555555555556,0.16666666666666666,0.975,0.8666666666666667,0.9176470588235294,0.5309734513274337,0.6666666666666666,0.5911330049261084,0.10526315789473684,0.06451612903225806,0.08
P5,F3,hgb,2,fold1,43,13,646,211,57,1.1777267456054688,93.89285227698737,0.7819905213270142,0.6212025585447745,0.7385696666753279,4,0.9230769230769231,0.7142857142857143,13,0.49230769230769234,0.7111111111111111,0.5818181818181818,0.8958333333333334,0.9555555555555556,0.9247311827956989,0.9574468085106383,1.0,0.9782608695652174,0.0,0.0,0.0
P5,F3,hgb,2,fold2,45,11,693,164,57,1.3261075019836426,103.77895541307403,0.6280487804878049,0.5176575203252033,0.5999467083085466,4,0.7272727272727273,0.5367965367965368,11,0.2878787878787879,0.6333333333333333,0.3958333333333333,0.8823529411764706,0.7894736842105263,0.8333333333333334,0.8625,0.8214285714285714,0.8414634146341463,0.0,0.0,0.0
P5,F3,hgb,2,fold3,46,10,715,142,57,1.3316240310668945,142.88660506127584,0.7183098591549296,0.6334398310662571,0.7102364902446713,4,0.8,0.6722222222222223,10,0.5357142857142857,1.0,0.6976744186046512,1.0,1.0,1.0,0.9534883720930233,0.6507936507936508,0.7735849056603774,0.07692307692307693,0.05263157894736842,0.0625
P5,F3,hgb,2,fold4,47,9,728,129,57,1.501427412033081,124.36948081319646,0.9767441860465116,0.9824561403508771,0.9877600979192166,3,1.0,1.0,9,1.0,0.9,0.9473684210526315,1.0,1.0,1.0,1.0,1.0,1.0,,,
P5,F6,lr,0,fold0,43,13,646,211,18,0.031028270721435547,1.2101720294681204,0.5876777251184834,0.6102767695099818,0.4722241336303662,4,0.5384615384615384,0.5875,13,0.6,1.0,0.75,0.44,0.9777777777777777,0.6068965517241379,0.8,0.044444444444444446,0.08421052631578947,1.0,1.0,1.0
P5,F6,lr,0,fold1,43,13,646,211,18,0.024319171905517578,1.221471488193313,0.9052132701421801,0.9192265047348301,0.907968022653935,4,0.9230769230769231,0.9415584415584416,13,0.7166666666666667,0.9555555555555556,0.819047619047619,0.9772727272727273,0.9555555555555556,0.9662921348314607,0.9736842105263158,0.8222222222222222,0.891566265060241,1.0,1.0,1.0
P5,F6,lr,0,fold2,45,11,693,164,18,0.03216910362243652,2.589167618170017,0.7012195121951219,0.6790909090909091,0.715920177383592,4,0.6363636363636364,0.6568181818181817,11,0.5833333333333334,0.7,0.6363636363636364,0.2903225806451613,0.47368421052631576,0.36,0.8181818181818182,0.6428571428571429,0.72,1.0,1.0,1.0
P5,F6,lr,0,fold3,46,10,715,142,18,0.02877664566040039,1.7428062331508583,0.6408450704225352,0.6322835497835498,0.6588211084689958,4,0.6,0.4708333333333333,10,0.3191489361702128,0.5,0.38961038961038963,0.6222222222222222,0.9333333333333333,0.7466666666666667,0.9512195121951219,0.6190476190476191,0.75,1.0,0.47368421052631576,0.6428571428571429
P5,F6,lr,0,fold4,47,9,728,129,18,0.034920692443847656,1.8574470697447312,0.689922480620155,0.7306122448979592,0.6886568580920741,3,0.6666666666666666,0.7142857142857143,9,1.0,1.0,1.0,0.42857142857142855,1.0,0.6,1.0,0.42028985507246375,0.5918367346938775,,,
P5,F6,lr,1,fold0,43,13,646,211,18,0.03191375732421875,1.2101720294681204,0.5876777251184834,0.6102767695099818,0.4722241336303662,4,0.5384615384615384,0.5875,13,0.6,1.0,0.75,0.44,0.9777777777777777,0.6068965517241379,0.8,0.044444444444444446,0.08421052631578947,1.0,1.0,1.0
P5,F6,lr,1,fold1,43,13,646,211,18,0.023743391036987305,1.2384206762811019,0.9052132701421801,0.9192265047348301,0.907968022653935,4,0.9230769230769231,0.9415584415584416,13,0.7166666666666667,0.9555555555555556,0.819047619047619,0.9772727272727273,0.9555555555555556,0.9662921348314607,0.9736842105263158,0.8222222222222222,0.891566265060241,1.0,1.0,1.0
P5,F6,lr,1,fold2,45,11,693,164,18,0.03178119659423828,1.612232952583127,0.7012195121951219,0.6790909090909091,0.715920177383592,4,0.6363636363636364,0.6568181818181817,11,0.5833333333333334,0.7,0.6363636363636364,0.2903225806451613,0.47368421052631576,0.36,0.8181818181818182,0.6428571428571429,0.72,1.0,1.0,1.0
P5,F6,lr,1,fold3,46,10,715,142,18,0.028182506561279297,1.6941151148836378,0.6408450704225352,0.6322835497835498,0.6588211084689958,4,0.6,0.4708333333333333,10,0.3191489361702128,0.5,0.38961038961038963,0.6222222222222222,0.9333333333333333,0.7466666666666667,0.9512195121951219,0.6190476190476191,0.75,1.0,0.47368421052631576,0.6428571428571429
P5,F6,lr,1,fold4,47,9,728,129,18,0.03653669357299805,1.8796255422192951,0.689922480620155,0.7306122448979592,0.6886568580920741,3,0.6666666666666666,0.7142857142857143,9,1.0,1.0,1.0,0.42857142857142855,1.0,0.6,1.0,0.42028985507246375,0.5918367346938775,,,
P5,F6,lr,2,fold0,43,13,646,211,18,0.03148007392883301,1.288138294671949,0.5876777251184834,0.6102767695099818,0.4722241336303662,4,0.5384615384615384,0.5875,13,0.6,1.0,0.75,0.44,0.9777777777777777,0.6068965517241379,0.8,0.044444444444444446,0.08421052631578947,1.0,1.0,1.0
P5,F6,lr,2,fold1,43,13,646,211,18,0.02452254295349121,1.153674735842158,0.9052132701421801,0.9192265047348301,0.907968022653935,4,0.9230769230769231,0.9415584415584416,13,0.7166666666666667,0.9555555555555556,0.819047619047619,0.9772727272727273,0.9555555555555556,0.9662921348314607,0.9736842105263158,0.8222222222222222,0.891566265060241,1.0,1.0,1.0
P5,F6,lr,2,fold2,45,11,693,164,18,0.03310513496398926,1.5424519050412062,0.7012195121951219,0.6790909090909091,0.715920177383592,4,0.6363636363636364,0.6568181818181817,11,0.5833333333333334,0.7,0.6363636363636364,0.2903225806451613,0.47368421052631576,0.36,0.8181818181818182,0.6428571428571429,0.72,1.0,1.0,1.0
P5,F6,lr,2,fold3,46,10,715,142,18,0.02881145477294922,1.727695196447238,0.6408450704225352,0.6322835497835498,0.6588211084689958,4,0.6,0.4708333333333333,10,0.3191489361702128,0.5,0.38961038961038963,0.6222222222222222,0.9333333333333333,0.7466666666666667,0.9512195121951219,0.6190476190476191,0.75,1.0,0.47368421052631576,0.6428571428571429
P5,F6,lr,2,fold4,47,9,728,129,18,0.032266855239868164,1.8555988637051841,0.689922480620155,0.7306122448979592,0.6886568580920741,3,0.6666666666666666,0.7142857142857143,9,1.0,1.0,1.0,0.42857142857142855,1.0,0.6,1.0,0.42028985507246375,0.5918367346938775,,,
P5,F6,svm,0,fold0,43,13,646,211,18,0.0668332576751709,35.8464028598008,0.6018957345971564,0.6542177323341971,0.5698945091870904,4,0.6153846153846154,0.691468253968254,13,0.56,0.9333333333333333,0.7,0.46875,0.6666666666666666,0.5504587155963303,0.5853658536585366,0.26666666666666666,0.366412213740458,1.0,1.0,1.0
P5,F6,svm,0,fold1,43,13,646,211,18,0.06456661224365234,33.67577683869131,0.8862559241706162,0.8896397471072408,0.8826263714705851,4,1.0,1.0,13,0.9473684210526315,0.8,0.8674698795180723,1.0,0.6666666666666666,0.8,0.8035714285714286,1.0,0.8910891089108911,1.0,1.0,1.0
P5,F6,svm,0,fold2,45,11,693,164,18,0.06709575653076172,34.09385681152344,0.7804878048780488,0.754359197907585,0.7803549025028176,4,0.7272727272727273,0.7568181818181818,11,0.6363636363636364,0.9333333333333333,0.7567567567567568,0.5,0.47368421052631576,0.4864864864864865,0.8450704225352113,0.7142857142857143,0.7741935483870968,1.0,1.0,1.0
P5,F6,svm,0,fold3,46,10,715,142,18,0.07076144218444824,32.82956674065388,0.5985915492957746,0.5878920632495608,0.6133649071881446,4,0.6,0.5,10,0.2826086956521739,0.43333333333333335,0.34210526315789475,1.0,0.7666666666666667,0.8679245283018868,0.6417910447761194,0.6825396825396826,0.6615384615384615,1.0,0.3157894736842105,0.48
P5,F6,svm,0,fold4,47,9,728,129,18,0.07007122039794922,33.568966296292096,0.6589147286821705,0.6901059932974826,0.6650241149251539,3,0.6666666666666666,0.7142857142857143,9,1.0,0.7333333333333333,0.8461538461538461,0.453125,0.9666666666666667,0.6170212765957447,0.7906976744186046,0.4927536231884058,0.6071428571428571,,,
P5,F6,svm,1,fold0,43,13,646,211,18,0.05685544013977051,29.65542942426781,0.6018957345971564,0.6544989810976038,0.5721663973016653,4,0.6153846153846154,0.691468253968254,13,0.56,0.9333333333333333,0.7,0.46774193548387094,0.6444444444444445,0.5420560747663551,0.5813953488372093,0.2777777777777778,0.37593984962406013,1.0,1.0,1.0
P5,F6,svm,1,fold1,43,13,646,211,18,0.06707143783569336,41.959410030129966,0.8862559241706162,0.8896397471072408,0.8826263714705851,4,1.0,1.0,13,0.9473684210526315,0.8,0.8674698795180723,1.0,0.6666666666666666,0.8,0.8035714285714286,1.0,0.8910891089108911,1.0,1.0,1.0
P5,F6,svm,1,fold2,45,11,693,164,18,0.07003521919250488,45.97698769918302,0.7804878048780488,0.754359197907585,0.7803549025028176,4,0.7272727272727273,0.7568181818181818,11,0.6363636363636364,0.9333333333333333,0.7567567567567568,0.5,0.47368421052631576,0.4864864864864865,0.8450704225352113,0.7142857142857143,0.7741935483870968,1.0,1.0,1.0
P5,F6,svm,1,fold3,46,10,715,142,18,0.0667872428894043,34.17612801135426,0.5985915492957746,0.5878920632495608,0.6133649071881446,4,0.6,0.5,10,0.2826086956521739,0.43333333333333335,0.34210526315789475,1.0,0.7666666666666667,0.8679245283018868,0.6417910447761194,0.6825396825396826,0.6615384615384615,1.0,0.3157894736842105,0.48
P5,F6,svm,1,fold4,47,9,728,129,18,0.07315731048583984,33.71312636737676,0.6511627906976745,0.6837582521793047,0.6568017975606715,3,0.6666666666666666,0.7142857142857143,9,1.0,0.7333333333333333,0.8461538461538461,0.4461538461538462,0.9666666666666667,0.6105263157894737,0.7857142857142857,0.4782608695652174,0.5945945945945946,,,
P5,F6,svm,2,fold0,43,13,646,211,18,0.05780148506164551,29.83396087212585,0.6018957345971564,0.6542177323341971,0.5698945091870904,4,0.6153846153846154,0.691468253968254,13,0.56,0.9333333333333333,0.7,0.46875,0.6666666666666666,0.5504587155963303,0.5853658536585366,0.26666666666666666,0.366412213740458,1.0,1.0,1.0
P5,F6,svm,2,fold1,43,13,646,211,18,0.06176137924194336,33.08368520149123,0.8862559241706162,0.8896397471072408,0.8826263714705851,4,1.0,1.0,13,0.9473684210526315,0.8,0.8674698795180723,1.0,0.6666666666666666,0.8,0.8035714285714286,1.0,0.8910891089108911,1.0,1.0,1.0
P5,F6,svm,2,fold2,45,11,693,164,18,0.07785463333129883,43.6364150628811,0.7804878048780488,0.754359197907585,0.7803549025028176,4,0.7272727272727273,0.7568181818181818,11,0.6363636363636364,0.9333333333333333,0.7567567567567568,0.5,0.47368421052631576,0.4864864864864865,0.8450704225352113,0.7142857142857143,0.7741935483870968,1.0,1.0,1.0
P5,F6,svm,2,fold3,46,10,715,142,18,0.06769466400146484,33.561612518740375,0.5985915492957746,0.5878920632495608,0.6133649071881446,4,0.6,0.5,10,0.2826086956521739,0.43333333333333335,0.34210526315789475,1.0,0.7666666666666667,0.8679245283018868,0.6417910447761194,0.6825396825396826,0.6615384615384615,1.0,0.3157894736842105,0.48
P5,F6,svm,2,fold4,47,9,728,129,18,0.08307743072509766,32.63747045236041,0.6589147286821705,0.6901059932974826,0.6650241149251539,3,0.6666666666666666,0.7142857142857143,9,1.0,0.7333333333333333,0.8461538461538461,0.453125,0.9666666666666667,0.6170212765957447,0.7906976744186046,0.4927536231884058,0.6071428571428571,,,
P5,F6,rf,0,fold0,43,13,646,211,18,0.661984920501709,87.7561162433353,0.6018957345971564,0.6565320435104736,0.5923795941350591,4,0.6153846153846154,0.691468253968254,13,0.4925373134328358,0.7333333333333333,0.5892857142857143,0.5178571428571429,0.6444444444444445,0.5742574257425742,0.5964912280701754,0.37777777777777777,0.46258503401360546,1.0,1.0,1.0
P5,F6,rf,0,fold1,43,13,646,211,18,0.648888111114502,99.34258122014774,0.9052132701421801,0.9051101772740304,0.9006473136415214,4,0.8461538461538461,0.8392857142857143,13,0.90625,0.6444444444444445,0.7532467532467533,1.0,0.9111111111111111,0.9534883720930233,0.8411214953271028,1.0,0.9137055837563451,1.0,1.0,1.0
P5,F6,rf,0,fold2,45,11,693,164,18,0.7426538467407227,99.49905116383623,0.7621951219512195,0.7498629248188323,0.7681080772051998,4,0.7272727272727273,0.7416666666666667,11,0.5263157894736842,0.6666666666666666,0.5882352941176471,0.5909090909090909,0.6842105263157895,0.6341463414634146,0.8356164383561644,0.7261904761904762,0.7770700636942676,1.0,1.0,1.0
P5,F6,rf,0,fold3,46,10,715,142,18,0.6867575645446777,114.60210236025529,0.7253521126760564,0.7498721227621483,0.7339433017542595,4,0.7,0.7375,10,0.38461538461538464,0.5,0.43478260869565216,0.6666666666666666,1.0,0.8,1.0,0.6190476190476191,0.7647058823529411,1.0,1.0,1.0
P5,F6,rf,0,fold4,47,9,728,129,18,0.683241605758667,125.23259303366491,0.9302325581395349,0.9332659251769463,0.9323488607237754,3,0.8888888888888888,0.8962962962962964,9,1.0,1.0,1.0,0.7692307692307693,1.0,0.8695652173913043,1.0,0.8695652173913043,0.9302325581395349,,,
P5,F6,rf,1,fold0,43,13,646,211,18,0.6332533359527588,81.54932356558704,0.6350710900473934,0.6845969821908828,0.6278317057201028,4,0.6923076923076923,0.7541666666666667,13,0.5142857142857142,0.8,0.6260869565217392,0.5714285714285714,0.6222222222222222,0.5957446808510638,0.639344262295082,0.43333333333333335,0.5165562913907285,1.0,1.0,1.0
P5,F6,rf,1,fold1,43,13,646,211,18,0.6702191829681396,78.9515780046653,0.9052132701421801,0.9035357089544281,0.9002983802087298,4,0.9230769230769231,0.9307692307692308,13,0.90625,0.6444444444444445,0.7532467532467533,0.9761904761904762,0.9111111111111111,0.9425287356321839,0.8490566037735849,1.0,0.9183673469387755,1.0,1.0,1.0
P5,F6,rf,1,fold2,45,11,693,164,18,0.745948076248169,122.3189074818681,0.7682926829268293,0.7562233189221524,0.7744021813739632,4,0.7272727272727273,0.7416666666666667,11,0.5384615384615384,0.7,0.6086956521739131,0.5909090909090909,0.6842105263157895,0.6341463414634146,0.8472222222222222,0.7261904761904762,0.782051282051282,1.0,1.0,1.0
P5,F6,rf,1,fold3,46,10,715,142,18,0.656609296798706,115.3912342769999,0.7253521126760564,0.7498721227621483,0.7339433017542595,4,0.7,0.7375,10,0.38461538461538464,0.5,0.43478260869565216,0.6666666666666666,1.0,0.8,1.0,0.6190476190476191,0.7647058823529411,1.0,1.0,1.0
P5,F6,rf,1,fold4,47,9,728,129,18,0.7136242389678955,141.7610996453337,0.9147286821705426,0.9194854164356215,0.9176413544441895,3,0.8888888888888888,0.8962962962962964,9,1.0,1.0,1.0,0.7317073170731707,1.0,0.8450704225352113,1.0,0.8405797101449275,0.9133858267716536,,,
P5,F6,rf,2,fold0,43,13,646,211,18,0.6743800640106201,80.38660926276474,0.6113744075829384,0.6649145398506012,0.596324537028286,4,0.6153846153846154,0.691468253968254,13,0.5285714285714286,0.8222222222222222,0.6434782608695652,0.5087719298245614,0.6444444444444445,0.5686274509803921,0.6037735849056604,0.35555555555555557,0.44755244755244755,1.0,1.0,1.0
P5,F6,rf,2,fold1,43,13,646,211,18,0.709714412689209,78.54140765294079,0.9004739336492891,0.9011694129562542,0.8953270707112105,4,0.8461538461538461,0.8392857142857143,13,0.9333333333333333,0.6222222222222222,0.7466666666666667,1.0,0.9111111111111111,0.9534883720930233,0.8256880733944955,1.0,0.9045226130653267,1.0,1.0,1.0
P5,F6,rf,2,fold2,45,11,693,164,18,0.7351775169372559,103.03171669564597,0.7560975609756098,0.7407481238273921,0.7607571042877408,4,0.7272727272727273,0.7416666666666667,11,0.5142857142857142,0.6,0.5538461538461539,0.5909090909090909,0.6842105263157895,0.6341463414634146,0.8157894736842105,0.7380952380952381,0.775,1.0,1.0,1.0
P5,F6,rf,2,fold3,46,10,715,142,18,0.6999635696411133,125.75236844344879,0.7253521126760564,0.7498721227621483,0.7339433017542595,4,0.7,0.7375,10,0.38461538461538464,0.5,0.43478260869565216,0.6666666666666666,1.0,0.8,1.0,0.6190476190476191,0.7647058823529411,1.0,1.0,1.0
P5,F6,rf,2,fold4,47,9,728,129,18,0.6759133338928223,124.92394262506056,0.9224806201550387,0.9263392857142857,0.9249896179401993,3,0.8888888888888888,0.8962962962962964,9,1.0,1.0,1.0,0.75,1.0,0.8571428571428571,1.0,0.855072463768116,0.921875,,,
P5,F6,hgb,0,fold0,43,13,646,211,18,0.6478817462921143,99.83071783707605,0.6161137440758294,0.6777777777777778,0.6113744075829384,4,0.6153846153846154,0.711111111111111,13,0.43333333333333335,0.8666666666666667,0.5777777777777777,0.8333333333333334,0.5555555555555556,0.6666666666666666,0.5833333333333334,0.3888888888888889,0.4666666666666667,1.0,1.0,1.0
P5,F6,hgb,0,fold1,43,13,646,211,18,0.6999986171722412,105.10869500761348,0.909952606635071,0.9094112444239348,0.9043164704518664,4,0.8461538461538461,0.8392857142857143,13,0.9333333333333333,0.6222222222222222,0.7466666666666667,1.0,0.9555555555555556,0.9772727272727273,0.8411214953271028,1.0,0.9137055837563451,1.0,1.0,1.0
P5,F6,hgb,0,fold2,45,11,693,164,18,0.7356507778167725,113.40292488656394,0.7682926829268293,0.7712271062271062,0.7780889841865452,4,0.6363636363636364,0.6818181818181819,11,0.4666666666666667,0.7,0.56,0.8125,0.6842105263157895,0.7428571428571429,0.8472222222222222,0.7261904761904762,0.782051282051282,1.0,1.0,1.0
P5,F6,hgb,0,fold3,46,10,715,142,18,0.6814887523651123,155.19034694617903,0.7535211267605634,0.7665905631659056,0.7562737153514695,4,0.8,0.7972222222222222,10,0.42424242424242425,0.4666666666666667,0.4444444444444444,0.6976744186046512,1.0,0.821917808219178,0.9361702127659575,0.6984126984126984,0.8,1.0,1.0,1.0
P5,F6,hgb,0,fold4,47,9,728,129,18,0.7571690082550049,167.60086828424025,0.9612403100775194,0.9611712701401967,0.9617129447145214,3,1.0,1.0,9,1.0,0.9666666666666667,0.9830508474576272,0.8823529411764706,1.0,0.9375,0.9848484848484849,0.9420289855072463,0.9629629629629629,,,
P5,F6,hgb,1,fold0,43,13,646,211,18,0.6529161930084229,110.01379004021956,0.6161137440758294,0.6777777777777778,0.6113744075829384,4,0.6153846153846154,0.711111111111111,13,0.43333333333333335,0.8666666666666667,0.5777777777777777,0.8333333333333334,0.5555555555555556,0.6666666666666666,0.5833333333333334,0.3888888888888889,0.4666666666666667,1.0,1.0,1.0
P5,F6,hgb,1,fold1,43,13,646,211,18,0.6828558444976807,103.51547132736134,0.909952606635071,0.9094112444239348,0.9043164704518664,4,0.8461538461538461,0.8392857142857143,13,0.9333333333333333,0.6222222222222222,0.7466666666666667,1.0,0.9555555555555556,0.9772727272727273,0.8411214953271028,1.0,0.9137055837563451,1.0,1.0,1.0
P5,F6,hgb,1,fold2,45,11,693,164,18,0.7395195960998535,114.87995705953459,0.7682926829268293,0.7712271062271062,0.7780889841865452,4,0.6363636363636364,0.6818181818181819,11,0.4666666666666667,0.7,0.56,0.8125,0.6842105263157895,0.7428571428571429,0.8472222222222222,0.7261904761904762,0.782051282051282,1.0,1.0,1.0
P5,F6,hgb,1,fold3,46,10,715,142,18,0.6968021392822266,117.35063203623596,0.7535211267605634,0.7665905631659056,0.7562737153514695,4,0.8,0.7972222222222222,10,0.42424242424242425,0.4666666666666667,0.4444444444444444,0.6976744186046512,1.0,0.821917808219178,0.9361702127659575,0.6984126984126984,0.8,1.0,1.0,1.0
P5,F6,hgb,1,fold4,47,9,728,129,18,0.7977209091186523,134.30728468784068,0.9612403100775194,0.9611712701401967,0.9617129447145214,3,1.0,1.0,9,1.0,0.9666666666666667,0.9830508474576272,0.8823529411764706,1.0,0.9375,0.9848484848484849,0.9420289855072463,0.9629629629629629,,,
P5,F6,hgb,2,fold0,43,13,646,211,18,0.6284949779510498,98.42619511753462,0.6161137440758294,0.6777777777777778,0.6113744075829384,4,0.6153846153846154,0.711111111111111,13,0.43333333333333335,0.8666666666666667,0.5777777777777777,0.8333333333333334,0.5555555555555556,0.6666666666666666,0.5833333333333334,0.3888888888888889,0.4666666666666667,1.0,1.0,1.0
P5,F6,hgb,2,fold1,43,13,646,211,18,0.6685445308685303,102.526768688907,0.909952606635071,0.9094112444239348,0.9043164704518664,4,0.8461538461538461,0.8392857142857143,13,0.9333333333333333,0.6222222222222222,0.7466666666666667,1.0,0.9555555555555556,0.9772727272727273,0.8411214953271028,1.0,0.9137055837563451,1.0,1.0,1.0
P5,F6,hgb,2,fold2,45,11,693,164,18,0.748281717300415,132.51275551028368,0.7682926829268293,0.7712271062271062,0.7780889841865452,4,0.6363636363636364,0.6818181818181819,11,0.4666666666666667,0.7,0.56,0.8125,0.6842105263157895,0.7428571428571429,0.8472222222222222,0.7261904761904762,0.782051282051282,1.0,1.0,1.0
P5,F6,hgb,2,fold3,46,10,715,142,18,0.6617372035980225,127.1123617467746,0.7535211267605634,0.7665905631659056,0.7562737153514695,4,0.8,0.7972222222222222,10,0.42424242424242425,0.4666666666666667,0.4444444444444444,0.6976744186046512,1.0,0.821917808219178,0.9361702127659575,0.6984126984126984,0.8,1.0,1.0,1.0
P5,F6,hgb,2,fold4,47,9,728,129,18,0.8086051940917969,134.791514670202,0.9612403100775194,0.9611712701401967,0.9617129447145214,3,1.0,1.0,9,1.0,0.9666666666666667,0.9830508474576272,0.8823529411764706,1.0,0.9375,0.9848484848484849,0.9420289855072463,0.9629629629629629,,,
P5,F7,lr,0,fold0,43,13,646,211,16,0.017830371856689453,1.167234086312389,0.8341232227488151,0.8525842251670981,0.8353589603818716,4,0.8461538461538461,0.875,13,0.6086956521739131,0.6222222222222222,0.6153846153846154,1.0,0.9555555555555556,0.9772727272727273,0.8131868131868132,0.8222222222222222,0.8176795580110497,1.0,1.0,1.0
P5,F7,lr,0,fold1,43,13,646,211,16,0.010322332382202148,1.158194519332235,0.9715639810426541,0.966701229164892,0.9713232974178913,4,1.0,1.0,13,1.0,0.9111111111111111,0.9534883720930233,0.9555555555555556,0.9555555555555556,0.9555555555555556,0.9782608695652174,1.0,0.989010989010989,0.9393939393939394,1.0,0.96875
P5,F7,lr,0,fold2,45,11,693,164,16,0.04746079444885254,1.522099099508146,0.6951219512195121,0.5307482291845658,0.6543826023058902,4,0.7272727272727273,0.5189393939393939,11,0.6122448979591837,1.0,0.759493670886076,0.32608695652173914,0.7894736842105263,0.46153846153846156,1.0,0.8214285714285714,0.9019607843137255,0.0,0.0,0.0
P5,F7,lr,0,fold3,46,10,715,142,16,0.013229131698608398,1.7478432453853985,0.8802816901408451,0.8847402597402598,0.8811352966282544,4,0.9,0.9222222222222222,10,0.7142857142857143,1.0,0.8333333333333334,1.0,1.0,1.0,0.9107142857142857,0.8095238095238095,0.8571428571428571,1.0,0.7368421052631579,0.8484848484848485
P5,F7,lr,0,fold4,47,9,728,129,16,0.022759199142456055,2.7612198230832123,1.0,1.0,1.0,3,1.0,1.0,9,1.0,1.0,1.0,1.0,1.0,1.0,1.0,1.0,1.0,,,
P5,F7,lr,1,fold0,43,13,646,211,16,0.017863750457763672,1.2022624083604858,0.8341232227488151,0.8525842251670981,0.8353589603818716,4,0.8461538461538461,0.875,13,0.6086956521739131,0.6222222222222222,0.6153846153846154,1.0,0.9555555555555556,0.9772727272727273,0.8131868131868132,0.8222222222222222,0.8176795580110497,1.0,1.0,1.0
P5,F7,lr,1,fold1,43,13,646,211,16,0.01024007797241211,1.1288159266467341,0.9715639810426541,0.966701229164892,0.9713232974178913,4,1.0,1.0,13,1.0,0.9111111111111111,0.9534883720930233,0.9555555555555556,0.9555555555555556,0.9555555555555556,0.9782608695652174,1.0,0.989010989010989,0.9393939393939394,1.0,0.96875
P5,F7,lr,1,fold2,45,11,693,164,16,0.04790472984313965,1.4639482265565453,0.6951219512195121,0.5307482291845658,0.6543826023058902,4,0.7272727272727273,0.5189393939393939,11,0.6122448979591837,1.0,0.759493670886076,0.32608695652173914,0.7894736842105263,0.46153846153846156,1.0,0.8214285714285714,0.9019607843137255,0.0,0.0,0.0
P5,F7,lr,1,fold3,46,10,715,142,16,0.013159513473510742,1.7444852372290383,0.8802816901408451,0.8847402597402598,0.8811352966282544,4,0.9,0.9222222222222222,10,0.7142857142857143,1.0,0.8333333333333334,1.0,1.0,1.0,0.9107142857142857,0.8095238095238095,0.8571428571428571,1.0,0.7368421052631579,0.8484848484848485
P5,F7,lr,1,fold4,47,9,728,129,16,0.0223848819732666,2.0237856133039607,1.0,1.0,1.0,3,1.0,1.0,9,1.0,1.0,1.0,1.0,1.0,1.0,1.0,1.0,1.0,,,
P5,F7,lr,2,fold0,43,13,646,211,16,0.017645597457885742,1.1559346275871965,0.8341232227488151,0.8525842251670981,0.8353589603818716,4,0.8461538461538461,0.875,13,0.6086956521739131,0.6222222222222222,0.6153846153846154,1.0,0.9555555555555556,0.9772727272727273,0.8131868131868132,0.8222222222222222,0.8176795580110497,1.0,1.0,1.0
P5,F7,lr,2,fold1,43,13,646,211,16,0.013265371322631836,1.4553702838047986,0.9715639810426541,0.966701229164892,0.9713232974178913,4,1.0,1.0,13,1.0,0.9111111111111111,0.9534883720930233,0.9555555555555556,0.9555555555555556,0.9555555555555556,0.9782608695652174,1.0,0.989010989010989,0.9393939393939394,1.0,0.96875
P5,F7,lr,2,fold2,45,11,693,164,16,0.05113697052001953,1.5250066431557259,0.6951219512195121,0.5307482291845658,0.6543826023058902,4,0.7272727272727273,0.5189393939393939,11,0.6122448979591837,1.0,0.759493670886076,0.32608695652173914,0.7894736842105263,0.46153846153846156,1.0,0.8214285714285714,0.9019607843137255,0.0,0.0,0.0
P5,F7,lr,2,fold3,46,10,715,142,16,0.013914108276367188,2.0231999142069212,0.8802816901408451,0.8847402597402598,0.8811352966282544,4,0.9,0.9222222222222222,10,0.7142857142857143,1.0,0.8333333333333334,1.0,1.0,1.0,0.9107142857142857,0.8095238095238095,0.8571428571428571,1.0,0.7368421052631579,0.8484848484848485
P5,F7,lr,2,fold4,47,9,728,129,16,0.021725177764892578,1.875929130140201,1.0,1.0,1.0,3,1.0,1.0,9,1.0,1.0,1.0,1.0,1.0,1.0,1.0,1.0,1.0,,,
P5,F7,svm,0,fold0,43,13,646,211,16,0.025652647018432617,15.448619969083234,0.8246445497630331,0.8374198673460236,0.820027955938054,4,0.7692307692307693,0.7923076923076923,13,0.6052631578947368,0.5111111111111111,0.5542168674698795,0.9782608695652174,1.0,0.989010989010989,0.78125,0.8333333333333334,0.8064516129032258,1.0,1.0,1.0
P5,F7,svm,0,fold1,43,13,646,211,16,0.0277559757232666,17.812466734393514,0.9289099526066351,0.9160283865822916,0.9273060040617311,4,1.0,1.0,13,1.0,0.7777777777777778,0.875,0.8333333333333334,1.0,0.9090909090909091,0.9375,1.0,0.967741935483871,1.0,0.8387096774193549,0.9122807017543859
P5,F7,svm,0,fold2,45,11,693,164,16,0.03834700584411621,27.60276561830102,0.6158536585365854,0.45071181082874917,0.5758372013709,4,0.7272727272727273,0.5189393939393939,11,0.5,0.6333333333333333,0.5588235294117647,0.29545454545454547,0.6842105263157895,0.4126984126984127,0.8414634146341463,0.8214285714285714,0.8313253012048193,0.0,0.0,0.0
P5,F7,svm,0,fold3,46,10,715,142,16,0.02660202980041504,17.04357039760536,0.8380281690140845,0.6656798693344222,0.7874441421908338,4,0.9,0.7,10,0.90625,0.9666666666666667,0.9354838709677419,0.6122448979591837,1.0,0.759493670886076,0.9836065573770492,0.9523809523809523,0.967741935483871,0.0,0.0,0.0
P5,F7,svm,0,fold4,47,9,728,129,16,0.034812211990356445,21.276547927265018,0.9844961240310077,0.983743842364532,0.984339557795853,3,1.0,1.0,9,1.0,0.9333333333333333,0.9655172413793104,1.0,1.0,1.0,0.971830985915493,1.0,0.9857142857142858,,,
P5,F7,svm,1,fold0,43,13,646,211,16,0.025986194610595703,15.62150168757868,0.8199052132701422,0.8319338480744507,0.8144281959141854,4,0.7692307692307693,0.7923076923076923,13,0.5945945945945946,0.4888888888888889,0.5365853658536586,0.9782608695652174,1.0,0.989010989010989,0.7731958762886598,0.8333333333333334,0.8021390374331551,1.0,1.0,1.0
P5,F7,svm,1,fold1,43,13,646,211,16,0.03713870048522949,18.024896558427134,0.933649289099526,0.9208083681767893,0.9324993375878884,4,1.0,1.0,13,1.0,0.8,0.8888888888888888,0.8333333333333334,1.0,0.9090909090909091,0.9473684210526315,1.0,0.972972972972973,1.0,0.8387096774193549,0.9122807017543859
P5,F7,svm,1,fold2,45,11,693,164,16,0.039359331130981445,28.400886349561738,0.6280487804878049,0.4843976150063566,0.6003168755906781,4,0.7272727272727273,0.5189393939393939,11,0.5,0.6333333333333333,0.5588235294117647,0.30952380952380953,0.6842105263157895,0.4262295081967213,0.8414634146341463,0.8214285714285714,0.8313253012048193,1.0,0.06451612903225806,0.12121212121212122
P5,F7,svm,1,fold3,46,10,715,142,16,0.02971625328063965,16.450881958007812,0.8380281690140845,0.6656798693344222,0.7874441421908338,4,0.9,0.7,10,0.90625,0.9666666666666667,0.9354838709677419,0.6122448979591837,1.0,0.759493670886076,0.9836065573770492,0.9523809523809523,0.967741935483871,0.0,0.0,0.0
P5,F7,svm,1,fold4,47,9,728,129,16,0.03670334815979004,21.08618270519168,0.9844961240310077,0.983743842364532,0.984339557795853,3,1.0,1.0,9,1.0,0.9333333333333333,0.9655172413793104,1.0,1.0,1.0,0.971830985915493,1.0,0.9857142857142858,,,
P5,F7,svm,2,fold0,43,13,646,211,16,0.02703404426574707,20.17857339144883,0.8199052132701422,0.8319338480744507,0.8144281959141854,4,0.7692307692307693,0.7923076923076923,13,0.5945945945945946,0.4888888888888889,0.5365853658536586,0.9782608695652174,1.0,0.989010989010989,0.7731958762886598,0.8333333333333334,0.8021390374331551,1.0,1.0,1.0
P5,F7,svm,2,fold1,43,13,646,211,16,0.030657529830932617,17.874613757382072,0.9289099526066351,0.9160283865822916,0.9273060040617311,4,1.0,1.0,13,1.0,0.7777777777777778,0.875,0.8333333333333334,1.0,0.9090909090909091,0.9375,1.0,0.967741935483871,1.0,0.8387096774193549,0.9122807017543859
P5,F7,svm,2,fold2,45,11,693,164,16,0.03797292709350586,24.63416355412181,0.6158536585365854,0.45071181082874917,0.5758372013709,4,0.7272727272727273,0.5189393939393939,11,0.5,0.6333333333333333,0.5588235294117647,0.29545454545454547,0.6842105263157895,0.4126984126984127,0.8414634146341463,0.8214285714285714,0.8313253012048193,0.0,0.0,0.0
P5,F7,svm,2,fold3,46,10,715,142,16,0.02792954444885254,18.04593583227883,0.8380281690140845,0.6656798693344222,0.7874441421908338,4,0.9,0.7,10,0.90625,0.9666666666666667,0.9354838709677419,0.6122448979591837,1.0,0.759493670886076,0.9836065573770492,0.9523809523809523,0.967741935483871,0.0,0.0,0.0
P5,F7,svm,2,fold4,47,9,728,129,16,0.035952091217041016,24.44437307904857,0.9844961240310077,0.983743842364532,0.984339557795853,3,1.0,1.0,9,1.0,0.9333333333333333,0.9655172413793104,1.0,1.0,1.0,0.971830985915493,1.0,0.9857142857142858,,,
P5,F7,rf,0,fold0,43,13,646,211,16,0.5873470306396484,76.96626310664897,0.7440758293838863,0.7763099590118534,0.7549531500285872,4,0.6923076923076923,0.7568181818181818,13,0.42105263157894735,0.5333333333333333,0.47058823529411764,1.0,0.8,0.8888888888888888,0.7586206896551724,0.7333333333333333,0.7457627118644068,1.0,1.0,1.0
P5,F7,rf,0,fold1,43,13,646,211,16,0.6116368770599365,79.89847264583642,0.9052132701421801,0.8894322226313205,0.8975945162596234,4,0.9230769230769231,0.9142857142857143,13,1.0,0.6,0.75,0.8269230769230769,0.9555555555555556,0.8865979381443299,0.9090909090909091,1.0,0.9523809523809523,0.9393939393939394,1.0,0.96875
P5,F7,rf,0,fold2,45,11,693,164,16,0.6322281360626221,128.34333791965392,0.7865853658536586,0.820746818105288,0.8032961606833384,4,0.7272727272727273,0.7595238095238095,11,0.4603174603174603,0.9666666666666667,0.6236559139784946,1.0,0.7894736842105263,0.8823529411764706,0.9818181818181818,0.6428571428571429,0.7769784172661871,1.0,1.0,1.0
P5,F7,rf,0,fold3,46,10,715,142,16,0.6104321479797363,129.99856975716602,0.9295774647887324,0.9332663605051665,0.9262625119257449,4,1.0,1.0,10,0.9545454545454546,0.7,0.8076923076923077,1.0,1.0,1.0,0.8732394366197183,0.9841269841269841,0.9253731343283582,1.0,1.0,1.0
P5,F7,rf,0,fold4,47,9,728,129,16,0.6381933689117432,120.58805125628332,1.0,1.0,1.0,3,1.0,1.0,9,1.0,1.0,1.0,1.0,1.0,1.0,1.0,1.0,1.0,,,
P5,F7,rf,1,fold0,43,13,646,211,16,0.5922505855560303,77.33010567760016,0.7677725118483413,0.798524111195543,0.7739036116070902,4,0.7692307692307693,0.8246753246753247,13,0.46153846153846156,0.5333333333333333,0.4948453608247423,1.0,0.9111111111111111,0.9534883720930233,0.7586206896551724,0.7333333333333333,0.7457627118644068,1.0,1.0,1.0
P5,F7,rf,1,fold1,43,13,646,211,16,0.5741446018218994,75.98208025168468,0.9241706161137441,0.9120286856253537,0.9201471588120278,4,0.9230769230769231,0.9142857142857143,13,1.0,0.6888888888888889,0.8157894736842105,0.8431372549019608,0.9555555555555556,0.8958333333333334,0.9375,1.0,0.967741935483871,0.9393939393939394,1.0,0.96875
P5,F7,rf,1,fold2,45,11,693,164,16,0.6204745769500732,97.38962824751691,0.7926829268292683,0.8258148772922675,0.8088583688252947,4,0.7272727272727273,0.7595238095238095,11,0.46875,1.0,0.6382978723404256,1.0,0.7894736842105263,0.8823529411764706,1.0,0.6428571428571429,0.782608695652174,1.0,1.0,1.0
P5,F7,rf,1,fold3,46,10,715,142,16,0.645517110824585,113.98926587171958,0.9436619718309859,0.945505823681271,0.941530563824835,4,1.0,1.0,10,0.9583333333333334,0.7666666666666667,0.8518518518518519,0.967741935483871,1.0,0.9836065573770492,0.9117647058823529,0.9841269841269841,0.9465648854961832,1.0,1.0,1.0
P5,F7,rf,1,fold4,47,9,728,129,16,0.658658504486084,121.04086173597233,1.0,1.0,1.0,3,1.0,1.0,9,1.0,1.0,1.0,1.0,1.0,1.0,1.0,1.0,1.0,,,
P5,F7,rf,2,fold0,43,13,646,211,16,0.5806965827941895,76.6284092907657,0.7677725118483413,0.7990567439096851,0.7752616772689256,4,0.7692307692307693,0.8246753246753247,13,0.46296296296296297,0.5555555555555556,0.5050505050505051,1.0,0.8888888888888888,0.9411764705882353,0.7674418604651163,0.7333333333333333,0.75,1.0,1.0,1.0
P5,F7,rf,2,fold1,43,13,646,211,16,0.5971035957336426,98.8363654692591,0.919431279620853,0.9057724684070503,0.9148101014693991,4,0.9230769230769231,0.9142857142857143,13,1.0,0.6666666666666666,0.8,0.8269230769230769,0.9555555555555556,0.8865979381443299,0.9375,1.0,0.967741935483871,0.9393939393939394,1.0,0.96875
P5,F7,rf,2,fold2,45,11,693,164,16,0.5988876819610596,97.29804062261815,0.7987804878048781,0.828510454918465,0.814688958893605,4,0.7272727272727273,0.7595238095238095,11,0.47540983606557374,0.9666666666666667,0.6373626373626373,1.0,0.7894736842105263,0.8823529411764706,0.9824561403508771,0.6666666666666666,0.7943262411347518,1.0,1.0,1.0
P5,F7,rf,2,fold3,46,10,715,142,16,0.6330609321594238,112.84586409447898,0.9295774647887324,0.9361263736263736,0.9281457978641078,4,1.0,1.0,10,0.8846153846153846,0.7666666666666667,0.8214285714285714,1.0,1.0,1.0,0.8955223880597015,0.9523809523809523,0.9230769230769231,1.0,1.0,1.0
P5,F7,rf,2,fold4,47,9,728,129,16,0.679842472076416,126.20844582254573,1.0,1.0,1.0,3,1.0,1.0,9,1.0,1.0,1.0,1.0,1.0,1.0,1.0,1.0,1.0,,,
P5,F7,hgb,0,fold0,43,13,646,211,16,0.5424044132232666,84.93464139965474,0.6066350710900474,0.4735081622959426,0.5712575195098796,4,0.6923076923076923,0.5416666666666666,13,0.525,0.4666666666666667,0.49411764705882355,0.5,0.8,0.6153846153846154,0.7802197802197802,0.7888888888888889,0.7845303867403315,0.0,0.0,0.0
P5,F7,hgb,0,fold1,43,13,646,211,16,0.49936580657958984,87.52447733946886,0.9004739336492891,0.88597688102298,0.8914731686451962,4,0.8461538461538461,0.820054945054945,13,1.0,0.5777777777777777,0.7323943661971831,0.86,0.9555555555555556,0.9052631578947369,0.8823529411764706,1.0,0.9375,0.9393939393939394,1.0,0.96875
P5,F7,hgb,0,fold2,45,11,693,164,16,0.566389799118042,98.97278576362424,0.6646341463414634,0.5349745606754952,0.6283079702842639,4,0.7272727272727273,0.5367965367965368,11,0.38961038961038963,1.0,0.5607476635514018,0.6521739130434783,0.7894736842105263,0.7142857142857143,1.0,0.7619047619047619,0.8648648648648649,0.0,0.0,0.0
P5,F7,hgb,0,fold3,46,10,715,142,16,0.5654778480529785,113.36467635463661,0.9366197183098591,0.940629876578238,0.9341021301593073,4,1.0,1.0,10,0.9565217391304348,0.7333333333333333,0.8301886792452831,1.0,1.0,1.0,0.8857142857142857,0.9841269841269841,0.9323308270676691,1.0,1.0,1.0
P5,F7,hgb,0,fold4,47,9,728,129,16,0.6093971729278564,114.8807910061622,1.0,1.0,1.0,3,1.0,1.0,9,1.0,1.0,1.0,1.0,1.0,1.0,1.0,1.0,1.0,,,
P5,F7,hgb,1,fold0,43,13,646,211,16,0.5281906127929688,85.16628030352118,0.6066350710900474,0.4735081622959426,0.5712575195098796,4,0.6923076923076923,0.5416666666666666,13,0.525,0.4666666666666667,0.49411764705882355,0.5,0.8,0.6153846153846154,0.7802197802197802,0.7888888888888889,0.7845303867403315,0.0,0.0,0.0
P5,F7,hgb,1,fold1,43,13,646,211,16,0.5001218318939209,95.20584938085474,0.9004739336492891,0.88597688102298,0.8914731686451962,4,0.8461538461538461,0.820054945054945,13,1.0,0.5777777777777777,0.7323943661971831,0.86,0.9555555555555556,0.9052631578947369,0.8823529411764706,1.0,0.9375,0.9393939393939394,1.0,0.96875
P5,F7,hgb,1,fold2,45,11,693,164,16,0.5709190368652344,99.52667282848823,0.6646341463414634,0.5349745606754952,0.6283079702842639,4,0.7272727272727273,0.5367965367965368,11,0.38961038961038963,1.0,0.5607476635514018,0.6521739130434783,0.7894736842105263,0.7142857142857143,1.0,0.7619047619047619,0.8648648648648649,0.0,0.0,0.0
P5,F7,hgb,1,fold3,46,10,715,142,16,0.5992541313171387,131.48280936227718,0.9366197183098591,0.940629876578238,0.9341021301593073,4,1.0,1.0,10,0.9565217391304348,0.7333333333333333,0.8301886792452831,1.0,1.0,1.0,0.8857142857142857,0.9841269841269841,0.9323308270676691,1.0,1.0,1.0
P5,F7,hgb,1,fold4,47,9,728,129,16,0.6029806137084961,114.92145153903222,1.0,1.0,1.0,3,1.0,1.0,9,1.0,1.0,1.0,1.0,1.0,1.0,1.0,1.0,1.0,,,
P5,F7,hgb,2,fold0,43,13,646,211,16,0.5180602073669434,85.25328613570517,0.6066350710900474,0.4735081622959426,0.5712575195098796,4,0.6923076923076923,0.5416666666666666,13,0.525,0.4666666666666667,0.49411764705882355,0.5,0.8,0.6153846153846154,0.7802197802197802,0.7888888888888889,0.7845303867403315,0.0,0.0,0.0
P5,F7,hgb,2,fold1,43,13,646,211,16,0.5236961841583252,93.72788017959955,0.9004739336492891,0.88597688102298,0.8914731686451962,4,0.8461538461538461,0.820054945054945,13,1.0,0.5777777777777777,0.7323943661971831,0.86,0.9555555555555556,0.9052631578947369,0.8823529411764706,1.0,0.9375,0.9393939393939394,1.0,0.96875
P5,F7,hgb,2,fold2,45,11,693,164,16,0.5331509113311768,107.84951651968606,0.6646341463414634,0.5349745606754952,0.6283079702842639,4,0.7272727272727273,0.5367965367965368,11,0.38961038961038963,1.0,0.5607476635514018,0.6521739130434783,0.7894736842105263,0.7142857142857143,1.0,0.7619047619047619,0.8648648648648649,0.0,0.0,0.0
P5,F7,hgb,2,fold3,46,10,715,142,16,0.6145985126495361,109.1134380286848,0.9366197183098591,0.940629876578238,0.9341021301593073,4,1.0,1.0,10,0.9565217391304348,0.7333333333333333,0.8301886792452831,1.0,1.0,1.0,0.8857142857142857,0.9841269841269841,0.9323308270676691,1.0,1.0,1.0
P5,F7,hgb,2,fold4,47,9,728,129,16,0.6145188808441162,114.6220421606256,1.0,1.0,1.0,3,1.0,1.0,9,1.0,1.0,1.0,1.0,1.0,1.0,1.0,1.0,1.0,,,
