file_id,method,seed,B,IR,OR,N,pred
A,M0,0,5.304925662396817e-07,2.5591503554303347e-06,0.9999965376904595,3.7266661891715984e-07,OR
A,M0,0,7.717891849501994e-08,2.1239398550195566e-07,0.9999996948179398,1.5609156004556185e-08,OR
A,M0,0,9.505479980412123e-07,2.006454581630107e-06,0.9999969955823398,4.741508053084737e-08,OR
A,M0,0,2.6662685297555536e-05,2.7907355403652715e-06,0.9999703024049817,2.4417418045961656e-07,OR
A,M0,0,1.4820106721202457e-07,8.45174151721025e-07,0.9999989650104008,4.161438032046816e-08,OR
A,M0,0,0.0013824018435795954,4.379574368332427e-06,0.9986121222575098,1.0963245423327705e-06,OR
A,M0,0,2.192388190855243e-08,8.841933105494596e-08,0.9999998759084859,1.3748301146977329e-08,OR
A,M0,0,0.04237861792401039,7.012482411648134e-05,0.9575280993790722,2.3157872800855656e-05,OR
A,M0,0,2.9507735064781103e-06,7.13400996560846e-07,0.9999962496242589,8.620123825761433e-08,OR
A,M0,0,5.356023696272164e-05,1.9290977545939408e-06,0.9999438894297723,6.212355104284601e-07,OR
A,M0,0,1.0932594589847235e-06,5.9357828251519346e-08,0.9999987304642998,1.1691841302651476e-07,OR
A,M0,0,1.5611153480363222e-07,3.511528653059335e-08,0.9999997829262177,2.584696094073188e-08,OR
A,M0,0,0.18205361513002244,0.00014486932057610554,0.8177506043154731,5.091123392832759e-05,OR
A,M0,0,3.688461210128496e-05,1.1431546538860857e-06,0.9999618914100951,8.082314977640073e-08,OR
A,M0,0,6.123194759593584e-09,4.4041184818370856e-09,0.9999999861843014,3.2883852242836303e-09,OR
A,M0,0,1.6073301473084615e-05,2.337945035626934e-05,0.9999583120610374,2.235187133259677e-06,OR
A,M0,0,1.354441899479857e-06,7.877078406442065e-07,0.999997828385797,2.9464462822579904e-08,OR
A,M0,0,2.0308090236323604e-06,1.54349257893963e-06,0.9999962002442366,2.2545416092498047e-07,OR
A,M0,0,1.0965069732088374e-05,6.39227243466095e-06,0.9999820587539581,5.839038752251904e-07,OR
A,M0,0,2.868311768937897e-06,2.8004965344384493e-07,0.9999968125048703,3.913370740093407e-08,OR
A,M0,0,5.969583603312875e-07,9.182768307248437e-07,0.9999984118588559,7.290595313930674e-08,OR
A,M0,0,0.002492541006120219,4.5174441996329726e-05,0.9974474449846487,1.4839567234937785e-05,OR
A,M0,0,0.9792611499599788,1.7383357547703924e-05,0.020713932414670903,7.534267802555151e-06,B
A,M0,0,0.00018500202735114796,7.984128043559434e-06,0.999806080549135,9.332954704077716e-07,OR
A,M0,0,3.4523545160691276e-06,3.774250294801169e-05,0.9999583749575297,4.3018500624208615e-07,OR
A,M0,0,1.2897752922738823e-05,2.4107504012516515e-07,0.9999867742153427,8.695669469046308e-08,OR
A,M0,0,1.7884521148943865e-05,1.3479801618985785e-06,0.9999805515368478,2.1596184124521907e-07,OR
A,M0,0,3.926355391706122e-06,0.0007154804096627,0.9992801245425482,4.686923972766322e-07,OR
A,M0,0,0.00010487687435186863,0.00012003071387965414,0.9997749139572442,1.7845452432589316e-07,OR
A,M0,0,1.674795987142499e-06,1.1392869206426295e-06,0.9999971434302345,4.248685776206766e-08,OR
A,M0,0,3.9707921940096414e-05,3.7255943717937554e-06,0.9999557132314615,8.532522265473416e-07,OR
B,M0,0,0.9992390570781791,0.00016263658428019158,0.0005975888044269516,7.175331136723725e-07,B
B,M0,0,0.5921772627509863,0.40732422615217967,0.0004425914211566863,5.591967567741311e-05,B
B,M0,0,0.8535779702875335,0.1444228253729862,0.001992379466365861,6.8248731145577155e-06,B
B,M0,0,0.7568183502773241,0.1306382007919321,0.11252695342212236,1.6495508621446752e-05,B
B,M0,0,0.9957787762839909,0.003549955458894592,0.0006691947284265942,2.073528687889065e-06,B
B,M0,0,0.2548919964930052,0.7118776971765602,0.03318517246178969,4.513386864484574e-05,IR
B,M0,0,0.21221816229725132,0.7876995128691027,8.152889115834731e-05,7.959424877867276e-07,IR
B,M0,0,0.9839745548174799,0.013010833006156552,0.002897685748112209,0.00011692642825126587,B
B,M0,0,0.3382987354411903,0.639575863006835,0.02207354918742489,5.1852364549660374e-05,IR
B,M0,0,0.9720078930522106,0.014417509789358176,0.01356586127112902,8.735887301993526e-06,B
B,M0,0,0.9947336104475288,0.00021433110262668257,0.005048269705661012,3.788744183550652e-06,B
B,M0,0,0.6464678168099591,0.3002078323863357,0.05329210037912672,3.225042457847865e-05,B
B,M0,0,0.35606476804005066,0.3760162518428254,0.2678664903934932,5.2489723630648714e-05,IR
B,M0,0,0.9905345635202318,0.007539700625528175,0.001922265524943411,3.4703292965450107e-06,B
B,M0,0,0.813174858915696,0.046843952758745484,0.13989171412771745,8.947419784128039e-05,B
B,M0,0,0.29767552361415456,0.01706450171635958,0.6852463362340857,1.3638435400098332e-05,OR
B,M0,0,0.9973215463053219,0.002671591401179891,3.727722806568377e-06,3.134570691762555e-06,B
B,M0,0,0.971474484883777,0.02327499777909674,0.005226387932694636,2.4129404431452912e-05,B
B,M0,0,0.7273648390512224,0.020505061005634772,0.2520916506175103,3.844932563256004e-05,B
B,M0,0,0.011020191842030812,0.8817461104971402,0.10721532076262945,1.8376898199350652e-05,IR
B,M0,0,0.5746553314174169,0.4164469837734925,0.008840927058611945,5.675775047864349e-05,B
B,M0,0,0.994736806125749,0.004991020829752545,0.00027029480372472157,1.87824077380524e-06,B
B,M0,0,0.7492184892011796,0.0017255889899354248,0.24900171925051542,5.420255836950671e-05,B
B,M0,0,0.7067895425810794,0.2880550163222521,0.005131544516615372,2.389658005319563e-05,B
B,M0,0,0.5080326680204919,0.05287051218486832,0.43908741113873523,9.40865590467207e-06,B
B,M0,0,0.9860278910753356,0.01392348838602869,4.749356517050906e-05,1.1269734653685315e-06,B
B,M0,0,0.43200747727884575,0.4297923754414876,0.13772214197348223,0.00047800530618444855,B
B,M0,0,0.12552455502278057,0.3277166610038483,0.5465810667621591,0.00017771721121213711,OR
B,M0,0,0.9894001409026084,0.0076024301933957025,0.0029833149725663225,1.4113931429387662e-05,B
B,M0,0,0.9511045692955636,0.023996158996934268,0.024878047730231233,2.1223977270928522e-05,B
B,M0,0,0.3736931908871205,0.5529365905962859,0.07332196301603976,4.8255500553844824e-05,IR
C,M0,0,4.336035205995419e-07,4.036185815992804e-07,0.9999991440669501,1.871094760910413e-08,OR
C,M0,0,5.6295164560022055e-08,2.5307026813333045e-07,0.9999996873753876,3.25917959939256e-09,OR
C,M0,0,4.005930690779945e-08,1.415965303524493e-07,0.9999998162865331,2.057629734170412e-09,OR
C,M0,0,1.150320460128255e-07,1.085707881893831e-06,0.9999987825775098,1.6682562248378817e-08,OR
C,M0,0,3.156932587377615e-07,1.0149162388301868e-06,0.9999986570104815,1.2380020994516897e-08,OR
C,M0,0,3.3937484891295277e-07,1.8690804961419795e-07,0.9999994368156765,3.690142496845575e-08,OR
C,M0,0,6.221027971040701e-07,1.0130532933354628e-07,0.9999992387476442,3.7844229339117053e-08,OR
C,M0,0,2.4489108602192337e-07,8.628622013433021e-08,0.9999996595347276,9.287966249228363e-09,OR
C,M0,0,9.137740717937198e-08,1.4396496315084543e-07,0.9999997609000447,3.7575850002565655e-09,OR
C,M0,0,3.545703031924847e-08,9.692286515261793e-08,0.9999998631135428,4.506561603236269e-09,OR
C,M0,0,8.271087666968944e-08,1.8883864909780844e-07,0.9999997211407476,7.309726565305266e-09,OR
C,M0,0,3.6211903056866376e-06,6.930762584551859e-07,0.999995623172981,6.256045471386612e-08,OR
C,M0,0,4.427199180169141e-08,2.6500728533022285e-07,0.9999996876667957,3.0539272496045927e-09,OR
C,M0,0,1.3938750423448077e-07,1.507366904073237e-07,0.9999996987049102,1.1170895112924344e-08,OR
C,M0,0,2.296046726476067e-07,6.240541454963043e-07,0.9999991367465533,9.594628645502426e-09,OR
C,M0,0,2.84393836307803e-08,1.6149957064632223e-07,0.9999998032550682,6.805977493746655e-09,OR
C,M0,0,5.9493887705135086e-08,2.618352236451404e-07,0.999999668621932,1.0048956617839122e-08,OR
C,M0,0,2.445963078748605e-07,1.9969311352359782e-08,0.9999997331326785,2.3017021858817598e-09,OR
C,M0,0,6.016764843074909e-07,1.7870776166137024e-06,0.9999975218815624,8.936433681869271e-08,OR
C,M0,0,3.46767644670868e-08,8.735061231307931e-08,0.9999998694672406,8.505382540783637e-09,OR
C,M0,0,1.3960561869169156e-07,1.417865562622275e-06,0.9999984312745944,1.1254224295832677e-08,OR
C,M0,0,1.5672334096845328e-07,3.0709279027472316e-07,0.9999995065215365,2.9662332182286848e-08,OR
C,M0,0,3.359018220071344e-08,2.1923280307991933e-08,0.9999999429456902,1.5408473808637954e-09,OR
C,M0,0,5.857204562898327e-08,7.143194384045826e-08,0.9999998634245137,6.571496877963142e-09,OR
C,M0,0,3.736069998385079e-07,1.971645439288086e-07,0.9999993864379676,4.2790488588381906e-08,OR
C,M0,0,5.467545916813696e-08,5.749233513330601e-08,0.9999998812529193,6.579286262337694e-09,OR
C,M0,0,1.247473796689979e-08,1.810534741559403e-08,0.9999999687127595,7.071551902469657e-10,OR
C,M0,0,3.496160527544114e-08,3.4998618861585623e-07,0.9999996106954628,4.356743296474556e-09,OR
C,M0,0,1.319152771036458e-07,5.893529042415259e-08,0.9999997920810738,1.706835860685567e-08,OR
C,M0,0,3.1326993585872044e-08,1.0152148072688079e-07,0.9999998592730208,7.87850484357782e-09,OR
C,M0,0,2.8909344347226407e-07,7.60845677493876e-08,0.9999996276385527,7.18343594834994e-09,OR
D,M0,0,0.026708681837120246,0.00043021339512544537,0.9727491476495838,0.00011195711817044022,OR
D,M0,0,0.6353991480504032,5.875879446126422e-05,0.36450538032592306,3.671282921248895e-05,B
D,M0,0,0.07212171449045982,5.46187457414623e-06,0.9278382672198278,3.455641513824991e-05,OR
D,M0,0,2.525832336322272e-07,4.477993930119525e-08,0.9999996426133733,6.00234538521513e-08,OR
D,M0,0,1.1228813770634756e-07,2.7856519032088224e-07,0.9999995655547542,4.359191769149027e-08,OR
D,M0,0,0.9513514786908556,6.603200262127269e-05,0.04838715346026286,0.00019533584626043574,B
D,M0,0,6.2854289174293015e-06,4.622177535814686e-07,0.9999917324470583,1.5199062708265487e-06,OR
D,M0,0,0.0037156179553572413,5.477766410141767e-07,0.9962812075525462,2.626715455574616e-06,OR
D,M0,0,1.8117116268111827e-06,2.573148520410444e-07,0.9999977634341384,1.6753938258392385e-07,OR
D,M0,0,0.12925103812283895,1.9123440833798877e-05,0.8707150641272164,1.4774309110799619e-05,OR
D,M0,0,0.3477375694936921,1.8082407181732305e-05,0.6521819522019691,6.239589715716646e-05,OR
D,M0,0,2.1962373718491056e-06,1.1263581355750011e-06,0.9999965215809601,1.5582353241841318e-07,OR
D,M0,0,0.038748401340108166,3.4852165177564204e-05,0.9611709644533838,4.578204133028573e-05,OR
D,M0,0,3.3054643736316623e-06,4.3719221585404156e-07,0.9999962213191781,3.6024232475236994e-08,OR
D,M0,0,5.529253565961775e-07,6.660341020298026e-07,0.9999987379211511,4.311939035513964e-08,OR
D,M0,0,4.7475864518567217e-07,1.788163560604764e-08,0.9999994770182452,3.0341474225153175e-08,OR
D,M0,0,0.8024420489218815,2.6417742096967886e-05,0.19750722795852832,2.4305377493120715e-05,B
D,M0,0,0.19288536073693055,1.4229094052422814e-06,0.8070649677247975,4.8248628866720786e-05,OR
D,M0,0,0.8263842109460496,5.4561814829834575e-05,0.17353260152906927,2.862571005138334e-05,B
D,M0,0,0.9983263885181336,2.9340726481834824e-05,0.0016349012659246165,9.369489460094464e-06,B
D,M0,0,0.00012382854221634537,3.915022580180474e-06,0.9998718367366727,4.196985306937392e-07,OR
D,M0,0,9.396523855970171e-08,2.753082100283271e-07,0.9999996212928082,9.433743316206352e-09,OR
D,M0,0,0.6165298124718628,0.0001456343641641394,0.3833020965603919,2.245660358130378e-05,B
D,M0,0,0.40139870723990995,0.000642584267226384,0.5956927759356355,0.002265932557228265,OR
D,M0,0,1.4590292750933278e-07,7.381224026708987e-08,0.9999997634085931,1.687623907757971e-08,OR
D,M0,0,3.6203881923557e-05,2.6301798886138047e-06,0.9999591010332596,2.064904928199157e-06,OR
D,M0,0,4.843278772792908e-08,2.3049558198067557e-08,0.999999840154165,8.836348902144458e-08,OR
D,M0,0,0.6913576123986286,0.00025528431614393426,0.3076257865174252,0.0007613167678022484,B
D,M0,0,0.0007847578744722536,3.0228187814261663e-06,0.9992102085863162,2.0107204301186044e-06,OR
D,M0,0,1.618786442987989e-06,3.101293125123877e-06,0.9999951594546608,1.2046577107824303e-07,OR
D,M0,0,5.787726981121978e-05,7.25884142530406e-06,0.9999344894502828,3.7443848057894443e-07,OR
E,M0,0,1.704493497492441e-07,2.80718058755989e-06,0.9999970151673315,7.202731055859818e-09,OR
E,M0,0,5.378353089366339e-08,1.1955004333997878e-07,0.9999998203624617,6.303964026677138e-09,OR
E,M0,0,1.1042561697801974e-08,9.224053314253523e-07,0.9999990650807121,1.4713946566984545e-09,OR
E,M0,0,3.962933690668715e-08,1.3748676691309627e-05,0.9999862072684313,4.425540390550688e-09,OR
E,M0,0,1.9852540534291854e-07,1.6779326985995714e-05,0.9999828482214773,1.7392613122744168e-07,OR
E,M0,0,9.437896977423186e-07,1.0702964419173833e-05,0.9999876714554372,6.81790445775973e-07,OR
E,M0,0,2.2628286781897277e-07,1.4368620673796002e-05,0.9999852630821139,1.42014344366515e-07,OR
E,M0,0,3.0209056811619496e-06,3.4571003107975166e-05,0.999961108610293,1.299480917893928e-06,OR
E,M0,0,2.205295021562519e-07,1.2426006576720347e-05,0.9999873441160074,9.347913616393808e-09,OR
E,M0,0,6.750429451362442e-08,2.9991702404509405e-06,0.999996927650284,5.675180863904029e-09,OR
E,M0,0,5.511201976537999e-06,4.7965820041595784e-05,0.9999448854798207,1.63749816098837e-06,OR
E,M0,0,2.9923699124131727e-07,1.5290386877921454e-05,0.9999841185570446,2.918190861232111e-07,OR
E,M0,0,1.1809711470867784e-06,3.5108529573482183e-06,0.999994487565309,8.206105866760698e-07,OR
E,M0,0,2.71364073020055e-07,4.548635551582715e-06,0.9999951582971244,2.1703251239555694e-08,OR
E,M0,0,1.920299237624855e-06,4.562818507884741e-05,0.999952416201995,3.53136886097525e-08,OR
E,M0,0,7.524202299339577e-08,1.0165174563827062e-05,0.999989750635978,8.947435319837191e-09,OR
E,M0,0,5.443705947304269e-06,2.0407154157719396e-05,0.9999735537804589,5.953594361441131e-07,OR
E,M0,0,3.3534821316169295e-06,2.181439983576535e-05,0.9999725300751339,2.3020428988337397e-06,OR
E,M0,0,8.425321850131551e-07,2.022069552351881e-06,0.9999967120480768,4.233501857846276e-07,OR
E,M0,0,3.4537187607714517e-06,1.2789302710276849e-05,0.9999831731513203,5.838272085757296e-07,OR
E,M0,0,8.900819031727096e-08,2.512877387939447e-06,0.9999973880111024,1.0103319329097564e-08,OR
E,M0,0,1.6605335138672611e-07,1.465430674047619e-07,0.9999996809546768,6.4489044431972084e-09,OR
E,M0,0,4.0956912598229174e-08,4.364079125797273e-06,0.999995591238508,3.725453575683982e-09,OR
E,M0,0,6.890847201658348e-07,8.04170720181643e-07,0.9999983425908686,1.6415369105842518e-07,OR
E,M0,0,2.439763664049659e-06,1.473607342242186e-05,0.9999812555466783,1.568616235340067e-06,OR
E,M0,0,1.5390225375817052e-07,1.2295377915245576e-06,0.999998607608971,8.95098371780402e-09,OR
E,M0,0,8.396907118235538e-08,3.398186773145891e-06,0.9999965095726999,8.271455734179743e-09,OR
E,M0,0,4.9009913873858794e-08,2.725906474200698e-06,0.9999972144477278,1.0635884035051876e-08,OR
E,M0,0,4.00535283698409e-06,1.2502824620893372e-05,0.9999822853852781,1.206437263845553e-06,OR
E,M0,0,2.0209724026509654e-05,5.474651034172881e-06,0.9999731859404664,1.1296844731019839e-06,OR
E,M0,0,4.36610607509971e-07,1.3100230407387592e-06,0.9999982278881143,2.547823748995786e-08,OR
F,M0,0,3.680996451258516e-09,3.6417428614206664e-08,0.9999999486068087,1.1294766259802873e-08,OR
F,M0,0,5.333262386110679e-09,2.0670037740746563e-08,0.9999999674777318,6.5189681456787466e-09,OR
F,M0,0,3.337087350380272e-06,5.840692352776898e-07,0.9999959083224743,1.7052093999590988e-07,OR
F,M0,0,5.600470045664538e-07,9.155757668692304e-08,0.9999993347046846,1.3690734021244866e-08,OR
F,M0,0,0.00031177301509296453,1.4213367198885752e-06,0.9996804389580063,6.366690180892967e-06,OR
F,M0,0,5.213561187343551e-08,1.707720243766208e-08,0.9999998905116689,4.027551682008858e-08,OR
F,M0,0,6.754428079293406e-05,2.406543972496951e-07,0.9999315687053207,6.46359488883548e-07,OR
F,M0,0,0.002189896402108419,0.00014093839578643405,0.9976657573682504,3.4078338547886173e-06,OR
F,M0,0,1.2264763100663599e-07,6.131915225350204e-07,0.9999992451983533,1.896249330908126e-08,OR
F,M0,0,0.0003517694436071639,6.077654952436763e-06,0.9996408050561966,1.3478452438695631e-06,OR
F,M0,0,1.15643811127034e-07,2.6807371962808096e-08,0.9999997696988265,8.784999030112608e-08,OR
F,M0,0,5.1393043243200185e-06,2.375059650354231e-06,0.9999914725722479,1.0130637775626631e-06,OR
F,M0,0,5.579108828002653e-08,4.0361142947651955e-07,0.9999994778907827,6.270669943659652e-08,OR
F,M0,0,7.4208089104090764e-09,4.932663666689647e-08,0.9999999378947612,5.357793258990886e-09,OR
F,M0,0,0.00011399078455519659,6.352616770927698e-06,0.9998789819113156,6.746873582058664e-07,OR
F,M0,0,0.3987327664493029,0.00013570209400800228,0.5999580643990127,0.001173467057676419,OR
F,M0,0,0.007072145541797266,1.996328453242621e-06,0.9927812265469379,0.00014463158281147447,OR
F,M0,0,1.9502711452739694e-06,8.482030209258221e-07,0.9999950339311844,2.1675946494000102e-06,OR
F,M0,0,3.29035943648406e-05,3.077984102414463e-07,0.9999665649485808,2.2365864417318675e-07,OR
F,M0,0,7.199655456437932e-07,7.457806455053703e-08,0.9999991864029585,1.9053431218366348e-08,OR
F,M0,0,1.085313031937303e-07,1.8051248021202536e-07,0.9999995896861784,1.212700383188965e-07,OR
F,M0,0,0.000690576793601523,4.270454693220775e-07,0.9993080763229386,9.198379906075197e-07,OR
F,M0,0,0.9034713344431456,8.441214910340817e-05,0.09641563905421029,2.861435354063234e-05,B
F,M0,0,5.2619310845633795e-06,6.148452405140875e-07,0.9999940810527863,4.217088884301944e-08,OR
F,M0,0,0.0012882004785256757,3.6252752699281162e-06,0.9986966981497573,1.1476096447091927e-05,OR
F,M0,0,8.570457443410437e-08,3.746648063878758e-07,0.9999994933226091,4.630801021914379e-08,OR
F,M0,0,3.4644090480104905e-06,6.024511043958671e-07,0.9999955967759122,3.3636393527515776e-07,OR
F,M0,0,0.020500859522881908,0.0002475321378778291,0.979240335557998,1.1272781242207035e-05,OR
F,M0,0,6.92512034936829e-06,3.407486891209331e-06,0.9999891998173186,4.6757544083807995e-07,OR
F,M0,0,0.0023776792447890273,3.7620132336878308e-06,0.9976132783086227,5.280433354593503e-06,OR
F,M0,0,0.0002720702793141905,8.552183694877578e-07,0.9997264833320989,5.911702172952031e-07,OR
G,M0,0,0.7127770994852538,0.28168678035685774,0.005524232045007892,1.1888112880569082e-05,B
G,M0,0,0.9999553682345912,4.173705406394528e-05,2.316359479909223e-06,5.783518648267781e-07,B
G,M0,0,0.3166390215151906,0.6108571221731196,0.07218345809793758,0.0003203982137521124,IR
G,M0,0,0.0014247472933604578,0.06268948926063128,0.9358840769521222,1.6864938859759588e-06,OR
G,M0,0,0.9963111332253276,0.003654807014926748,3.149616754369587e-05,2.5635922020006744e-06,B
G,M0,0,0.5913279599912001,0.14243990719969035,0.2661617195169347,7.041329217480957e-05,B
G,M0,0,0.28846923605715796,0.11449404868075705,0.5969006499273413,0.0001360653347438676,OR
G,M0,0,0.6457164478549087,0.3475250872415263,0.006732079304822611,2.638559874237838e-05,B
G,M0,0,0.9945601959828521,0.0029661412143246503,0.0024716692624510346,1.99354037217273e-06,B
G,M0,0,0.0003633770667591312,0.010712533850284181,0.9889232071255758,8.819573809167734e-07,OR
G,M0,0,0.0002658101623273435,0.0003031178375642796,0.9994282111293034,2.8608708051087928e-06,OR
G,M0,0,0.9841493325972284,0.003753017615897802,0.012092329953101291,5.319833772522364e-06,B
G,M0,0,0.9926161316662809,0.0004367164565005233,0.006940302655049519,6.84922216892068e-06,B
G,M0,0,0.15941700784209556,0.000297250037208056,0.8402827779575354,2.96416316105229e-06,OR
G,M0,0,0.006094342933223383,0.4777175090638339,0.5161832309213492,4.9170815933509354e-06,OR
G,M0,0,0.021777870079068305,0.9751365380998904,0.003012353539890338,7.323828115106375e-05,IR
G,M0,0,0.984807479633319,0.009069971108421032,0.006092677154296829,2.9872103963024267e-05,B
G,M0,0,0.615233742350562,0.007416045458536717,0.37714481394369337,0.00020539824720787662,B
G,M0,0,0.5609631680664047,0.18543710379092393,0.25331818841880044,0.00028153972387098234,B
G,M0,0,0.5946326120018259,0.315863889452688,0.08949882266418628,4.675881299894909e-06,B
G,M0,0,0.9562417933447779,0.01247547572061654,0.031274598132329405,8.132802276261759e-06,B
G,M0,0,0.052483871506409464,0.8514295363490005,0.09608347224538587,3.119899204217426e-06,IR
G,M0,0,0.34294582186771755,0.6316453252937606,0.025404946789435202,3.906049086566115e-06,IR
G,M0,0,0.9253772909941815,0.07443758931231381,0.00018080201322840249,4.3176802761211784e-06,B
G,M0,0,0.9215375879127804,0.060657750050615224,0.017739645090934616,6.501694566990128e-05,B
G,M0,0,0.9977341314344776,0.0007974054663717882,0.00146073825562613,7.724843524370293e-06,B
G,M0,0,0.5084849432086546,0.1743472766973509,0.3170961667656844,7.161332831017997e-05,B
G,M0,0,0.20921191826661542,0.742421395187246,0.04834967320599369,1.7013340145017934e-05,IR
G,M0,0,0.9748539455515091,0.016853290892297004,0.008246831563380195,4.593199281389736e-05,B
G,M0,0,0.9889934541723235,0.009209062369854,0.0017819176217785644,1.556583604386907e-05,B
G,M0,0,0.9999128662424578,2.10324467635014e-05,6.538791266262432e-05,7.133981161590463e-07,B
H,M0,0,0.0024710291700523247,0.9706092242766086,0.02612865207500822,0.0007910944783307871,IR
H,M0,0,4.6000573482169976e-05,0.9409269035377049,0.05899553189871356,3.156399009928487e-05,IR
H,M0,0,3.427984773531661e-05,0.9928814306214163,0.007065624651166824,1.866487968145044e-05,IR
H,M0,0,1.4358472853779825e-06,0.9980428847487429,0.001953533591018537,2.145812953120519e-06,IR
H,M0,0,0.0003345916647516979,0.36053955617314504,0.6388280454760191,0.00029780668608427003,OR
H,M0,0,5.668336539892963e-07,0.9986917601395675,0.0013065577127546477,1.1153140237224065e-06,IR
H,M0,0,3.3194572811945026e-06,0.9983706991946653,0.001623693510348952,2.287837704429702e-06,IR
H,M0,0,6.567054205940884e-06,0.9980242153966655,0.0019595032303432298,9.714318785237793e-06,IR
H,M0,0,1.7729536013226557e-05,0.9891738506139873,0.010798496670748906,9.923179250468482e-06,IR
H,M0,0,0.00010120580962207379,0.9628483359840304,0.03699835869348521,5.209951286238842e-05,IR
H,M0,0,7.5725470395830644e-06,0.9898820168003204,0.010107206493462776,3.2041591773146166e-06,IR
H,M0,0,1.0244528698859314e-05,0.9967912111265885,0.0031943206833410756,4.223661371385974e-06,IR
H,M0,0,7.1898495698877675e-06,0.9953095667441381,0.004673483482124314,9.759924167706959e-06,IR
H,M0,0,0.0004088499930855182,0.951695658131845,0.047826830786949645,6.866108811986466e-05,IR
H,M0,0,1.9541399202872136e-05,0.999823527321057,0.0001537596302405413,3.1716494995241693e-06,IR
H,M0,0,1.300912553558975e-05,0.9992459541040485,0.0007384759369653764,2.560833450705842e-06,IR
H,M0,0,1.7286985807123816e-05,0.9976556707521621,0.0023249432659448676,2.0989960856607745e-06,IR
H,M0,0,3.391699638789874e-06,0.9991128794038172,0.0008829753049525978,7.535915913028391e-07,IR
H,M0,0,2.6483808208239578e-05,0.9873474636784378,0.012604925513363585,2.1126999990254126e-05,IR
H,M0,0,0.0002471607362298389,0.9005492731449131,0.0991696402450998,3.392587375743836e-05,IR
H,M0,0,0.00010607080418371793,0.9964528407755516,0.0034258998568209784,1.5188563443816295e-05,IR
H,M0,0,8.062277529924845e-06,0.99964828967109,0.000341890115996987,1.7579353831455322e-06,IR
H,M0,0,1.1355008028439191e-05,0.993993922742482,0.005990863249985073,3.858999504556359e-06,IR
H,M0,0,9.288527138041677e-06,0.9989972047367965,0.0009915728568833761,1.9338791820727045e-06,IR
H,M0,0,0.001159917130804703,0.9130784085696922,0.08565903732327813,0.00010263697622495459,IR
H,M0,0,1.758950051097727e-06,0.9991914378627307,0.0008059624582488269,8.407289693305156e-07,IR
H,M0,0,4.1033584192162566e-05,0.9947869906273389,0.0051411877771985115,3.078801127038835e-05,IR
H,M0,0,2.9990689166462206e-06,0.9995475111231351,0.00044728482417566933,2.2049837726468143e-06,IR
H,M0,0,0.0007636461675050177,0.7582119851372605,0.24093684121137843,8.752748385598507e-05,IR
H,M0,0,3.2733527471933455e-06,0.9968069041329821,0.00318828426759844,1.5382466721990028e-06,IR
H,M0,0,8.681172118172344e-06,0.9914146787562975,0.008570642195232838,5.997876351409084e-06,IR
I,M0,0,0.00017931014881200882,1.0753994025177632e-05,0.9998078940136139,2.0418435489676416e-06,OR
I,M0,0,8.619188715356112e-05,0.0004409212443879094,0.9994638882219335,8.998646525027854e-06,OR
I,M0,0,2.0642019470463422e-05,2.39996834207619e-05,0.999952486931878,2.871365230799678e-06,OR
I,M0,0,0.0006440290115455629,0.00010988272073337103,0.9990741679299222,0.0001719203377988166,OR
I,M0,0,0.005574998912289772,0.00047477478833584367,0.9922950928516353,0.001655133447739211,OR
I,M0,0,0.0001704134318282579,8.515805574289762e-06,0.9998186867790161,2.3839835815007206e-06,OR
I,M0,0,0.0039644194402705685,0.009064660167810799,0.9869164946456015,5.442574631713386e-05,OR
I,M0,0,0.00015086716848784074,0.00023365330273347187,0.9996082605874338,7.218941344965829e-06,OR
I,M0,0,0.0053466259638453965,0.0004964498541962003,0.994093367691542,6.355649041653015e-05,OR
I,M0,0,0.016177257771915688,0.00016238629553871415,0.9835081440193468,0.00015221191319878503,OR
I,M0,0,0.000359366795015861,0.0014045539593328473,0.998223091955096,1.2987290555354724e-05,OR
I,M0,0,0.00033042572806924315,0.0004882900784154389,0.9991734520253944,7.832168121123909e-06,OR
I,M0,0,0.03711206901906857,0.005479827566207296,0.9573564262098129,5.167720491128411e-05,OR
I,M0,0,0.004794468477264334,0.0017547050875198736,0.9929231318889905,0.0005276945462250442,OR
I,M0,0,0.0019120342741167085,7.022014103000197e-05,0.9980115014186148,6.244166238486176e-06,OR
I,M0,0,0.007141594317506876,0.0002948006992614281,0.9924904962303234,7.31087529084567e-05,OR
I,M0,0,0.005612991778624957,7.334095764762697e-05,0.994299750404172,1.3916859555487871e-05,OR
I,M0,0,0.00019533048279002393,5.904082371975424e-05,0.9997398402846026,5.788408887429305e-06,OR
I,M0,0,0.00011179835629902234,1.922704454737168e-05,0.9998663391665145,2.6354326391312e-06,OR
I,M0,0,0.0033734782644263767,9.063881824468805e-05,0.9965145058515846,2.1377065744327854e-05,OR
I,M0,0,0.001767435077652084,9.26221132006948e-05,0.998123591993939,1.6350815208193577e-05,OR
I,M0,0,0.0022879852649224505,0.002103424478993707,0.9952653792094116,0.0003432110466723295,OR
I,M0,0,0.025082401237089807,0.005155276548013353,0.9682623346254975,0.0014999875893991798,OR
I,M0,0,0.05402478900023469,0.006842071544988179,0.9389909370996116,0.00014220235516551223,OR
I,M0,0,3.916612505244861e-05,0.00017317125031730845,0.9997853487098934,2.3139147366779085e-06,OR
I,M0,0,0.0043195932526117,0.0008934130319271906,0.9947499379809506,3.705573451058138e-05,OR
I,M0,0,0.00017003660778126516,0.0004455929185015874,0.9993794731950042,4.897278713014994e-06,OR
I,M0,0,0.008965923263211712,0.005357669322546218,0.9856435913671913,3.281604705093399e-05,OR
I,M0,0,0.0012692730027091459,0.0002654748473907501,0.9983116254279844,0.000153626721915659,OR
I,M0,0,0.008230100071149115,0.0010422760960723033,0.988504540213745,0.002223083619033544,OR
I,M0,0,0.17236445856666707,0.25526180604724386,0.5627918189920436,0.00958191639404546,OR
J,M0,0,1.1538048551285175e-07,1.3786692502127727e-07,0.9999997428847652,3.867824256078981e-09,OR
J,M0,0,4.7169366209300764e-08,6.296584895497691e-07,0.9999993130622278,1.0109916352068095e-08,OR
J,M0,0,3.2112916572970154e-08,3.532786602204092e-09,0.9999999618359255,2.518371277354771e-09,OR
J,M0,0,4.8259372647169013e-08,2.2256263339875783e-07,0.9999997225648415,6.613152431812421e-09,OR
J,M0,0,5.6894502872846966e-08,9.740585301893502e-07,0.9999989517836753,1.7263291731264253e-08,OR
J,M0,0,1.9908318709505936e-08,2.5591792169520113e-07,0.9999997183556071,5.818152437440024e-09,OR
J,M0,0,5.898458219721439e-07,5.260672710765175e-07,0.9999988735919689,1.0494937916201675e-08,OR
J,M0,0,2.3111780220504687e-08,8.584991803847085e-07,0.9999991088680341,9.52100536343297e-09,OR
J,M0,0,2.828119817049682e-08,3.595971769049806e-07,0.9999996088417307,3.2798941404081394e-09,OR
J,M0,0,1.2458060253532385e-07,1.3248879239891162e-07,0.9999997356279668,7.3026383875954405e-09,OR
J,M0,0,6.646320518968519e-08,5.662157599669812e-07,0.9999993609727096,6.34832512740954e-09,OR
J,M0,0,7.741872708938704e-06,8.408524160063512e-05,0.999908084518523,8.836716726875836e-08,OR
J,M0,0,6.683134256317013e-08,1.3828255340864293e-07,0.9999997917506734,3.135430496069258e-09,OR
J,M0,0,3.2646178828523e-07,1.87764332870993e-07,0.9999994549056077,3.0868271169103496e-08,OR
J,M0,0,2.397881361105336e-08,1.8336462452401644e-07,0.999999789206701,3.449860842045813e-09,OR
J,M0,0,2.1604142658173788e-08,3.054605264378345e-07,0.9999996674348639,5.50046699908314e-09,OR
J,M0,0,8.709791782776467e-07,1.9769237959050216e-07,0.9999989183652971,1.296314501828429e-08,OR
J,M0,0,7.4796710855031e-08,7.916963690914253e-08,0.9999998312047692,1.4828883195929387e-08,OR
J,M0,0,5.015860918490332e-07,1.4505402481183212e-06,0.9999980286255418,1.9248118150067285e-08,OR
J,M0,0,2.5740414023231484e-08,2.5107859907881747e-07,0.9999997164683643,6.712622499719396e-09,OR
J,M0,0,1.1640858846392737e-05,7.315648743973783e-06,0.9999809529261118,9.05662977174687e-08,OR
J,M0,0,4.975850221414622e-07,3.0626227026380727e-07,0.9999984345824764,7.615702311267313e-07,OR
J,M0,0,6.043778252239168e-08,2.5389877067065857e-08,0.9999999080966739,6.075666544786489e-09,OR
J,M0,0,6.171486305304131e-08,5.865039225299943e-07,0.9999993422892361,9.49197834964439e-09,OR
J,M0,0,1.0640523992918229e-07,8.916077465931557e-08,0.9999998009786092,3.4553762077402596e-09,OR
J,M0,0,4.349158103304665e-08,3.7270028233102584e-07,0.9999995766272061,7.1809305585043375e-09,OR
J,M0,0,4.211494261280006e-07,1.6309082934810646e-06,0.9999979138767477,3.406553257000757e-08,OR
J,M0,0,2.035157803968486e-08,7.046307993266389e-07,0.9999992651734555,9.844167069632758e-09,OR
J,M0,0,6.744105472627804e-07,3.2185003112970477e-07,0.9999989974946282,6.244793390300743e-09,OR
J,M0,0,4.2370936470911304e-08,8.061829130892764e-08,0.9999998708562006,6.1545715419827854e-09,OR
J,M0,0,8.844018047367235e-08,7.942617418496967e-07,0.9999991053094828,1.1988594914967506e-08,OR
K,M0,0,0.0006126938797431516,0.7013838774100446,0.29798042792307444,2.300078713789771e-05,IR
K,M0,0,0.004218033144347817,0.0029424450293799214,0.9928119453310049,2.757649526732896e-05,OR
K,M0,0,0.002424256027679089,0.020407084146067865,0.9771381995072831,3.0460318969980596e-05,OR
K,M0,0,0.0009404147993135771,0.07230812991239419,0.9267315163020658,1.9938986226371563e-05,OR
K,M0,0,1.4325474209648448e-06,0.00023862339580514052,0.9997597793828897,1.6467388423412339e-07,OR
K,M0,0,4.859581803849524e-06,0.0010089010110508883,0.9989860082261613,2.311809839164202e-07,OR
K,M0,0,0.00029412555186212924,0.008256296825848136,0.9914421648963262,7.412725963423543e-06,OR
K,M0,0,0.33812098004501423,0.05269084389379012,0.609125341172235,6.283488896068785e-05,OR
K,M0,0,0.07941142565931342,0.5964239612385143,0.3240881381252518,7.647497692044084e-05,IR
K,M0,0,1.9842406686504437e-05,0.009219552752727156,0.9907570234862769,3.581354309338995e-06,OR
K,M0,0,6.136537174356106e-05,0.17216677737352665,0.8277612968100566,1.0560444673173084e-05,OR
K,M0,0,0.0006685570042758973,0.00946693936865647,0.9898555037090282,8.999918039311772e-06,OR
K,M0,0,0.000570343785895709,0.0008274801229633088,0.9986014151719846,7.609191563644899e-07,OR
K,M0,0,0.0017990853461810415,0.0009383406050043795,0.9972612439130051,1.330135809406741e-06,OR
K,M0,0,0.00028042780065744445,0.010053713952141056,0.9896651952404782,6.630067232048684e-07,OR
K,M0,0,0.0015326258050120099,0.02495586152654614,0.9735021700469387,9.342621503052671e-06,OR
K,M0,0,3.217173080487068e-05,0.0010051431349882552,0.9989622159724623,4.6916174456317307e-07,OR
K,M0,0,0.0008227268508014046,0.00040506492708672093,0.9987714101418134,7.980802985372823e-07,OR
K,M0,0,0.5384243883879022,0.12028279709421247,0.3412729602668472,1.9854251038028157e-05,B
K,M0,0,0.4906546813548154,0.1995833174817309,0.3096960460408628,6.595512259097729e-05,B
K,M0,0,0.0010549829507003838,0.6250261692230846,0.3738316561896152,8.719163659966393e-05,IR
K,M0,0,0.0009369973563969145,0.0001879091754764762,0.9988740498400026,1.0436281240672553e-06,OR
K,M0,0,0.00035718503603849846,0.00862892682008935,0.9910057121468936,8.17599697842269e-06,OR
K,M0,0,0.007215676835369518,0.012954150424762521,0.9797457195641129,8.445317575495757e-05,OR
K,M0,0,3.160009371044046e-06,3.461012661809431e-06,0.9999933324184734,4.65594937308845e-08,OR
K,M0,0,4.760604529622289e-06,9.911865256460465e-06,0.9999850141396948,3.1339051915064365e-07,OR
K,M0,0,0.0001235465625537747,0.03622589094170185,0.9636497865487995,7.759469447269986e-07,OR
K,M0,0,0.0004404886217742878,0.16348652513711906,0.8360646775217178,8.308719388751405e-06,OR
K,M0,0,0.000563189805795934,0.00011003750770379603,0.9993263291993009,4.4348719936487274e-07,OR
K,M0,0,0.000992663845043794,0.004051097254009056,0.994950017545629,6.22135531823726e-06,OR
K,M0,0,3.6041231962549886e-05,0.00033677865250229377,0.9996270122117055,1.6790382974914522e-07,OR
L,M0,0,0.0013888919392527146,0.011425839075973665,0.9871507151064598,3.4553878313944645e-05,OR
L,M0,0,0.09416153705517138,0.006083586617308226,0.8997259529732133,2.8923354306963706e-05,OR
L,M0,0,0.6617911875376649,0.0004983778092650153,0.33755103963521566,0.00015939501785443232,B
L,M0,0,0.9861747091140362,8.27481163245897e-06,0.013814002854245652,3.0132200857209857e-06,B
L,M0,0,0.9334961485687487,0.001573627651756986,0.06490622818075556,2.3995598738821296e-05,B
L,M0,0,0.7822891949058705,0.0004633988231341555,0.21723451734435928,1.2888926636147882e-05,B
L,M0,0,0.16661571472988093,0.8299246297601487,0.003459216497440845,4.390125296033195e-07,IR
L,M0,0,0.9964863479984698,0.001393443031759136,0.002119763377293803,4.455924772309e-07,B
L,M0,0,2.4056109926576685e-06,5.008248497243641e-06,0.9999925256559374,6.048457267517155e-08,OR
L,M0,0,0.007079972417866873,0.005379584609788178,0.9875377395469417,2.7034254033647033e-06,OR
L,M0,0,5.203896727827934e-05,6.344370016979246e-05,0.9998833781812937,1.1391512582776418e-06,OR
L,M0,0,0.8506213598581607,0.004145924051505814,0.1452128548033616,1.9861286971701998e-05,B
L,M0,0,0.9382838976429064,0.00759976356312559,0.0541039905910477,1.2348202920380209e-05,B
L,M0,0,0.000819703825991147,0.00043819294483613675,0.9987419078569848,1.9537218801093282e-07,OR
L,M0,0,0.03433488700573276,0.10489247751953218,0.860757785269478,1.4850205257164328e-05,OR
L,M0,0,0.05508302820997557,0.8496442505908753,0.09526987236105755,2.848838091496073e-06,IR
L,M0,0,0.16504192665101305,0.18916809169259513,0.6453467322035586,0.00044324945283319325,OR
L,M0,0,0.8659871958461983,0.021547053698216297,0.11241662671891545,4.912373666986484e-05,B
L,M0,0,0.0025984428646536237,0.0015514137078863446,0.9958482821316542,1.8612958058514384e-06,OR
L,M0,0,0.8487788808076155,0.0026839937482060045,0.14850909475659296,2.8030687585730425e-05,B
L,M0,0,0.7046397551558164,0.047253762763953835,0.2480540685706262,5.241350960346908e-05,B
L,M0,0,0.00022037287434193608,0.003776050902894203,0.9959779412170217,2.5635005742233438e-05,OR
L,M0,0,0.49073243583443893,0.00010430064196736795,0.5091558374123784,7.426111215433204e-06,OR
L,M0,0,0.700207587013703,0.0001157639339014239,0.29962484604993755,5.180300245787677e-05,B
L,M0,0,0.9952664248371755,0.0005609736501022585,0.004168252901642961,4.348611079191596e-06,B
L,M0,0,0.07148411450553822,0.00023451308179317002,0.9282749956199816,6.376792686980324e-06,OR
L,M0,0,5.07804213778849e-05,0.00025622501686400976,0.9996926817340829,3.1282767526819674e-07,OR
L,M0,0,5.671598068655784e-05,9.298663004438475e-06,0.9999334711018137,5.142544952655492e-07,OR
L,M0,0,0.6750499299835662,0.004109980167731376,0.3206961208519064,0.0001439689967960837,B
L,M0,0,0.000138999940598143,0.0007134683739509515,0.9991463336822549,1.1980031959232797e-06,OR
L,M0,0,0.9949584092045768,0.0034268228280860697,0.0016080041832603456,6.7637840769783745e-06,B
M,M0,0,0.002528988936444467,0.018172503884029127,0.9790255351905033,0.0002729719890232,OR
M,M0,0,3.2607327734969996e-05,0.0005135057230425693,0.9994451276463632,8.759302859193869e-06,OR
M,M0,0,8.052273716622496e-06,0.0022049885802765267,0.9977852278139132,1.7313320936789773e-06,OR
M,M0,0,3.716011496464642e-05,0.002940735923847018,0.9969877037466638,3.440021452447129e-05,OR
M,M0,0,0.0002670320954510943,0.11898161980242736,0.8805332429598401,0.00021810514228125436,OR
M,M0,0,6.823489510514648e-06,0.00046362478269785254,0.9995265225308798,3.0291969117282345e-06,OR
M,M0,0,0.00015211849311930905,0.0016960998219297154,0.9981386761109003,1.3105574050556775e-05,OR
M,M0,0,0.00014657579007517526,0.0022314508627021383,0.997616076873653,5.896473569661732e-06,OR
M,M0,0,3.303412161823992e-05,0.0012136760157378287,0.9987428910707574,1.0398791886711638e-05,OR
M,M0,0,0.000472824434271283,0.04140588447939965,0.9579716500982304,0.00014964098809861013,OR
M,M0,0,0.000986705857330692,0.7769150714344999,0.22135172179778492,0.000746500910384417,IR
M,M0,0,5.4007579866506516e-05,0.0005414852514411467,0.9993992160717898,5.291096902456956e-06,OR
M,M0,0,2.1869399708932802e-06,0.00014883229071470912,0.9998486296518656,3.511174487785898e-07,OR
M,M0,0,4.807658171994543e-06,8.603019715019988e-05,0.9999065372704905,2.6248741872881125e-06,OR
M,M0,0,9.718194398289008e-06,0.001553038267995958,0.9984351413301764,2.102207429378673e-06,OR
M,M0,0,6.548860750322618e-06,0.0006367104950592027,0.9993538592246322,2.8814195583769225e-06,OR
M,M0,0,8.600665668448327e-08,8.554106128783136e-06,0.9999913182041752,4.1683039186946993e-08,OR
M,M0,0,3.2884142954527534e-05,0.0005307380229211966,0.999433854868364,2.5229657603944295e-06,OR
M,M0,0,0.0010777840655422312,0.0485201101776114,0.9503366319545791,6.547380226732182e-05,OR
M,M0,0,1.1429001288658398e-05,0.00032032096121484483,0.9996650326555904,3.2173819061562514e-06,OR
M,M0,0,0.00041302502494871575,0.022816973566857857,0.9767444432278864,2.5558180306881982e-05,OR
M,M0,0,3.593142604613029e-05,0.008905504103462395,0.9910475979026263,1.0966567865054384e-05,OR
M,M0,0,0.00013696073508714758,0.006396179883986034,0.9933413919721857,0.00012546740874107073,OR
M,M0,0,0.0034558138495211417,0.014829761821095584,0.9815838811765502,0.00013054315283319074,OR
M,M0,0,0.00020618957516351858,0.00028025023788774277,0.9995081441022803,5.416084668395643e-06,OR
M,M0,0,0.0001219407771026285,0.0004481760597171162,0.9994252536790753,4.629484104842582e-06,OR
M,M0,0,8.715743613751542e-06,8.123334001136172e-05,0.9999088845913677,1.166325007211049e-06,OR
M,M0,0,0.0007900001234272602,0.0008524987645935427,0.9983439981839737,1.3502928005489567e-05,OR
M,M0,0,8.737418979316706e-05,0.00020110064525826512,0.9997105968051275,9.283598210820337e-07,OR
M,M0,0,0.0004206816760753839,0.0013608226137316044,0.9982031455438919,1.535016630103723e-05,OR
M,M0,0,0.00035429121379285957,0.04490831346176961,0.9547096808606149,2.7714463822570598e-05,OR
N,M0,0,0.005143227587076215,0.05023358644166078,0.9440955960192701,0.000527589951992875,OR
N,M0,0,0.4771978408749455,0.03263382149573288,0.48897096170006327,0.0011973759292581555,OR
N,M0,0,0.07344706623194262,0.027173252540714562,0.8992944491962499,8.523203109287044e-05,OR
N,M0,0,0.0031516049226698877,0.0057460232057628315,0.9910800898639064,2.22820076609096e-05,OR
N,M0,0,0.1825470735500715,0.3566477657716812,0.4596358444760262,0.0011693162022211032,OR
N,M0,0,0.9678449005201106,0.024081816867838873,0.007956389521503385,0.00011689309054702747,B
N,M0,0,0.014592167450357496,0.5647541030699806,0.42030961233298636,0.0003441171466753291,IR
N,M0,0,0.09243367628827442,0.02450786166629989,0.8830296327817013,2.8829263724265595e-05,OR
N,M0,0,0.7305920916210239,0.042013817821127,0.22684879226866422,0.0005452982891849177,B
N,M0,0,0.21605427742498995,0.031406824379760216,0.7516436491966186,0.0008952489986311541,OR
N,M0,0,0.009899135097248667,0.0966942411893665,0.8933917105092294,1.491320415538875e-05,OR
N,M0,0,0.02428107695406651,0.015260465130768503,0.9604379256556698,2.0532259495219233e-05,OR
N,M0,0,0.963324098487447,0.01972117895291266,0.015333605721955973,0.0016211168376843517,B
N,M0,0,0.03532567451761557,0.10691178216954729,0.8570449142483887,0.0007176290644483939,OR
N,M0,0,0.01604026288989408,0.024482891076231025,0.9594603926695487,1.6453364326150066e-05,OR
N,M0,0,0.017451401698286902,0.0005121588924737731,0.9820310339736623,5.405435576981115e-06,OR
N,M0,0,0.019491622847891937,0.21492808970343355,0.7646383738962867,0.000941913552387624,OR
N,M0,0,0.041464015477675725,0.2939751830838834,0.6627695864105161,0.0017912150279247292,OR
N,M0,0,0.8155401065680953,0.00785069185024838,0.1762553502344896,0.0003538513471668095,B
N,M0,0,0.03078171205337338,0.1943707935582763,0.773708841449487,0.001138652938863266,OR
N,M0,0,0.19945520863889662,0.5393663412271054,0.2610385412353556,0.00013990889864247237,IR
N,M0,0,0.01528720746857972,0.1273736518736614,0.8573030962296406,3.6044428118208916e-05,OR
N,M0,0,0.38764934130621587,0.20268847517682298,0.40483407836880514,0.004828105148155902,OR
N,M0,0,0.37416652639201275,0.09732165958478665,0.5269255426453523,0.0015862713778483088,OR
N,M0,0,0.40482519711936354,0.4918597003170477,0.09853555166694199,0.0047795508966469065,IR
N,M0,0,0.003878011930547235,0.9958460088831625,0.00021995087134320755,5.602831494693848e-05,IR
N,M0,0,0.001960569296792457,0.003646819814180438,0.994381706307548,1.090458147896171e-05,OR
N,M0,0,0.0034008347393190913,0.008322692161596342,0.9882596317557917,1.68413432927912e-05,OR
N,M0,0,0.013943842029364857,0.8252259339659037,0.1599892383211247,0.0008409856836066739,IR
N,M0,0,0.048755884061115334,0.7573334427968929,0.1927629385140524,0.0011477346279395336,IR
N,M0,0,0.9117636857270878,0.008697753334098675,0.07926238454157182,0.0002761763972417364,B
O,M0,0,0.3578071470855332,0.5617694198039056,0.08004336794885258,0.0003800651617086798,IR
O,M0,0,0.0033797550066240376,0.9337992447330532,0.06280454993241287,1.645032790994833e-05,IR
O,M0,0,0.13994173753452646,0.680199790593268,0.17981765015800438,4.0821714201141804e-05,IR
O,M0,0,0.2562623203579087,0.017810087872960817,0.7249835599892435,0.0009440317798870733,OR
O,M0,0,0.6035480088370527,0.2556879788496446,0.13985456922307096,0.0009094430902317384,B
O,M0,0,0.01758623729830577,0.9764214115877378,0.005955081918752058,3.7269195204248916e-05,IR
O,M0,0,0.032768578796664366,0.9284707906379822,0.038692930946142075,6.769961921121677e-05,IR
O,M0,0,0.11394547411771556,0.00566645163360231,0.8803615267953343,2.654745334788591e-05,OR
O,M0,0,0.5803903332241164,0.17238826838594032,0.2469793052915564,0.000242093098386796,B
O,M0,0,0.03735017246249031,0.00013469206362663958,0.9625114204379205,3.715035962439565e-06,OR
O,M0,0,0.8325897875737346,0.010333061132050491,0.15699485559406628,8.229570014866966e-05,B
O,M0,0,0.5553922453446808,0.002973125132734768,0.44159857131274766,3.605820983674361e-05,B
O,M0,0,0.19373285573173418,0.005263451357846153,0.8009208855073447,8.280740307499863e-05,OR
O,M0,0,0.05060288927802889,0.08704057339023047,0.8623470906420303,9.446689710341202e-06,OR
O,M0,0,0.2677638663524869,0.5967661472575512,0.13525043495462985,0.00021955143533207837,IR
O,M0,0,0.12754887295904538,0.34277160155183684,0.5295950801131802,8.444537593755005e-05,OR
O,M0,0,0.20544871117431546,0.00014787194924386927,0.7944011595179408,2.2573584998875966e-06,OR
O,M0,0,0.9963883188710283,0.0007210859793084669,0.0028845440510420896,6.05109862124812e-06,B
O,M0,0,0.8709713545876588,0.0054395544934442664,0.1235793617853443,9.729133552665134e-06,B
O,M0,0,0.31846643011268944,0.32740752143227814,0.3537627826091399,0.00036326584589241393,OR
O,M0,0,0.004534019379559771,0.09824942242166966,0.8971733455629481,4.321263582255746e-05,OR
O,M0,0,0.623559142653964,0.2865133375390203,0.08989213720226444,3.538260475125045e-05,B
O,M0,0,0.49821934219187053,0.03797718391254283,0.4636029276057615,0.00020054628982517166,B
O,M0,0,0.8155763878636696,0.036856217936884594,0.1473806861442044,0.00018670805524127727,B
O,M0,0,0.9875272716238752,0.011107891762339792,0.0013595200776117392,5.316536173026095e-06,B
O,M0,0,0.3937194100666389,0.014573266258931428,0.5916449615586142,6.236211581540495e-05,OR
O,M0,0,0.001395596148666322,0.13529077697285294,0.86329415299286,1.9473885620826004e-05,OR
O,M0,0,0.9735015445178875,0.024344904602451152,0.0021428946529441907,1.065622671717877e-05,B
O,M0,0,0.008817150934081738,0.002725546711028263,0.9884393918724964,1.7910482393561836e-05,OR
O,M0,0,0.0019191780548399047,0.329942678568611,0.6680883773285623,4.9766047986843175e-05,OR
O,M0,0,0.07076988304182537,0.20136482329647523,0.7277291367400714,0.00013615692162785096,OR
P,M0,0,9.354982536442349e-07,7.193461410046054e-07,0.9999983197912303,2.5364375121186127e-08,OR
P,M0,0,1.1475475232118909e-05,1.3396167013016386e-05,0.9999748635012988,2.648564559915108e-07,OR
P,M0,0,1.403929233390976e-07,1.367720388283693e-06,0.9999984642868686,2.759981987602219e-08,OR
P,M0,0,3.5636570019060276e-09,9.147670278092186e-08,0.9999998907975404,1.4162099684344432e-08,OR
P,M0,0,1.0394597994422763e-06,7.756682157400646e-08,0.9999988382083353,4.4765043729130105e-08,OR
P,M0,0,6.741210101786737e-05,1.234208975253581e-05,0.9999179342464074,2.311562822118936e-06,OR
P,M0,0,0.0001512486317927325,9.494419148121011e-07,0.999845816441276,1.985485016539624e-06,OR
P,M0,0,1.8521977384763245e-08,2.3748484911487086e-08,0.999999951903955,5.825582740896601e-09,OR
P,M0,0,2.862035802992507e-05,6.596303446897549e-07,0.9999706377969623,8.221466310253982e-08,OR
P,M0,0,2.6360479677901275e-06,9.956673764675902e-07,0.9999963254148198,4.286983600833233e-08,OR
P,M0,0,8.819688880690205e-06,7.678001576669066e-06,0.9999826642449199,8.38064622741128e-07,OR
P,M0,0,1.204649632688033e-07,6.383051512901797e-07,0.999999217920165,2.330972046448428e-08,OR
P,M0,0,0.0002990445877692464,2.385115047031949e-05,0.9996758966066775,1.207655082859573e-06,OR
P,M0,0,0.009246168614961761,0.00013172240917218878,0.9906097966033628,1.2312372503201358e-05,OR
P,M0,0,0.018262807734825526,6.702519900979839e-06,0.981729974783995,5.149612784488539e-07,OR
P,M0,0,0.002625857178909704,1.566599783895592e-05,0.997357537801541,9.390217103009266e-07,OR
P,M0,0,1.7925126780335015e-05,2.901842915968563e-05,0.9999524245019146,6.319421454919544e-07,OR
P,M0,0,0.00022104563616641044,3.3947875046868386e-07,0.9997782541354323,3.6074965077023236e-07,OR
P,M0,0,0.7369109580554121,7.166636468717618e-05,0.26287847207392767,0.00013890350597300382,B
P,M0,0,4.232921154647169e-06,5.49185065009236e-08,0.9999956782384538,3.3921885018832405e-08,OR
P,M0,0,4.005713666239015e-07,1.1123186001384681e-06,0.9999984213904185,6.571961490260487e-08,OR
P,M0,0,2.854163127919349e-06,2.2780414586663056e-06,0.9999948385765021,2.9218911546161775e-08,OR
P,M0,0,1.4317236221400163e-07,6.928530680560559e-07,0.9999989835446095,1.804299604092533e-07,OR
P,M0,0,0.00013469440149477084,8.954958796569025e-06,0.9998462993879165,1.005125179208619e-05,OR
P,M0,0,6.334339119183607e-05,4.4199143588538244e-05,0.9998686910938218,2.376637139794282e-05,OR
P,M0,0,1.7089317596812946e-07,3.817910076156785e-07,0.9999991683404563,2.7897536010163424e-07,OR
P,M0,0,0.00011773726281992475,3.646029890251222e-06,0.9998748501532114,3.766554078412405e-06,OR
P,M0,0,4.853968252439349e-06,2.9017373470247176e-08,0.9999951033562671,1.3658107154119607e-08,OR
P,M0,0,0.00034358639825967535,4.814873204577082e-06,0.9996493577798059,2.2409487298380756e-06,OR
P,M0,0,0.00011612259041043306,2.2911622565753463e-06,0.999856544970704,2.5041276629019323e-05,OR
P,M0,0,0.0038842563381321377,7.575741598700445e-06,0.9961045931576484,3.574762620801734e-06,OR
A,M0,1,5.304925662396817e-07,2.5591503554303347e-06,0.9999965376904595,3.7266661891715984e-07,OR
A,M0,1,7.717891849501994e-08,2.1239398550195566e-07,0.9999996948179398,1.5609156004556185e-08,OR
A,M0,1,9.505479980412123e-07,2.006454581630107e-06,0.9999969955823398,4.741508053084737e-08,OR
A,M0,1,2.6662685297555536e-05,2.7907355403652715e-06,0.9999703024049817,2.4417418045961656e-07,OR
A,M0,1,1.4820106721202457e-07,8.45174151721025e-07,0.9999989650104008,4.161438032046816e-08,OR
A,M0,1,0.0013824018435795954,4.379574368332427e-06,0.9986121222575098,1.0963245423327705e-06,OR
A,M0,1,2.192388190855243e-08,8.841933105494596e-08,0.9999998759084859,1.3748301146977329e-08,OR
A,M0,1,0.04237861792401039,7.012482411648134e-05,0.9575280993790722,2.3157872800855656e-05,OR
A,M0,1,2.9507735064781103e-06,7.13400996560846e-07,0.9999962496242589,8.620123825761433e-08,OR
A,M0,1,5.356023696272164e-05,1.9290977545939408e-06,0.9999438894297723,6.212355104284601e-07,OR
A,M0,1,1.0932594589847235e-06,5.9357828251519346e-08,0.9999987304642998,1.1691841302651476e-07,OR
A,M0,1,1.5611153480363222e-07,3.511528653059335e-08,0.9999997829262177,2.584696094073188e-08,OR
A,M0,1,0.18205361513002244,0.00014486932057610554,0.8177506043154731,5.091123392832759e-05,OR
A,M0,1,3.688461210128496e-05,1.1431546538860857e-06,0.9999618914100951,8.082314977640073e-08,OR
A,M0,1,6.123194759593584e-09,4.4041184818370856e-09,0.9999999861843014,3.2883852242836303e-09,OR
A,M0,1,1.6073301473084615e-05,2.337945035626934e-05,0.9999583120610374,2.235187133259677e-06,OR
A,M0,1,1.354441899479857e-06,7.877078406442065e-07,0.999997828385797,2.9464462822579904e-08,OR
A,M0,1,2.0308090236323604e-06,1.54349257893963e-06,0.9999962002442366,2.2545416092498047e-07,OR
A,M0,1,1.0965069732088374e-05,6.39227243466095e-06,0.9999820587539581,5.839038752251904e-07,OR
A,M0,1,2.868311768937897e-06,2.8004965344384493e-07,0.9999968125048703,3.913370740093407e-08,OR
A,M0,1,5.969583603312875e-07,9.182768307248437e-07,0.9999984118588559,7.290595313930674e-08,OR
A,M0,1,0.002492541006120219,4.5174441996329726e-05,0.9974474449846487,1.4839567234937785e-05,OR
A,M0,1,0.9792611499599788,1.7383357547703924e-05,0.020713932414670903,7.534267802555151e-06,B
A,M0,1,0.00018500202735114796,7.984128043559434e-06,0.999806080549135,9.332954704077716e-07,OR
A,M0,1,3.4523545160691276e-06,3.774250294801169e-05,0.9999583749575297,4.3018500624208615e-07,OR
A,M0,1,1.2897752922738823e-05,2.4107504012516515e-07,0.9999867742153427,8.695669469046308e-08,OR
A,M0,1,1.7884521148943865e-05,1.3479801618985785e-06,0.9999805515368478,2.1596184124521907e-07,OR
A,M0,1,3.926355391706122e-06,0.0007154804096627,0.9992801245425482,4.686923972766322e-07,OR
A,M0,1,0.00010487687435186863,0.00012003071387965414,0.9997749139572442,1.7845452432589316e-07,OR
A,M0,1,1.674795987142499e-06,1.1392869206426295e-06,0.9999971434302345,4.248685776206766e-08,OR
A,M0,1,3.9707921940096414e-05,3.7255943717937554e-06,0.9999557132314615,8.532522265473416e-07,OR
B,M0,1,0.9992390570781791,0.00016263658428019158,0.0005975888044269516,7.175331136723725e-07,B
B,M0,1,0.5921772627509863,0.40732422615217967,0.0004425914211566863,5.591967567741311e-05,B
B,M0,1,0.8535779702875335,0.1444228253729862,0.001992379466365861,6.8248731145577155e-06,B
B,M0,1,0.7568183502773241,0.1306382007919321,0.11252695342212236,1.6495508621446752e-05,B
B,M0,1,0.9957787762839909,0.003549955458894592,0.0006691947284265942,2.073528687889065e-06,B
B,M0,1,0.2548919964930052,0.7118776971765602,0.03318517246178969,4.513386864484574e-05,IR
B,M0,1,0.21221816229725132,0.7876995128691027,8.152889115834731e-05,7.959424877867276e-07,IR
B,M0,1,0.9839745548174799,0.013010833006156552,0.002897685748112209,0.00011692642825126587,B
B,M0,1,0.3382987354411903,0.639575863006835,0.02207354918742489,5.1852364549660374e-05,IR
B,M0,1,0.9720078930522106,0.014417509789358176,0.01356586127112902,8.735887301993526e-06,B
B,M0,1,0.9947336104475288,0.00021433110262668257,0.005048269705661012,3.788744183550652e-06,B
B,M0,1,0.6464678168099591,0.3002078323863357,0.05329210037912672,3.225042457847865e-05,B
B,M0,1,0.35606476804005066,0.3760162518428254,0.2678664903934932,5.2489723630648714e-05,IR
B,M0,1,0.9905345635202318,0.007539700625528175,0.001922265524943411,3.4703292965450107e-06,B
B,M0,1,0.813174858915696,0.046843952758745484,0.13989171412771745,8.947419784128039e-05,B
B,M0,1,0.29767552361415456,0.01706450171635958,0.6852463362340857,1.3638435400098332e-05,OR
B,M0,1,0.9973215463053219,0.002671591401179891,3.727722806568377e-06,3.134570691762555e-06,B
B,M0,1,0.971474484883777,0.02327499777909674,0.005226387932694636,2.4129404431452912e-05,B
B,M0,1,0.7273648390512224,0.020505061005634772,0.2520916506175103,3.844932563256004e-05,B
B,M0,1,0.011020191842030812,0.8817461104971402,0.10721532076262945,1.8376898199350652e-05,IR
B,M0,1,0.5746553314174169,0.4164469837734925,0.008840927058611945,5.675775047864349e-05,B
B,M0,1,0.994736806125749,0.004991020829752545,0.00027029480372472157,1.87824077380524e-06,B
B,M0,1,0.7492184892011796,0.0017255889899354248,0.24900171925051542,5.420255836950671e-05,B
B,M0,1,0.7067895425810794,0.2880550163222521,0.005131544516615372,2.389658005319563e-05,B
B,M0,1,0.5080326680204919,0.05287051218486832,0.43908741113873523,9.40865590467207e-06,B
B,M0,1,0.9860278910753356,0.01392348838602869,4.749356517050906e-05,1.1269734653685315e-06,B
B,M0,1,0.43200747727884575,0.4297923754414876,0.13772214197348223,0.00047800530618444855,B
B,M0,1,0.12552455502278057,0.3277166610038483,0.5465810667621591,0.00017771721121213711,OR
B,M0,1,0.9894001409026084,0.0076024301933957025,0.0029833149725663225,1.4113931429387662e-05,B
B,M0,1,0.9511045692955636,0.023996158996934268,0.024878047730231233,2.1223977270928522e-05,B
B,M0,1,0.3736931908871205,0.5529365905962859,0.07332196301603976,4.8255500553844824e-05,IR
C,M0,1,4.336035205995419e-07,4.036185815992804e-07,0.9999991440669501,1.871094760910413e-08,OR
C,M0,1,5.6295164560022055e-08,2.5307026813333045e-07,0.9999996873753876,3.25917959939256e-09,OR
C,M0,1,4.005930690779945e-08,1.415965303524493e-07,0.9999998162865331,2.057629734170412e-09,OR
C,M0,1,1.150320460128255e-07,1.085707881893831e-06,0.9999987825775098,1.6682562248378817e-08,OR
C,M0,1,3.156932587377615e-07,1.0149162388301868e-06,0.9999986570104815,1.2380020994516897e-08,OR
C,M0,1,3.3937484891295277e-07,1.8690804961419795e-07,0.9999994368156765,3.690142496845575e-08,OR
C,M0,1,6.221027971040701e-07,1.0130532933354628e-07,0.9999992387476442,3.7844229339117053e-08,OR
C,M0,1,2.4489108602192337e-07,8.628622013433021e-08,0.9999996595347276,9.287966249228363e-09,OR
C,M0,1,9.137740717937198e-08,1.4396496315084543e-07,0.9999997609000447,3.7575850002565655e-09,OR
C,M0,1,3.545703031924847e-08,9.692286515261793e-08,0.9999998631135428,4.506561603236269e-09,OR
C,M0,1,8.271087666968944e-08,1.8883864909780844e-07,0.9999997211407476,7.309726565305266e-09,OR
C,M0,1,3.6211903056866376e-06,6.930762584551859e-07,0.999995623172981,6.256045471386612e-08,OR
C,M0,1,4.427199180169141e-08,2.6500728533022285e-07,0.9999996876667957,3.0539272496045927e-09,OR
C,M0,1,1.3938750423448077e-07,1.507366904073237e-07,0.9999996987049102,1.1170895112924344e-08,OR
C,M0,1,2.296046726476067e-07,6.240541454963043e-07,0.9999991367465533,9.594628645502426e-09,OR
C,M0,1,2.84393836307803e-08,1.6149957064632223e-07,0.9999998032550682,6.805977493746655e-09,OR
C,M0,1,5.9493887705135086e-08,2.618352236451404e-07,0.999999668621932,1.0048956617839122e-08,OR
C,M0,1,2.445963078748605e-07,1.9969311352359782e-08,0.9999997331326785,2.3017021858817598e-09,OR
C,M0,1,6.016764843074909e-07,1.7870776166137024e-06,0.9999975218815624,8.936433681869271e-08,OR
C,M0,1,3.46767644670868e-08,8.735061231307931e-08,0.9999998694672406,8.505382540783637e-09,OR
C,M0,1,1.3960561869169156e-07,1.417865562622275e-06,0.9999984312745944,1.1254224295832677e-08,OR
C,M0,1,1.5672334096845328e-07,3.0709279027472316e-07,0.9999995065215365,2.9662332182286848e-08,OR
C,M0,1,3.359018220071344e-08,2.1923280307991933e-08,0.9999999429456902,1.5408473808637954e-09,OR
C,M0,1,5.857204562898327e-08,7.143194384045826e-08,0.9999998634245137,6.571496877963142e-09,OR
C,M0,1,3.736069998385079e-07,1.971645439288086e-07,0.9999993864379676,4.2790488588381906e-08,OR
C,M0,1,5.467545916813696e-08,5.749233513330601e-08,0.9999998812529193,6.579286262337694e-09,OR
C,M0,1,1.247473796689979e-08,1.810534741559403e-08,0.9999999687127595,7.071551902469657e-10,OR
C,M0,1,3.496160527544114e-08,3.4998618861585623e-07,0.9999996106954628,4.356743296474556e-09,OR
C,M0,1,1.319152771036458e-07,5.893529042415259e-08,0.9999997920810738,1.706835860685567e-08,OR
C,M0,1,3.1326993585872044e-08,1.0152148072688079e-07,0.9999998592730208,7.87850484357782e-09,OR
C,M0,1,2.8909344347226407e-07,7.60845677493876e-08,0.9999996276385527,7.18343594834994e-09,OR
D,M0,1,0.026708681837120246,0.00043021339512544537,0.9727491476495838,0.00011195711817044022,OR
D,M0,1,0.6353991480504032,5.875879446126422e-05,0.36450538032592306,3.671282921248895e-05,B
D,M0,1,0.07212171449045982,5.46187457414623e-06,0.9278382672198278,3.455641513824991e-05,OR
D,M0,1,2.525832336322272e-07,4.477993930119525e-08,0.9999996426133733,6.00234538521513e-08,OR
D,M0,1,1.1228813770634756e-07,2.7856519032088224e-07,0.9999995655547542,4.359191769149027e-08,OR
D,M0,1,0.9513514786908556,6.603200262127269e-05,0.04838715346026286,0.00019533584626043574,B
D,M0,1,6.2854289174293015e-06,4.622177535814686e-07,0.9999917324470583,1.5199062708265487e-06,OR
D,M0,1,0.0037156179553572413,5.477766410141767e-07,0.9962812075525462,2.626715455574616e-06,OR
D,M0,1,1.8117116268111827e-06,2.573148520410444e-07,0.9999977634341384,1.6753938258392385e-07,OR
D,M0,1,0.12925103812283895,1.9123440833798877e-05,0.8707150641272164,1.4774309110799619e-05,OR
D,M0,1,0.3477375694936921,1.8082407181732305e-05,0.6521819522019691,6.239589715716646e-05,OR
D,M0,1,2.1962373718491056e-06,1.1263581355750011e-06,0.9999965215809601,1.5582353241841318e-07,OR
D,M0,1,0.038748401340108166,3.4852165177564204e-05,0.9611709644533838,4.578204133028573e-05,OR
D,M0,1,3.3054643736316623e-06,4.3719221585404156e-07,0.9999962213191781,3.6024232475236994e-08,OR
D,M0,1,5.529253565961775e-07,6.660341020298026e-07,0.9999987379211511,4.311939035513964e-08,OR
D,M0,1,4.7475864518567217e-07,1.788163560604764e-08,0.9999994770182452,3.0341474225153175e-08,OR
D,M0,1,0.8024420489218815,2.6417742096967886e-05,0.19750722795852832,2.4305377493120715e-05,B
D,M0,1,0.19288536073693055,1.4229094052422814e-06,0.8070649677247975,4.8248628866720786e-05,OR
D,M0,1,0.8263842109460496,5.4561814829834575e-05,0.17353260152906927,2.862571005138334e-05,B
D,M0,1,0.9983263885181336,2.9340726481834824e-05,0.0016349012659246165,9.369489460094464e-06,B
D,M0,1,0.00012382854221634537,3.915022580180474e-06,0.9998718367366727,4.196985306937392e-07,OR
D,M0,1,9.396523855970171e-08,2.753082100283271e-07,0.9999996212928082,9.433743316206352e-09,OR
D,M0,1,0.6165298124718628,0.0001456343641641394,0.3833020965603919,2.245660358130378e-05,B
D,M0,1,0.40139870723990995,0.000642584267226384,0.5956927759356355,0.002265932557228265,OR
D,M0,1,1.4590292750933278e-07,7.381224026708987e-08,0.9999997634085931,1.687623907757971e-08,OR
D,M0,1,3.6203881923557e-05,2.6301798886138047e-06,0.9999591010332596,2.064904928199157e-06,OR
D,M0,1,4.843278772792908e-08,2.3049558198067557e-08,0.999999840154165,8.836348902144458e-08,OR
D,M0,1,0.6913576123986286,0.00025528431614393426,0.3076257865174252,0.0007613167678022484,B
D,M0,1,0.0007847578744722536,3.0228187814261663e-06,0.9992102085863162,2.0107204301186044e-06,OR
D,M0,1,1.618786442987989e-06,3.101293125123877e-06,0.9999951594546608,1.2046577107824303e-07,OR
D,M0,1,5.787726981121978e-05,7.25884142530406e-06,0.9999344894502828,3.7443848057894443e-07,OR
E,M0,1,1.704493497492441e-07,2.80718058755989e-06,0.9999970151673315,7.202731055859818e-09,OR
E,M0,1,5.378353089366339e-08,1.1955004333997878e-07,0.9999998203624617,6.303964026677138e-09,OR
E,M0,1,1.1042561697801974e-08,9.224053314253523e-07,0.9999990650807121,1.4713946566984545e-09,OR
E,M0,1,3.962933690668715e-08,1.3748676691309627e-05,0.9999862072684313,4.425540390550688e-09,OR
E,M0,1,1.9852540534291854e-07,1.6779326985995714e-05,0.9999828482214773,1.7392613122744168e-07,OR
E,M0,1,9.437896977423186e-07,1.0702964419173833e-05,0.9999876714554372,6.81790445775973e-07,OR
E,M0,1,2.2628286781897277e-07,1.4368620673796002e-05,0.9999852630821139,1.42014344366515e-07,OR
E,M0,1,3.0209056811619496e-06,3.4571003107975166e-05,0.999961108610293,1.299480917893928e-06,OR
E,M0,1,2.205295021562519e-07,1.2426006576720347e-05,0.9999873441160074,9.347913616393808e-09,OR
E,M0,1,6.750429451362442e-08,2.9991702404509405e-06,0.999996927650284,5.675180863904029e-09,OR
E,M0,1,5.511201976537999e-06,4.7965820041595784e-05,0.9999448854798207,1.63749816098837e-06,OR
E,M0,1,2.9923699124131727e-07,1.5290386877921454e-05,0.9999841185570446,2.918190861232111e-07,OR
E,M0,1,1.1809711470867784e-06,3.5108529573482183e-06,0.999994487565309,8.206105866760698e-07,OR
E,M0,1,2.71364073020055e-07,4.548635551582715e-06,0.9999951582971244,2.1703251239555694e-08,OR
E,M0,1,1.920299237624855e-06,4.562818507884741e-05,0.999952416201995,3.53136886097525e-08,OR
E,M0,1,7.524202299339577e-08,1.0165174563827062e-05,0.999989750635978,8.947435319837191e-09,OR
E,M0,1,5.443705947304269e-06,2.0407154157719396e-05,0.9999735537804589,5.953594361441131e-07,OR
E,M0,1,3.3534821316169295e-06,2.181439983576535e-05,0.9999725300751339,2.3020428988337397e-06,OR
E,M0,1,8.425321850131551e-07,2.022069552351881e-06,0.9999967120480768,4.233501857846276e-07,OR
E,M0,1,3.4537187607714517e-06,1.2789302710276849e-05,0.9999831731513203,5.838272085757296e-07,OR
E,M0,1,8.900819031727096e-08,2.512877387939447e-06,0.9999973880111024,1.0103319329097564e-08,OR
E,M0,1,1.6605335138672611e-07,1.465430674047619e-07,0.9999996809546768,6.4489044431972084e-09,OR
E,M0,1,4.0956912598229174e-08,4.364079125797273e-06,0.999995591238508,3.725453575683982e-09,OR
E,M0,1,6.890847201658348e-07,8.04170720181643e-07,0.9999983425908686,1.6415369105842518e-07,OR
E,M0,1,2.439763664049659e-06,1.473607342242186e-05,0.9999812555466783,1.568616235340067e-06,OR
E,M0,1,1.5390225375817052e-07,1.2295377915245576e-06,0.999998607608971,8.95098371780402e-09,OR
E,M0,1,8.396907118235538e-08,3.398186773145891e-06,0.9999965095726999,8.271455734179743e-09,OR
E,M0,1,4.9009913873858794e-08,2.725906474200698e-06,0.9999972144477278,1.0635884035051876e-08,OR
E,M0,1,4.00535283698409e-06,1.2502824620893372e-05,0.9999822853852781,1.206437263845553e-06,OR
E,M0,1,2.0209724026509654e-05,5.474651034172881e-06,0.9999731859404664,1.1296844731019839e-06,OR
E,M0,1,4.36610607509971e-07,1.3100230407387592e-06,0.9999982278881143,2.547823748995786e-08,OR
F,M0,1,3.680996451258516e-09,3.6417428614206664e-08,0.9999999486068087,1.1294766259802873e-08,OR
F,M0,1,5.333262386110679e-09,2.0670037740746563e-08,0.9999999674777318,6.5189681456787466e-09,OR
F,M0,1,3.337087350380272e-06,5.840692352776898e-07,0.9999959083224743,1.7052093999590988e-07,OR
F,M0,1,5.600470045664538e-07,9.155757668692304e-08,0.9999993347046846,1.3690734021244866e-08,OR
F,M0,1,0.00031177301509296453,1.4213367198885752e-06,0.9996804389580063,6.366690180892967e-06,OR
F,M0,1,5.213561187343551e-08,1.707720243766208e-08,0.9999998905116689,4.027551682008858e-08,OR
F,M0,1,6.754428079293406e-05,2.406543972496951e-07,0.9999315687053207,6.46359488883548e-07,OR
F,M0,1,0.002189896402108419,0.00014093839578643405,0.9976657573682504,3.4078338547886173e-06,OR
F,M0,1,1.2264763100663599e-07,6.131915225350204e-07,0.9999992451983533,1.896249330908126e-08,OR
F,M0,1,0.0003517694436071639,6.077654952436763e-06,0.9996408050561966,1.3478452438695631e-06,OR
F,M0,1,1.15643811127034e-07,2.6807371962808096e-08,0.9999997696988265,8.784999030112608e-08,OR
F,M0,1,5.1393043243200185e-06,2.375059650354231e-06,0.9999914725722479,1.0130637775626631e-06,OR
F,M0,1,5.579108828002653e-08,4.0361142947651955e-07,0.9999994778907827,6.270669943659652e-08,OR
F,M0,1,7.4208089104090764e-09,4.932663666689647e-08,0.9999999378947612,5.357793258990886e-09,OR
F,M0,1,0.00011399078455519659,6.352616770927698e-06,0.9998789819113156,6.746873582058664e-07,OR
F,M0,1,0.3987327664493029,0.00013570209400800228,0.5999580643990127,0.001173467057676419,OR
F,M0,1,0.007072145541797266,1.996328453242621e-06,0.9927812265469379,0.00014463158281147447,OR
F,M0,1,1.9502711452739694e-06,8.482030209258221e-07,0.9999950339311844,2.1675946494000102e-06,OR
F,M0,1,3.29035943648406e-05,3.077984102414463e-07,0.9999665649485808,2.2365864417318675e-07,OR
F,M0,1,7.199655456437932e-07,7.457806455053703e-08,0.9999991864029585,1.9053431218366348e-08,OR
F,M0,1,1.085313031937303e-07,1.8051248021202536e-07,0.9999995896861784,1.212700383188965e-07,OR
F,M0,1,0.000690576793601523,4.270454693220775e-07,0.9993080763229386,9.198379906075197e-07,OR
F,M0,1,0.9034713344431456,8.441214910340817e-05,0.09641563905421029,2.861435354063234e-05,B
F,M0,1,5.2619310845633795e-06,6.148452405140875e-07,0.9999940810527863,4.217088884301944e-08,OR
F,M0,1,0.0012882004785256757,3.6252752699281162e-06,0.9986966981497573,1.1476096447091927e-05,OR
F,M0,1,8.570457443410437e-08,3.746648063878758e-07,0.9999994933226091,4.630801021914379e-08,OR
F,M0,1,3.4644090480104905e-06,6.024511043958671e-07,0.9999955967759122,3.3636393527515776e-07,OR
F,M0,1,0.020500859522881908,0.0002475321378778291,0.979240335557998,1.1272781242207035e-05,OR
F,M0,1,6.92512034936829e-06,3.407486891209331e-06,0.9999891998173186,4.6757544083807995e-07,OR
F,M0,1,0.0023776792447890273,3.7620132336878308e-06,0.9976132783086227,5.280433354593503e-06,OR
F,M0,1,0.0002720702793141905,8.552183694877578e-07,0.9997264833320989,5.911702172952031e-07,OR
G,M0,1,0.7127770994852538,0.28168678035685774,0.005524232045007892,1.1888112880569082e-05,B
G,M0,1,0.9999553682345912,4.173705406394528e-05,2.316359479909223e-06,5.783518648267781e-07,B
G,M0,1,0.3166390215151906,0.6108571221731196,0.07218345809793758,0.0003203982137521124,IR
G,M0,1,0.0014247472933604578,0.06268948926063128,0.9358840769521222,1.6864938859759588e-06,OR
G,M0,1,0.9963111332253276,0.003654807014926748,3.149616754369587e-05,2.5635922020006744e-06,B
G,M0,1,0.5913279599912001,0.14243990719969035,0.2661617195169347,7.041329217480957e-05,B
G,M0,1,0.28846923605715796,0.11449404868075705,0.5969006499273413,0.0001360653347438676,OR
G,M0,1,0.6457164478549087,0.3475250872415263,0.006732079304822611,2.638559874237838e-05,B
G,M0,1,0.9945601959828521,0.0029661412143246503,0.0024716692624510346,1.99354037217273e-06,B
G,M0,1,0.0003633770667591312,0.010712533850284181,0.9889232071255758,8.819573809167734e-07,OR
G,M0,1,0.0002658101623273435,0.0003031178375642796,0.9994282111293034,2.8608708051087928e-06,OR
G,M0,1,0.9841493325972284,0.003753017615897802,0.012092329953101291,5.319833772522364e-06,B
G,M0,1,0.9926161316662809,0.0004367164565005233,0.006940302655049519,6.84922216892068e-06,B
G,M0,1,0.15941700784209556,0.000297250037208056,0.8402827779575354,2.96416316105229e-06,OR
G,M0,1,0.006094342933223383,0.4777175090638339,0.5161832309213492,4.9170815933509354e-06,OR
G,M0,1,0.021777870079068305,0.9751365380998904,0.003012353539890338,7.323828115106375e-05,IR
G,M0,1,0.984807479633319,0.009069971108421032,0.006092677154296829,2.9872103963024267e-05,B
G,M0,1,0.615233742350562,0.007416045458536717,0.37714481394369337,0.00020539824720787662,B
G,M0,1,0.5609631680664047,0.18543710379092393,0.25331818841880044,0.00028153972387098234,B
G,M0,1,0.5946326120018259,0.315863889452688,0.08949882266418628,4.675881299894909e-06,B
G,M0,1,0.9562417933447779,0.01247547572061654,0.031274598132329405,8.132802276261759e-06,B
G,M0,1,0.052483871506409464,0.8514295363490005,0.09608347224538587,3.119899204217426e-06,IR
G,M0,1,0.34294582186771755,0.6316453252937606,0.025404946789435202,3.906049086566115e-06,IR
G,M0,1,0.9253772909941815,0.07443758931231381,0.00018080201322840249,4.3176802761211784e-06,B
G,M0,1,0.9215375879127804,0.060657750050615224,0.017739645090934616,6.501694566990128e-05,B
G,M0,1,0.9977341314344776,0.0007974054663717882,0.00146073825562613,7.724843524370293e-06,B
G,M0,1,0.5084849432086546,0.1743472766973509,0.3170961667656844,7.161332831017997e-05,B
G,M0,1,0.20921191826661542,0.742421395187246,0.04834967320599369,1.7013340145017934e-05,IR
G,M0,1,0.9748539455515091,0.016853290892297004,0.008246831563380195,4.593199281389736e-05,B
G,M0,1,0.9889934541723235,0.009209062369854,0.0017819176217785644,1.556583604386907e-05,B
G,M0,1,0.9999128662424578,2.10324467635014e-05,6.538791266262432e-05,7.133981161590463e-07,B
H,M0,1,0.0024710291700523247,0.9706092242766086,0.02612865207500822,0.0007910944783307871,IR
H,M0,1,4.6000573482169976e-05,0.9409269035377049,0.05899553189871356,3.156399009928487e-05,IR
H,M0,1,3.427984773531661e-05,0.9928814306214163,0.007065624651166824,1.866487968145044e-05,IR
H,M0,1,1.4358472853779825e-06,0.9980428847487429,0.001953533591018537,2.145812953120519e-06,IR
H,M0,1,0.0003345916647516979,0.36053955617314504,0.6388280454760191,0.00029780668608427003,OR
H,M0,1,5.668336539892963e-07,0.9986917601395675,0.0013065577127546477,1.1153140237224065e-06,IR
H,M0,1,3.3194572811945026e-06,0.9983706991946653,0.001623693510348952,2.287837704429702e-06,IR
H,M0,1,6.567054205940884e-06,0.9980242153966655,0.0019595032303432298,9.714318785237793e-06,IR
H,M0,1,1.7729536013226557e-05,0.9891738506139873,0.010798496670748906,9.923179250468482e-06,IR
H,M0,1,0.00010120580962207379,0.9628483359840304,0.03699835869348521,5.209951286238842e-05,IR
H,M0,1,7.5725470395830644e-06,0.9898820168003204,0.010107206493462776,3.2041591773146166e-06,IR
H,M0,1,1.0244528698859314e-05,0.9967912111265885,0.0031943206833410756,4.223661371385974e-06,IR
H,M0,1,7.1898495698877675e-06,0.9953095667441381,0.004673483482124314,9.759924167706959e-06,IR
H,M0,1,0.0004088499930855182,0.951695658131845,0.047826830786949645,6.866108811986466e-05,IR
H,M0,1,1.9541399202872136e-05,0.999823527321057,0.0001537596302405413,3.1716494995241693e-06,IR
H,M0,1,1.300912553558975e-05,0.9992459541040485,0.0007384759369653764,2.560833450705842e-06,IR
H,M0,1,1.7286985807123816e-05,0.9976556707521621,0.0023249432659448676,2.0989960856607745e-06,IR
H,M0,1,3.391699638789874e-06,0.9991128794038172,0.0008829753049525978,7.535915913028391e-07,IR
H,M0,1,2.6483808208239578e-05,0.9873474636784378,0.012604925513363585,2.1126999990254126e-05,IR
H,M0,1,0.0002471607362298389,0.9005492731449131,0.0991696402450998,3.392587375743836e-05,IR
H,M0,1,0.00010607080418371793,0.9964528407755516,0.0034258998568209784,1.5188563443816295e-05,IR
H,M0,1,8.062277529924845e-06,0.99964828967109,0.000341890115996987,1.7579353831455322e-06,IR
H,M0,1,1.1355008028439191e-05,0.993993922742482,0.005990863249985073,3.858999504556359e-06,IR
H,M0,1,9.288527138041677e-06,0.9989972047367965,0.0009915728568833761,1.9338791820727045e-06,IR
H,M0,1,0.001159917130804703,0.9130784085696922,0.08565903732327813,0.00010263697622495459,IR
H,M0,1,1.758950051097727e-06,0.9991914378627307,0.0008059624582488269,8.407289693305156e-07,IR
H,M0,1,4.1033584192162566e-05,0.9947869906273389,0.0051411877771985115,3.078801127038835e-05,IR
H,M0,1,2.9990689166462206e-06,0.9995475111231351,0.00044728482417566933,2.2049837726468143e-06,IR
H,M0,1,0.0007636461675050177,0.7582119851372605,0.24093684121137843,8.752748385598507e-05,IR
H,M0,1,3.2733527471933455e-06,0.9968069041329821,0.00318828426759844,1.5382466721990028e-06,IR
H,M0,1,8.681172118172344e-06,0.9914146787562975,0.008570642195232838,5.997876351409084e-06,IR
I,M0,1,0.00017931014881200882,1.0753994025177632e-05,0.9998078940136139,2.0418435489676416e-06,OR
I,M0,1,8.619188715356112e-05,0.0004409212443879094,0.9994638882219335,8.998646525027854e-06,OR
I,M0,1,2.0642019470463422e-05,2.39996834207619e-05,0.999952486931878,2.871365230799678e-06,OR
I,M0,1,0.0006440290115455629,0.00010988272073337103,0.9990741679299222,0.0001719203377988166,OR
I,M0,1,0.005574998912289772,0.00047477478833584367,0.9922950928516353,0.001655133447739211,OR
I,M0,1,0.0001704134318282579,8.515805574289762e-06,0.9998186867790161,2.3839835815007206e-06,OR
I,M0,1,0.0039644194402705685,0.009064660167810799,0.9869164946456015,5.442574631713386e-05,OR
I,M0,1,0.00015086716848784074,0.00023365330273347187,0.9996082605874338,7.218941344965829e-06,OR
I,M0,1,0.0053466259638453965,0.0004964498541962003,0.994093367691542,6.355649041653015e-05,OR
I,M0,1,0.016177257771915688,0.00016238629553871415,0.9835081440193468,0.00015221191319878503,OR
I,M0,1,0.000359366795015861,0.0014045539593328473,0.998223091955096,1.2987290555354724e-05,OR
I,M0,1,0.00033042572806924315,0.0004882900784154389,0.9991734520253944,7.832168121123909e-06,OR
I,M0,1,0.03711206901906857,0.005479827566207296,0.9573564262098129,5.167720491128411e-05,OR
I,M0,1,0.004794468477264334,0.0017547050875198736,0.9929231318889905,0.0005276945462250442,OR
I,M0,1,0.0019120342741167085,7.022014103000197e-05,0.9980115014186148,6.244166238486176e-06,OR
I,M0,1,0.007141594317506876,0.0002948006992614281,0.9924904962303234,7.31087529084567e-05,OR
I,M0,1,0.005612991778624957,7.334095764762697e-05,0.994299750404172,1.3916859555487871e-05,OR
I,M0,1,0.00019533048279002393,5.904082371975424e-05,0.9997398402846026,5.788408887429305e-06,OR
I,M0,1,0.00011179835629902234,1.922704454737168e-05,0.9998663391665145,2.6354326391312e-06,OR
I,M0,1,0.0033734782644263767,9.063881824468805e-05,0.9965145058515846,2.1377065744327854e-05,OR
I,M0,1,0.001767435077652084,9.26221132006948e-05,0.998123591993939,1.6350815208193577e-05,OR
I,M0,1,0.0022879852649224505,0.002103424478993707,0.9952653792094116,0.0003432110466723295,OR
I,M0,1,0.025082401237089807,0.005155276548013353,0.9682623346254975,0.0014999875893991798,OR
I,M0,1,0.05402478900023469,0.006842071544988179,0.9389909370996116,0.00014220235516551223,OR
I,M0,1,3.916612505244861e-05,0.00017317125031730845,0.9997853487098934,2.3139147366779085e-06,OR
I,M0,1,0.0043195932526117,0.0008934130319271906,0.9947499379809506,3.705573451058138e-05,OR
I,M0,1,0.00017003660778126516,0.0004455929185015874,0.9993794731950042,4.897278713014994e-06,OR
I,M0,1,0.008965923263211712,0.005357669322546218,0.9856435913671913,3.281604705093399e-05,OR
I,M0,1,0.0012692730027091459,0.0002654748473907501,0.9983116254279844,0.000153626721915659,OR
I,M0,1,0.008230100071149115,0.0010422760960723033,0.988504540213745,0.002223083619033544,OR
I,M0,1,0.17236445856666707,0.25526180604724386,0.5627918189920436,0.00958191639404546,OR
J,M0,1,1.1538048551285175e-07,1.3786692502127727e-07,0.9999997428847652,3.867824256078981e-09,OR
J,M0,1,4.7169366209300764e-08,6.296584895497691e-07,0.9999993130622278,1.0109916352068095e-08,OR
J,M0,1,3.2112916572970154e-08,3.532786602204092e-09,0.9999999618359255,2.518371277354771e-09,OR
J,M0,1,4.8259372647169013e-08,2.2256263339875783e-07,0.9999997225648415,6.613152431812421e-09,OR
J,M0,1,5.6894502872846966e-08,9.740585301893502e-07,0.9999989517836753,1.7263291731264253e-08,OR
J,M0,1,1.9908318709505936e-08,2.5591792169520113e-07,0.9999997183556071,5.818152437440024e-09,OR
J,M0,1,5.898458219721439e-07,5.260672710765175e-07,0.9999988735919689,1.0494937916201675e-08,OR
J,M0,1,2.3111780220504687e-08,8.584991803847085e-07,0.9999991088680341,9.52100536343297e-09,OR
J,M0,1,2.828119817049682e-08,3.595971769049806e-07,0.9999996088417307,3.2798941404081394e-09,OR
J,M0,1,1.2458060253532385e-07,1.3248879239891162e-07,0.9999997356279668,7.3026383875954405e-09,OR
J,M0,1,6.646320518968519e-08,5.662157599669812e-07,0.9999993609727096,6.34832512740954e-09,OR
J,M0,1,7.741872708938704e-06,8.408524160063512e-05,0.999908084518523,8.836716726875836e-08,OR
J,M0,1,6.683134256317013e-08,1.3828255340864293e-07,0.9999997917506734,3.135430496069258e-09,OR
J,M0,1,3.2646178828523e-07,1.87764332870993e-07,0.9999994549056077,3.0868271169103496e-08,OR
J,M0,1,2.397881361105336e-08,1.8336462452401644e-07,0.999999789206701,3.449860842045813e-09,OR
J,M0,1,2.1604142658173788e-08,3.054605264378345e-07,0.9999996674348639,5.50046699908314e-09,OR
J,M0,1,8.709791782776467e-07,1.9769237959050216e-07,0.9999989183652971,1.296314501828429e-08,OR
J,M0,1,7.4796710855031e-08,7.916963690914253e-08,0.9999998312047692,1.4828883195929387e-08,OR
J,M0,1,5.015860918490332e-07,1.4505402481183212e-06,0.9999980286255418,1.9248118150067285e-08,OR
J,M0,1,2.5740414023231484e-08,2.5107859907881747e-07,0.9999997164683643,6.712622499719396e-09,OR
J,M0,1,1.1640858846392737e-05,7.315648743973783e-06,0.9999809529261118,9.05662977174687e-08,OR
J,M0,1,4.975850221414622e-07,3.0626227026380727e-07,0.9999984345824764,7.615702311267313e-07,OR
J,M0,1,6.043778252239168e-08,2.5389877067065857e-08,0.9999999080966739,6.075666544786489e-09,OR
J,M0,1,6.171486305304131e-08,5.865039225299943e-07,0.9999993422892361,9.49197834964439e-09,OR
J,M0,1,1.0640523992918229e-07,8.916077465931557e-08,0.9999998009786092,3.4553762077402596e-09,OR
J,M0,1,4.349158103304665e-08,3.7270028233102584e-07,0.9999995766272061,7.1809305585043375e-09,OR
J,M0,1,4.211494261280006e-07,1.6309082934810646e-06,0.9999979138767477,3.406553257000757e-08,OR
J,M0,1,2.035157803968486e-08,7.046307993266389e-07,0.9999992651734555,9.844167069632758e-09,OR
J,M0,1,6.744105472627804e-07,3.2185003112970477e-07,0.9999989974946282,6.244793390300743e-09,OR
J,M0,1,4.2370936470911304e-08,8.061829130892764e-08,0.9999998708562006,6.1545715419827854e-09,OR
J,M0,1,8.844018047367235e-08,7.942617418496967e-07,0.9999991053094828,1.1988594914967506e-08,OR
K,M0,1,0.0006126938797431516,0.7013838774100446,0.29798042792307444,2.300078713789771e-05,IR
K,M0,1,0.004218033144347817,0.0029424450293799214,0.9928119453310049,2.757649526732896e-05,OR
K,M0,1,0.002424256027679089,0.020407084146067865,0.9771381995072831,3.0460318969980596e-05,OR
K,M0,1,0.0009404147993135771,0.07230812991239419,0.9267315163020658,1.9938986226371563e-05,OR
K,M0,1,1.4325474209648448e-06,0.00023862339580514052,0.9997597793828897,1.6467388423412339e-07,OR
K,M0,1,4.859581803849524e-06,0.0010089010110508883,0.9989860082261613,2.311809839164202e-07,OR
K,M0,1,0.00029412555186212924,0.008256296825848136,0.9914421648963262,7.412725963423543e-06,OR
K,M0,1,0.33812098004501423,0.05269084389379012,0.609125341172235,6.283488896068785e-05,OR
K,M0,1,0.07941142565931342,0.5964239612385143,0.3240881381252518,7.647497692044084e-05,IR
K,M0,1,1.9842406686504437e-05,0.009219552752727156,0.9907570234862769,3.581354309338995e-06,OR
K,M0,1,6.136537174356106e-05,0.17216677737352665,0.8277612968100566,1.0560444673173084e-05,OR
K,M0,1,0.0006685570042758973,0.00946693936865647,0.9898555037090282,8.999918039311772e-06,OR
K,M0,1,0.000570343785895709,0.0008274801229633088,0.9986014151719846,7.609191563644899e-07,OR
K,M0,1,0.0017990853461810415,0.0009383406050043795,0.9972612439130051,1.330135809406741e-06,OR
K,M0,1,0.00028042780065744445,0.010053713952141056,0.9896651952404782,6.630067232048684e-07,OR
K,M0,1,0.0015326258050120099,0.02495586152654614,0.9735021700469387,9.342621503052671e-06,OR
K,M0,1,3.217173080487068e-05,0.0010051431349882552,0.9989622159724623,4.6916174456317307e-07,OR
K,M0,1,0.0008227268508014046,0.00040506492708672093,0.9987714101418134,7.980802985372823e-07,OR
K,M0,1,0.5384243883879022,0.12028279709421247,0.3412729602668472,1.9854251038028157e-05,B
K,M0,1,0.4906546813548154,0.1995833174817309,0.3096960460408628,6.595512259097729e-05,B
K,M0,1,0.0010549829507003838,0.6250261692230846,0.3738316561896152,8.719163659966393e-05,IR
K,M0,1,0.0009369973563969145,0.0001879091754764762,0.9988740498400026,1.0436281240672553e-06,OR
K,M0,1,0.00035718503603849846,0.00862892682008935,0.9910057121468936,8.17599697842269e-06,OR
K,M0,1,0.007215676835369518,0.012954150424762521,0.9797457195641129,8.445317575495757e-05,OR
K,M0,1,3.160009371044046e-06,3.461012661809431e-06,0.9999933324184734,4.65594937308845e-08,OR
K,M0,1,4.760604529622289e-06,9.911865256460465e-06,0.9999850141396948,3.1339051915064365e-07,OR
K,M0,1,0.0001235465625537747,0.03622589094170185,0.9636497865487995,7.759469447269986e-07,OR
K,M0,1,0.0004404886217742878,0.16348652513711906,0.8360646775217178,8.308719388751405e-06,OR
K,M0,1,0.000563189805795934,0.00011003750770379603,0.9993263291993009,4.4348719936487274e-07,OR
K,M0,1,0.000992663845043794,0.004051097254009056,0.994950017545629,6.22135531823726e-06,OR
K,M0,1,3.6041231962549886e-05,0.00033677865250229377,0.9996270122117055,1.6790382974914522e-07,OR
L,M0,1,0.0013888919392527146,0.011425839075973665,0.9871507151064598,3.4553878313944645e-05,OR
L,M0,1,0.09416153705517138,0.006083586617308226,0.8997259529732133,2.8923354306963706e-05,OR
L,M0,1,0.6617911875376649,0.0004983778092650153,0.33755103963521566,0.00015939501785443232,B
L,M0,1,0.9861747091140362,8.27481163245897e-06,0.013814002854245652,3.0132200857209857e-06,B
L,M0,1,0.9334961485687487,0.001573627651756986,0.06490622818075556,2.3995598738821296e-05,B
L,M0,1,0.7822891949058705,0.0004633988231341555,0.21723451734435928,1.2888926636147882e-05,B
L,M0,1,0.16661571472988093,0.8299246297601487,0.003459216497440845,4.390125296033195e-07,IR
L,M0,1,0.9964863479984698,0.001393443031759136,0.002119763377293803,4.455924772309e-07,B
L,M0,1,2.4056109926576685e-06,5.008248497243641e-06,0.9999925256559374,6.048457267517155e-08,OR
L,M0,1,0.007079972417866873,0.005379584609788178,0.9875377395469417,2.7034254033647033e-06,OR
L,M0,1,5.203896727827934e-05,6.344370016979246e-05,0.9998833781812937,1.1391512582776418e-06,OR
L,M0,1,0.8506213598581607,0.004145924051505814,0.1452128548033616,1.9861286971701998e-05,B
L,M0,1,0.9382838976429064,0.00759976356312559,0.0541039905910477,1.2348202920380209e-05,B
L,M0,1,0.000819703825991147,0.00043819294483613675,0.9987419078569848,1.9537218801093282e-07,OR
L,M0,1,0.03433488700573276,0.10489247751953218,0.860757785269478,1.4850205257164328e-05,OR
L,M0,1,0.05508302820997557,0.8496442505908753,0.09526987236105755,2.848838091496073e-06,IR
L,M0,1,0.16504192665101305,0.18916809169259513,0.6453467322035586,0.00044324945283319325,OR
L,M0,1,0.8659871958461983,0.021547053698216297,0.11241662671891545,4.912373666986484e-05,B
L,M0,1,0.0025984428646536237,0.0015514137078863446,0.9958482821316542,1.8612958058514384e-06,OR
L,M0,1,0.8487788808076155,0.0026839937482060045,0.14850909475659296,2.8030687585730425e-05,B
L,M0,1,0.7046397551558164,0.047253762763953835,0.2480540685706262,5.241350960346908e-05,B
L,M0,1,0.00022037287434193608,0.003776050902894203,0.9959779412170217,2.5635005742233438e-05,OR
L,M0,1,0.49073243583443893,0.00010430064196736795,0.5091558374123784,7.426111215433204e-06,OR
L,M0,1,0.700207587013703,0.0001157639339014239,0.29962484604993755,5.180300245787677e-05,B
L,M0,1,0.9952664248371755,0.0005609736501022585,0.004168252901642961,4.348611079191596e-06,B
L,M0,1,0.07148411450553822,0.00023451308179317002,0.9282749956199816,6.376792686980324e-06,OR
L,M0,1,5.07804213778849e-05,0.00025622501686400976,0.9996926817340829,3.1282767526819674e-07,OR
L,M0,1,5.671598068655784e-05,9.298663004438475e-06,0.9999334711018137,5.142544952655492e-07,OR
L,M0,1,0.6750499299835662,0.004109980167731376,0.3206961208519064,0.0001439689967960837,B
L,M0,1,0.000138999940598143,0.0007134683739509515,0.9991463336822549,1.1980031959232797e-06,OR
L,M0,1,0.9949584092045768,0.0034268228280860697,0.0016080041832603456,6.7637840769783745e-06,B
M,M0,1,0.002528988936444467,0.018172503884029127,0.9790255351905033,0.0002729719890232,OR
M,M0,1,3.2607327734969996e-05,0.0005135057230425693,0.9994451276463632,8.759302859193869e-06,OR
M,M0,1,8.052273716622496e-06,0.0022049885802765267,0.9977852278139132,1.7313320936789773e-06,OR
M,M0,1,3.716011496464642e-05,0.002940735923847018,0.9969877037466638,3.440021452447129e-05,OR
M,M0,1,0.0002670320954510943,0.11898161980242736,0.8805332429598401,0.00021810514228125436,OR
M,M0,1,6.823489510514648e-06,0.00046362478269785254,0.9995265225308798,3.0291969117282345e-06,OR
M,M0,1,0.00015211849311930905,0.0016960998219297154,0.9981386761109003,1.3105574050556775e-05,OR
M,M0,1,0.00014657579007517526,0.0022314508627021383,0.997616076873653,5.896473569661732e-06,OR
M,M0,1,3.303412161823992e-05,0.0012136760157378287,0.9987428910707574,1.0398791886711638e-05,OR
M,M0,1,0.000472824434271283,0.04140588447939965,0.9579716500982304,0.00014964098809861013,OR
M,M0,1,0.000986705857330692,0.7769150714344999,0.22135172179778492,0.000746500910384417,IR
M,M0,1,5.4007579866506516e-05,0.0005414852514411467,0.9993992160717898,5.291096902456956e-06,OR
M,M0,1,2.1869399708932802e-06,0.00014883229071470912,0.9998486296518656,3.511174487785898e-07,OR
M,M0,1,4.807658171994543e-06,8.603019715019988e-05,0.9999065372704905,2.6248741872881125e-06,OR
M,M0,1,9.718194398289008e-06,0.001553038267995958,0.9984351413301764,2.102207429378673e-06,OR
M,M0,1,6.548860750322618e-06,0.0006367104950592027,0.9993538592246322,2.8814195583769225e-06,OR
M,M0,1,8.600665668448327e-08,8.554106128783136e-06,0.9999913182041752,4.1683039186946993e-08,OR
M,M0,1,3.2884142954527534e-05,0.0005307380229211966,0.999433854868364,2.5229657603944295e-06,OR
M,M0,1,0.0010777840655422312,0.0485201101776114,0.9503366319545791,6.547380226732182e-05,OR
M,M0,1,1.1429001288658398e-05,0.00032032096121484483,0.9996650326555904,3.2173819061562514e-06,OR
M,M0,1,0.00041302502494871575,0.022816973566857857,0.9767444432278864,2.5558180306881982e-05,OR
M,M0,1,3.593142604613029e-05,0.008905504103462395,0.9910475979026263,1.0966567865054384e-05,OR
M,M0,1,0.00013696073508714758,0.006396179883986034,0.9933413919721857,0.00012546740874107073,OR
M,M0,1,0.0034558138495211417,0.014829761821095584,0.9815838811765502,0.00013054315283319074,OR
M,M0,1,0.00020618957516351858,0.00028025023788774277,0.9995081441022803,5.416084668395643e-06,OR
M,M0,1,0.0001219407771026285,0.0004481760597171162,0.9994252536790753,4.629484104842582e-06,OR
M,M0,1,8.715743613751542e-06,8.123334001136172e-05,0.9999088845913677,1.166325007211049e-06,OR
M,M0,1,0.0007900001234272602,0.0008524987645935427,0.9983439981839737,1.3502928005489567e-05,OR
M,M0,1,8.737418979316706e-05,0.00020110064525826512,0.9997105968051275,9.283598210820337e-07,OR
M,M0,1,0.0004206816760753839,0.0013608226137316044,0.9982031455438919,1.535016630103723e-05,OR
M,M0,1,0.00035429121379285957,0.04490831346176961,0.9547096808606149,2.7714463822570598e-05,OR
N,M0,1,0.005143227587076215,0.05023358644166078,0.9440955960192701,0.000527589951992875,OR
N,M0,1,0.4771978408749455,0.03263382149573288,0.48897096170006327,0.0011973759292581555,OR
N,M0,1,0.07344706623194262,0.027173252540714562,0.8992944491962499,8.523203109287044e-05,OR
N,M0,1,0.0031516049226698877,0.0057460232057628315,0.9910800898639064,2.22820076609096e-05,OR
N,M0,1,0.1825470735500715,0.3566477657716812,0.4596358444760262,0.0011693162022211032,OR
N,M0,1,0.9678449005201106,0.024081816867838873,0.007956389521503385,0.00011689309054702747,B
N,M0,1,0.014592167450357496,0.5647541030699806,0.42030961233298636,0.0003441171466753291,IR
N,M0,1,0.09243367628827442,0.02450786166629989,0.8830296327817013,2.8829263724265595e-05,OR
N,M0,1,0.7305920916210239,0.042013817821127,0.22684879226866422,0.0005452982891849177,B
N,M0,1,0.21605427742498995,0.031406824379760216,0.7516436491966186,0.0008952489986311541,OR
N,M0,1,0.009899135097248667,0.0966942411893665,0.8933917105092294,1.491320415538875e-05,OR
N,M0,1,0.02428107695406651,0.015260465130768503,0.9604379256556698,2.0532259495219233e-05,OR
N,M0,1,0.963324098487447,0.01972117895291266,0.015333605721955973,0.0016211168376843517,B
N,M0,1,0.03532567451761557,0.10691178216954729,0.8570449142483887,0.0007176290644483939,OR
N,M0,1,0.01604026288989408,0.024482891076231025,0.9594603926695487,1.6453364326150066e-05,OR
N,M0,1,0.017451401698286902,0.0005121588924737731,0.9820310339736623,5.405435576981115e-06,OR
N,M0,1,0.019491622847891937,0.21492808970343355,0.7646383738962867,0.000941913552387624,OR
N,M0,1,0.041464015477675725,0.2939751830838834,0.6627695864105161,0.0017912150279247292,OR
N,M0,1,0.8155401065680953,0.00785069185024838,0.1762553502344896,0.0003538513471668095,B
N,M0,1,0.03078171205337338,0.1943707935582763,0.773708841449487,0.001138652938863266,OR
N,M0,1,0.19945520863889662,0.5393663412271054,0.2610385412353556,0.00013990889864247237,IR
N,M0,1,0.01528720746857972,0.1273736518736614,0.8573030962296406,3.6044428118208916e-05,OR
N,M0,1,0.38764934130621587,0.20268847517682298,0.40483407836880514,0.004828105148155902,OR
N,M0,1,0.37416652639201275,0.09732165958478665,0.5269255426453523,0.0015862713778483088,OR
N,M0,1,0.40482519711936354,0.4918597003170477,0.09853555166694199,0.0047795508966469065,IR
N,M0,1,0.003878011930547235,0.9958460088831625,0.00021995087134320755,5.602831494693848e-05,IR
N,M0,1,0.001960569296792457,0.003646819814180438,0.994381706307548,1.090458147896171e-05,OR
N,M0,1,0.0034008347393190913,0.008322692161596342,0.9882596317557917,1.68413432927912e-05,OR
N,M0,1,0.013943842029364857,0.8252259339659037,0.1599892383211247,0.0008409856836066739,IR
N,M0,1,0.048755884061115334,0.7573334427968929,0.1927629385140524,0.0011477346279395336,IR
N,M0,1,0.9117636857270878,0.008697753334098675,0.07926238454157182,0.0002761763972417364,B
O,M0,1,0.3578071470855332,0.5617694198039056,0.08004336794885258,0.0003800651617086798,IR
O,M0,1,0.0033797550066240376,0.9337992447330532,0.06280454993241287,1.645032790994833e-05,IR
O,M0,1,0.13994173753452646,0.680199790593268,0.17981765015800438,4.0821714201141804e-05,IR
O,M0,1,0.2562623203579087,0.017810087872960817,0.7249835599892435,0.0009440317798870733,OR
O,M0,1,0.6035480088370527,0.2556879788496446,0.13985456922307096,0.0009094430902317384,B
O,M0,1,0.01758623729830577,0.9764214115877378,0.005955081918752058,3.7269195204248916e-05,IR
O,M0,1,0.032768578796664366,0.9284707906379822,0.038692930946142075,6.769961921121677e-05,IR
O,M0,1,0.11394547411771556,0.00566645163360231,0.8803615267953343,2.654745334788591e-05,OR
O,M0,1,0.5803903332241164,0.17238826838594032,0.2469793052915564,0.000242093098386796,B
O,M0,1,0.03735017246249031,0.00013469206362663958,0.9625114204379205,3.715035962439565e-06,OR
O,M0,1,0.8325897875737346,0.010333061132050491,0.15699485559406628,8.229570014866966e-05,B
O,M0,1,0.5553922453446808,0.002973125132734768,0.44159857131274766,3.605820983674361e-05,B
O,M0,1,0.19373285573173418,0.005263451357846153,0.8009208855073447,8.280740307499863e-05,OR
O,M0,1,0.05060288927802889,0.08704057339023047,0.8623470906420303,9.446689710341202e-06,OR
O,M0,1,0.2677638663524869,0.5967661472575512,0.13525043495462985,0.00021955143533207837,IR
O,M0,1,0.12754887295904538,0.34277160155183684,0.5295950801131802,8.444537593755005e-05,OR
O,M0,1,0.20544871117431546,0.00014787194924386927,0.7944011595179408,2.2573584998875966e-06,OR
O,M0,1,0.9963883188710283,0.0007210859793084669,0.0028845440510420896,6.05109862124812e-06,B
O,M0,1,0.8709713545876588,0.0054395544934442664,0.1235793617853443,9.729133552665134e-06,B
O,M0,1,0.31846643011268944,0.32740752143227814,0.3537627826091399,0.00036326584589241393,OR
O,M0,1,0.004534019379559771,0.09824942242166966,0.8971733455629481,4.321263582255746e-05,OR
O,M0,1,0.623559142653964,0.2865133375390203,0.08989213720226444,3.538260475125045e-05,B
O,M0,1,0.49821934219187053,0.03797718391254283,0.4636029276057615,0.00020054628982517166,B
O,M0,1,0.8155763878636696,0.036856217936884594,0.1473806861442044,0.00018670805524127727,B
O,M0,1,0.9875272716238752,0.011107891762339792,0.0013595200776117392,5.316536173026095e-06,B
O,M0,1,0.3937194100666389,0.014573266258931428,0.5916449615586142,6.236211581540495e-05,OR
O,M0,1,0.001395596148666322,0.13529077697285294,0.86329415299286,1.9473885620826004e-05,OR
O,M0,1,0.9735015445178875,0.024344904602451152,0.0021428946529441907,1.065622671717877e-05,B
O,M0,1,0.008817150934081738,0.002725546711028263,0.9884393918724964,1.7910482393561836e-05,OR
O,M0,1,0.0019191780548399047,0.329942678568611,0.6680883773285623,4.9766047986843175e-05,OR
O,M0,1,0.07076988304182537,0.20136482329647523,0.7277291367400714,0.00013615692162785096,OR
P,M0,1,9.354982536442349e-07,7.193461410046054e-07,0.9999983197912303,2.5364375121186127e-08,OR
P,M0,1,1.1475475232118909e-05,1.3396167013016386e-05,0.9999748635012988,2.648564559915108e-07,OR
P,M0,1,1.403929233390976e-07,1.367720388283693e-06,0.9999984642868686,2.759981987602219e-08,OR
P,M0,1,3.5636570019060276e-09,9.147670278092186e-08,0.9999998907975404,1.4162099684344432e-08,OR
P,M0,1,1.0394597994422763e-06,7.756682157400646e-08,0.9999988382083353,4.4765043729130105e-08,OR
P,M0,1,6.741210101786737e-05,1.234208975253581e-05,0.9999179342464074,2.311562822118936e-06,OR
P,M0,1,0.0001512486317927325,9.494419148121011e-07,0.999845816441276,1.985485016539624e-06,OR
P,M0,1,1.8521977384763245e-08,2.3748484911487086e-08,0.999999951903955,5.825582740896601e-09,OR
P,M0,1,2.862035802992507e-05,6.596303446897549e-07,0.9999706377969623,8.221466310253982e-08,OR
P,M0,1,2.6360479677901275e-06,9.956673764675902e-07,0.9999963254148198,4.286983600833233e-08,OR
P,M0,1,8.819688880690205e-06,7.678001576669066e-06,0.9999826642449199,8.38064622741128e-07,OR
P,M0,1,1.204649632688033e-07,6.383051512901797e-07,0.999999217920165,2.330972046448428e-08,OR
P,M0,1,0.0002990445877692464,2.385115047031949e-05,0.9996758966066775,1.207655082859573e-06,OR
P,M0,1,0.009246168614961761,0.00013172240917218878,0.9906097966033628,1.2312372503201358e-05,OR
P,M0,1,0.018262807734825526,6.702519900979839e-06,0.981729974783995,5.149612784488539e-07,OR
P,M0,1,0.002625857178909704,1.566599783895592e-05,0.997357537801541,9.390217103009266e-07,OR
P,M0,1,1.7925126780335015e-05,2.901842915968563e-05,0.9999524245019146,6.319421454919544e-07,OR
P,M0,1,0.00022104563616641044,3.3947875046868386e-07,0.9997782541354323,3.6074965077023236e-07,OR
P,M0,1,0.7369109580554121,7.166636468717618e-05,0.26287847207392767,0.00013890350597300382,B
P,M0,1,4.232921154647169e-06,5.49185065009236e-08,0.9999956782384538,3.3921885018832405e-08,OR
P,M0,1,4.005713666239015e-07,1.1123186001384681e-06,0.9999984213904185,6.571961490260487e-08,OR
P,M0,1,2.854163127919349e-06,2.2780414586663056e-06,0.9999948385765021,2.9218911546161775e-08,OR
P,M0,1,1.4317236221400163e-07,6.928530680560559e-07,0.9999989835446095,1.804299604092533e-07,OR
P,M0,1,0.00013469440149477084,8.954958796569025e-06,0.9998462993879165,1.005125179208619e-05,OR
P,M0,1,6.334339119183607e-05,4.4199143588538244e-05,0.9998686910938218,2.376637139794282e-05,OR
P,M0,1,1.7089317596812946e-07,3.817910076156785e-07,0.9999991683404563,2.7897536010163424e-07,OR
P,M0,1,0.00011773726281992475,3.646029890251222e-06,0.9998748501532114,3.766554078412405e-06,OR
P,M0,1,4.853968252439349e-06,2.9017373470247176e-08,0.9999951033562671,1.3658107154119607e-08,OR
P,M0,1,0.00034358639825967535,4.814873204577082e-06,0.9996493577798059,2.2409487298380756e-06,OR
P,M0,1,0.00011612259041043306,2.2911622565753463e-06,0.999856544970704,2.5041276629019323e-05,OR
P,M0,1,0.0038842563381321377,7.575741598700445e-06,0.9961045931576484,3.574762620801734e-06,OR
A,M0,2,5.304925662396817e-07,2.5591503554303347e-06,0.9999965376904595,3.7266661891715984e-07,OR
A,M0,2,7.717891849501994e-08,2.1239398550195566e-07,0.9999996948179398,1.5609156004556185e-08,OR
A,M0,2,9.505479980412123e-07,2.006454581630107e-06,0.9999969955823398,4.741508053084737e-08,OR
A,M0,2,2.6662685297555536e-05,2.7907355403652715e-06,0.9999703024049817,2.4417418045961656e-07,OR
A,M0,2,1.4820106721202457e-07,8.45174151721025e-07,0.9999989650104008,4.161438032046816e-08,OR
A,M0,2,0.0013824018435795954,4.379574368332427e-06,0.9986121222575098,1.0963245423327705e-06,OR
A,M0,2,2.192388190855243e-08,8.841933105494596e-08,0.9999998759084859,1.3748301146977329e-08,OR
A,M0,2,0.04237861792401039,7.012482411648134e-05,0.9575280993790722,2.3157872800855656e-05,OR
A,M0,2,2.9507735064781103e-06,7.13400996560846e-07,0.9999962496242589,8.620123825761433e-08,OR
A,M0,2,5.356023696272164e-05,1.9290977545939408e-06,0.9999438894297723,6.212355104284601e-07,OR
A,M0,2,1.0932594589847235e-06,5.9357828251519346e-08,0.9999987304642998,1.1691841302651476e-07,OR
A,M0,2,1.5611153480363222e-07,3.511528653059335e-08,0.9999997829262177,2.584696094073188e-08,OR
A,M0,2,0.18205361513002244,0.00014486932057610554,0.8177506043154731,5.091123392832759e-05,OR
A,M0,2,3.688461210128496e-05,1.1431546538860857e-06,0.9999618914100951,8.082314977640073e-08,OR
A,M0,2,6.123194759593584e-09,4.4041184818370856e-09,0.9999999861843014,3.2883852242836303e-09,OR
A,M0,2,1.6073301473084615e-05,2.337945035626934e-05,0.9999583120610374,2.235187133259677e-06,OR
A,M0,2,1.354441899479857e-06,7.877078406442065e-07,0.999997828385797,2.9464462822579904e-08,OR
A,M0,2,2.0308090236323604e-06,1.54349257893963e-06,0.9999962002442366,2.2545416092498047e-07,OR
A,M0,2,1.0965069732088374e-05,6.39227243466095e-06,0.9999820587539581,5.839038752251904e-07,OR
A,M0,2,2.868311768937897e-06,2.8004965344384493e-07,0.9999968125048703,3.913370740093407e-08,OR
A,M0,2,5.969583603312875e-07,9.182768307248437e-07,0.9999984118588559,7.290595313930674e-08,OR
A,M0,2,0.002492541006120219,4.5174441996329726e-05,0.9974474449846487,1.4839567234937785e-05,OR
A,M0,2,0.9792611499599788,1.7383357547703924e-05,0.020713932414670903,7.534267802555151e-06,B
A,M0,2,0.00018500202735114796,7.984128043559434e-06,0.999806080549135,9.332954704077716e-07,OR
A,M0,2,3.4523545160691276e-06,3.774250294801169e-05,0.9999583749575297,4.3018500624208615e-07,OR
A,M0,2,1.2897752922738823e-05,2.4107504012516515e-07,0.9999867742153427,8.695669469046308e-08,OR
A,M0,2,1.7884521148943865e-05,1.3479801618985785e-06,0.9999805515368478,2.1596184124521907e-07,OR
A,M0,2,3.926355391706122e-06,0.0007154804096627,0.9992801245425482,4.686923972766322e-07,OR
A,M0,2,0.00010487687435186863,0.00012003071387965414,0.9997749139572442,1.7845452432589316e-07,OR
A,M0,2,1.674795987142499e-06,1.1392869206426295e-06,0.9999971434302345,4.248685776206766e-08,OR
A,M0,2,3.9707921940096414e-05,3.7255943717937554e-06,0.9999557132314615,8.532522265473416e-07,OR
B,M0,2,0.9992390570781791,0.00016263658428019158,0.0005975888044269516,7.175331136723725e-07,B
B,M0,2,0.5921772627509863,0.40732422615217967,0.0004425914211566863,5.591967567741311e-05,B
B,M0,2,0.8535779702875335,0.1444228253729862,0.001992379466365861,6.8248731145577155e-06,B
B,M0,2,0.7568183502773241,0.1306382007919321,0.11252695342212236,1.6495508621446752e-05,B
B,M0,2,0.9957787762839909,0.003549955458894592,0.0006691947284265942,2.073528687889065e-06,B
B,M0,2,0.2548919964930052,0.7118776971765602,0.03318517246178969,4.513386864484574e-05,IR
B,M0,2,0.21221816229725132,0.7876995128691027,8.152889115834731e-05,7.959424877867276e-07,IR
B,M0,2,0.9839745548174799,0.013010833006156552,0.002897685748112209,0.00011692642825126587,B
B,M0,2,0.3382987354411903,0.639575863006835,0.02207354918742489,5.1852364549660374e-05,IR
B,M0,2,0.9720078930522106,0.014417509789358176,0.01356586127112902,8.735887301993526e-06,B
B,M0,2,0.9947336104475288,0.00021433110262668257,0.005048269705661012,3.788744183550652e-06,B
B,M0,2,0.6464678168099591,0.3002078323863357,0.05329210037912672,3.225042457847865e-05,B
B,M0,2,0.35606476804005066,0.3760162518428254,0.2678664903934932,5.2489723630648714e-05,IR
B,M0,2,0.9905345635202318,0.007539700625528175,0.001922265524943411,3.4703292965450107e-06,B
B,M0,2,0.813174858915696,0.046843952758745484,0.13989171412771745,8.947419784128039e-05,B
B,M0,2,0.29767552361415456,0.01706450171635958,0.6852463362340857,1.3638435400098332e-05,OR
B,M0,2,0.9973215463053219,0.002671591401179891,3.727722806568377e-06,3.134570691762555e-06,B
B,M0,2,0.971474484883777,0.02327499777909674,0.005226387932694636,2.4129404431452912e-05,B
B,M0,2,0.7273648390512224,0.020505061005634772,0.2520916506175103,3.844932563256004e-05,B
B,M0,2,0.011020191842030812,0.8817461104971402,0.10721532076262945,1.8376898199350652e-05,IR
B,M0,2,0.5746553314174169,0.4164469837734925,0.008840927058611945,5.675775047864349e-05,B
B,M0,2,0.994736806125749,0.004991020829752545,0.00027029480372472157,1.87824077380524e-06,B
B,M0,2,0.7492184892011796,0.0017255889899354248,0.24900171925051542,5.420255836950671e-05,B
B,M0,2,0.7067895425810794,0.2880550163222521,0.005131544516615372,2.389658005319563e-05,B
B,M0,2,0.5080326680204919,0.05287051218486832,0.43908741113873523,9.40865590467207e-06,B
B,M0,2,0.9860278910753356,0.01392348838602869,4.749356517050906e-05,1.1269734653685315e-06,B
B,M0,2,0.43200747727884575,0.4297923754414876,0.13772214197348223,0.00047800530618444855,B
B,M0,2,0.12552455502278057,0.3277166610038483,0.5465810667621591,0.00017771721121213711,OR
B,M0,2,0.9894001409026084,0.0076024301933957025,0.0029833149725663225,1.4113931429387662e-05,B
B,M0,2,0.9511045692955636,0.023996158996934268,0.024878047730231233,2.1223977270928522e-05,B
B,M0,2,0.3736931908871205,0.5529365905962859,0.07332196301603976,4.8255500553844824e-05,IR
C,M0,2,4.336035205995419e-07,4.036185815992804e-07,0.9999991440669501,1.871094760910413e-08,OR
C,M0,2,5.6295164560022055e-08,2.5307026813333045e-07,0.9999996873753876,3.25917959939256e-09,OR
C,M0,2,4.005930690779945e-08,1.415965303524493e-07,0.9999998162865331,2.057629734170412e-09,OR
C,M0,2,1.150320460128255e-07,1.085707881893831e-06,0.9999987825775098,1.6682562248378817e-08,OR
C,M0,2,3.156932587377615e-07,1.0149162388301868e-06,0.9999986570104815,1.2380020994516897e-08,OR
C,M0,2,3.3937484891295277e-07,1.8690804961419795e-07,0.9999994368156765,3.690142496845575e-08,OR
C,M0,2,6.221027971040701e-07,1.0130532933354628e-07,0.9999992387476442,3.7844229339117053e-08,OR
C,M0,2,2.4489108602192337e-07,8.628622013433021e-08,0.9999996595347276,9.287966249228363e-09,OR
C,M0,2,9.137740717937198e-08,1.4396496315084543e-07,0.9999997609000447,3.7575850002565655e-09,OR
C,M0,2,3.545703031924847e-08,9.692286515261793e-08,0.9999998631135428,4.506561603236269e-09,OR
C,M0,2,8.271087666968944e-08,1.8883864909780844e-07,0.9999997211407476,7.309726565305266e-09,OR
C,M0,2,3.6211903056866376e-06,6.930762584551859e-07,0.999995623172981,6.256045471386612e-08,OR
C,M0,2,4.427199180169141e-08,2.6500728533022285e-07,0.9999996876667957,3.0539272496045927e-09,OR
C,M0,2,1.3938750423448077e-07,1.507366904073237e-07,0.9999996987049102,1.1170895112924344e-08,OR
C,M0,2,2.296046726476067e-07,6.240541454963043e-07,0.9999991367465533,9.594628645502426e-09,OR
C,M0,2,2.84393836307803e-08,1.6149957064632223e-07,0.9999998032550682,6.805977493746655e-09,OR
C,M0,2,5.9493887705135086e-08,2.618352236451404e-07,0.999999668621932,1.0048956617839122e-08,OR
C,M0,2,2.445963078748605e-07,1.9969311352359782e-08,0.9999997331326785,2.3017021858817598e-09,OR
C,M0,2,6.016764843074909e-07,1.7870776166137024e-06,0.9999975218815624,8.936433681869271e-08,OR
C,M0,2,3.46767644670868e-08,8.735061231307931e-08,0.9999998694672406,8.505382540783637e-09,OR
C,M0,2,1.3960561869169156e-07,1.417865562622275e-06,0.9999984312745944,1.1254224295832677e-08,OR
C,M0,2,1.5672334096845328e-07,3.0709279027472316e-07,0.9999995065215365,2.9662332182286848e-08,OR
C,M0,2,3.359018220071344e-08,2.1923280307991933e-08,0.9999999429456902,1.5408473808637954e-09,OR
C,M0,2,5.857204562898327e-08,7.143194384045826e-08,0.9999998634245137,6.571496877963142e-09,OR
C,M0,2,3.736069998385079e-07,1.971645439288086e-07,0.9999993864379676,4.2790488588381906e-08,OR
C,M0,2,5.467545916813696e-08,5.749233513330601e-08,0.9999998812529193,6.579286262337694e-09,OR
C,M0,2,1.247473796689979e-08,1.810534741559403e-08,0.9999999687127595,7.071551902469657e-10,OR
C,M0,2,3.496160527544114e-08,3.4998618861585623e-07,0.9999996106954628,4.356743296474556e-09,OR
C,M0,2,1.319152771036458e-07,5.893529042415259e-08,0.9999997920810738,1.706835860685567e-08,OR
C,M0,2,3.1326993585872044e-08,1.0152148072688079e-07,0.9999998592730208,7.87850484357782e-09,OR
C,M0,2,2.8909344347226407e-07,7.60845677493876e-08,0.9999996276385527,7.18343594834994e-09,OR
D,M0,2,0.026708681837120246,0.00043021339512544537,0.9727491476495838,0.00011195711817044022,OR
D,M0,2,0.6353991480504032,5.875879446126422e-05,0.36450538032592306,3.671282921248895e-05,B
D,M0,2,0.07212171449045982,5.46187457414623e-06,0.9278382672198278,3.455641513824991e-05,OR
D,M0,2,2.525832336322272e-07,4.477993930119525e-08,0.9999996426133733,6.00234538521513e-08,OR
D,M0,2,1.1228813770634756e-07,2.7856519032088224e-07,0.9999995655547542,4.359191769149027e-08,OR
D,M0,2,0.9513514786908556,6.603200262127269e-05,0.04838715346026286,0.00019533584626043574,B
D,M0,2,6.2854289174293015e-06,4.622177535814686e-07,0.9999917324470583,1.5199062708265487e-06,OR
D,M0,2,0.0037156179553572413,5.477766410141767e-07,0.9962812075525462,2.626715455574616e-06,OR
D,M0,2,1.8117116268111827e-06,2.573148520410444e-07,0.9999977634341384,1.6753938258392385e-07,OR
D,M0,2,0.12925103812283895,1.9123440833798877e-05,0.8707150641272164,1.4774309110799619e-05,OR
D,M0,2,0.3477375694936921,1.8082407181732305e-05,0.6521819522019691,6.239589715716646e-05,OR
D,M0,2,2.1962373718491056e-06,1.1263581355750011e-06,0.9999965215809601,1.5582353241841318e-07,OR
D,M0,2,0.038748401340108166,3.4852165177564204e-05,0.9611709644533838,4.578204133028573e-05,OR
D,M0,2,3.3054643736316623e-06,4.3719221585404156e-07,0.9999962213191781,3.6024232475236994e-08,OR
D,M0,2,5.529253565961775e-07,6.660341020298026e-07,0.9999987379211511,4.311939035513964e-08,OR
D,M0,2,4.7475864518567217e-07,1.788163560604764e-08,0.9999994770182452,3.0341474225153175e-08,OR
D,M0,2,0.8024420489218815,2.6417742096967886e-05,0.19750722795852832,2.4305377493120715e-05,B
D,M0,2,0.19288536073693055,1.4229094052422814e-06,0.8070649677247975,4.8248628866720786e-05,OR
D,M0,2,0.8263842109460496,5.4561814829834575e-05,0.17353260152906927,2.862571005138334e-05,B
D,M0,2,0.9983263885181336,2.9340726481834824e-05,0.0016349012659246165,9.369489460094464e-06,B
D,M0,2,0.00012382854221634537,3.915022580180474e-06,0.9998718367366727,4.196985306937392e-07,OR
D,M0,2,9.396523855970171e-08,2.753082100283271e-07,0.9999996212928082,9.433743316206352e-09,OR
D,M0,2,0.6165298124718628,0.0001456343641641394,0.3833020965603919,2.245660358130378e-05,B
D,M0,2,0.40139870723990995,0.000642584267226384,0.5956927759356355,0.002265932557228265,OR
D,M0,2,1.4590292750933278e-07,7.381224026708987e-08,0.9999997634085931,1.687623907757971e-08,OR
D,M0,2,3.6203881923557e-05,2.6301798886138047e-06,0.9999591010332596,2.064904928199157e-06,OR
D,M0,2,4.843278772792908e-08,2.3049558198067557e-08,0.999999840154165,8.836348902144458e-08,OR
D,M0,2,0.6913576123986286,0.00025528431614393426,0.3076257865174252,0.0007613167678022484,B
D,M0,2,0.0007847578744722536,3.0228187814261663e-06,0.9992102085863162,2.0107204301186044e-06,OR
D,M0,2,1.618786442987989e-06,3.101293125123877e-06,0.9999951594546608,1.2046577107824303e-07,OR
D,M0,2,5.787726981121978e-05,7.25884142530406e-06,0.9999344894502828,3.7443848057894443e-07,OR
E,M0,2,1.704493497492441e-07,2.80718058755989e-06,0.9999970151673315,7.202731055859818e-09,OR
E,M0,2,5.378353089366339e-08,1.1955004333997878e-07,0.9999998203624617,6.303964026677138e-09,OR
E,M0,2,1.1042561697801974e-08,9.224053314253523e-07,0.9999990650807121,1.4713946566984545e-09,OR
E,M0,2,3.962933690668715e-08,1.3748676691309627e-05,0.9999862072684313,4.425540390550688e-09,OR
E,M0,2,1.9852540534291854e-07,1.6779326985995714e-05,0.9999828482214773,1.7392613122744168e-07,OR
E,M0,2,9.437896977423186e-07,1.0702964419173833e-05,0.9999876714554372,6.81790445775973e-07,OR
E,M0,2,2.2628286781897277e-07,1.4368620673796002e-05,0.9999852630821139,1.42014344366515e-07,OR
E,M0,2,3.0209056811619496e-06,3.4571003107975166e-05,0.999961108610293,1.299480917893928e-06,OR
E,M0,2,2.205295021562519e-07,1.2426006576720347e-05,0.9999873441160074,9.347913616393808e-09,OR
E,M0,2,6.750429451362442e-08,2.9991702404509405e-06,0.999996927650284,5.675180863904029e-09,OR
E,M0,2,5.511201976537999e-06,4.7965820041595784e-05,0.9999448854798207,1.63749816098837e-06,OR
E,M0,2,2.9923699124131727e-07,1.5290386877921454e-05,0.9999841185570446,2.918190861232111e-07,OR
E,M0,2,1.1809711470867784e-06,3.5108529573482183e-06,0.999994487565309,8.206105866760698e-07,OR
E,M0,2,2.71364073020055e-07,4.548635551582715e-06,0.9999951582971244,2.1703251239555694e-08,OR
E,M0,2,1.920299237624855e-06,4.562818507884741e-05,0.999952416201995,3.53136886097525e-08,OR
E,M0,2,7.524202299339577e-08,1.0165174563827062e-05,0.999989750635978,8.947435319837191e-09,OR
E,M0,2,5.443705947304269e-06,2.0407154157719396e-05,0.9999735537804589,5.953594361441131e-07,OR
E,M0,2,3.3534821316169295e-06,2.181439983576535e-05,0.9999725300751339,2.3020428988337397e-06,OR
E,M0,2,8.425321850131551e-07,2.022069552351881e-06,0.9999967120480768,4.233501857846276e-07,OR
E,M0,2,3.4537187607714517e-06,1.2789302710276849e-05,0.9999831731513203,5.838272085757296e-07,OR
E,M0,2,8.900819031727096e-08,2.512877387939447e-06,0.9999973880111024,1.0103319329097564e-08,OR
E,M0,2,1.6605335138672611e-07,1.465430674047619e-07,0.9999996809546768,6.4489044431972084e-09,OR
E,M0,2,4.0956912598229174e-08,4.364079125797273e-06,0.999995591238508,3.725453575683982e-09,OR
E,M0,2,6.890847201658348e-07,8.04170720181643e-07,0.9999983425908686,1.6415369105842518e-07,OR
E,M0,2,2.439763664049659e-06,1.473607342242186e-05,0.9999812555466783,1.568616235340067e-06,OR
E,M0,2,1.5390225375817052e-07,1.2295377915245576e-06,0.999998607608971,8.95098371780402e-09,OR
E,M0,2,8.396907118235538e-08,3.398186773145891e-06,0.9999965095726999,8.271455734179743e-09,OR
E,M0,2,4.9009913873858794e-08,2.725906474200698e-06,0.9999972144477278,1.0635884035051876e-08,OR
E,M0,2,4.00535283698409e-06,1.2502824620893372e-05,0.9999822853852781,1.206437263845553e-06,OR
E,M0,2,2.0209724026509654e-05,5.474651034172881e-06,0.9999731859404664,1.1296844731019839e-06,OR
E,M0,2,4.36610607509971e-07,1.3100230407387592e-06,0.9999982278881143,2.547823748995786e-08,OR
F,M0,2,3.680996451258516e-09,3.6417428614206664e-08,0.9999999486068087,1.1294766259802873e-08,OR
F,M0,2,5.333262386110679e-09,2.0670037740746563e-08,0.9999999674777318,6.5189681456787466e-09,OR
F,M0,2,3.337087350380272e-06,5.840692352776898e-07,0.9999959083224743,1.7052093999590988e-07,OR
F,M0,2,5.600470045664538e-07,9.155757668692304e-08,0.9999993347046846,1.3690734021244866e-08,OR
F,M0,2,0.00031177301509296453,1.4213367198885752e-06,0.9996804389580063,6.366690180892967e-06,OR
F,M0,2,5.213561187343551e-08,1.707720243766208e-08,0.9999998905116689,4.027551682008858e-08,OR
F,M0,2,6.754428079293406e-05,2.406543972496951e-07,0.9999315687053207,6.46359488883548e-07,OR
F,M0,2,0.002189896402108419,0.00014093839578643405,0.9976657573682504,3.4078338547886173e-06,OR
F,M0,2,1.2264763100663599e-07,6.131915225350204e-07,0.9999992451983533,1.896249330908126e-08,OR
F,M0,2,0.0003517694436071639,6.077654952436763e-06,0.9996408050561966,1.3478452438695631e-06,OR
F,M0,2,1.15643811127034e-07,2.6807371962808096e-08,0.9999997696988265,8.784999030112608e-08,OR
F,M0,2,5.1393043243200185e-06,2.375059650354231e-06,0.9999914725722479,1.0130637775626631e-06,OR
F,M0,2,5.579108828002653e-08,4.0361142947651955e-07,0.9999994778907827,6.270669943659652e-08,OR
F,M0,2,7.4208089104090764e-09,4.932663666689647e-08,0.9999999378947612,5.357793258990886e-09,OR
F,M0,2,0.00011399078455519659,6.352616770927698e-06,0.9998789819113156,6.746873582058664e-07,OR
F,M0,2,0.3987327664493029,0.00013570209400800228,0.5999580643990127,0.001173467057676419,OR
F,M0,2,0.007072145541797266,1.996328453242621e-06,0.9927812265469379,0.00014463158281147447,OR
F,M0,2,1.9502711452739694e-06,8.482030209258221e-07,0.9999950339311844,2.1675946494000102e-06,OR
F,M0,2,3.29035943648406e-05,3.077984102414463e-07,0.9999665649485808,2.2365864417318675e-07,OR
F,M0,2,7.199655456437932e-07,7.457806455053703e-08,0.9999991864029585,1.9053431218366348e-08,OR
F,M0,2,1.085313031937303e-07,1.8051248021202536e-07,0.9999995896861784,1.212700383188965e-07,OR
F,M0,2,0.000690576793601523,4.270454693220775e-07,0.9993080763229386,9.198379906075197e-07,OR
F,M0,2,0.9034713344431456,8.441214910340817e-05,0.09641563905421029,2.861435354063234e-05,B
F,M0,2,5.2619310845633795e-06,6.148452405140875e-07,0.9999940810527863,4.217088884301944e-08,OR
F,M0,2,0.0012882004785256757,3.6252752699281162e-06,0.9986966981497573,1.1476096447091927e-05,OR
F,M0,2,8.570457443410437e-08,3.746648063878758e-07,0.9999994933226091,4.630801021914379e-08,OR
F,M0,2,3.4644090480104905e-06,6.024511043958671e-07,0.9999955967759122,3.3636393527515776e-07,OR
F,M0,2,0.020500859522881908,0.0002475321378778291,0.979240335557998,1.1272781242207035e-05,OR
F,M0,2,6.92512034936829e-06,3.407486891209331e-06,0.9999891998173186,4.6757544083807995e-07,OR
F,M0,2,0.0023776792447890273,3.7620132336878308e-06,0.9976132783086227,5.280433354593503e-06,OR
F,M0,2,0.0002720702793141905,8.552183694877578e-07,0.9997264833320989,5.911702172952031e-07,OR
G,M0,2,0.7127770994852538,0.28168678035685774,0.005524232045007892,1.1888112880569082e-05,B
G,M0,2,0.9999553682345912,4.173705406394528e-05,2.316359479909223e-06,5.783518648267781e-07,B
G,M0,2,0.3166390215151906,0.6108571221731196,0.07218345809793758,0.0003203982137521124,IR
G,M0,2,0.0014247472933604578,0.06268948926063128,0.9358840769521222,1.6864938859759588e-06,OR
G,M0,2,0.9963111332253276,0.003654807014926748,3.149616754369587e-05,2.5635922020006744e-06,B
G,M0,2,0.5913279599912001,0.14243990719969035,0.2661617195169347,7.041329217480957e-05,B
G,M0,2,0.28846923605715796,0.11449404868075705,0.5969006499273413,0.0001360653347438676,OR
G,M0,2,0.6457164478549087,0.3475250872415263,0.006732079304822611,2.638559874237838e-05,B
G,M0,2,0.9945601959828521,0.0029661412143246503,0.0024716692624510346,1.99354037217273e-06,B
G,M0,2,0.0003633770667591312,0.010712533850284181,0.9889232071255758,8.819573809167734e-07,OR
G,M0,2,0.0002658101623273435,0.0003031178375642796,0.9994282111293034,2.8608708051087928e-06,OR
G,M0,2,0.9841493325972284,0.003753017615897802,0.012092329953101291,5.319833772522364e-06,B
G,M0,2,0.9926161316662809,0.0004367164565005233,0.006940302655049519,6.84922216892068e-06,B
G,M0,2,0.15941700784209556,0.000297250037208056,0.8402827779575354,2.96416316105229e-06,OR
G,M0,2,0.006094342933223383,0.4777175090638339,0.5161832309213492,4.9170815933509354e-06,OR
G,M0,2,0.021777870079068305,0.9751365380998904,0.003012353539890338,7.323828115106375e-05,IR
G,M0,2,0.984807479633319,0.009069971108421032,0.006092677154296829,2.9872103963024267e-05,B
G,M0,2,0.615233742350562,0.007416045458536717,0.37714481394369337,0.00020539824720787662,B
G,M0,2,0.5609631680664047,0.18543710379092393,0.25331818841880044,0.00028153972387098234,B
G,M0,2,0.5946326120018259,0.315863889452688,0.08949882266418628,4.675881299894909e-06,B
G,M0,2,0.9562417933447779,0.01247547572061654,0.031274598132329405,8.132802276261759e-06,B
G,M0,2,0.052483871506409464,0.8514295363490005,0.09608347224538587,3.119899204217426e-06,IR
G,M0,2,0.34294582186771755,0.6316453252937606,0.025404946789435202,3.906049086566115e-06,IR
G,M0,2,0.9253772909941815,0.07443758931231381,0.00018080201322840249,4.3176802761211784e-06,B
G,M0,2,0.9215375879127804,0.060657750050615224,0.017739645090934616,6.501694566990128e-05,B
G,M0,2,0.9977341314344776,0.0007974054663717882,0.00146073825562613,7.724843524370293e-06,B
G,M0,2,0.5084849432086546,0.1743472766973509,0.3170961667656844,7.161332831017997e-05,B
G,M0,2,0.20921191826661542,0.742421395187246,0.04834967320599369,1.7013340145017934e-05,IR
G,M0,2,0.9748539455515091,0.016853290892297004,0.008246831563380195,4.593199281389736e-05,B
G,M0,2,0.9889934541723235,0.009209062369854,0.0017819176217785644,1.556583604386907e-05,B
G,M0,2,0.9999128662424578,2.10324467635014e-05,6.538791266262432e-05,7.133981161590463e-07,B
H,M0,2,0.0024710291700523247,0.9706092242766086,0.02612865207500822,0.0007910944783307871,IR
H,M0,2,4.6000573482169976e-05,0.9409269035377049,0.05899553189871356,3.156399009928487e-05,IR
H,M0,2,3.427984773531661e-05,0.9928814306214163,0.007065624651166824,1.866487968145044e-05,IR
H,M0,2,1.4358472853779825e-06,0.9980428847487429,0.001953533591018537,2.145812953120519e-06,IR
H,M0,2,0.0003345916647516979,0.36053955617314504,0.6388280454760191,0.00029780668608427003,OR
H,M0,2,5.668336539892963e-07,0.9986917601395675,0.0013065577127546477,1.1153140237224065e-06,IR
H,M0,2,3.3194572811945026e-06,0.9983706991946653,0.001623693510348952,2.287837704429702e-06,IR
H,M0,2,6.567054205940884e-06,0.9980242153966655,0.0019595032303432298,9.714318785237793e-06,IR
H,M0,2,1.7729536013226557e-05,0.9891738506139873,0.010798496670748906,9.923179250468482e-06,IR
H,M0,2,0.00010120580962207379,0.9628483359840304,0.03699835869348521,5.209951286238842e-05,IR
H,M0,2,7.5725470395830644e-06,0.9898820168003204,0.010107206493462776,3.2041591773146166e-06,IR
H,M0,2,1.0244528698859314e-05,0.9967912111265885,0.0031943206833410756,4.223661371385974e-06,IR
H,M0,2,7.1898495698877675e-06,0.9953095667441381,0.004673483482124314,9.759924167706959e-06,IR
H,M0,2,0.0004088499930855182,0.951695658131845,0.047826830786949645,6.866108811986466e-05,IR
H,M0,2,1.9541399202872136e-05,0.999823527321057,0.0001537596302405413,3.1716494995241693e-06,IR
H,M0,2,1.300912553558975e-05,0.9992459541040485,0.0007384759369653764,2.560833450705842e-06,IR
H,M0,2,1.7286985807123816e-05,0.9976556707521621,0.0023249432659448676,2.0989960856607745e-06,IR
H,M0,2,3.391699638789874e-06,0.9991128794038172,0.0008829753049525978,7.535915913028391e-07,IR
H,M0,2,2.6483808208239578e-05,0.9873474636784378,0.012604925513363585,2.1126999990254126e-05,IR
H,M0,2,0.0002471607362298389,0.9005492731449131,0.0991696402450998,3.392587375743836e-05,IR
H,M0,2,0.00010607080418371793,0.9964528407755516,0.0034258998568209784,1.5188563443816295e-05,IR
H,M0,2,8.062277529924845e-06,0.99964828967109,0.000341890115996987,1.7579353831455322e-06,IR
H,M0,2,1.1355008028439191e-05,0.993993922742482,0.005990863249985073,3.858999504556359e-06,IR
H,M0,2,9.288527138041677e-06,0.9989972047367965,0.0009915728568833761,1.9338791820727045e-06,IR
H,M0,2,0.001159917130804703,0.9130784085696922,0.08565903732327813,0.00010263697622495459,IR
H,M0,2,1.758950051097727e-06,0.9991914378627307,0.0008059624582488269,8.407289693305156e-07,IR
H,M0,2,4.1033584192162566e-05,0.9947869906273389,0.0051411877771985115,3.078801127038835e-05,IR
H,M0,2,2.9990689166462206e-06,0.9995475111231351,0.00044728482417566933,2.2049837726468143e-06,IR
H,M0,2,0.0007636461675050177,0.7582119851372605,0.24093684121137843,8.752748385598507e-05,IR
H,M0,2,3.2733527471933455e-06,0.9968069041329821,0.00318828426759844,1.5382466721990028e-06,IR
H,M0,2,8.681172118172344e-06,0.9914146787562975,0.008570642195232838,5.997876351409084e-06,IR
I,M0,2,0.00017931014881200882,1.0753994025177632e-05,0.9998078940136139,2.0418435489676416e-06,OR
I,M0,2,8.619188715356112e-05,0.0004409212443879094,0.9994638882219335,8.998646525027854e-06,OR
I,M0,2,2.0642019470463422e-05,2.39996834207619e-05,0.999952486931878,2.871365230799678e-06,OR
I,M0,2,0.0006440290115455629,0.00010988272073337103,0.9990741679299222,0.0001719203377988166,OR
I,M0,2,0.005574998912289772,0.00047477478833584367,0.9922950928516353,0.001655133447739211,OR
I,M0,2,0.0001704134318282579,8.515805574289762e-06,0.9998186867790161,2.3839835815007206e-06,OR
I,M0,2,0.0039644194402705685,0.009064660167810799,0.9869164946456015,5.442574631713386e-05,OR
I,M0,2,0.00015086716848784074,0.00023365330273347187,0.9996082605874338,7.218941344965829e-06,OR
I,M0,2,0.0053466259638453965,0.0004964498541962003,0.994093367691542,6.355649041653015e-05,OR
I,M0,2,0.016177257771915688,0.00016238629553871415,0.9835081440193468,0.00015221191319878503,OR
I,M0,2,0.000359366795015861,0.0014045539593328473,0.998223091955096,1.2987290555354724e-05,OR
I,M0,2,0.00033042572806924315,0.0004882900784154389,0.9991734520253944,7.832168121123909e-06,OR
I,M0,2,0.03711206901906857,0.005479827566207296,0.9573564262098129,5.167720491128411e-05,OR
I,M0,2,0.004794468477264334,0.0017547050875198736,0.9929231318889905,0.0005276945462250442,OR
I,M0,2,0.0019120342741167085,7.022014103000197e-05,0.9980115014186148,6.244166238486176e-06,OR
I,M0,2,0.007141594317506876,0.0002948006992614281,0.9924904962303234,7.31087529084567e-05,OR
I,M0,2,0.005612991778624957,7.334095764762697e-05,0.994299750404172,1.3916859555487871e-05,OR
I,M0,2,0.00019533048279002393,5.904082371975424e-05,0.9997398402846026,5.788408887429305e-06,OR
I,M0,2,0.00011179835629902234,1.922704454737168e-05,0.9998663391665145,2.6354326391312e-06,OR
I,M0,2,0.0033734782644263767,9.063881824468805e-05,0.9965145058515846,2.1377065744327854e-05,OR
I,M0,2,0.001767435077652084,9.26221132006948e-05,0.998123591993939,1.6350815208193577e-05,OR
I,M0,2,0.0022879852649224505,0.002103424478993707,0.9952653792094116,0.0003432110466723295,OR
I,M0,2,0.025082401237089807,0.005155276548013353,0.9682623346254975,0.0014999875893991798,OR
I,M0,2,0.05402478900023469,0.006842071544988179,0.9389909370996116,0.00014220235516551223,OR
I,M0,2,3.916612505244861e-05,0.00017317125031730845,0.9997853487098934,2.3139147366779085e-06,OR
I,M0,2,0.0043195932526117,0.0008934130319271906,0.9947499379809506,3.705573451058138e-05,OR
I,M0,2,0.00017003660778126516,0.0004455929185015874,0.9993794731950042,4.897278713014994e-06,OR
I,M0,2,0.008965923263211712,0.005357669322546218,0.9856435913671913,3.281604705093399e-05,OR
I,M0,2,0.0012692730027091459,0.0002654748473907501,0.9983116254279844,0.000153626721915659,OR
I,M0,2,0.008230100071149115,0.0010422760960723033,0.988504540213745,0.002223083619033544,OR
I,M0,2,0.17236445856666707,0.25526180604724386,0.5627918189920436,0.00958191639404546,OR
J,M0,2,1.1538048551285175e-07,1.3786692502127727e-07,0.9999997428847652,3.867824256078981e-09,OR
J,M0,2,4.7169366209300764e-08,6.296584895497691e-07,0.9999993130622278,1.0109916352068095e-08,OR
J,M0,2,3.2112916572970154e-08,3.532786602204092e-09,0.9999999618359255,2.518371277354771e-09,OR
J,M0,2,4.8259372647169013e-08,2.2256263339875783e-07,0.9999997225648415,6.613152431812421e-09,OR
J,M0,2,5.6894502872846966e-08,9.740585301893502e-07,0.9999989517836753,1.7263291731264253e-08,OR
J,M0,2,1.9908318709505936e-08,2.5591792169520113e-07,0.9999997183556071,5.818152437440024e-09,OR
J,M0,2,5.898458219721439e-07,5.260672710765175e-07,0.9999988735919689,1.0494937916201675e-08,OR
J,M0,2,2.3111780220504687e-08,8.584991803847085e-07,0.9999991088680341,9.52100536343297e-09,OR
J,M0,2,2.828119817049682e-08,3.595971769049806e-07,0.9999996088417307,3.2798941404081394e-09,OR
J,M0,2,1.2458060253532385e-07,1.3248879239891162e-07,0.9999997356279668,7.3026383875954405e-09,OR
J,M0,2,6.646320518968519e-08,5.662157599669812e-07,0.9999993609727096,6.34832512740954e-09,OR
J,M0,2,7.741872708938704e-06,8.408524160063512e-05,0.999908084518523,8.836716726875836e-08,OR
J,M0,2,6.683134256317013e-08,1.3828255340864293e-07,0.9999997917506734,3.135430496069258e-09,OR
J,M0,2,3.2646178828523e-07,1.87764332870993e-07,0.9999994549056077,3.0868271169103496e-08,OR
J,M0,2,2.397881361105336e-08,1.8336462452401644e-07,0.999999789206701,3.449860842045813e-09,OR
J,M0,2,2.1604142658173788e-08,3.054605264378345e-07,0.9999996674348639,5.50046699908314e-09,OR
J,M0,2,8.709791782776467e-07,1.9769237959050216e-07,0.9999989183652971,1.296314501828429e-08,OR
J,M0,2,7.4796710855031e-08,7.916963690914253e-08,0.9999998312047692,1.4828883195929387e-08,OR
J,M0,2,5.015860918490332e-07,1.4505402481183212e-06,0.9999980286255418,1.9248118150067285e-08,OR
J,M0,2,2.5740414023231484e-08,2.5107859907881747e-07,0.9999997164683643,6.712622499719396e-09,OR
J,M0,2,1.1640858846392737e-05,7.315648743973783e-06,0.9999809529261118,9.05662977174687e-08,OR
J,M0,2,4.975850221414622e-07,3.0626227026380727e-07,0.9999984345824764,7.615702311267313e-07,OR
J,M0,2,6.043778252239168e-08,2.5389877067065857e-08,0.9999999080966739,6.075666544786489e-09,OR
J,M0,2,6.171486305304131e-08,5.865039225299943e-07,0.9999993422892361,9.49197834964439e-09,OR
J,M0,2,1.0640523992918229e-07,8.916077465931557e-08,0.9999998009786092,3.4553762077402596e-09,OR
J,M0,2,4.349158103304665e-08,3.7270028233102584e-07,0.9999995766272061,7.1809305585043375e-09,OR
J,M0,2,4.211494261280006e-07,1.6309082934810646e-06,0.9999979138767477,3.406553257000757e-08,OR
J,M0,2,2.035157803968486e-08,7.046307993266389e-07,0.9999992651734555,9.844167069632758e-09,OR
J,M0,2,6.744105472627804e-07,3.2185003112970477e-07,0.9999989974946282,6.244793390300743e-09,OR
J,M0,2,4.2370936470911304e-08,8.061829130892764e-08,0.9999998708562006,6.1545715419827854e-09,OR
J,M0,2,8.844018047367235e-08,7.942617418496967e-07,0.9999991053094828,1.1988594914967506e-08,OR
K,M0,2,0.0006126938797431516,0.7013838774100446,0.29798042792307444,2.300078713789771e-05,IR
K,M0,2,0.004218033144347817,0.0029424450293799214,0.9928119453310049,2.757649526732896e-05,OR
K,M0,2,0.002424256027679089,0.020407084146067865,0.9771381995072831,3.0460318969980596e-05,OR
K,M0,2,0.0009404147993135771,0.07230812991239419,0.9267315163020658,1.9938986226371563e-05,OR
K,M0,2,1.4325474209648448e-06,0.00023862339580514052,0.9997597793828897,1.6467388423412339e-07,OR
K,M0,2,4.859581803849524e-06,0.0010089010110508883,0.9989860082261613,2.311809839164202e-07,OR
K,M0,2,0.00029412555186212924,0.008256296825848136,0.9914421648963262,7.412725963423543e-06,OR
K,M0,2,0.33812098004501423,0.05269084389379012,0.609125341172235,6.283488896068785e-05,OR
K,M0,2,0.07941142565931342,0.5964239612385143,0.3240881381252518,7.647497692044084e-05,IR
K,M0,2,1.9842406686504437e-05,0.009219552752727156,0.9907570234862769,3.581354309338995e-06,OR
K,M0,2,6.136537174356106e-05,0.17216677737352665,0.8277612968100566,1.0560444673173084e-05,OR
K,M0,2,0.0006685570042758973,0.00946693936865647,0.9898555037090282,8.999918039311772e-06,OR
K,M0,2,0.000570343785895709,0.0008274801229633088,0.9986014151719846,7.609191563644899e-07,OR
K,M0,2,0.0017990853461810415,0.0009383406050043795,0.9972612439130051,1.330135809406741e-06,OR
K,M0,2,0.00028042780065744445,0.010053713952141056,0.9896651952404782,6.630067232048684e-07,OR
K,M0,2,0.0015326258050120099,0.02495586152654614,0.9735021700469387,9.342621503052671e-06,OR
K,M0,2,3.217173080487068e-05,0.0010051431349882552,0.9989622159724623,4.6916174456317307e-07,OR
K,M0,2,0.0008227268508014046,0.00040506492708672093,0.9987714101418134,7.980802985372823e-07,OR
K,M0,2,0.5384243883879022,0.12028279709421247,0.3412729602668472,1.9854251038028157e-05,B
K,M0,2,0.4906546813548154,0.1995833174817309,0.3096960460408628,6.595512259097729e-05,B
K,M0,2,0.0010549829507003838,0.6250261692230846,0.3738316561896152,8.719163659966393e-05,IR
K,M0,2,0.0009369973563969145,0.0001879091754764762,0.9988740498400026,1.0436281240672553e-06,OR
K,M0,2,0.00035718503603849846,0.00862892682008935,0.9910057121468936,8.17599697842269e-06,OR
K,M0,2,0.007215676835369518,0.012954150424762521,0.9797457195641129,8.445317575495757e-05,OR
K,M0,2,3.160009371044046e-06,3.461012661809431e-06,0.9999933324184734,4.65594937308845e-08,OR
K,M0,2,4.760604529622289e-06,9.911865256460465e-06,0.9999850141396948,3.1339051915064365e-07,OR
K,M0,2,0.0001235465625537747,0.03622589094170185,0.9636497865487995,7.759469447269986e-07,OR
K,M0,2,0.0004404886217742878,0.16348652513711906,0.8360646775217178,8.308719388751405e-06,OR
K,M0,2,0.000563189805795934,0.00011003750770379603,0.9993263291993009,4.4348719936487274e-07,OR
K,M0,2,0.000992663845043794,0.004051097254009056,0.994950017545629,6.22135531823726e-06,OR
K,M0,2,3.6041231962549886e-05,0.00033677865250229377,0.9996270122117055,1.6790382974914522e-07,OR
L,M0,2,0.0013888919392527146,0.011425839075973665,0.9871507151064598,3.4553878313944645e-05,OR
L,M0,2,0.09416153705517138,0.006083586617308226,0.8997259529732133,2.8923354306963706e-05,OR
L,M0,2,0.6617911875376649,0.0004983778092650153,0.33755103963521566,0.00015939501785443232,B
L,M0,2,0.9861747091140362,8.27481163245897e-06,0.013814002854245652,3.0132200857209857e-06,B
L,M0,2,0.9334961485687487,0.001573627651756986,0.06490622818075556,2.3995598738821296e-05,B
L,M0,2,0.7822891949058705,0.0004633988231341555,0.21723451734435928,1.2888926636147882e-05,B
L,M0,2,0.16661571472988093,0.8299246297601487,0.003459216497440845,4.390125296033195e-07,IR
L,M0,2,0.9964863479984698,0.001393443031759136,0.002119763377293803,4.455924772309e-07,B
L,M0,2,2.4056109926576685e-06,5.008248497243641e-06,0.9999925256559374,6.048457267517155e-08,OR
L,M0,2,0.007079972417866873,0.005379584609788178,0.9875377395469417,2.7034254033647033e-06,OR
L,M0,2,5.203896727827934e-05,6.344370016979246e-05,0.9998833781812937,1.1391512582776418e-06,OR
L,M0,2,0.8506213598581607,0.004145924051505814,0.1452128548033616,1.9861286971701998e-05,B
L,M0,2,0.9382838976429064,0.00759976356312559,0.0541039905910477,1.2348202920380209e-05,B
L,M0,2,0.000819703825991147,0.00043819294483613675,0.9987419078569848,1.9537218801093282e-07,OR
L,M0,2,0.03433488700573276,0.10489247751953218,0.860757785269478,1.4850205257164328e-05,OR
L,M0,2,0.05508302820997557,0.8496442505908753,0.09526987236105755,2.848838091496073e-06,IR
L,M0,2,0.16504192665101305,0.18916809169259513,0.6453467322035586,0.00044324945283319325,OR
L,M0,2,0.8659871958461983,0.021547053698216297,0.11241662671891545,4.912373666986484e-05,B
L,M0,2,0.0025984428646536237,0.0015514137078863446,0.9958482821316542,1.8612958058514384e-06,OR
L,M0,2,0.8487788808076155,0.0026839937482060045,0.14850909475659296,2.8030687585730425e-05,B
L,M0,2,0.7046397551558164,0.047253762763953835,0.2480540685706262,5.241350960346908e-05,B
L,M0,2,0.00022037287434193608,0.003776050902894203,0.9959779412170217,2.5635005742233438e-05,OR
L,M0,2,0.49073243583443893,0.00010430064196736795,0.5091558374123784,7.426111215433204e-06,OR
L,M0,2,0.700207587013703,0.0001157639339014239,0.29962484604993755,5.180300245787677e-05,B
L,M0,2,0.9952664248371755,0.0005609736501022585,0.004168252901642961,4.348611079191596e-06,B
L,M0,2,0.07148411450553822,0.00023451308179317002,0.9282749956199816,6.376792686980324e-06,OR
L,M0,2,5.07804213778849e-05,0.00025622501686400976,0.9996926817340829,3.1282767526819674e-07,OR
L,M0,2,5.671598068655784e-05,9.298663004438475e-06,0.9999334711018137,5.142544952655492e-07,OR
L,M0,2,0.6750499299835662,0.004109980167731376,0.3206961208519064,0.0001439689967960837,B
L,M0,2,0.000138999940598143,0.0007134683739509515,0.9991463336822549,1.1980031959232797e-06,OR
L,M0,2,0.9949584092045768,0.0034268228280860697,0.0016080041832603456,6.7637840769783745e-06,B
M,M0,2,0.002528988936444467,0.018172503884029127,0.9790255351905033,0.0002729719890232,OR
M,M0,2,3.2607327734969996e-05,0.0005135057230425693,0.9994451276463632,8.759302859193869e-06,OR
M,M0,2,8.052273716622496e-06,0.0022049885802765267,0.9977852278139132,1.7313320936789773e-06,OR
M,M0,2,3.716011496464642e-05,0.002940735923847018,0.9969877037466638,3.440021452447129e-05,OR
M,M0,2,0.0002670320954510943,0.11898161980242736,0.8805332429598401,0.00021810514228125436,OR
M,M0,2,6.823489510514648e-06,0.00046362478269785254,0.9995265225308798,3.0291969117282345e-06,OR
M,M0,2,0.00015211849311930905,0.0016960998219297154,0.9981386761109003,1.3105574050556775e-05,OR
M,M0,2,0.00014657579007517526,0.0022314508627021383,0.997616076873653,5.896473569661732e-06,OR
M,M0,2,3.303412161823992e-05,0.0012136760157378287,0.9987428910707574,1.0398791886711638e-05,OR
M,M0,2,0.000472824434271283,0.04140588447939965,0.9579716500982304,0.00014964098809861013,OR
M,M0,2,0.000986705857330692,0.7769150714344999,0.22135172179778492,0.000746500910384417,IR
M,M0,2,5.4007579866506516e-05,0.0005414852514411467,0.9993992160717898,5.291096902456956e-06,OR
M,M0,2,2.1869399708932802e-06,0.00014883229071470912,0.9998486296518656,3.511174487785898e-07,OR
M,M0,2,4.807658171994543e-06,8.603019715019988e-05,0.9999065372704905,2.6248741872881125e-06,OR
M,M0,2,9.718194398289008e-06,0.001553038267995958,0.9984351413301764,2.102207429378673e-06,OR
M,M0,2,6.548860750322618e-06,0.0006367104950592027,0.9993538592246322,2.8814195583769225e-06,OR
M,M0,2,8.600665668448327e-08,8.554106128783136e-06,0.9999913182041752,4.1683039186946993e-08,OR
M,M0,2,3.2884142954527534e-05,0.0005307380229211966,0.999433854868364,2.5229657603944295e-06,OR
M,M0,2,0.0010777840655422312,0.0485201101776114,0.9503366319545791,6.547380226732182e-05,OR
M,M0,2,1.1429001288658398e-05,0.00032032096121484483,0.9996650326555904,3.2173819061562514e-06,OR
M,M0,2,0.00041302502494871575,0.022816973566857857,0.9767444432278864,2.5558180306881982e-05,OR
M,M0,2,3.593142604613029e-05,0.008905504103462395,0.9910475979026263,1.0966567865054384e-05,OR
M,M0,2,0.00013696073508714758,0.006396179883986034,0.9933413919721857,0.00012546740874107073,OR
M,M0,2,0.0034558138495211417,0.014829761821095584,0.9815838811765502,0.00013054315283319074,OR
M,M0,2,0.00020618957516351858,0.00028025023788774277,0.9995081441022803,5.416084668395643e-06,OR
M,M0,2,0.0001219407771026285,0.0004481760597171162,0.9994252536790753,4.629484104842582e-06,OR
M,M0,2,8.715743613751542e-06,8.123334001136172e-05,0.9999088845913677,1.166325007211049e-06,OR
M,M0,2,0.0007900001234272602,0.0008524987645935427,0.9983439981839737,1.3502928005489567e-05,OR
M,M0,2,8.737418979316706e-05,0.00020110064525826512,0.9997105968051275,9.283598210820337e-07,OR
M,M0,2,0.0004206816760753839,0.0013608226137316044,0.9982031455438919,1.535016630103723e-05,OR
M,M0,2,0.00035429121379285957,0.04490831346176961,0.9547096808606149,2.7714463822570598e-05,OR
N,M0,2,0.005143227587076215,0.05023358644166078,0.9440955960192701,0.000527589951992875,OR
N,M0,2,0.4771978408749455,0.03263382149573288,0.48897096170006327,0.0011973759292581555,OR
N,M0,2,0.07344706623194262,0.027173252540714562,0.8992944491962499,8.523203109287044e-05,OR
N,M0,2,0.0031516049226698877,0.0057460232057628315,0.9910800898639064,2.22820076609096e-05,OR
N,M0,2,0.1825470735500715,0.3566477657716812,0.4596358444760262,0.0011693162022211032,OR
N,M0,2,0.9678449005201106,0.024081816867838873,0.007956389521503385,0.00011689309054702747,B
N,M0,2,0.014592167450357496,0.5647541030699806,0.42030961233298636,0.0003441171466753291,IR
N,M0,2,0.09243367628827442,0.02450786166629989,0.8830296327817013,2.8829263724265595e-05,OR
N,M0,2,0.7305920916210239,0.042013817821127,0.22684879226866422,0.0005452982891849177,B
N,M0,2,0.21605427742498995,0.031406824379760216,0.7516436491966186,0.0008952489986311541,OR
N,M0,2,0.009899135097248667,0.0966942411893665,0.8933917105092294,1.491320415538875e-05,OR
N,M0,2,0.02428107695406651,0.015260465130768503,0.9604379256556698,2.0532259495219233e-05,OR
N,M0,2,0.963324098487447,0.01972117895291266,0.015333605721955973,0.0016211168376843517,B
N,M0,2,0.03532567451761557,0.10691178216954729,0.8570449142483887,0.0007176290644483939,OR
N,M0,2,0.01604026288989408,0.024482891076231025,0.9594603926695487,1.6453364326150066e-05,OR
N,M0,2,0.017451401698286902,0.0005121588924737731,0.9820310339736623,5.405435576981115e-06,OR
N,M0,2,0.019491622847891937,0.21492808970343355,0.7646383738962867,0.000941913552387624,OR
N,M0,2,0.041464015477675725,0.2939751830838834,0.6627695864105161,0.0017912150279247292,OR
N,M0,2,0.8155401065680953,0.00785069185024838,0.1762553502344896,0.0003538513471668095,B
N,M0,2,0.03078171205337338,0.1943707935582763,0.773708841449487,0.001138652938863266,OR
N,M0,2,0.19945520863889662,0.5393663412271054,0.2610385412353556,0.00013990889864247237,IR
N,M0,2,0.01528720746857972,0.1273736518736614,0.8573030962296406,3.6044428118208916e-05,OR
N,M0,2,0.38764934130621587,0.20268847517682298,0.40483407836880514,0.004828105148155902,OR
N,M0,2,0.37416652639201275,0.09732165958478665,0.5269255426453523,0.0015862713778483088,OR
N,M0,2,0.40482519711936354,0.4918597003170477,0.09853555166694199,0.0047795508966469065,IR
N,M0,2,0.003878011930547235,0.9958460088831625,0.00021995087134320755,5.602831494693848e-05,IR
N,M0,2,0.001960569296792457,0.003646819814180438,0.994381706307548,1.090458147896171e-05,OR
N,M0,2,0.0034008347393190913,0.008322692161596342,0.9882596317557917,1.68413432927912e-05,OR
N,M0,2,0.013943842029364857,0.8252259339659037,0.1599892383211247,0.0008409856836066739,IR
N,M0,2,0.048755884061115334,0.7573334427968929,0.1927629385140524,0.0011477346279395336,IR
N,M0,2,0.9117636857270878,0.008697753334098675,0.07926238454157182,0.0002761763972417364,B
O,M0,2,0.3578071470855332,0.5617694198039056,0.08004336794885258,0.0003800651617086798,IR
O,M0,2,0.0033797550066240376,0.9337992447330532,0.06280454993241287,1.645032790994833e-05,IR
O,M0,2,0.13994173753452646,0.680199790593268,0.17981765015800438,4.0821714201141804e-05,IR
O,M0,2,0.2562623203579087,0.017810087872960817,0.7249835599892435,0.0009440317798870733,OR
O,M0,2,0.6035480088370527,0.2556879788496446,0.13985456922307096,0.0009094430902317384,B
O,M0,2,0.01758623729830577,0.9764214115877378,0.005955081918752058,3.7269195204248916e-05,IR
O,M0,2,0.032768578796664366,0.9284707906379822,0.038692930946142075,6.769961921121677e-05,IR
O,M0,2,0.11394547411771556,0.00566645163360231,0.8803615267953343,2.654745334788591e-05,OR
O,M0,2,0.5803903332241164,0.17238826838594032,0.2469793052915564,0.000242093098386796,B
O,M0,2,0.03735017246249031,0.00013469206362663958,0.9625114204379205,3.715035962439565e-06,OR
O,M0,2,0.8325897875737346,0.010333061132050491,0.15699485559406628,8.229570014866966e-05,B
O,M0,2,0.5553922453446808,0.002973125132734768,0.44159857131274766,3.605820983674361e-05,B
O,M0,2,0.19373285573173418,0.005263451357846153,0.8009208855073447,8.280740307499863e-05,OR
O,M0,2,0.05060288927802889,0.08704057339023047,0.8623470906420303,9.446689710341202e-06,OR
O,M0,2,0.2677638663524869,0.5967661472575512,0.13525043495462985,0.00021955143533207837,IR
O,M0,2,0.12754887295904538,0.34277160155183684,0.5295950801131802,8.444537593755005e-05,OR
O,M0,2,0.20544871117431546,0.00014787194924386927,0.7944011595179408,2.2573584998875966e-06,OR
O,M0,2,0.9963883188710283,0.0007210859793084669,0.0028845440510420896,6.05109862124812e-06,B
O,M0,2,0.8709713545876588,0.0054395544934442664,0.1235793617853443,9.729133552665134e-06,B
O,M0,2,0.31846643011268944,0.32740752143227814,0.3537627826091399,0.00036326584589241393,OR
O,M0,2,0.004534019379559771,0.09824942242166966,0.8971733455629481,4.321263582255746e-05,OR
O,M0,2,0.623559142653964,0.2865133375390203,0.08989213720226444,3.538260475125045e-05,B
O,M0,2,0.49821934219187053,0.03797718391254283,0.4636029276057615,0.00020054628982517166,B
O,M0,2,0.8155763878636696,0.036856217936884594,0.1473806861442044,0.00018670805524127727,B
O,M0,2,0.9875272716238752,0.011107891762339792,0.0013595200776117392,5.316536173026095e-06,B
O,M0,2,0.3937194100666389,0.014573266258931428,0.5916449615586142,6.236211581540495e-05,OR
O,M0,2,0.001395596148666322,0.13529077697285294,0.86329415299286,1.9473885620826004e-05,OR
O,M0,2,0.9735015445178875,0.024344904602451152,0.0021428946529441907,1.065622671717877e-05,B
O,M0,2,0.008817150934081738,0.002725546711028263,0.9884393918724964,1.7910482393561836e-05,OR
O,M0,2,0.0019191780548399047,0.329942678568611,0.6680883773285623,4.9766047986843175e-05,OR
O,M0,2,0.07076988304182537,0.20136482329647523,0.7277291367400714,0.00013615692162785096,OR
P,M0,2,9.354982536442349e-07,7.193461410046054e-07,0.9999983197912303,2.5364375121186127e-08,OR
P,M0,2,1.1475475232118909e-05,1.3396167013016386e-05,0.9999748635012988,2.648564559915108e-07,OR
P,M0,2,1.403929233390976e-07,1.367720388283693e-06,0.9999984642868686,2.759981987602219e-08,OR
P,M0,2,3.5636570019060276e-09,9.147670278092186e-08,0.9999998907975404,1.4162099684344432e-08,OR
P,M0,2,1.0394597994422763e-06,7.756682157400646e-08,0.9999988382083353,4.4765043729130105e-08,OR
P,M0,2,6.741210101786737e-05,1.234208975253581e-05,0.9999179342464074,2.311562822118936e-06,OR
P,M0,2,0.0001512486317927325,9.494419148121011e-07,0.999845816441276,1.985485016539624e-06,OR
P,M0,2,1.8521977384763245e-08,2.3748484911487086e-08,0.999999951903955,5.825582740896601e-09,OR
P,M0,2,2.862035802992507e-05,6.596303446897549e-07,0.9999706377969623,8.221466310253982e-08,OR
P,M0,2,2.6360479677901275e-06,9.956673764675902e-07,0.9999963254148198,4.286983600833233e-08,OR
P,M0,2,8.819688880690205e-06,7.678001576669066e-06,0.9999826642449199,8.38064622741128e-07,OR
P,M0,2,1.204649632688033e-07,6.383051512901797e-07,0.999999217920165,2.330972046448428e-08,OR
P,M0,2,0.0002990445877692464,2.385115047031949e-05,0.9996758966066775,1.207655082859573e-06,OR
P,M0,2,0.009246168614961761,0.00013172240917218878,0.9906097966033628,1.2312372503201358e-05,OR
P,M0,2,0.018262807734825526,6.702519900979839e-06,0.981729974783995,5.149612784488539e-07,OR
P,M0,2,0.002625857178909704,1.566599783895592e-05,0.997357537801541,9.390217103009266e-07,OR
P,M0,2,1.7925126780335015e-05,2.901842915968563e-05,0.9999524245019146,6.319421454919544e-07,OR
P,M0,2,0.00022104563616641044,3.3947875046868386e-07,0.9997782541354323,3.6074965077023236e-07,OR
P,M0,2,0.7369109580554121,7.166636468717618e-05,0.26287847207392767,0.00013890350597300382,B
P,M0,2,4.232921154647169e-06,5.49185065009236e-08,0.9999956782384538,3.3921885018832405e-08,OR
P,M0,2,4.005713666239015e-07,1.1123186001384681e-06,0.9999984213904185,6.571961490260487e-08,OR
P,M0,2,2.854163127919349e-06,2.2780414586663056e-06,0.9999948385765021,2.9218911546161775e-08,OR
P,M0,2,1.4317236221400163e-07,6.928530680560559e-07,0.9999989835446095,1.804299604092533e-07,OR
P,M0,2,0.00013469440149477084,8.954958796569025e-06,0.9998462993879165,1.005125179208619e-05,OR
P,M0,2,6.334339119183607e-05,4.4199143588538244e-05,0.9998686910938218,2.376637139794282e-05,OR
P,M0,2,1.7089317596812946e-07,3.817910076156785e-07,0.9999991683404563,2.7897536010163424e-07,OR
P,M0,2,0.00011773726281992475,3.646029890251222e-06,0.9998748501532114,3.766554078412405e-06,OR
P,M0,2,4.853968252439349e-06,2.9017373470247176e-08,0.9999951033562671,1.3658107154119607e-08,OR
P,M0,2,0.00034358639825967535,4.814873204577082e-06,0.9996493577798059,2.2409487298380756e-06,OR
P,M0,2,0.00011612259041043306,2.2911622565753463e-06,0.999856544970704,2.5041276629019323e-05,OR
P,M0,2,0.0038842563381321377,7.575741598700445e-06,0.9961045931576484,3.574762620801734e-06,OR
A,M6,0,1.0836413658832655e-06,8.569169721101179e-08,0.999998830179176,4.877608270994065e-10,OR
A,M6,0,8.690247985405088e-09,4.686719873078589e-09,0.9999999866117817,1.1250551461395631e-11,OR
A,M6,0,7.331058967311832e-06,2.0922791475946897e-06,0.9999905475415032,2.9120382023007573e-08,OR
A,M6,0,1.0544684341568362e-05,1.2339615135989431e-06,0.9999881469435731,7.4410571762068e-08,OR
A,M6,0,7.515134225861706e-08,4.445392511498472e-08,0.9999998783615812,2.0331514515011204e-09,OR
A,M6,0,2.8515847475969746e-06,6.940350720858522e-09,0.9999971395649951,1.909906589445783e-09,OR
A,M6,0,1.1178529455685948e-06,4.090180867242951e-09,0.9999988772878289,7.69044561257733e-10,OR
A,M6,0,2.1512395815102594e-05,1.5586336622919129e-06,0.9999767995121839,1.2945833881484654e-07,OR
A,M6,0,4.881376397199691e-06,9.078395819225205e-08,0.9999950270618141,7.778305145774957e-10,OR
A,M6,0,8.269040367236683e-08,3.980167517073191e-06,0.9999959337197523,3.4223270450108196e-09,OR
A,M6,0,1.7615090774248463e-05,1.4881798851906373e-10,0.9999823847228665,3.7541302619682145e-11,OR
A,M6,0,0.9999963373210812,4.404893817771537e-09,3.6568397087266407e-06,1.434316366510408e-09,B
A,M6,0,0.999991785601273,1.2983685453960758e-07,7.877762851038951e-06,2.067990212635745e-07,B
A,M6,0,2.0782129391185983e-05,9.830518003041621e-08,0.9999790745986116,4.496681727575376e-08,OR
A,M6,0,0.9999929150463407,1.6727735589536084e-08,7.059973481023214e-06,8.252442590825247e-09,B
A,M6,0,1.1529510805372598e-05,2.4785938364665036e-09,0.9999884671012956,9.093051583190071e-10,OR
A,M6,0,3.991404294193778e-07,2.6236449425584636e-06,0.9999969710419336,6.172694562049225e-09,OR
A,M6,0,1.5701387756365168e-06,1.8924774672999996e-08,0.9999983954166566,1.5519793136252677e-08,OR
A,M6,0,5.038229283211218e-06,4.0696000118628026e-08,0.9999949129434403,8.131276296721409e-09,OR
A,M6,0,2.9023390974684447e-11,4.810728794253883e-11,0.9999999999073552,1.5514044956735907e-11,OR
A,M6,0,9.361688117228931e-07,2.0424613684207163e-09,0.9999990611905522,5.981747717891517e-10,OR
A,M6,0,0.9999819194861481,6.150356288388451e-09,1.8070780945329554e-05,3.5825503535416895e-09,B
A,M6,0,2.520153045270669e-07,2.9569244201798994e-09,0.999999703382352,4.164541893970597e-08,OR
A,M6,0,1.4588940555090907e-07,1.608866965157203e-08,0.9999998374130765,6.088482982602168e-10,OR
A,M6,0,2.1117656436753918e-07,5.853250689595438e-09,0.9999997819879451,9.822399579576678e-10,OR
A,M6,0,7.681896461482851e-06,5.9095815874242953e-08,0.9999922463360659,1.267165672693237e-08,OR
A,M6,0,8.895151518569348e-10,1.0425814886218145e-09,0.9999999978085146,2.5938868920937956e-10,OR
A,M6,0,2.5924953924046145e-07,5.946383520238611e-06,0.9999937903667524,4.000188253116899e-09,OR
A,M6,0,9.950324826623414e-09,2.5061979599410656e-07,0.9999997383086549,1.12122434011597e-09,OR
A,M6,0,1.0661204955956453e-08,1.761321181591365e-10,0.9999999890357744,1.2688845876877612e-10,OR
A,M6,0,0.9999940497851934,2.474663350935476e-07,5.700926184912175e-06,1.8222865352551359e-09,B
B,M6,0,0.999994555829161,6.487390330734124e-08,5.373261139026679e-06,6.0357968573962636e-09,B
B,M6,0,0.9999938184010925,4.768246054110931e-06,1.4045010916612218e-06,8.851761579778912e-09,B
B,M6,0,0.9999981767986493,7.794892952218318e-07,1.0415159765572929e-06,2.1960788756113714e-09,B
B,M6,0,3.4629452586352174e-05,4.496135603511879e-06,0.9999608640516108,1.0360199434151092e-08,OR
B,M6,0,0.9999983834642383,1.6366344875778757e-08,1.597767565981247e-06,2.4018509229167624e-09,B
B,M6,0,1.1607926068416871e-05,0.9999883830988571,8.285406148194151e-09,6.896682788986049e-10,IR
B,M6,0,9.007951961693682e-06,3.2408519609739595e-06,0.9999877354791731,1.5716904275022943e-08,OR
B,M6,0,2.021747277530539e-05,1.497995568476938e-07,0.9999796211079331,1.1619734653735518e-08,OR
B,M6,0,8.621026095013673e-06,0.9999913783834687,3.266649597046956e-10,2.6377117953213506e-10,IR
B,M6,0,0.99999437642815,3.0774978931039107e-06,2.469551480807674e-06,7.652247586148705e-08,B
B,M6,0,7.123089180315758e-06,1.4650826680989252e-06,0.9999913363189888,7.550916281304311e-08,OR
B,M6,0,7.347867569689753e-06,0.9999906390573948,1.996261378080919e-06,1.6813657072388303e-08,IR
B,M6,0,0.9999966144021829,7.681391139087124e-08,3.23423105317447e-06,7.455285239376873e-08,B
B,M6,0,0.9999820209395863,7.240961986638774e-10,1.7977696294067008e-05,6.400233482209431e-10,B
B,M6,0,0.999991691434213,7.677929601550863e-08,8.111097856760329e-06,1.2068863421133594e-07,B
B,M6,0,0.9999908980438406,3.7158347626310247e-07,8.72921957356252e-06,1.153109685236005e-09,B
B,M6,0,0.9999753890956513,2.7344759686892683e-06,2.164538623247873e-05,2.3104214750749168e-07,B
B,M6,0,0.999998418033365,1.237357130108118e-06,2.7158295682431825e-07,7.302654806207285e-08,B
B,M6,0,0.9999905548477668,1.2694201584685658e-07,9.305442970311522e-06,1.2767246954683885e-08,B
B,M6,0,6.105724217334965e-06,8.271445959745871e-07,0.9999925271852272,5.399459592876246e-07,OR
B,M6,0,3.4178392985275015e-05,6.965083117475584e-06,0.999958668377225,1.8814667215796585e-07,OR
B,M6,0,0.9999811139762889,1.349871033780477e-07,1.873807993938063e-05,1.2956668313765582e-08,B
B,M6,0,0.9999999562239509,1.2131190214521863e-10,4.362134633018514e-08,3.339082556369869e-11,B
B,M6,0,2.561705888998932e-05,8.667681086234849e-09,0.9999743694571477,4.816281314139036e-09,OR
B,M6,0,0.9999956354612357,1.2533216533468996e-08,4.351970275100074e-06,3.5272477945441455e-11,B
B,M6,0,1.40215393365609e-08,5.68864486437557e-06,0.9999942958125416,1.5210546842223538e-09,OR
B,M6,0,1.2517586696115209e-05,0.9999866697427606,8.092727573926132e-07,3.3977858948064043e-09,IR
B,M6,0,0.9999883500778579,1.1001385209351156e-05,1.2085271686976433e-07,5.276842159764618e-07,B
B,M6,0,0.9999909142147266,2.8603318732587624e-09,9.081509520726565e-06,1.415420719412958e-09,B
B,M6,0,0.999996358186923,2.3629083682861588e-07,3.400550098116425e-06,4.9721421593552006e-09,B
B,M6,0,6.857777725635966e-07,2.36735624030537e-06,0.9999969452566758,1.6093112103347227e-09,OR
C,M6,0,2.044647715740371e-09,2.65195633788925e-06,0.9999973394744671,6.524547205441129e-09,OR
C,M6,0,3.4181594073083446e-10,2.0581833004520073e-06,0.9999979388867537,2.588129973837194e-09,OR
C,M6,0,6.304754569116533e-09,3.087439535646828e-07,0.9999996835368148,1.4144768723956298e-09,OR
C,M6,0,1.5240954728185427e-09,4.869401223240363e-07,0.9999995107442001,7.915819341739709e-10,OR
C,M6,0,8.032783232533179e-06,3.2219401964723706e-07,0.999991644619091,4.0365680637379414e-10,OR
C,M6,0,4.541949753373037e-09,1.6981590690133617e-07,0.9999998202901811,5.35196241687475e-09,OR
C,M6,0,4.399403339749439e-09,3.1368187395192656e-06,0.9999968524151329,6.366724092989536e-09,OR
C,M6,0,7.911929384654641e-10,1.2412441148187417e-09,0.9999999977105529,2.5700990595062126e-10,OR
C,M6,0,6.613932526366247e-10,1.6040326298097105e-06,0.9999983929015361,2.4044408110093135e-09,OR
C,M6,0,4.360562109978279e-09,6.118334394131474e-07,0.9999993806665791,3.1394194211384075e-09,OR
C,M6,0,6.94116193345987e-11,7.21394961234311e-08,0.9999999271591611,6.319310447023014e-10,OR
C,M6,0,3.2415455613845133e-09,1.2675612158925533e-06,0.9999987249320026,4.26523605396684e-09,OR
C,M6,0,3.308371645651348e-10,1.2760276464573932e-07,0.9999998709222049,1.1441932296388243e-09,OR
C,M6,0,2.0817806141872114e-07,3.137162793578023e-06,0.9999966421107702,1.254837483208243e-08,OR
C,M6,0,1.4007636309437129e-08,6.556559856765336e-07,0.999999329845075,4.913029365345731e-10,OR
C,M6,0,2.6909450697522237e-10,4.1662000927557186e-08,0.9999999576655996,4.0330500384585537e-10,OR
C,M6,0,1.0895168510051872e-09,1.2750333653207651e-06,0.9999987209379082,2.9392096365400353e-09,OR
C,M6,0,6.461255607608735e-10,1.1421575348224386e-07,0.9999998821205324,3.017588494707253e-09,OR
C,M6,0,6.90037658018658e-07,3.1979537516623782e-06,0.9999960977693302,1.423926006945095e-08,OR
C,M6,0,1.8798051805645777e-10,1.3299189859300007e-07,0.9999998665615681,2.585527432502773e-10,OR
C,M6,0,1.2621162649547243e-09,2.0440827456891886e-05,0.9999795441535073,1.3756919437564263e-08,OR
C,M6,0,4.1327209616101596e-10,4.641499604931685e-09,0.9999999943072557,6.37972516145568e-10,OR
C,M6,0,1.6001957174209587e-08,1.1433189430812725e-07,0.9999998661405366,3.5256118693366463e-09,OR
C,M6,0,1.4105661542519677e-09,2.6687028992049796e-07,0.9999997307255565,9.935873824963405e-10,OR
C,M6,0,1.689491480095683e-10,2.4768414749837223e-09,0.9999999970074331,3.467762239457746e-10,OR
C,M6,0,1.2572056008821413e-09,1.0299685114986453e-07,0.9999998938640312,1.881911933647184e-09,OR
C,M6,0,4.4250147131018627e-10,3.0722909057069153e-07,0.9999996918224509,5.059570705506952e-10,OR
C,M6,0,6.837925522310936e-11,2.5582410477535043e-06,0.9999974412254461,4.6512688080712736e-10,OR
C,M6,0,7.050293100739417e-10,1.507103656978434e-08,0.9999999816148267,2.6091074160601143e-09,OR
C,M6,0,3.1992366278874774e-09,6.264377349298167e-08,0.9999999216573386,1.2499651120299342e-08,OR
C,M6,0,6.211611110045616e-06,0.999962997270174,3.078613666931663e-05,4.9820467160843835e-09,IR
D,M6,0,1.0078212055104948e-09,1.2851613501589362e-07,0.9999998700544075,4.216362275563368e-10,OR
D,M6,0,0.9999885526244302,2.6761662271903356e-08,1.1414060734669318e-05,6.5531729433938334e-09,B
D,M6,0,2.434161862784242e-08,3.111111985021658e-11,0.9999999749145532,7.12717187012163e-10,OR
D,M6,0,1.874219108930984e-05,6.710952187944718e-09,0.9999812496865254,1.4114332390510416e-09,OR
D,M6,0,2.9272378237120933e-07,2.7776628587755266e-10,0.9999997064637374,5.347138394595462e-10,OR
D,M6,0,1.3044937205606625e-05,2.953653515488706e-09,0.999986919616016,3.2493124748603085e-08,OR
D,M6,0,8.118195795501807e-07,4.3348518759393994e-08,0.9999991386466615,6.185240271937766e-09,OR
D,M6,0,0.9999907922295873,4.752518061995053e-09,9.200027696748857e-06,2.9901978896475782e-09,B
D,M6,0,2.5344645685450382e-05,1.7515576241694192e-09,0.9999746498582673,3.744489471531829e-09,OR
D,M6,0,3.777708079581518e-07,3.908649344454127e-07,0.9999992266912323,4.673025159451014e-09,OR
D,M6,0,4.889927008302745e-06,3.064066550351828e-09,0.9999950462332812,6.077564390221826e-08,OR
D,M6,0,2.552575631269927e-05,2.4609801870443478e-08,0.9999744395705743,1.006331114659786e-08,OR
D,M6,0,0.9999848680101224,6.032786827791501e-09,1.5123734088511445e-05,2.223002048316394e-09,B
D,M6,0,5.1502506979607873e-08,7.464381461165273e-08,0.9999998734202835,4.333949053960927e-10,OR
D,M6,0,0.9999843098653003,4.933825702860938e-06,1.0516009359373759e-05,2.402996375449039e-07,B
D,M6,0,8.440245158203382e-07,5.7282038887432794e-08,0.9999990946305811,4.062864179255031e-09,OR
D,M6,0,2.0153424947647107e-05,1.2346870880079191e-08,0.9999798312073849,3.020796571957221e-09,OR
D,M6,0,1.1488961537582887e-05,2.039316805365637e-07,0.9999882071141472,9.999263472833582e-08,OR
D,M6,0,1.7926858544842706e-05,2.8847576473347115e-09,0.9999820548335138,1.5423183793454226e-08,OR
D,M6,0,0.9999887121334732,2.939405143230802e-07,9.90755816451342e-06,1.0863678480454337e-06,B
D,M6,0,5.222660048018849e-06,8.4458508349914e-10,0.9999947751264722,1.368894826199596e-09,OR
D,M6,0,8.041179892124976e-06,7.176848436842577e-07,0.9999912181562711,2.297899288446384e-08,OR
D,M6,0,2.090633892807887e-08,1.634042136149203e-07,0.9999998116091922,4.080255377073109e-09,OR
D,M6,0,0.9999811087860779,4.317225280737513e-08,1.883462265035734e-05,1.3419018806915937e-08,B
D,M6,0,1.8885549004224665e-06,6.368302596870052e-08,0.9999980406985444,7.063529303062965e-09,OR
D,M6,0,7.612466050745132e-07,2.7241168271902276e-09,0.999999227851792,8.177486122397542e-09,OR
D,M6,0,1.619435719506021e-05,3.582382384927046e-10,0.9999838036933013,1.5912653485899677e-09,OR
D,M6,0,8.284362864089703e-06,9.652369947404788e-08,0.9999913959051986,2.2320823792657906e-07,OR
D,M6,0,4.474165367907626e-07,1.0128182733773149e-07,0.9999994323203928,1.8981243175894433e-08,OR
D,M6,0,5.259890199179259e-10,3.5786458444437473e-09,0.9999999957962025,9.916277186591729e-11,OR
D,M6,0,7.65374508881888e-08,4.081745930737067e-09,0.9999999165649135,2.815889758574207e-09,OR
E,M6,0,2.4077108014040866e-09,5.535013259834362e-07,0.9999994407623002,3.328662951913117e-09,OR
E,M6,0,7.991076249564084e-10,4.6496114078722234e-08,0.9999999518243395,8.804388810913964e-10,OR
E,M6,0,9.229793815756354e-10,2.3290789441221226e-07,0.9999997635955123,2.5736137855262333e-09,OR
E,M6,0,7.889230229596567e-11,1.524480383018402e-07,0.9999998422320133,5.241056015666052e-09,OR
E,M6,0,1.5171287397235346e-09,7.314223065348067e-08,0.9999998858466871,3.9493953310662645e-08,OR
E,M6,0,3.2020351391376603e-08,1.759712068555792e-07,0.999999744409769,4.759867268516395e-08,OR
E,M6,0,2.195320382308807e-11,1.2709548624987417e-07,0.9999998698995731,2.982987503442692e-09,OR
E,M6,0,1.2901344858918302e-10,4.091484223184319e-09,0.9999999889066137,6.872888546259726e-09,OR
E,M6,0,1.2686034577180335e-08,5.412457973171128e-09,0.9999999817311048,1.704025239013226e-10,OR
E,M6,0,3.965968159714666e-07,5.816430715033623e-08,0.999999544307514,9.31362807380915e-10,OR
E,M6,0,5.380903142208696e-07,1.6670498846338246e-06,0.9999976984814126,9.637838857694554e-08,OR
E,M6,0,5.086236914176622e-11,1.8516069632716503e-08,0.9999999772350053,4.198062610850748e-09,OR
E,M6,0,2.8010046387444285e-09,2.4670277763350513e-08,0.9999999676051662,4.9235513260744435e-09,OR
E,M6,0,4.149653029353068e-09,7.887999400205304e-09,0.9999999876478204,3.14527003679799e-10,OR
E,M6,0,3.1331037569259674e-07,1.228138259119402e-06,0.9999984540234756,4.5278894470157685e-09,OR
E,M6,0,2.0547378289492432e-08,3.88196347063254e-06,0.9999960936671904,3.8219607009385e-09,OR
E,M6,0,6.379756882610996e-08,5.649070166744832e-09,0.9999999281678786,2.3854824075980847e-09,OR
E,M6,0,1.0621643865886758e-09,9.537394626736162e-10,0.999999985706651,1.2277445078096488e-08,OR
E,M6,0,4.010974628004339e-08,2.8658576852083073e-08,0.9999998921870551,3.9044621839341324e-08,OR
E,M6,0,9.760318744986176e-11,8.591314470352896e-07,0.9999991337552138,7.015736193055722e-09,OR
E,M6,0,8.497938789851183e-08,8.327379035873803e-07,0.9999990771047031,5.1780053941531195e-09,OR
E,M6,0,1.1535577480742592e-09,3.645236158736397e-08,0.9999999580037069,4.390373795570552e-09,OR
E,M6,0,1.838657607298883e-08,1.4773509253089574e-06,0.9999984990623023,5.2001962386426695e-09,OR
E,M6,0,1.3873875598668986e-08,3.421586742012152e-08,0.9999999334843641,1.8425892887213114e-08,OR
E,M6,0,7.685098441868176e-10,1.2324042056129299e-08,0.999999973956553,1.2950895065384135e-08,OR
E,M6,0,4.3291918114072034e-11,2.3456467588649335e-07,0.9999997648103232,5.817090569006987e-10,OR
E,M6,0,2.2000853272400098e-07,9.336700801283351e-08,0.9999996844807734,2.1436859600847147e-09,OR
E,M6,0,1.5868351374607618e-09,4.498128840045417e-08,0.9999999513204646,2.1114117847262593e-09,OR
E,M6,0,3.6024422978328685e-06,7.394149889678496e-09,0.9999963853410458,4.8225065197898315e-09,OR
E,M6,0,3.468849715186024e-06,5.873429933535326e-08,0.999996466797513,5.618472376698233e-09,OR
E,M6,0,2.490729050441075e-06,7.134599134773262e-06,0.9999902937310786,8.094073598304137e-08,OR
F,M6,0,8.523611454780412e-08,4.964082510319301e-09,0.9999999095493637,2.504390963456712e-10,OR
F,M6,0,2.0261631723148704e-05,6.108730742515535e-08,0.9999795163620139,1.6091895549502266e-07,OR
F,M6,0,6.556099634327716e-08,2.4146648251874903e-09,0.9999999319680282,5.631080636310375e-11,OR
F,M6,0,0.9999863174271322,3.717888454102362e-07,1.3306757646268732e-05,4.0263760455752545e-09,B
F,M6,0,0.9999865525192779,4.4648962496614146e-08,1.3383527057194755e-05,1.9304702284459678e-08,B
F,M6,0,1.3370763434971557e-05,2.3839056029969133e-06,0.9999804513334023,3.793997559731855e-06,OR
F,M6,0,5.6786856522974504e-06,3.7133007370667882e-06,0.9999906054783316,2.5352789990814544e-09,OR
F,M6,0,2.397092192810403e-06,1.4058186321543272e-05,0.9999833138684181,2.3085306739719478e-07,OR
F,M6,0,8.028839463912124e-06,1.3843204654295134e-08,0.9999919351673737,2.2149957831165753e-08,OR
F,M6,0,0.9999854680476578,2.252988159207606e-07,1.4303714592460737e-05,2.9389338583561826e-09,B
F,M6,0,2.366068066135594e-07,2.048340091542701e-07,0.999999557502538,1.056646282786917e-09,OR
F,M6,0,5.732584207190479e-08,1.104583835691134e-08,0.9999999307221822,9.061373675385374e-10,OR
F,M6,0,7.549461272665984e-09,6.066967647800316e-11,0.9999999923122226,7.764648939274129e-11,OR
F,M6,0,7.874884166538647e-06,4.865980152796684e-09,0.9999921183772692,1.872583892795004e-09,OR
F,M6,0,0.9999857308290984,3.3635736949022903e-09,1.4262033769473835e-05,3.773558512495684e-09,B
F,M6,0,0.9999941231397571,4.581504837196907e-08,5.812197842127967e-06,1.88473524755912e-08,B
F,M6,0,3.361784583105957e-06,1.7245267664995382e-09,0.9999966286416059,7.849284232179916e-09,OR
F,M6,0,9.16078911449177e-06,1.4286954697721718e-09,0.9999908312541778,6.528012159868946e-09,OR
F,M6,0,2.4463994057232563e-06,3.502684446893961e-07,0.9999971255811884,7.775096107176179e-08,OR
F,M6,0,1.7986536978094534e-07,1.5208002779160642e-09,0.9999998185456348,6.819511384586817e-11,OR
F,M6,0,6.419046742513272e-07,1.674634038527129e-10,0.9999993576532051,2.7465717715706e-10,OR
F,M6,0,6.353874973037284e-07,4.149560168333492e-09,0.9999993554965895,4.96635311861143e-09,OR
F,M6,0,6.8563331142526025e-06,8.34059511836522e-08,0.9999929003142565,1.5994667809871859e-07,OR
F,M6,0,8.548077487315065e-08,7.226619139657227e-06,0.9999926875158631,3.8422224580732974e-10,OR
F,M6,0,0.999991613057816,4.612554338721278e-08,8.332643228237576e-06,8.173412359537799e-09,B
F,M6,0,2.534728536883105e-07,2.2138484743938385e-08,0.999999723322708,1.0659536386752735e-09,OR
F,M6,0,8.69002976302682e-06,5.2452211013375955e-06,0.9999860448500344,1.9899101005380784e-08,OR
F,M6,0,1.2618511349781966e-06,2.9108321364281724e-08,0.9999987017590269,7.281516924508912e-09,OR
F,M6,0,3.8640034198353265e-06,2.4628802315434532e-08,0.9999960994586501,1.1909127944605113e-08,OR
F,M6,0,1.7226043415788005e-06,1.2297388033317666e-06,0.999997030450694,1.7206161108784362e-08,OR
F,M6,0,5.697420715539025e-07,6.905233290196309e-08,0.9999993394739486,2.173164699776625e-08,OR
G,M6,0,1.7127521334127988e-06,1.0119437985705125e-09,0.9999982805042008,5.7317218513815565e-09,OR
G,M6,0,0.9999893444709916,3.013349724388409e-06,7.613189335859442e-06,2.8989947969855232e-08,B
G,M6,0,0.9999933057260021,3.5835517247081213e-09,6.520813104439888e-06,1.6987734189463098e-07,B
G,M6,0,4.5591121395194025e-06,2.9180478516953793e-07,0.9999951458794473,3.2036279429989255e-09,OR
G,M6,0,1.522963223304545e-06,1.4811957484399321e-06,0.9999969455290878,5.031194069373434e-08,OR
G,M6,0,0.9999873477796623,1.404469489063964e-06,1.105859298464784e-05,1.8915786418794297e-07,B
G,M6,0,0.9999952423479733,1.2348543762917054e-07,4.628082282751804e-06,6.084306409893518e-09,B
G,M6,0,9.869128139851931e-06,6.688943645392029e-09,0.9999901189931355,5.189780962698023e-09,OR
G,M6,0,0.9999967556652024,1.3429201591324669e-08,3.2256964358291997e-06,5.209160228050031e-09,B
G,M6,0,8.006740935099251e-06,9.877331499364036e-06,0.9999821148767435,1.0508219684309558e-09,OR
G,M6,0,0.9999895505760689,5.244658421814215e-11,1.0449069502796848e-05,3.019818287995787e-10,B
G,M6,0,1.108932325191166e-05,2.3586087471785593e-09,0.9999889017219604,6.596178922850869e-09,OR
G,M6,0,0.999999977326132,9.370223988310021e-11,2.230863460044952e-08,2.7153130319447215e-10,B
G,M6,0,0.9999930779839526,2.5605055886544276e-07,6.663796927223134e-06,2.1685612393114287e-09,B
G,M6,0,1.2033015870184115e-10,1.856091193092323e-08,0.9999999812736836,4.5074308372229884e-11,OR
G,M6,0,5.170106834127558e-06,1.4241613122937789e-06,0.9999931950826288,2.1064922480220165e-07,OR
G,M6,0,2.3149916578157538e-05,1.5884217591471171e-07,0.9999760628035425,6.284377036096412e-07,OR
G,M6,0,0.9999880185706457,4.611922558701158e-09,1.1975525488842296e-05,1.2919427813024854e-09,B
G,M6,0,0.9999925241335,3.1184360263161376e-08,7.162085832519861e-06,2.82596307126762e-07,B
G,M6,0,0.9999925079832738,7.814266284775672e-09,7.483818241812508e-06,3.84218225109497e-10,B
G,M6,0,0.9999884705373489,1.7892615401039235e-07,1.134035567591638e-05,1.0180821247566304e-08,B
G,M6,0,0.9999872352914696,2.9439333225404937e-08,1.2734641736019695e-05,6.274612820521874e-10,B
G,M6,0,2.5273188682264748e-08,6.664722800149916e-07,0.9999993072475474,1.0069839836613885e-09,OR
G,M6,0,1.5461314328875882e-05,2.988420328464184e-07,0.9999837752251634,4.646184748247087e-07,OR
G,M6,0,0.9999878826386849,3.5172594322191172e-06,8.585522642915403e-06,1.4579239942304718e-08,B
G,M6,0,0.9999879315851485,2.1283501397449937e-06,9.910551682865249e-06,2.9513028828479786e-08,B
G,M6,0,0.9999936650284742,5.523465589194109e-06,7.918587067973211e-07,1.9647229801091605e-08,B
G,M6,0,1.686630375560699e-05,2.4238353527833444e-06,0.9999806788071232,3.105376833882169e-08,OR
G,M6,0,3.4377812754877126e-06,7.209088756374253e-06,0.9999893388683417,1.4261626268445381e-08,OR
G,M6,0,0.9999891703262858,4.206285134031581e-08,1.0772834643148269e-05,1.4776219543959112e-08,B
G,M6,0,0.9999965830273976,3.3912064396703013e-09,3.40473191283727e-06,8.849483289262983e-09,B
H,M6,0,2.3425747842881144e-05,1.7553476702741268e-07,0.9999677512963369,8.647421053211188e-06,OR
H,M6,0,4.825032625519255e-09,2.7125369953806703e-08,0.999999843548369,1.245012283544069e-07,OR
H,M6,0,9.68489715291668e-07,1.9799959357822808e-07,0.999998743594616,8.991607514853873e-08,OR
H,M6,0,2.4666608683779962e-08,4.7410378478968306e-08,0.9999999018817379,2.6041274959220144e-08,OR
H,M6,0,3.281615848658832e-09,1.0730285030983882e-08,0.9999999426345132,4.335358604095122e-08,OR
H,M6,0,4.858538425312292e-09,9.557165097785751e-08,0.9999997378182092,1.6175160145296438e-07,OR
H,M6,0,1.2130634294799286e-08,6.98283771851785e-07,0.9999989740401712,3.155454227452106e-07,OR
H,M6,0,6.621566957289591e-08,1.3837277917406852e-08,0.9999998397008146,8.024623787888417e-08,OR
H,M6,0,2.7208772123960746e-08,1.4763917446753356e-06,0.9999983552119077,1.4118757549790285e-07,OR
H,M6,0,2.8610738966735674e-07,2.9421652168848254e-07,0.9999993624146883,5.72614003125765e-08,OR
H,M6,0,6.168487808200589e-10,1.4739705686567704e-07,0.9999998044106678,4.757542641995884e-08,OR
H,M6,0,9.822241777664677e-09,4.431891359319956e-07,0.999999528579625,1.840899712933869e-08,OR
H,M6,0,3.914894836019259e-08,9.536265686735866e-08,0.9999997770555682,8.84328267537172e-08,OR
H,M6,0,4.643300420369594e-09,6.666016803811081e-08,0.9999996844942368,2.442022948063614e-07,OR
H,M6,0,1.7244732704675515e-08,4.0493354533342055e-08,0.9999998695319111,7.273000161188446e-08,OR
H,M6,0,9.527066087796202e-09,6.778021163292773e-08,0.9999998312835243,9.140919781633724e-08,OR
H,M6,0,7.06437240915827e-10,3.364952912280203e-08,0.9999996885891923,2.770548413029193e-07,OR
H,M6,0,5.061361649341069e-09,1.2131837718791992e-07,0.9999997518559368,1.217643243450122e-07,OR
H,M6,0,2.3816357631079064e-07,2.7124467068453284e-07,0.9999991405095578,3.5008219518814395e-07,OR
H,M6,0,3.6985504971001465e-10,1.1745213463292046e-07,0.9999998608204026,2.1357607569860654e-08,OR
H,M6,0,1.2747352209278155e-08,5.507208150264506e-08,0.9999997381166901,1.9406387627154914e-07,OR
H,M6,0,3.3553690893735145e-08,6.179233732645896e-07,0.9999993161892262,3.233370953207255e-08,OR
H,M6,0,2.9234708665799465e-08,2.717733215589864e-07,0.9999996853504609,1.3641509002456766e-08,OR
H,M6,0,2.2947989993228805e-07,1.8475958463931391e-07,0.9999995753174373,1.0443078017139642e-08,OR
H,M6,0,1.0907748477399598e-08,1.8508458011144776e-07,0.9999997956483686,8.359302837297644e-09,OR
H,M6,0,6.060599691200902e-09,1.070833642897758e-06,0.9999988682681701,5.4837587475529883e-08,OR
H,M6,0,1.1444691590718914e-07,1.8714987876571306e-07,0.9999996008738933,9.752931214402783e-08,OR
H,M6,0,8.530138532089855e-09,3.797459050371295e-08,0.9999998715650728,8.19301984258271e-08,OR
H,M6,0,4.390325824236173e-10,4.2484188792705484e-08,0.999999951349868,5.726910565822086e-09,OR
H,M6,0,8.412555291524331e-09,8.277887291391781e-08,0.9999998274112554,8.139731630780533e-08,OR
H,M6,0,8.012995677411052e-08,3.153351666340899e-07,0.9999995492829294,5.525194719273998e-08,OR
I,M6,0,9.960148908362202e-07,2.7350698690643376e-08,0.9999989689860963,7.648314279203407e-09,OR
I,M6,0,7.0378505131855124e-06,1.1975285205972132e-06,0.9999917328673513,3.175361489655998e-08,OR
I,M6,0,1.8476138197301711e-06,2.0407352239783317e-09,0.9999981491636215,1.1818235195569568e-09,OR
I,M6,0,7.910445233176432e-07,5.686152661834621e-10,0.9999992046289556,3.7579056741662985e-09,OR
I,M6,0,3.485026431711526e-07,1.1624260987021176e-06,0.9999980204578451,4.686134129510936e-07,OR
I,M6,0,6.006979868665205e-08,4.4494397671075524e-10,0.9999999379394405,1.5458168899461385e-09,OR
I,M6,0,2.0545583231075806e-08,5.078444533171585e-07,0.9999994632382133,8.371750122905568e-09,OR
I,M6,0,0.9999860758931104,2.315891544172411e-08,1.3900055520807736e-05,8.924534004396231e-10,B
I,M6,0,1.1032401199148885e-05,1.4199105397261679e-06,0.9999875232072092,2.4481052011525233e-08,OR
I,M6,0,2.7037235909996173e-06,6.74173926533892e-07,0.9999965724456166,4.965686589487072e-08,OR
I,M6,0,3.2192578770783943e-09,5.444700211503073e-08,0.9999999389415699,3.3921701127053605e-09,OR
I,M6,0,6.909819537400793e-10,1.5480017195447868e-06,0.9999984474584164,3.8488821807102316e-09,OR
I,M6,0,1.0259752070301454e-05,1.0882087767137196e-06,0.9999886385304396,1.3508713201758452e-08,OR
I,M6,0,1.7755398257153788e-06,2.556783050769984e-08,0.9999981851423513,1.3749992354478534e-08,OR
I,M6,0,8.456626523907876e-09,3.398757840549115e-05,0.9999659751937642,2.8771203629082107e-08,OR
I,M6,0,6.262157266051546e-09,6.001752577034654e-07,0.9999993801826172,1.3379967654838886e-08,OR
I,M6,0,2.297950412148653e-06,1.9023980036494897e-08,0.9999976786433898,4.3822179542636015e-09,OR
I,M6,0,1.792833032942079e-10,1.600721004024638e-09,0.9999999976797351,5.40260421497073e-10,OR
I,M6,0,1.1401402493679404e-08,9.748996583134011e-08,0.9999998887877443,2.3208873764126556e-09,OR
I,M6,0,0.9999738643896898,8.004915025605685e-10,2.6134517323948413e-05,2.9249492105210486e-10,B
I,M6,0,2.4869159049294496e-06,3.3087455271116032e-06,0.9999941821967969,2.21417711280407e-08,OR
I,M6,0,2.312436377006279e-07,4.193457376324156e-08,0.9999996703054342,5.6516354279303425e-08,OR
I,M6,0,1.344945346510706e-06,8.057452965200056e-07,0.9999977553308966,9.397846029099553e-08,OR
I,M6,0,1.3386881964717994e-05,1.5458141112073623e-08,0.9999865964660479,1.1938462326455076e-09,OR
I,M6,0,6.237213604812934e-09,1.3220997737247356e-05,0.9999867597589746,1.300607450331884e-08,OR
I,M6,0,8.171328973976583e-06,2.83369909449022e-09,0.9999918242914432,1.5458837272866955e-09,OR
I,M6,0,8.425362777738854e-10,6.709668708541696e-07,0.9999993262701377,1.9204551794651755e-09,OR
I,M6,0,1.3896322372857527e-08,0.9999863562855928,1.3629692490729642e-05,1.255940511897333e-10,IR
I,M6,0,1.0397534321444446e-07,1.511528661524311e-08,0.9999998709872269,9.922143485247863e-09,OR
I,M6,0,4.798279766409709e-07,4.120126290693678e-06,0.9999949964497955,4.0359593722873894e-07,OR
I,M6,0,8.094095160484298e-09,6.055668925191978e-07,0.9999993210735381,6.526547425007488e-08,OR
J,M6,0,5.435761583713547e-06,8.510451494255074e-07,0.9999936922168651,2.0976401855598622e-08,OR
J,M6,0,8.804179475473759e-09,1.8375152883617698e-05,0.9999815562534573,5.978947964982658e-08,OR
J,M6,0,1.1079396275839388e-05,3.7013700974506946e-08,0.9999888641691388,1.942088449048113e-08,OR
J,M6,0,3.698331107574854e-08,2.7321518819754616e-07,0.9999996850186756,4.7828251828319725e-09,OR
J,M6,0,6.421402532221761e-06,9.809317127704126e-06,0.9999836132904717,1.5598986836434077e-07,OR
J,M6,0,2.9836014845677516e-07,2.639518361546685e-07,0.9999994052608425,3.242717293502721e-08,OR
J,M6,0,3.275816524179651e-07,0.9999657675070484,3.3901887200292676e-05,3.024098963726256e-09,IR
J,M6,0,6.771584973941355e-07,7.207691108166456e-06,0.9999920754872165,3.966317787321102e-08,OR
J,M6,0,1.4430747936576632e-08,1.1506351290031465e-05,0.9999884732445515,5.97341034645424e-09,OR
J,M6,0,7.2154099092117555e-06,1.5091152433927192e-05,0.9999776483244704,4.5113186451209734e-08,OR
J,M6,0,8.374161267852614e-10,0.9999756466226682,2.435081264874431e-05,1.7272668668973244e-09,IR
J,M6,0,3.785455615369885e-06,0.9999961819426675,3.2597192389940186e-08,4.524758487537781e-12,IR
J,M6,0,1.6901608901878005e-08,1.3257118277603352e-06,0.9999986508840961,6.502467190082351e-09,OR
J,M6,0,6.900501834046626e-06,1.559500851134118e-08,0.9999930821149043,1.788253084376435e-09,OR
J,M6,0,6.136877017607541e-08,4.166342252597893e-06,0.9999956976535389,7.463543840388494e-08,OR
J,M6,0,1.5536339132647236e-06,9.173621342327882e-06,0.999989208161427,6.45833173914709e-08,OR
J,M6,0,0.9999971546478518,5.4772575275844264e-08,2.7901982947399823e-06,3.8127835983430966e-10,B
J,M6,0,2.28985788089265e-07,8.514170073728086e-06,0.9999909869727529,2.698713852113385e-07,OR
J,M6,0,0.9999778026226596,9.216082992852151e-07,2.1253905104929652e-05,2.1863936312412835e-08,B
J,M6,0,8.030976746883895e-08,1.5950374388726438e-07,0.9999997477560739,1.2430414694587985e-08,OR
J,M6,0,0.9999809464536852,8.954788672897212e-06,1.0093759313926119e-05,4.998328112369035e-09,B
J,M6,0,0.9999936369390036,6.901227527870239e-07,5.651420021602585e-06,2.1518222249614593e-08,B
J,M6,0,7.655611644551305e-06,1.7108768414916679e-06,0.999990596583523,3.692799101750613e-08,OR
J,M6,0,2.2870646324527213e-05,1.0873786631714752e-06,0.999975937490596,1.0448441614440887e-07,OR
J,M6,0,1.4200582148364791e-06,0.9999828193916382,1.575918793102735e-05,1.3622159377078023e-09,IR
J,M6,0,2.2315698400686342e-05,3.450348556048166e-06,0.9999739851620947,2.487909487941286e-07,OR
J,M6,0,2.944504728698534e-05,8.367457564926867e-06,0.9999620822364944,1.052586536925486e-07,OR
J,M6,0,1.2810429474350194e-07,1.6682031693832571e-06,0.9999981637290746,3.996346122853559e-08,OR
J,M6,0,4.348103658785066e-06,2.974228878387064e-05,0.9999658863233041,2.328425338008246e-08,OR
J,M6,0,0.9999915394673151,2.677486852486453e-06,5.777109920741902e-06,5.935911531383196e-09,B
J,M6,0,1.3199361148176055e-05,6.579796435087037e-07,0.9999860511723772,9.14868312202649e-08,OR
K,M6,0,1.2587929083983206e-10,3.129982141548102e-10,0.999999998933538,6.275843541677958e-10,OR
K,M6,0,1.700377850821771e-08,2.4067475342023256e-07,0.9999997397460223,2.5754458875878383e-09,OR
K,M6,0,3.768590819476374e-08,1.0949419422375758e-06,0.9999988551942652,1.2177884395731936e-08,OR
K,M6,0,6.890747730260567e-06,8.92555401269626e-07,0.9999836160190994,8.600677769174323e-06,OR
K,M6,0,4.260633579429752e-08,1.2812047441616857e-08,0.9999999432881524,1.2934643148514808e-09,OR
K,M6,0,2.4848050032766103e-11,1.1650590770888825e-09,0.9999999987848625,2.5230452147176074e-11,OR
K,M6,0,2.2424220463149232e-09,2.6183478516254945e-10,0.9999999969265254,5.692178382605766e-10,OR
K,M6,0,4.677067630947467e-10,3.2610365214888767e-09,0.9999999941701874,2.101069380954683e-09,OR
K,M6,0,7.200365217553553e-08,6.28209601792751e-06,0.9999935614187362,8.448159372238789e-08,OR
K,M6,0,6.599516207699192e-08,2.4624242794791006e-08,0.9999998923161868,1.706440822197979e-08,OR
K,M6,0,2.4397487299809255e-09,3.3664192448526803e-09,0.9999999880961504,6.0976816114767196e-09,OR
K,M6,0,2.3801490476666974e-10,3.3420105341660433e-09,0.9999999961437458,2.762288828384541e-10,OR
K,M6,0,1.314311757611961e-05,8.63109023492217e-07,0.9999859771364513,1.6636948953409173e-08,OR
K,M6,0,1.7802798578121406e-05,9.63477131841683e-07,0.9999812315388394,2.1854506307751512e-09,OR
K,M6,0,3.5989040577348313e-10,1.7595910571220923e-10,0.9999999994027298,6.142071226816334e-11,OR
K,M6,0,8.076963710249461e-08,2.0197072837469515e-06,0.9999978913013625,8.221716663844622e-09,OR
K,M6,0,2.2078221668397408e-05,2.912801941785479e-06,0.9999750028800175,6.096372116893418e-09,OR
K,M6,0,1.438813603841233e-08,3.9000673427302676e-08,0.9999999461526079,4.5858271867466015e-10,OR
K,M6,0,2.0947535931301144e-07,8.026264709393921e-06,0.9999917588308247,5.429106660391434e-09,OR
K,M6,0,6.51963800205279e-06,1.048517125604261e-06,0.9999924101390599,2.1705812432728823e-08,OR
K,M6,0,1.4038239543472889e-08,1.6688666065156754e-07,0.9999998133990138,5.676086177393864e-09,OR
K,M6,0,4.092788361974056e-09,1.3346729553272119e-08,0.9999999759761292,6.584352921837505e-09,OR
K,M6,0,3.765728353998959e-06,1.412108696324756e-06,0.999994745057569,7.710538046277235e-08,OR
K,M6,0,2.2837889921493398e-05,2.3140873453562732e-06,0.999968372726304,6.475296429323943e-06,OR
K,M6,0,1.4550625441038672e-05,9.154006007586634e-08,0.999985355712247,2.122251837584179e-09,OR
K,M6,0,3.036213856341488e-08,1.7775505298876364e-09,0.9999999671776736,6.82637205803433e-10,OR
K,M6,0,3.2320772108179084e-09,1.389463636538098e-07,0.9999998327799331,2.504162622774123e-08,OR
K,M6,0,1.984485731338462e-11,3.521276759420323e-09,0.9999999964138773,4.500121492213466e-11,OR
K,M6,0,1.041859669228779e-06,1.5634766194422252e-07,0.9999987899682607,1.1824408129832801e-08,OR
K,M6,0,4.3253299604601293e-07,7.463743174400102e-07,0.9999988203781891,7.144974801576265e-10,OR
K,M6,0,3.0715361215884717e-06,2.2673048684542563e-06,0.9999946541540943,7.004915508706724e-09,OR
L,M6,0,5.726008094374681e-07,4.738310269915791e-07,0.999998952387425,1.1807384598180624e-09,OR
L,M6,0,1.73480101446699e-06,2.229627303907812e-07,0.9999980387873738,3.448881304629505e-09,OR
L,M6,0,0.9999956666845521,6.614960451849661e-09,4.322626464886488e-06,4.074022643004479e-09,B
L,M6,0,0.9999994918380299,6.855089337928812e-11,5.079379023321701e-07,1.5551691588670112e-10,B
L,M6,0,6.18210480742551e-06,1.5709410546133067e-07,0.9999936601390607,6.62026553544606e-10,OR
L,M6,0,0.9999913810169596,1.3432666925858628e-06,7.275187857611808e-06,5.284902626653963e-10,B
L,M6,0,1.667887470846191e-05,5.175545248518062e-06,0.9999781332827438,1.2297299175196516e-08,OR
L,M6,0,3.303264031761517e-06,7.920979140017079e-07,0.9999959010061877,3.6318663586222626e-09,OR
L,M6,0,1.3740605213234723e-08,3.085839957102195e-11,0.9999999861944906,3.404594492640524e-11,OR
L,M6,0,0.9999931333282012,2.6210227736829637e-08,6.835275749907365e-06,5.185821315432253e-09,B
L,M6,0,1.0731508422338077e-05,1.5180367578984861e-09,0.9999892536538892,1.3319651776623907e-08,OR
L,M6,0,1.066342563149036e-05,1.4606016433438168e-08,0.9999893009753044,2.0993047706878862e-08,OR
L,M6,0,0.9999787512255133,9.71063140735988e-06,1.135296776018844e-05,1.851753191836773e-07,B
L,M6,0,1.3178001307313283e-05,2.436285660062317e-08,0.9999867931850457,4.450790352664372e-09,OR
L,M6,0,3.28116974087778e-06,2.728222209802514e-07,0.99999644161868,4.3893581252685095e-09,OR
L,M6,0,1.1474384267162929e-05,2.054193894466309e-05,0.9999679641886499,1.9488138242438376e-08,OR
L,M6,0,0.999998484487002,1.1384108134546793e-07,3.099207371538008e-07,1.0917511794246817e-06,B
L,M6,0,1.1081499019928277e-05,9.00152582502001e-10,0.9999889053126815,1.2288146052974454e-08,OR
L,M6,0,0.9999883525486054,1.2348599585171114e-07,1.0730651520955396e-05,7.933138779526447e-07,B
L,M6,0,3.0362740206487414e-05,1.0579801984746868e-06,0.9999685423088136,3.697078154756981e-08,OR
L,M6,0,2.5400733071133633e-05,6.381040255381104e-10,0.9999745903670568,8.261768055431999e-09,OR
L,M6,0,1.3468554654350837e-06,7.208782785345717e-09,0.9999986380001648,7.935587169783466e-09,OR
L,M6,0,0.999997175012428,1.5356659769442714e-09,2.8208376693817865e-06,2.6142368581837107e-09,B
L,M6,0,2.2452916225589787e-05,1.1133732225520002e-08,0.9999775279305888,8.019453412151053e-09,OR
L,M6,0,1.803934314657427e-05,1.7702385947325939e-07,0.9999817040932938,7.953970025864047e-08,OR
L,M6,0,3.743935314926949e-06,1.0850540562773388e-09,0.9999960468814327,2.080981983602312e-07,OR
L,M6,0,0.9999898484814255,1.5660639740024154e-06,8.580387724505218e-06,5.066876190356368e-09,B
L,M6,0,0.9999932307322668,2.981655669255855e-08,6.734708554582231e-06,4.742621888335159e-09,B
L,M6,0,8.40130218330606e-08,2.6681476651357863e-08,0.9999998837565631,5.5489384021087125e-09,OR
L,M6,0,2.9606331226213077e-06,8.883888162256612e-06,0.9999881500559618,5.4227531577296114e-09,OR
L,M6,0,1.3359649933297457e-05,2.85332882118886e-06,0.9999832797018058,5.073194396775609e-07,OR
M,M6,0,1.4463063503175156e-05,5.400613456687897e-07,0.9999836214475342,1.3754276170881398e-06,OR
M,M6,0,5.280563658323648e-09,3.7829792850310104e-07,0.9999996078784162,8.543091581784843e-09,OR
M,M6,0,2.1940337962419062e-07,2.6289834630773166e-08,0.9999997478321402,6.474645663249622e-09,OR
M,M6,0,1.162974667684152e-06,1.5454959159748062e-07,0.9999986661493662,1.632637450783767e-08,OR
M,M6,0,1.7160721798792875e-06,1.2203758650561357e-08,0.9999982459889908,2.5735070659841258e-08,OR
M,M6,0,1.6418420512342142e-06,1.4436529799673405e-06,0.9999963945504989,5.199544697193409e-07,OR
M,M6,0,0.9999814994514926,8.987958857864825e-08,1.763886099769352e-05,7.718079211304297e-07,B
M,M6,0,2.418856306392384e-06,2.2685450050444288e-08,0.9999969082267383,6.502315053052097e-07,OR
M,M6,0,1.2795854649145964e-07,1.4721860177046686e-07,0.9999996945228452,3.030000656451898e-08,OR
M,M6,0,1.0541286089330504e-05,4.844840447642397e-07,0.9999886808492122,2.933806535052538e-07,OR
M,M6,0,1.465476464743343e-06,8.20533840613655e-08,0.9999981262089329,3.2626121815959767e-07,OR
M,M6,0,3.7458483645415226e-07,7.1117668464382574e-09,0.9999996136055572,4.697839337376992e-09,OR
M,M6,0,1.381419150008467e-06,9.794181997734895e-09,0.9999986056908633,3.095804636347618e-09,OR
M,M6,0,3.7307864927496885e-09,2.3334394262699758e-09,0.9999999931531158,7.826580623710996e-10,OR
M,M6,0,3.1001383875899625e-08,1.4643273493305593e-07,0.9999998012968441,2.1269037097663255e-08,OR
M,M6,0,1.3046031829480864e-05,9.3742821445221e-07,0.9999833075171641,2.709022791886904e-06,OR
M,M6,0,6.729929528883305e-10,1.6989456996142467e-08,0.9999999820955999,2.4195015588405563e-10,OR
M,M6,0,5.7188067361276665e-08,1.3931826694369804e-09,0.9999999259445612,1.5474188846076694e-08,OR
M,M6,0,3.207812551474559e-06,4.847624330258448e-07,0.999996216148603,9.12764124976237e-08,OR
M,M6,0,1.0018779650679864e-06,7.343803269140029e-07,0.9999979571827868,3.065589213345324e-07,OR
M,M6,0,1.3405220269603496e-07,2.3446759001570658e-08,0.9999997431783791,9.932265914511731e-08,OR
M,M6,0,1.6568070595731608e-07,4.6536753108839745e-07,0.9999993654157436,3.536019226144996e-09,OR
M,M6,0,3.1897355047632895e-06,1.7200869734608095e-08,0.9999967839959175,9.067708121621236e-09,OR
M,M6,0,7.843280946221733e-07,4.052863555388027e-07,0.9999987698477184,4.053783138586204e-08,OR
M,M6,0,5.067600780342821e-06,3.261937221768394e-08,0.999994855026768,4.475307955734304e-08,OR
M,M6,0,4.148810987965218e-06,1.4266979214878688e-07,0.9999949046689198,8.038503000741968e-07,OR
M,M6,0,1.4458405456504259e-09,4.918885197200736e-09,0.9999999931908015,4.444727682830789e-10,OR
M,M6,0,1.9620972028041927e-10,2.7995986156238653e-09,0.9999999961737767,8.304150538666872e-10,OR
M,M6,0,2.9720368422061734e-10,6.842887654470872e-10,0.9999999973380473,1.6804601365799213e-09,OR
M,M6,0,2.1844547752971673e-07,1.0534975335171458e-07,0.9999996495071215,2.6697647593731197e-08,OR
M,M6,0,5.538156399918157e-07,1.8781892587692454e-07,0.9999992541758194,4.189614552387306e-09,OR
N,M6,0,5.633054273544107e-06,1.518083891517359e-05,0.9999655529451746,1.3633161636549605e-05,OR
N,M6,0,0.9999999938360311,1.188454011727492e-10,2.3460036065852086e-10,5.810523207393737e-09,B
N,M6,0,0.999994611388504,3.4234106299145646e-09,5.382634252215115e-06,2.5538331610456536e-09,B
N,M6,0,0.9999934788532002,8.497766735605847e-08,6.434523389968338e-06,1.6457423217447182e-09,B
N,M6,0,0.9999925806407004,9.934909040733148e-09,7.391027472773539e-06,1.8396917699728378e-08,B
N,M6,0,0.9999995171021581,2.3314940315046665e-09,4.759420034525268e-07,4.62434435828671e-09,B
N,M6,0,0.999989136724484,2.026783406142506e-09,1.0860530943221608e-05,7.177894374535353e-10,B
N,M6,0,0.9999937892808753,4.5289867149768223e-10,6.210204448999815e-06,6.177697202766004e-11,B
N,M6,0,0.9999979051184871,3.113914998182131e-10,2.094459997139083e-06,1.1012422473424695e-10,B
N,M6,0,0.9999934718921185,2.429948696171323e-07,5.94100127899389e-06,3.4411173298401396e-07,B
N,M6,0,0.999989821543259,2.7322325874006105e-08,1.0146186971438187e-05,4.947443703432473e-09,B
N,M6,0,0.9999903010004875,1.624092711266838e-08,9.68147473573408e-06,1.2838497519705713e-09,B
N,M6,0,0.9999973276219316,9.569900748662894e-08,2.0890564507944972e-06,4.876226101166836e-07,B
N,M6,0,0.9999915187013172,2.4346288937775733e-08,8.45409791791051e-06,2.854475895231337e-09,B
N,M6,0,3.937551393364205e-05,4.706853321820098e-07,0.99996014201087,1.1789864070364764e-08,OR
N,M6,0,0.9999999524712417,1.2244509421511729e-08,3.507630431445922e-08,2.0794427694662533e-10,B
N,M6,0,2.4960942934190783e-05,4.929449037917061e-07,0.9999744937854933,5.2326668831603755e-08,OR
N,M6,0,2.973062356924929e-05,6.771385003001159e-07,0.9999694570511559,1.3518677454156196e-07,OR
N,M6,0,0.9999960627690114,1.3775957375236216e-07,3.710693566795096e-06,8.877784783359093e-08,B
N,M6,0,7.387962629230742e-06,2.306163445249687e-06,0.9999844720182274,5.833855698259724e-06,OR
N,M6,0,0.9999972561994126,2.3415747995427675e-08,2.720155119507631e-06,2.2971973731195577e-10,B
N,M6,0,0.99998468173081,8.479537730438708e-08,1.523195228020379e-05,1.5215324922752194e-09,B
N,M6,0,0.999991385186605,1.1965898682604478e-08,8.572911793635434e-06,2.993570266198988e-08,B
N,M6,0,0.9999998305181569,4.755947499048063e-11,1.6900570074458317e-07,4.285829713270942e-10,B
N,M6,0,0.9999977706407419,3.0098766026143316e-08,2.1442949945546124e-06,5.496549719277083e-08,B
N,M6,0,0.9999996244074351,1.111981995927426e-07,1.1522896919294039e-07,1.4916539608367744e-07,B
N,M6,0,3.3697610965375086e-05,1.8614216373812988e-07,0.9999660851993027,3.104756807282113e-08,OR
N,M6,0,3.996834767595557e-05,2.189051855498804e-06,0.9999577477770457,9.482342281268138e-08,OR
N,M6,0,1.367123084318777e-05,3.5319163702509745e-06,0.9999726235675264,1.0173285260278277e-05,OR
N,M6,0,0.9999804254108869,2.3545746988847736e-08,1.9530163923947127e-05,2.0879442271717565e-08,B
N,M6,0,0.9999944323599315,3.704661381546667e-09,5.563017747506448e-06,9.176595322001621e-10,B
O,M6,0,0.999999380700861,2.138880577734514e-07,4.0417866018438136e-07,1.2324210482422785e-09,B
O,M6,0,0.9999966323502316,5.092243840979277e-07,2.846372562033232e-06,1.2052822192932134e-08,B
O,M6,0,0.9999882793005995,3.3873985446254125e-06,8.159759022892735e-06,1.735418329638541e-07,B
O,M6,0,0.9999931752265514,4.055520278888139e-09,6.7907583665801585e-06,2.99595617407734e-08,B
O,M6,0,3.0457613257916423e-05,4.405766195387956e-08,0.9999693548190625,1.435100177419897e-07,OR
O,M6,0,3.828405797852355e-06,0.9999956555323659,5.121443031946491e-07,3.91753290301641e-09,IR
O,M6,0,1.4735173188007496e-05,7.752273340220329e-06,0.9999774405205892,7.203288230592824e-08,OR
O,M6,0,3.168588545179346e-05,1.314421307898934e-06,0.9999669982625458,1.4306945817157511e-09,OR
O,M6,0,2.3580265103173325e-05,1.3846877143901136e-07,0.9999761671251022,1.1414102310736547e-07,OR
O,M6,0,0.9999869556748698,7.321875354076634e-06,5.689422659294413e-06,3.302711673359256e-08,B
O,M6,0,0.9999891675927739,3.0257498752775576e-07,1.0525342102635023e-05,4.490136037367204e-09,B
O,M6,0,3.714556823523335e-09,2.5814129804545695e-10,0.9999999958819601,1.4534163747827138e-10,OR
O,M6,0,0.9999936327146247,4.2498717801542475e-06,1.6269362003875488e-06,4.904773946356574e-07,B
O,M6,0,4.022943667285285e-06,3.2695471627139907e-06,0.9999926688551282,3.865404201381525e-08,OR
O,M6,0,0.9999893215380531,5.445882896759247e-06,5.062884740277457e-06,1.696943100489875e-07,B
O,M6,0,1.3987777316922794e-05,4.348248792944697e-06,0.9999814704081652,1.9356572484301757e-07,OR
O,M6,0,2.255558279642144e-05,3.2515424443183195e-08,0.9999774106753434,1.2264356680985772e-09,OR
O,M6,0,2.073689172777931e-05,3.911675398299676e-06,0.999975261816809,8.961606482855394e-08,OR
O,M6,0,1.3754460885368495e-07,0.9999926506641762,7.211452700022701e-06,3.3851484717693493e-10,IR
O,M6,0,3.618263613061719e-06,0.999992556634318,3.823399432076817e-06,1.7026369978009952e-09,IR
O,M6,0,0.9999901953287397,2.3999951613123735e-06,7.398915777105935e-06,5.760321968494367e-09,B
O,M6,0,0.9999858705466715,7.760567226462772e-06,6.340965126042291e-06,2.792097583521797e-08,B
O,M6,0,2.1179206341329094e-06,9.720992515954293e-06,0.9999881055969452,5.548990474993614e-08,OR
O,M6,0,1.3797058187665946e-07,3.5160175938802153e-07,0.999999495413001,1.501465781797168e-08,OR
O,M6,0,4.626169342066944e-06,2.697296954856084e-05,0.9999667462315442,1.6546295650691397e-06,OR
O,M6,0,0.9999937041220919,3.6742879537362335e-07,5.9181869173612056e-06,1.0262195355870836e-08,B
O,M6,0,3.3780272312772494e-06,0.9999960763987285,5.437173818900824e-07,1.8566583284641492e-09,IR
O,M6,0,1.5971539915104354e-06,3.822788924436169e-06,0.9999945174904271,6.256665707780215e-08,OR
O,M6,0,0.0729892696852347,0.8939627088393777,0.03269524584768007,0.0003527756277074761,IR
O,M6,0,5.38827076180845e-06,0.999992968704292,1.6159750012642594e-06,2.7049944895843597e-08,IR
O,M6,0,7.5631383809484875e-06,0.9999920894996449,3.46746459281632e-07,6.155147556761404e-10,IR
P,M6,0,3.2819253713507683e-10,4.5459058859891195e-12,0.9999999996660243,1.237123932184689e-12,OR
P,M6,0,1.9222853177519488e-07,7.031742817359495e-07,0.9999991029827902,1.6143963678652837e-09,OR
P,M6,0,1.8011930401355403e-06,2.5920466015836297e-06,0.9999956046025613,2.1577971232901354e-09,OR
P,M6,0,1.3166487723657958e-09,9.195906865369574e-07,0.9999990765222514,2.5704133162915226e-09,OR
P,M6,0,8.45356273594704e-06,7.006443416396493e-06,0.9999845187799379,2.1213909675886014e-08,OR
P,M6,0,5.836721362340582e-06,4.3644083138622706e-08,0.9999941131469682,6.4875865481823215e-09,OR
P,M6,0,1.526625143478411e-05,3.505853278061727e-08,0.9999846867273531,1.196267934023345e-08,OR
P,M6,0,1.6473360207125817e-08,1.2789185126119277e-10,0.9999999833005256,9.822229994502145e-11,OR
P,M6,0,4.789411112957005e-06,2.221800945412067e-06,0.9999929713396102,1.7448331277756617e-08,OR
P,M6,0,1.3312529436149996e-05,3.7826387683010455e-07,0.999986251641016,5.7565671040430635e-08,OR
P,M6,0,2.2317016068251104e-07,1.0146551058060021e-08,0.9999997661567083,5.265799240349792e-10,OR
P,M6,0,7.205808304282254e-08,2.973321943117838e-10,0.9999999274957675,1.4881725488215722e-10,OR
P,M6,0,9.548028141999279e-06,3.0351329988421824e-06,0.9999873985341536,1.8304705560536407e-08,OR
P,M6,0,1.5060837028441514e-05,4.749231189759843e-09,0.9999849330060324,1.4077079812580226e-09,OR
P,M6,0,3.7938148009865056e-07,0.9999815287720767,1.8088936505081376e-05,2.909938046301185e-09,IR
P,M6,0,7.933923760812991e-06,1.9756470814663287e-06,0.999990024909207,6.551995067785802e-08,OR
P,M6,0,5.297961288966865e-07,1.5429863805402746e-08,0.9999994547006981,7.33091349609884e-11,OR
P,M6,0,1.4504081965723866e-05,1.5609331519219905e-08,0.9999854770405866,3.2681159680188244e-09,OR
P,M6,0,7.53936091409475e-06,7.319942129836867e-09,0.9999922663507738,1.869683700831376e-07,OR
P,M6,0,1.7992753572683129e-06,7.037875484922904e-08,0.9999981290445279,1.3013601992828443e-09,OR
P,M6,0,1.8324004947188002e-09,1.8192079613736045e-07,0.9999998155711429,6.756602687785546e-10,OR
P,M6,0,4.5360319396886685e-06,0.9999848253774761,1.063823383199766e-05,3.567523379623087e-10,IR
P,M6,0,3.990438303703672e-06,2.0423746747975956e-09,0.9999960054988848,2.0204369466718015e-09,OR
P,M6,0,1.5244148608011874e-05,7.310308979960953e-07,0.9999840186176138,6.2028802911379816e-09,OR
P,M6,0,7.039628932403452e-11,5.270282285829686e-09,0.9999999946324432,2.687824919127918e-11,OR
P,M6,0,2.247176907675146e-06,1.379445351043447e-09,0.9999977479858354,3.4578115710100784e-09,OR
P,M6,0,0.9999829658843563,5.925948156976426e-09,1.6967464327120734e-05,6.072536841829426e-08,B
P,M6,0,0.9999951340200705,2.0106217994996393e-07,4.659052693639176e-06,5.8650558518739805e-09,B
P,M6,0,0.9999914028069413,1.308465376722256e-06,7.283648177498753e-06,5.07950445675331e-09,B
P,M6,0,0.9999927088803797,3.5858860791474136e-09,7.285247291099172e-06,2.286443077372811e-09,B
P,M6,0,2.1146552927322218e-05,2.0745714860242416e-09,0.9999788482690004,3.103500761451087e-09,OR
A,M6,1,1.0836413658832655e-06,8.569169721101179e-08,0.999998830179176,4.877608270994065e-10,OR
A,M6,1,8.690247985405088e-09,4.686719873078589e-09,0.9999999866117817,1.1250551461395631e-11,OR
A,M6,1,7.331058967311832e-06,2.0922791475946897e-06,0.9999905475415032,2.9120382023007573e-08,OR
A,M6,1,1.0544684341568362e-05,1.2339615135989431e-06,0.9999881469435731,7.4410571762068e-08,OR
A,M6,1,7.515134225861706e-08,4.445392511498472e-08,0.9999998783615812,2.0331514515011204e-09,OR
A,M6,1,2.8515847475969746e-06,6.940350720858522e-09,0.9999971395649951,1.909906589445783e-09,OR
A,M6,1,1.1178529455685948e-06,4.090180867242951e-09,0.9999988772878289,7.69044561257733e-10,OR
A,M6,1,2.1512395815102594e-05,1.5586336622919129e-06,0.9999767995121839,1.2945833881484654e-07,OR
A,M6,1,4.881376397199691e-06,9.078395819225205e-08,0.9999950270618141,7.778305145774957e-10,OR
A,M6,1,8.269040367236683e-08,3.980167517073191e-06,0.9999959337197523,3.4223270450108196e-09,OR
A,M6,1,1.7615090774248463e-05,1.4881798851906373e-10,0.9999823847228665,3.7541302619682145e-11,OR
A,M6,1,0.9999963373210812,4.404893817771537e-09,3.6568397087266407e-06,1.434316366510408e-09,B
A,M6,1,0.999991785601273,1.2983685453960758e-07,7.877762851038951e-06,2.067990212635745e-07,B
A,M6,1,2.0782129391185983e-05,9.830518003041621e-08,0.9999790745986116,4.496681727575376e-08,OR
A,M6,1,0.9999929150463407,1.6727735589536084e-08,7.059973481023214e-06,8.252442590825247e-09,B
A,M6,1,1.1529510805372598e-05,2.4785938364665036e-09,0.9999884671012956,9.093051583190071e-10,OR
A,M6,1,3.991404294193778e-07,2.6236449425584636e-06,0.9999969710419336,6.172694562049225e-09,OR
A,M6,1,1.5701387756365168e-06,1.8924774672999996e-08,0.9999983954166566,1.5519793136252677e-08,OR
A,M6,1,5.038229283211218e-06,4.0696000118628026e-08,0.9999949129434403,8.131276296721409e-09,OR
A,M6,1,2.9023390974684447e-11,4.810728794253883e-11,0.9999999999073552,1.5514044956735907e-11,OR
A,M6,1,9.361688117228931e-07,2.0424613684207163e-09,0.9999990611905522,5.981747717891517e-10,OR
A,M6,1,0.9999819194861481,6.150356288388451e-09,1.8070780945329554e-05,3.5825503535416895e-09,B
A,M6,1,2.520153045270669e-07,2.9569244201798994e-09,0.999999703382352,4.164541893970597e-08,OR
A,M6,1,1.4588940555090907e-07,1.608866965157203e-08,0.9999998374130765,6.088482982602168e-10,OR
A,M6,1,2.1117656436753918e-07,5.853250689595438e-09,0.9999997819879451,9.822399579576678e-10,OR
A,M6,1,7.681896461482851e-06,5.9095815874242953e-08,0.9999922463360659,1.267165672693237e-08,OR
A,M6,1,8.895151518569348e-10,1.0425814886218145e-09,0.9999999978085146,2.5938868920937956e-10,OR
A,M6,1,2.5924953924046145e-07,5.946383520238611e-06,0.9999937903667524,4.000188253116899e-09,OR
A,M6,1,9.950324826623414e-09,2.5061979599410656e-07,0.9999997383086549,1.12122434011597e-09,OR
A,M6,1,1.0661204955956453e-08,1.761321181591365e-10,0.9999999890357744,1.2688845876877612e-10,OR
A,M6,1,0.9999940497851934,2.474663350935476e-07,5.700926184912175e-06,1.8222865352551359e-09,B
B,M6,1,0.999994555829161,6.487390330734124e-08,5.373261139026679e-06,6.0357968573962636e-09,B
B,M6,1,0.9999938184010925,4.768246054110931e-06,1.4045010916612218e-06,8.851761579778912e-09,B
B,M6,1,0.9999981767986493,7.794892952218318e-07,1.0415159765572929e-06,2.1960788756113714e-09,B
B,M6,1,3.4629452586352174e-05,4.496135603511879e-06,0.9999608640516108,1.0360199434151092e-08,OR
B,M6,1,0.9999983834642383,1.6366344875778757e-08,1.597767565981247e-06,2.4018509229167624e-09,B
B,M6,1,1.1607926068416871e-05,0.9999883830988571,8.285406148194151e-09,6.896682788986049e-10,IR
B,M6,1,9.007951961693682e-06,3.2408519609739595e-06,0.9999877354791731,1.5716904275022943e-08,OR
B,M6,1,2.021747277530539e-05,1.497995568476938e-07,0.9999796211079331,1.1619734653735518e-08,OR
B,M6,1,8.621026095013673e-06,0.9999913783834687,3.266649597046956e-10,2.6377117953213506e-10,IR
B,M6,1,0.99999437642815,3.0774978931039107e-06,2.469551480807674e-06,7.652247586148705e-08,B
B,M6,1,7.123089180315758e-06,1.4650826680989252e-06,0.9999913363189888,7.550916281304311e-08,OR
B,M6,1,7.347867569689753e-06,0.9999906390573948,1.996261378080919e-06,1.6813657072388303e-08,IR
B,M6,1,0.9999966144021829,7.681391139087124e-08,3.23423105317447e-06,7.455285239376873e-08,B
B,M6,1,0.9999820209395863,7.240961986638774e-10,1.7977696294067008e-05,6.400233482209431e-10,B
B,M6,1,0.999991691434213,7.677929601550863e-08,8.111097856760329e-06,1.2068863421133594e-07,B
B,M6,1,0.9999908980438406,3.7158347626310247e-07,8.72921957356252e-06,1.153109685236005e-09,B
B,M6,1,0.9999753890956513,2.7344759686892683e-06,2.164538623247873e-05,2.3104214750749168e-07,B
B,M6,1,0.999998418033365,1.237357130108118e-06,2.7158295682431825e-07,7.302654806207285e-08,B
B,M6,1,0.9999905548477668,1.2694201584685658e-07,9.305442970311522e-06,1.2767246954683885e-08,B
B,M6,1,6.105724217334965e-06,8.271445959745871e-07,0.9999925271852272,5.399459592876246e-07,OR
B,M6,1,3.4178392985275015e-05,6.965083117475584e-06,0.999958668377225,1.8814667215796585e-07,OR
B,M6,1,0.9999811139762889,1.349871033780477e-07,1.873807993938063e-05,1.2956668313765582e-08,B
B,M6,1,0.9999999562239509,1.2131190214521863e-10,4.362134633018514e-08,3.339082556369869e-11,B
B,M6,1,2.561705888998932e-05,8.667681086234849e-09,0.9999743694571477,4.816281314139036e-09,OR
B,M6,1,0.9999956354612357,1.2533216533468996e-08,4.351970275100074e-06,3.5272477945441455e-11,B
B,M6,1,1.40215393365609e-08,5.68864486437557e-06,0.9999942958125416,1.5210546842223538e-09,OR
B,M6,1,1.2517586696115209e-05,0.9999866697427606,8.092727573926132e-07,3.3977858948064043e-09,IR
B,M6,1,0.9999883500778579,1.1001385209351156e-05,1.2085271686976433e-07,5.276842159764618e-07,B
B,M6,1,0.9999909142147266,2.8603318732587624e-09,9.081509520726565e-06,1.415420719412958e-09,B
B,M6,1,0.999996358186923,2.3629083682861588e-07,3.400550098116425e-06,4.9721421593552006e-09,B
B,M6,1,6.857777725635966e-07,2.36735624030537e-06,0.9999969452566758,1.6093112103347227e-09,OR
C,M6,1,2.044647715740371e-09,2.65195633788925e-06,0.9999973394744671,6.524547205441129e-09,OR
C,M6,1,3.4181594073083446e-10,2.0581833004520073e-06,0.9999979388867537,2.588129973837194e-09,OR
C,M6,1,6.304754569116533e-09,3.087439535646828e-07,0.9999996835368148,1.4144768723956298e-09,OR
C,M6,1,1.5240954728185427e-09,4.869401223240363e-07,0.9999995107442001,7.915819341739709e-10,OR
C,M6,1,8.032783232533179e-06,3.2219401964723706e-07,0.999991644619091,4.0365680637379414e-10,OR
C,M6,1,4.541949753373037e-09,1.6981590690133617e-07,0.9999998202901811,5.35196241687475e-09,OR
C,M6,1,4.399403339749439e-09,3.1368187395192656e-06,0.9999968524151329,6.366724092989536e-09,OR
C,M6,1,7.911929384654641e-10,1.2412441148187417e-09,0.9999999977105529,2.5700990595062126e-10,OR
C,M6,1,6.613932526366247e-10,1.6040326298097105e-06,0.9999983929015361,2.4044408110093135e-09,OR
C,M6,1,4.360562109978279e-09,6.118334394131474e-07,0.9999993806665791,3.1394194211384075e-09,OR
C,M6,1,6.94116193345987e-11,7.21394961234311e-08,0.9999999271591611,6.319310447023014e-10,OR
C,M6,1,3.2415455613845133e-09,1.2675612158925533e-06,0.9999987249320026,4.26523605396684e-09,OR
C,M6,1,3.308371645651348e-10,1.2760276464573932e-07,0.9999998709222049,1.1441932296388243e-09,OR
C,M6,1,2.0817806141872114e-07,3.137162793578023e-06,0.9999966421107702,1.254837483208243e-08,OR
C,M6,1,1.4007636309437129e-08,6.556559856765336e-07,0.999999329845075,4.913029365345731e-10,OR
C,M6,1,2.6909450697522237e-10,4.1662000927557186e-08,0.9999999576655996,4.0330500384585537e-10,OR
C,M6,1,1.0895168510051872e-09,1.2750333653207651e-06,0.9999987209379082,2.9392096365400353e-09,OR
C,M6,1,6.461255607608735e-10,1.1421575348224386e-07,0.9999998821205324,3.017588494707253e-09,OR
C,M6,1,6.90037658018658e-07,3.1979537516623782e-06,0.9999960977693302,1.423926006945095e-08,OR
C,M6,1,1.8798051805645777e-10,1.3299189859300007e-07,0.9999998665615681,2.585527432502773e-10,OR
C,M6,1,1.2621162649547243e-09,2.0440827456891886e-05,0.9999795441535073,1.3756919437564263e-08,OR
C,M6,1,4.1327209616101596e-10,4.641499604931685e-09,0.9999999943072557,6.37972516145568e-10,OR
C,M6,1,1.6001957174209587e-08,1.1433189430812725e-07,0.9999998661405366,3.5256118693366463e-09,OR
C,M6,1,1.4105661542519677e-09,2.6687028992049796e-07,0.9999997307255565,9.935873824963405e-10,OR
C,M6,1,1.689491480095683e-10,2.4768414749837223e-09,0.9999999970074331,3.467762239457746e-10,OR
C,M6,1,1.2572056008821413e-09,1.0299685114986453e-07,0.9999998938640312,1.881911933647184e-09,OR
C,M6,1,4.4250147131018627e-10,3.0722909057069153e-07,0.9999996918224509,5.059570705506952e-10,OR
C,M6,1,6.837925522310936e-11,2.5582410477535043e-06,0.9999974412254461,4.6512688080712736e-10,OR
C,M6,1,7.050293100739417e-10,1.507103656978434e-08,0.9999999816148267,2.6091074160601143e-09,OR
C,M6,1,3.1992366278874774e-09,6.264377349298167e-08,0.9999999216573386,1.2499651120299342e-08,OR
C,M6,1,6.211611110045616e-06,0.999962997270174,3.078613666931663e-05,4.9820467160843835e-09,IR
D,M6,1,1.0078212055104948e-09,1.2851613501589362e-07,0.9999998700544075,4.216362275563368e-10,OR
D,M6,1,0.9999885526244302,2.6761662271903356e-08,1.1414060734669318e-05,6.5531729433938334e-09,B
D,M6,1,2.434161862784242e-08,3.111111985021658e-11,0.9999999749145532,7.12717187012163e-10,OR
D,M6,1,1.874219108930984e-05,6.710952187944718e-09,0.9999812496865254,1.4114332390510416e-09,OR
D,M6,1,2.9272378237120933e-07,2.7776628587755266e-10,0.9999997064637374,5.347138394595462e-10,OR
D,M6,1,1.3044937205606625e-05,2.953653515488706e-09,0.999986919616016,3.2493124748603085e-08,OR
D,M6,1,8.118195795501807e-07,4.3348518759393994e-08,0.9999991386466615,6.185240271937766e-09,OR
D,M6,1,0.9999907922295873,4.752518061995053e-09,9.200027696748857e-06,2.9901978896475782e-09,B
D,M6,1,2.5344645685450382e-05,1.7515576241694192e-09,0.9999746498582673,3.744489471531829e-09,OR
D,M6,1,3.777708079581518e-07,3.908649344454127e-07,0.9999992266912323,4.673025159451014e-09,OR
D,M6,1,4.889927008302745e-06,3.064066550351828e-09,0.9999950462332812,6.077564390221826e-08,OR
D,M6,1,2.552575631269927e-05,2.4609801870443478e-08,0.9999744395705743,1.006331114659786e-08,OR
D,M6,1,0.9999848680101224,6.032786827791501e-09,1.5123734088511445e-05,2.223002048316394e-09,B
D,M6,1,5.1502506979607873e-08,7.464381461165273e-08,0.9999998734202835,4.333949053960927e-10,OR
D,M6,1,0.9999843098653003,4.933825702860938e-06,1.0516009359373759e-05,2.402996375449039e-07,B
D,M6,1,8.440245158203382e-07,5.7282038887432794e-08,0.9999990946305811,4.062864179255031e-09,OR
D,M6,1,2.0153424947647107e-05,1.2346870880079191e-08,0.9999798312073849,3.020796571957221e-09,OR
D,M6,1,1.1488961537582887e-05,2.039316805365637e-07,0.9999882071141472,9.999263472833582e-08,OR
D,M6,1,1.7926858544842706e-05,2.8847576473347115e-09,0.9999820548335138,1.5423183793454226e-08,OR
D,M6,1,0.9999887121334732,2.939405143230802e-07,9.90755816451342e-06,1.0863678480454337e-06,B
D,M6,1,5.222660048018849e-06,8.4458508349914e-10,0.9999947751264722,1.368894826199596e-09,OR
D,M6,1,8.041179892124976e-06,7.176848436842577e-07,0.9999912181562711,2.297899288446384e-08,OR
D,M6,1,2.090633892807887e-08,1.634042136149203e-07,0.9999998116091922,4.080255377073109e-09,OR
D,M6,1,0.9999811087860779,4.317225280737513e-08,1.883462265035734e-05,1.3419018806915937e-08,B
D,M6,1,1.8885549004224665e-06,6.368302596870052e-08,0.9999980406985444,7.063529303062965e-09,OR
D,M6,1,7.612466050745132e-07,2.7241168271902276e-09,0.999999227851792,8.177486122397542e-09,OR
D,M6,1,1.619435719506021e-05,3.582382384927046e-10,0.9999838036933013,1.5912653485899677e-09,OR
D,M6,1,8.284362864089703e-06,9.652369947404788e-08,0.9999913959051986,2.2320823792657906e-07,OR
D,M6,1,4.474165367907626e-07,1.0128182733773149e-07,0.9999994323203928,1.8981243175894433e-08,OR
D,M6,1,5.259890199179259e-10,3.5786458444437473e-09,0.9999999957962025,9.916277186591729e-11,OR
D,M6,1,7.65374508881888e-08,4.081745930737067e-09,0.9999999165649135,2.815889758574207e-09,OR
E,M6,1,2.4077108014040866e-09,5.535013259834362e-07,0.9999994407623002,3.328662951913117e-09,OR
E,M6,1,7.991076249564084e-10,4.6496114078722234e-08,0.9999999518243395,8.804388810913964e-10,OR
E,M6,1,9.229793815756354e-10,2.3290789441221226e-07,0.9999997635955123,2.5736137855262333e-09,OR
E,M6,1,7.889230229596567e-11,1.524480383018402e-07,0.9999998422320133,5.241056015666052e-09,OR
E,M6,1,1.5171287397235346e-09,7.314223065348067e-08,0.9999998858466871,3.9493953310662645e-08,OR
E,M6,1,3.2020351391376603e-08,1.759712068555792e-07,0.999999744409769,4.759867268516395e-08,OR
E,M6,1,2.195320382308807e-11,1.2709548624987417e-07,0.9999998698995731,2.982987503442692e-09,OR
E,M6,1,1.2901344858918302e-10,4.091484223184319e-09,0.9999999889066137,6.872888546259726e-09,OR
E,M6,1,1.2686034577180335e-08,5.412457973171128e-09,0.9999999817311048,1.704025239013226e-10,OR
E,M6,1,3.965968159714666e-07,5.816430715033623e-08,0.999999544307514,9.31362807380915e-10,OR
E,M6,1,5.380903142208696e-07,1.6670498846338246e-06,0.9999976984814126,9.637838857694554e-08,OR
E,M6,1,5.086236914176622e-11,1.8516069632716503e-08,0.9999999772350053,4.198062610850748e-09,OR
E,M6,1,2.8010046387444285e-09,2.4670277763350513e-08,0.9999999676051662,4.9235513260744435e-09,OR
E,M6,1,4.149653029353068e-09,7.887999400205304e-09,0.9999999876478204,3.14527003679799e-10,OR
E,M6,1,3.1331037569259674e-07,1.228138259119402e-06,0.9999984540234756,4.5278894470157685e-09,OR
E,M6,1,2.0547378289492432e-08,3.88196347063254e-06,0.9999960936671904,3.8219607009385e-09,OR
E,M6,1,6.379756882610996e-08,5.649070166744832e-09,0.9999999281678786,2.3854824075980847e-09,OR
E,M6,1,1.0621643865886758e-09,9.537394626736162e-10,0.999999985706651,1.2277445078096488e-08,OR
E,M6,1,4.010974628004339e-08,2.8658576852083073e-08,0.9999998921870551,3.9044621839341324e-08,OR
E,M6,1,9.760318744986176e-11,8.591314470352896e-07,0.9999991337552138,7.015736193055722e-09,OR
E,M6,1,8.497938789851183e-08,8.327379035873803e-07,0.9999990771047031,5.1780053941531195e-09,OR
E,M6,1,1.1535577480742592e-09,3.645236158736397e-08,0.9999999580037069,4.390373795570552e-09,OR
E,M6,1,1.838657607298883e-08,1.4773509253089574e-06,0.9999984990623023,5.2001962386426695e-09,OR
E,M6,1,1.3873875598668986e-08,3.421586742012152e-08,0.9999999334843641,1.8425892887213114e-08,OR
E,M6,1,7.685098441868176e-10,1.2324042056129299e-08,0.999999973956553,1.2950895065384135e-08,OR
E,M6,1,4.3291918114072034e-11,2.3456467588649335e-07,0.9999997648103232,5.817090569006987e-10,OR
E,M6,1,2.2000853272400098e-07,9.336700801283351e-08,0.9999996844807734,2.1436859600847147e-09,OR
E,M6,1,1.5868351374607618e-09,4.498128840045417e-08,0.9999999513204646,2.1114117847262593e-09,OR
E,M6,1,3.6024422978328685e-06,7.394149889678496e-09,0.9999963853410458,4.8225065197898315e-09,OR
E,M6,1,3.468849715186024e-06,5.873429933535326e-08,0.999996466797513,5.618472376698233e-09,OR
E,M6,1,2.490729050441075e-06,7.134599134773262e-06,0.9999902937310786,8.094073598304137e-08,OR
F,M6,1,8.523611454780412e-08,4.964082510319301e-09,0.9999999095493637,2.504390963456712e-10,OR
F,M6,1,2.0261631723148704e-05,6.108730742515535e-08,0.9999795163620139,1.6091895549502266e-07,OR
F,M6,1,6.556099634327716e-08,2.4146648251874903e-09,0.9999999319680282,5.631080636310375e-11,OR
F,M6,1,0.9999863174271322,3.717888454102362e-07,1.3306757646268732e-05,4.0263760455752545e-09,B
F,M6,1,0.9999865525192779,4.4648962496614146e-08,1.3383527057194755e-05,1.9304702284459678e-08,B
F,M6,1,1.3370763434971557e-05,2.3839056029969133e-06,0.9999804513334023,3.793997559731855e-06,OR
F,M6,1,5.6786856522974504e-06,3.7133007370667882e-06,0.9999906054783316,2.5352789990814544e-09,OR
F,M6,1,2.397092192810403e-06,1.4058186321543272e-05,0.9999833138684181,2.3085306739719478e-07,OR
F,M6,1,8.028839463912124e-06,1.3843204654295134e-08,0.9999919351673737,2.2149957831165753e-08,OR
F,M6,1,0.9999854680476578,2.252988159207606e-07,1.4303714592460737e-05,2.9389338583561826e-09,B
F,M6,1,2.366068066135594e-07,2.048340091542701e-07,0.999999557502538,1.056646282786917e-09,OR
F,M6,1,5.732584207190479e-08,1.104583835691134e-08,0.9999999307221822,9.061373675385374e-10,OR
F,M6,1,7.549461272665984e-09,6.066967647800316e-11,0.9999999923122226,7.764648939274129e-11,OR
F,M6,1,7.874884166538647e-06,4.865980152796684e-09,0.9999921183772692,1.872583892795004e-09,OR
F,M6,1,0.9999857308290984,3.3635736949022903e-09,1.4262033769473835e-05,3.773558512495684e-09,B
F,M6,1,0.9999941231397571,4.581504837196907e-08,5.812197842127967e-06,1.88473524755912e-08,B
F,M6,1,3.361784583105957e-06,1.7245267664995382e-09,0.9999966286416059,7.849284232179916e-09,OR
F,M6,1,9.16078911449177e-06,1.4286954697721718e-09,0.9999908312541778,6.528012159868946e-09,OR
F,M6,1,2.4463994057232563e-06,3.502684446893961e-07,0.9999971255811884,7.775096107176179e-08,OR
F,M6,1,1.7986536978094534e-07,1.5208002779160642e-09,0.9999998185456348,6.819511384586817e-11,OR
F,M6,1,6.419046742513272e-07,1.674634038527129e-10,0.9999993576532051,2.7465717715706e-10,OR
F,M6,1,6.353874973037284e-07,4.149560168333492e-09,0.9999993554965895,4.96635311861143e-09,OR
F,M6,1,6.8563331142526025e-06,8.34059511836522e-08,0.9999929003142565,1.5994667809871859e-07,OR
F,M6,1,8.548077487315065e-08,7.226619139657227e-06,0.9999926875158631,3.8422224580732974e-10,OR
F,M6,1,0.999991613057816,4.612554338721278e-08,8.332643228237576e-06,8.173412359537799e-09,B
F,M6,1,2.534728536883105e-07,2.2138484743938385e-08,0.999999723322708,1.0659536386752735e-09,OR
F,M6,1,8.69002976302682e-06,5.2452211013375955e-06,0.9999860448500344,1.9899101005380784e-08,OR
F,M6,1,1.2618511349781966e-06,2.9108321364281724e-08,0.9999987017590269,7.281516924508912e-09,OR
F,M6,1,3.8640034198353265e-06,2.4628802315434532e-08,0.9999960994586501,1.1909127944605113e-08,OR
F,M6,1,1.7226043415788005e-06,1.2297388033317666e-06,0.999997030450694,1.7206161108784362e-08,OR
F,M6,1,5.697420715539025e-07,6.905233290196309e-08,0.9999993394739486,2.173164699776625e-08,OR
G,M6,1,1.7127521334127988e-06,1.0119437985705125e-09,0.9999982805042008,5.7317218513815565e-09,OR
G,M6,1,0.9999893444709916,3.013349724388409e-06,7.613189335859442e-06,2.8989947969855232e-08,B
G,M6,1,0.9999933057260021,3.5835517247081213e-09,6.520813104439888e-06,1.6987734189463098e-07,B
G,M6,1,4.5591121395194025e-06,2.9180478516953793e-07,0.9999951458794473,3.2036279429989255e-09,OR
G,M6,1,1.522963223304545e-06,1.4811957484399321e-06,0.9999969455290878,5.031194069373434e-08,OR
G,M6,1,0.9999873477796623,1.404469489063964e-06,1.105859298464784e-05,1.8915786418794297e-07,B
G,M6,1,0.9999952423479733,1.2348543762917054e-07,4.628082282751804e-06,6.084306409893518e-09,B
G,M6,1,9.869128139851931e-06,6.688943645392029e-09,0.9999901189931355,5.189780962698023e-09,OR
G,M6,1,0.9999967556652024,1.3429201591324669e-08,3.2256964358291997e-06,5.209160228050031e-09,B
G,M6,1,8.006740935099251e-06,9.877331499364036e-06,0.9999821148767435,1.0508219684309558e-09,OR
G,M6,1,0.9999895505760689,5.244658421814215e-11,1.0449069502796848e-05,3.019818287995787e-10,B
G,M6,1,1.108932325191166e-05,2.3586087471785593e-09,0.9999889017219604,6.596178922850869e-09,OR
G,M6,1,0.999999977326132,9.370223988310021e-11,2.230863460044952e-08,2.7153130319447215e-10,B
G,M6,1,0.9999930779839526,2.5605055886544276e-07,6.663796927223134e-06,2.1685612393114287e-09,B
G,M6,1,1.2033015870184115e-10,1.856091193092323e-08,0.9999999812736836,4.5074308372229884e-11,OR
G,M6,1,5.170106834127558e-06,1.4241613122937789e-06,0.9999931950826288,2.1064922480220165e-07,OR
G,M6,1,2.3149916578157538e-05,1.5884217591471171e-07,0.9999760628035425,6.284377036096412e-07,OR
G,M6,1,0.9999880185706457,4.611922558701158e-09,1.1975525488842296e-05,1.2919427813024854e-09,B
G,M6,1,0.9999925241335,3.1184360263161376e-08,7.162085832519861e-06,2.82596307126762e-07,B
G,M6,1,0.9999925079832738,7.814266284775672e-09,7.483818241812508e-06,3.84218225109497e-10,B
G,M6,1,0.9999884705373489,1.7892615401039235e-07,1.134035567591638e-05,1.0180821247566304e-08,B
G,M6,1,0.9999872352914696,2.9439333225404937e-08,1.2734641736019695e-05,6.274612820521874e-10,B
G,M6,1,2.5273188682264748e-08,6.664722800149916e-07,0.9999993072475474,1.0069839836613885e-09,OR
G,M6,1,1.5461314328875882e-05,2.988420328464184e-07,0.9999837752251634,4.646184748247087e-07,OR
G,M6,1,0.9999878826386849,3.5172594322191172e-06,8.585522642915403e-06,1.4579239942304718e-08,B
G,M6,1,0.9999879315851485,2.1283501397449937e-06,9.910551682865249e-06,2.9513028828479786e-08,B
G,M6,1,0.9999936650284742,5.523465589194109e-06,7.918587067973211e-07,1.9647229801091605e-08,B
G,M6,1,1.686630375560699e-05,2.4238353527833444e-06,0.9999806788071232,3.105376833882169e-08,OR
G,M6,1,3.4377812754877126e-06,7.209088756374253e-06,0.9999893388683417,1.4261626268445381e-08,OR
G,M6,1,0.9999891703262858,4.206285134031581e-08,1.0772834643148269e-05,1.4776219543959112e-08,B
G,M6,1,0.9999965830273976,3.3912064396703013e-09,3.40473191283727e-06,8.849483289262983e-09,B
H,M6,1,2.3425747842881144e-05,1.7553476702741268e-07,0.9999677512963369,8.647421053211188e-06,OR
H,M6,1,4.825032625519255e-09,2.7125369953806703e-08,0.999999843548369,1.245012283544069e-07,OR
H,M6,1,9.68489715291668e-07,1.9799959357822808e-07,0.999998743594616,8.991607514853873e-08,OR
H,M6,1,2.4666608683779962e-08,4.7410378478968306e-08,0.9999999018817379,2.6041274959220144e-08,OR
H,M6,1,3.281615848658832e-09,1.0730285030983882e-08,0.9999999426345132,4.335358604095122e-08,OR
H,M6,1,4.858538425312292e-09,9.557165097785751e-08,0.9999997378182092,1.6175160145296438e-07,OR
H,M6,1,1.2130634294799286e-08,6.98283771851785e-07,0.9999989740401712,3.155454227452106e-07,OR
H,M6,1,6.621566957289591e-08,1.3837277917406852e-08,0.9999998397008146,8.024623787888417e-08,OR
H,M6,1,2.7208772123960746e-08,1.4763917446753356e-06,0.9999983552119077,1.4118757549790285e-07,OR
H,M6,1,2.8610738966735674e-07,2.9421652168848254e-07,0.9999993624146883,5.72614003125765e-08,OR
H,M6,1,6.168487808200589e-10,1.4739705686567704e-07,0.9999998044106678,4.757542641995884e-08,OR
H,M6,1,9.822241777664677e-09,4.431891359319956e-07,0.999999528579625,1.840899712933869e-08,OR
H,M6,1,3.914894836019259e-08,9.536265686735866e-08,0.9999997770555682,8.84328267537172e-08,OR
H,M6,1,4.643300420369594e-09,6.666016803811081e-08,0.9999996844942368,2.442022948063614e-07,OR
H,M6,1,1.7244732704675515e-08,4.0493354533342055e-08,0.9999998695319111,7.273000161188446e-08,OR
H,M6,1,9.527066087796202e-09,6.778021163292773e-08,0.9999998312835243,9.140919781633724e-08,OR
H,M6,1,7.06437240915827e-10,3.364952912280203e-08,0.9999996885891923,2.770548413029193e-07,OR
H,M6,1,5.061361649341069e-09,1.2131837718791992e-07,0.9999997518559368,1.217643243450122e-07,OR
H,M6,1,2.3816357631079064e-07,2.7124467068453284e-07,0.9999991405095578,3.5008219518814395e-07,OR
H,M6,1,3.6985504971001465e-10,1.1745213463292046e-07,0.9999998608204026,2.1357607569860654e-08,OR
H,M6,1,1.2747352209278155e-08,5.507208150264506e-08,0.9999997381166901,1.9406387627154914e-07,OR
H,M6,1,3.3553690893735145e-08,6.179233732645896e-07,0.9999993161892262,3.233370953207255e-08,OR
H,M6,1,2.9234708665799465e-08,2.717733215589864e-07,0.9999996853504609,1.3641509002456766e-08,OR
H,M6,1,2.2947989993228805e-07,1.8475958463931391e-07,0.9999995753174373,1.0443078017139642e-08,OR
H,M6,1,1.0907748477399598e-08,1.8508458011144776e-07,0.9999997956483686,8.359302837297644e-09,OR
H,M6,1,6.060599691200902e-09,1.070833642897758e-06,0.9999988682681701,5.4837587475529883e-08,OR
H,M6,1,1.1444691590718914e-07,1.8714987876571306e-07,0.9999996008738933,9.752931214402783e-08,OR
H,M6,1,8.530138532089855e-09,3.797459050371295e-08,0.9999998715650728,8.19301984258271e-08,OR
H,M6,1,4.390325824236173e-10,4.2484188792705484e-08,0.999999951349868,5.726910565822086e-09,OR
H,M6,1,8.412555291524331e-09,8.277887291391781e-08,0.9999998274112554,8.139731630780533e-08,OR
H,M6,1,8.012995677411052e-08,3.153351666340899e-07,0.9999995492829294,5.525194719273998e-08,OR
I,M6,1,9.960148908362202e-07,2.7350698690643376e-08,0.9999989689860963,7.648314279203407e-09,OR
I,M6,1,7.0378505131855124e-06,1.1975285205972132e-06,0.9999917328673513,3.175361489655998e-08,OR
I,M6,1,1.8476138197301711e-06,2.0407352239783317e-09,0.9999981491636215,1.1818235195569568e-09,OR
I,M6,1,7.910445233176432e-07,5.686152661834621e-10,0.9999992046289556,3.7579056741662985e-09,OR
I,M6,1,3.485026431711526e-07,1.1624260987021176e-06,0.9999980204578451,4.686134129510936e-07,OR
I,M6,1,6.006979868665205e-08,4.4494397671075524e-10,0.9999999379394405,1.5458168899461385e-09,OR
I,M6,1,2.0545583231075806e-08,5.078444533171585e-07,0.9999994632382133,8.371750122905568e-09,OR
I,M6,1,0.9999860758931104,2.315891544172411e-08,1.3900055520807736e-05,8.924534004396231e-10,B
I,M6,1,1.1032401199148885e-05,1.4199105397261679e-06,0.9999875232072092,2.4481052011525233e-08,OR
I,M6,1,2.7037235909996173e-06,6.74173926533892e-07,0.9999965724456166,4.965686589487072e-08,OR
I,M6,1,3.2192578770783943e-09,5.444700211503073e-08,0.9999999389415699,3.3921701127053605e-09,OR
I,M6,1,6.909819537400793e-10,1.5480017195447868e-06,0.9999984474584164,3.8488821807102316e-09,OR
I,M6,1,1.0259752070301454e-05,1.0882087767137196e-06,0.9999886385304396,1.3508713201758452e-08,OR
I,M6,1,1.7755398257153788e-06,2.556783050769984e-08,0.9999981851423513,1.3749992354478534e-08,OR
I,M6,1,8.456626523907876e-09,3.398757840549115e-05,0.9999659751937642,2.8771203629082107e-08,OR
I,M6,1,6.262157266051546e-09,6.001752577034654e-07,0.9999993801826172,1.3379967654838886e-08,OR
I,M6,1,2.297950412148653e-06,1.9023980036494897e-08,0.9999976786433898,4.3822179542636015e-09,OR
I,M6,1,1.792833032942079e-10,1.600721004024638e-09,0.9999999976797351,5.40260421497073e-10,OR
I,M6,1,1.1401402493679404e-08,9.748996583134011e-08,0.9999998887877443,2.3208873764126556e-09,OR
I,M6,1,0.9999738643896898,8.004915025605685e-10,2.6134517323948413e-05,2.9249492105210486e-10,B
I,M6,1,2.4869159049294496e-06,3.3087455271116032e-06,0.9999941821967969,2.21417711280407e-08,OR
I,M6,1,2.312436377006279e-07,4.193457376324156e-08,0.9999996703054342,5.6516354279303425e-08,OR
I,M6,1,1.344945346510706e-06,8.057452965200056e-07,0.9999977553308966,9.397846029099553e-08,OR
I,M6,1,1.3386881964717994e-05,1.5458141112073623e-08,0.9999865964660479,1.1938462326455076e-09,OR
I,M6,1,6.237213604812934e-09,1.3220997737247356e-05,0.9999867597589746,1.300607450331884e-08,OR
I,M6,1,8.171328973976583e-06,2.83369909449022e-09,0.9999918242914432,1.5458837272866955e-09,OR
I,M6,1,8.425362777738854e-10,6.709668708541696e-07,0.9999993262701377,1.9204551794651755e-09,OR
I,M6,1,1.3896322372857527e-08,0.9999863562855928,1.3629692490729642e-05,1.255940511897333e-10,IR
I,M6,1,1.0397534321444446e-07,1.511528661524311e-08,0.9999998709872269,9.922143485247863e-09,OR
I,M6,1,4.798279766409709e-07,4.120126290693678e-06,0.9999949964497955,4.0359593722873894e-07,OR
I,M6,1,8.094095160484298e-09,6.055668925191978e-07,0.9999993210735381,6.526547425007488e-08,OR
J,M6,1,5.435761583713547e-06,8.510451494255074e-07,0.9999936922168651,2.0976401855598622e-08,OR
J,M6,1,8.804179475473759e-09,1.8375152883617698e-05,0.9999815562534573,5.978947964982658e-08,OR
J,M6,1,1.1079396275839388e-05,3.7013700974506946e-08,0.9999888641691388,1.942088449048113e-08,OR
J,M6,1,3.698331107574854e-08,2.7321518819754616e-07,0.9999996850186756,4.7828251828319725e-09,OR
J,M6,1,6.421402532221761e-06,9.809317127704126e-06,0.9999836132904717,1.5598986836434077e-07,OR
J,M6,1,2.9836014845677516e-07,2.639518361546685e-07,0.9999994052608425,3.242717293502721e-08,OR
J,M6,1,3.275816524179651e-07,0.9999657675070484,3.3901887200292676e-05,3.024098963726256e-09,IR
J,M6,1,6.771584973941355e-07,7.207691108166456e-06,0.9999920754872165,3.966317787321102e-08,OR
J,M6,1,1.4430747936576632e-08,1.1506351290031465e-05,0.9999884732445515,5.97341034645424e-09,OR
J,M6,1,7.2154099092117555e-06,1.5091152433927192e-05,0.9999776483244704,4.5113186451209734e-08,OR
J,M6,1,8.374161267852614e-10,0.9999756466226682,2.435081264874431e-05,1.7272668668973244e-09,IR
J,M6,1,3.785455615369885e-06,0.9999961819426675,3.2597192389940186e-08,4.524758487537781e-12,IR
J,M6,1,1.6901608901878005e-08,1.3257118277603352e-06,0.9999986508840961,6.502467190082351e-09,OR
J,M6,1,6.900501834046626e-06,1.559500851134118e-08,0.9999930821149043,1.788253084376435e-09,OR
J,M6,1,6.136877017607541e-08,4.166342252597893e-06,0.9999956976535389,7.463543840388494e-08,OR
J,M6,1,1.5536339132647236e-06,9.173621342327882e-06,0.999989208161427,6.45833173914709e-08,OR
J,M6,1,0.9999971546478518,5.4772575275844264e-08,2.7901982947399823e-06,3.8127835983430966e-10,B
J,M6,1,2.28985788089265e-07,8.514170073728086e-06,0.9999909869727529,2.698713852113385e-07,OR
J,M6,1,0.9999778026226596,9.216082992852151e-07,2.1253905104929652e-05,2.1863936312412835e-08,B
J,M6,1,8.030976746883895e-08,1.5950374388726438e-07,0.9999997477560739,1.2430414694587985e-08,OR
J,M6,1,0.9999809464536852,8.954788672897212e-06,1.0093759313926119e-05,4.998328112369035e-09,B
J,M6,1,0.9999936369390036,6.901227527870239e-07,5.651420021602585e-06,2.1518222249614593e-08,B
J,M6,1,7.655611644551305e-06,1.7108768414916679e-06,0.999990596583523,3.692799101750613e-08,OR
J,M6,1,2.2870646324527213e-05,1.0873786631714752e-06,0.999975937490596,1.0448441614440887e-07,OR
J,M6,1,1.4200582148364791e-06,0.9999828193916382,1.575918793102735e-05,1.3622159377078023e-09,IR
J,M6,1,2.2315698400686342e-05,3.450348556048166e-06,0.9999739851620947,2.487909487941286e-07,OR
J,M6,1,2.944504728698534e-05,8.367457564926867e-06,0.9999620822364944,1.052586536925486e-07,OR
J,M6,1,1.2810429474350194e-07,1.6682031693832571e-06,0.9999981637290746,3.996346122853559e-08,OR
J,M6,1,4.348103658785066e-06,2.974228878387064e-05,0.9999658863233041,2.328425338008246e-08,OR
J,M6,1,0.9999915394673151,2.677486852486453e-06,5.777109920741902e-06,5.935911531383196e-09,B
J,M6,1,1.3199361148176055e-05,6.579796435087037e-07,0.9999860511723772,9.14868312202649e-08,OR
K,M6,1,1.2587929083983206e-10,3.129982141548102e-10,0.999999998933538,6.275843541677958e-10,OR
K,M6,1,1.700377850821771e-08,2.4067475342023256e-07,0.9999997397460223,2.5754458875878383e-09,OR
K,M6,1,3.768590819476374e-08,1.0949419422375758e-06,0.9999988551942652,1.2177884395731936e-08,OR
K,M6,1,6.890747730260567e-06,8.92555401269626e-07,0.9999836160190994,8.600677769174323e-06,OR
K,M6,1,4.260633579429752e-08,1.2812047441616857e-08,0.9999999432881524,1.2934643148514808e-09,OR
K,M6,1,2.4848050032766103e-11,1.1650590770888825e-09,0.9999999987848625,2.5230452147176074e-11,OR
K,M6,1,2.2424220463149232e-09,2.6183478516254945e-10,0.9999999969265254,5.692178382605766e-10,OR
K,M6,1,4.677067630947467e-10,3.2610365214888767e-09,0.9999999941701874,2.101069380954683e-09,OR
K,M6,1,7.200365217553553e-08,6.28209601792751e-06,0.9999935614187362,8.448159372238789e-08,OR
K,M6,1,6.599516207699192e-08,2.4624242794791006e-08,0.9999998923161868,1.706440822197979e-08,OR
K,M6,1,2.4397487299809255e-09,3.3664192448526803e-09,0.9999999880961504,6.0976816114767196e-09,OR
K,M6,1,2.3801490476666974e-10,3.3420105341660433e-09,0.9999999961437458,2.762288828384541e-10,OR
K,M6,1,1.314311757611961e-05,8.63109023492217e-07,0.9999859771364513,1.6636948953409173e-08,OR
K,M6,1,1.7802798578121406e-05,9.63477131841683e-07,0.9999812315388394,2.1854506307751512e-09,OR
K,M6,1,3.5989040577348313e-10,1.7595910571220923e-10,0.9999999994027298,6.142071226816334e-11,OR
K,M6,1,8.076963710249461e-08,2.0197072837469515e-06,0.9999978913013625,8.221716663844622e-09,OR
K,M6,1,2.2078221668397408e-05,2.912801941785479e-06,0.9999750028800175,6.096372116893418e-09,OR
K,M6,1,1.438813603841233e-08,3.9000673427302676e-08,0.9999999461526079,4.5858271867466015e-10,OR
K,M6,1,2.0947535931301144e-07,8.026264709393921e-06,0.9999917588308247,5.429106660391434e-09,OR
K,M6,1,6.51963800205279e-06,1.048517125604261e-06,0.9999924101390599,2.1705812432728823e-08,OR
K,M6,1,1.4038239543472889e-08,1.6688666065156754e-07,0.9999998133990138,5.676086177393864e-09,OR
K,M6,1,4.092788361974056e-09,1.3346729553272119e-08,0.9999999759761292,6.584352921837505e-09,OR
K,M6,1,3.765728353998959e-06,1.412108696324756e-06,0.999994745057569,7.710538046277235e-08,OR
K,M6,1,2.2837889921493398e-05,2.3140873453562732e-06,0.999968372726304,6.475296429323943e-06,OR
K,M6,1,1.4550625441038672e-05,9.154006007586634e-08,0.999985355712247,2.122251837584179e-09,OR
K,M6,1,3.036213856341488e-08,1.7775505298876364e-09,0.9999999671776736,6.82637205803433e-10,OR
K,M6,1,3.2320772108179084e-09,1.389463636538098e-07,0.9999998327799331,2.504162622774123e-08,OR
K,M6,1,1.984485731338462e-11,3.521276759420323e-09,0.9999999964138773,4.500121492213466e-11,OR
K,M6,1,1.041859669228779e-06,1.5634766194422252e-07,0.9999987899682607,1.1824408129832801e-08,OR
K,M6,1,4.3253299604601293e-07,7.463743174400102e-07,0.9999988203781891,7.144974801576265e-10,OR
K,M6,1,3.0715361215884717e-06,2.2673048684542563e-06,0.9999946541540943,7.004915508706724e-09,OR
L,M6,1,5.726008094374681e-07,4.738310269915791e-07,0.999998952387425,1.1807384598180624e-09,OR
L,M6,1,1.73480101446699e-06,2.229627303907812e-07,0.9999980387873738,3.448881304629505e-09,OR
L,M6,1,0.9999956666845521,6.614960451849661e-09,4.322626464886488e-06,4.074022643004479e-09,B
L,M6,1,0.9999994918380299,6.855089337928812e-11,5.079379023321701e-07,1.5551691588670112e-10,B
L,M6,1,6.18210480742551e-06,1.5709410546133067e-07,0.9999936601390607,6.62026553544606e-10,OR
L,M6,1,0.9999913810169596,1.3432666925858628e-06,7.275187857611808e-06,5.284902626653963e-10,B
L,M6,1,1.667887470846191e-05,5.175545248518062e-06,0.9999781332827438,1.2297299175196516e-08,OR
L,M6,1,3.303264031761517e-06,7.920979140017079e-07,0.9999959010061877,3.6318663586222626e-09,OR
L,M6,1,1.3740605213234723e-08,3.085839957102195e-11,0.9999999861944906,3.404594492640524e-11,OR
L,M6,1,0.9999931333282012,2.6210227736829637e-08,6.835275749907365e-06,5.185821315432253e-09,B
L,M6,1,1.0731508422338077e-05,1.5180367578984861e-09,0.9999892536538892,1.3319651776623907e-08,OR
L,M6,1,1.066342563149036e-05,1.4606016433438168e-08,0.9999893009753044,2.0993047706878862e-08,OR
L,M6,1,0.9999787512255133,9.71063140735988e-06,1.135296776018844e-05,1.851753191836773e-07,B
L,M6,1,1.3178001307313283e-05,2.436285660062317e-08,0.9999867931850457,4.450790352664372e-09,OR
L,M6,1,3.28116974087778e-06,2.728222209802514e-07,0.99999644161868,4.3893581252685095e-09,OR
L,M6,1,1.1474384267162929e-05,2.054193894466309e-05,0.9999679641886499,1.9488138242438376e-08,OR
L,M6,1,0.999998484487002,1.1384108134546793e-07,3.099207371538008e-07,1.0917511794246817e-06,B
L,M6,1,1.1081499019928277e-05,9.00152582502001e-10,0.9999889053126815,1.2288146052974454e-08,OR
L,M6,1,0.9999883525486054,1.2348599585171114e-07,1.0730651520955396e-05,7.933138779526447e-07,B
L,M6,1,3.0362740206487414e-05,1.0579801984746868e-06,0.9999685423088136,3.697078154756981e-08,OR
L,M6,1,2.5400733071133633e-05,6.381040255381104e-10,0.9999745903670568,8.261768055431999e-09,OR
L,M6,1,1.3468554654350837e-06,7.208782785345717e-09,0.9999986380001648,7.935587169783466e-09,OR
L,M6,1,0.999997175012428,1.5356659769442714e-09,2.8208376693817865e-06,2.6142368581837107e-09,B
L,M6,1,2.2452916225589787e-05,1.1133732225520002e-08,0.9999775279305888,8.019453412151053e-09,OR
L,M6,1,1.803934314657427e-05,1.7702385947325939e-07,0.9999817040932938,7.953970025864047e-08,OR
L,M6,1,3.743935314926949e-06,1.0850540562773388e-09,0.9999960468814327,2.080981983602312e-07,OR
L,M6,1,0.9999898484814255,1.5660639740024154e-06,8.580387724505218e-06,5.066876190356368e-09,B
L,M6,1,0.9999932307322668,2.981655669255855e-08,6.734708554582231e-06,4.742621888335159e-09,B
L,M6,1,8.40130218330606e-08,2.6681476651357863e-08,0.9999998837565631,5.5489384021087125e-09,OR
L,M6,1,2.9606331226213077e-06,8.883888162256612e-06,0.9999881500559618,5.4227531577296114e-09,OR
L,M6,1,1.3359649933297457e-05,2.85332882118886e-06,0.9999832797018058,5.073194396775609e-07,OR
M,M6,1,1.4463063503175156e-05,5.400613456687897e-07,0.9999836214475342,1.3754276170881398e-06,OR
M,M6,1,5.280563658323648e-09,3.7829792850310104e-07,0.9999996078784162,8.543091581784843e-09,OR
M,M6,1,2.1940337962419062e-07,2.6289834630773166e-08,0.9999997478321402,6.474645663249622e-09,OR
M,M6,1,1.162974667684152e-06,1.5454959159748062e-07,0.9999986661493662,1.632637450783767e-08,OR
M,M6,1,1.7160721798792875e-06,1.2203758650561357e-08,0.9999982459889908,2.5735070659841258e-08,OR
M,M6,1,1.6418420512342142e-06,1.4436529799673405e-06,0.9999963945504989,5.199544697193409e-07,OR
M,M6,1,0.9999814994514926,8.987958857864825e-08,1.763886099769352e-05,7.718079211304297e-07,B
M,M6,1,2.418856306392384e-06,2.2685450050444288e-08,0.9999969082267383,6.502315053052097e-07,OR
M,M6,1,1.2795854649145964e-07,1.4721860177046686e-07,0.9999996945228452,3.030000656451898e-08,OR
M,M6,1,1.0541286089330504e-05,4.844840447642397e-07,0.9999886808492122,2.933806535052538e-07,OR
M,M6,1,1.465476464743343e-06,8.20533840613655e-08,0.9999981262089329,3.2626121815959767e-07,OR
M,M6,1,3.7458483645415226e-07,7.1117668464382574e-09,0.9999996136055572,4.697839337376992e-09,OR
M,M6,1,1.381419150008467e-06,9.794181997734895e-09,0.9999986056908633,3.095804636347618e-09,OR
M,M6,1,3.7307864927496885e-09,2.3334394262699758e-09,0.9999999931531158,7.826580623710996e-10,OR
M,M6,1,3.1001383875899625e-08,1.4643273493305593e-07,0.9999998012968441,2.1269037097663255e-08,OR
M,M6,1,1.3046031829480864e-05,9.3742821445221e-07,0.9999833075171641,2.709022791886904e-06,OR
M,M6,1,6.729929528883305e-10,1.6989456996142467e-08,0.9999999820955999,2.4195015588405563e-10,OR
M,M6,1,5.7188067361276665e-08,1.3931826694369804e-09,0.9999999259445612,1.5474188846076694e-08,OR
M,M6,1,3.207812551474559e-06,4.847624330258448e-07,0.999996216148603,9.12764124976237e-08,OR
M,M6,1,1.0018779650679864e-06,7.343803269140029e-07,0.9999979571827868,3.065589213345324e-07,OR
M,M6,1,1.3405220269603496e-07,2.3446759001570658e-08,0.9999997431783791,9.932265914511731e-08,OR
M,M6,1,1.6568070595731608e-07,4.6536753108839745e-07,0.9999993654157436,3.536019226144996e-09,OR
M,M6,1,3.1897355047632895e-06,1.7200869734608095e-08,0.9999967839959175,9.067708121621236e-09,OR
M,M6,1,7.843280946221733e-07,4.052863555388027e-07,0.9999987698477184,4.053783138586204e-08,OR
M,M6,1,5.067600780342821e-06,3.261937221768394e-08,0.999994855026768,4.475307955734304e-08,OR
M,M6,1,4.148810987965218e-06,1.4266979214878688e-07,0.9999949046689198,8.038503000741968e-07,OR
M,M6,1,1.4458405456504259e-09,4.918885197200736e-09,0.9999999931908015,4.444727682830789e-10,OR
M,M6,1,1.9620972028041927e-10,2.7995986156238653e-09,0.9999999961737767,8.304150538666872e-10,OR
M,M6,1,2.9720368422061734e-10,6.842887654470872e-10,0.9999999973380473,1.6804601365799213e-09,OR
M,M6,1,2.1844547752971673e-07,1.0534975335171458e-07,0.9999996495071215,2.6697647593731197e-08,OR
M,M6,1,5.538156399918157e-07,1.8781892587692454e-07,0.9999992541758194,4.189614552387306e-09,OR
N,M6,1,5.633054273544107e-06,1.518083891517359e-05,0.9999655529451746,1.3633161636549605e-05,OR
N,M6,1,0.9999999938360311,1.188454011727492e-10,2.3460036065852086e-10,5.810523207393737e-09,B
N,M6,1,0.999994611388504,3.4234106299145646e-09,5.382634252215115e-06,2.5538331610456536e-09,B
N,M6,1,0.9999934788532002,8.497766735605847e-08,6.434523389968338e-06,1.6457423217447182e-09,B
N,M6,1,0.9999925806407004,9.934909040733148e-09,7.391027472773539e-06,1.8396917699728378e-08,B
N,M6,1,0.9999995171021581,2.3314940315046665e-09,4.759420034525268e-07,4.62434435828671e-09,B
N,M6,1,0.999989136724484,2.026783406142506e-09,1.0860530943221608e-05,7.177894374535353e-10,B
N,M6,1,0.9999937892808753,4.5289867149768223e-10,6.210204448999815e-06,6.177697202766004e-11,B
N,M6,1,0.9999979051184871,3.113914998182131e-10,2.094459997139083e-06,1.1012422473424695e-10,B
N,M6,1,0.9999934718921185,2.429948696171323e-07,5.94100127899389e-06,3.4411173298401396e-07,B
N,M6,1,0.999989821543259,2.7322325874006105e-08,1.0146186971438187e-05,4.947443703432473e-09,B
N,M6,1,0.9999903010004875,1.624092711266838e-08,9.68147473573408e-06,1.2838497519705713e-09,B
N,M6,1,0.9999973276219316,9.569900748662894e-08,2.0890564507944972e-06,4.876226101166836e-07,B
N,M6,1,0.9999915187013172,2.4346288937775733e-08,8.45409791791051e-06,2.854475895231337e-09,B
N,M6,1,3.937551393364205e-05,4.706853321820098e-07,0.99996014201087,1.1789864070364764e-08,OR
N,M6,1,0.9999999524712417,1.2244509421511729e-08,3.507630431445922e-08,2.0794427694662533e-10,B
N,M6,1,2.4960942934190783e-05,4.929449037917061e-07,0.9999744937854933,5.2326668831603755e-08,OR
N,M6,1,2.973062356924929e-05,6.771385003001159e-07,0.9999694570511559,1.3518677454156196e-07,OR
N,M6,1,0.9999960627690114,1.3775957375236216e-07,3.710693566795096e-06,8.877784783359093e-08,B
N,M6,1,7.387962629230742e-06,2.306163445249687e-06,0.9999844720182274,5.833855698259724e-06,OR
N,M6,1,0.9999972561994126,2.3415747995427675e-08,2.720155119507631e-06,2.2971973731195577e-10,B
N,M6,1,0.99998468173081,8.479537730438708e-08,1.523195228020379e-05,1.5215324922752194e-09,B
N,M6,1,0.999991385186605,1.1965898682604478e-08,8.572911793635434e-06,2.993570266198988e-08,B
N,M6,1,0.9999998305181569,4.755947499048063e-11,1.6900570074458317e-07,4.285829713270942e-10,B
N,M6,1,0.9999977706407419,3.0098766026143316e-08,2.1442949945546124e-06,5.496549719277083e-08,B
N,M6,1,0.9999996244074351,1.111981995927426e-07,1.1522896919294039e-07,1.4916539608367744e-07,B
N,M6,1,3.3697610965375086e-05,1.8614216373812988e-07,0.9999660851993027,3.104756807282113e-08,OR
N,M6,1,3.996834767595557e-05,2.189051855498804e-06,0.9999577477770457,9.482342281268138e-08,OR
N,M6,1,1.367123084318777e-05,3.5319163702509745e-06,0.9999726235675264,1.0173285260278277e-05,OR
N,M6,1,0.9999804254108869,2.3545746988847736e-08,1.9530163923947127e-05,2.0879442271717565e-08,B
N,M6,1,0.9999944323599315,3.704661381546667e-09,5.563017747506448e-06,9.176595322001621e-10,B
O,M6,1,0.999999380700861,2.138880577734514e-07,4.0417866018438136e-07,1.2324210482422785e-09,B
O,M6,1,0.9999966323502316,5.092243840979277e-07,2.846372562033232e-06,1.2052822192932134e-08,B
O,M6,1,0.9999882793005995,3.3873985446254125e-06,8.159759022892735e-06,1.735418329638541e-07,B
O,M6,1,0.9999931752265514,4.055520278888139e-09,6.7907583665801585e-06,2.99595617407734e-08,B
O,M6,1,3.0457613257916423e-05,4.405766195387956e-08,0.9999693548190625,1.435100177419897e-07,OR
O,M6,1,3.828405797852355e-06,0.9999956555323659,5.121443031946491e-07,3.91753290301641e-09,IR
O,M6,1,1.4735173188007496e-05,7.752273340220329e-06,0.9999774405205892,7.203288230592824e-08,OR
O,M6,1,3.168588545179346e-05,1.314421307898934e-06,0.9999669982625458,1.4306945817157511e-09,OR
O,M6,1,2.3580265103173325e-05,1.3846877143901136e-07,0.9999761671251022,1.1414102310736547e-07,OR
O,M6,1,0.9999869556748698,7.321875354076634e-06,5.689422659294413e-06,3.302711673359256e-08,B
O,M6,1,0.9999891675927739,3.0257498752775576e-07,1.0525342102635023e-05,4.490136037367204e-09,B
O,M6,1,3.714556823523335e-09,2.5814129804545695e-10,0.9999999958819601,1.4534163747827138e-10,OR
O,M6,1,0.9999936327146247,4.2498717801542475e-06,1.6269362003875488e-06,4.904773946356574e-07,B
O,M6,1,4.022943667285285e-06,3.2695471627139907e-06,0.9999926688551282,3.865404201381525e-08,OR
O,M6,1,0.9999893215380531,5.445882896759247e-06,5.062884740277457e-06,1.696943100489875e-07,B
O,M6,1,1.3987777316922794e-05,4.348248792944697e-06,0.9999814704081652,1.9356572484301757e-07,OR
O,M6,1,2.255558279642144e-05,3.2515424443183195e-08,0.9999774106753434,1.2264356680985772e-09,OR
O,M6,1,2.073689172777931e-05,3.911675398299676e-06,0.999975261816809,8.961606482855394e-08,OR
O,M6,1,1.3754460885368495e-07,0.9999926506641762,7.211452700022701e-06,3.3851484717693493e-10,IR
O,M6,1,3.618263613061719e-06,0.999992556634318,3.823399432076817e-06,1.7026369978009952e-09,IR
O,M6,1,0.9999901953287397,2.3999951613123735e-06,7.398915777105935e-06,5.760321968494367e-09,B
O,M6,1,0.9999858705466715,7.760567226462772e-06,6.340965126042291e-06,2.792097583521797e-08,B
O,M6,1,2.1179206341329094e-06,9.720992515954293e-06,0.9999881055969452,5.548990474993614e-08,OR
O,M6,1,1.3797058187665946e-07,3.5160175938802153e-07,0.999999495413001,1.501465781797168e-08,OR
O,M6,1,4.626169342066944e-06,2.697296954856084e-05,0.9999667462315442,1.6546295650691397e-06,OR
O,M6,1,0.9999937041220919,3.6742879537362335e-07,5.9181869173612056e-06,1.0262195355870836e-08,B
O,M6,1,3.3780272312772494e-06,0.9999960763987285,5.437173818900824e-07,1.8566583284641492e-09,IR
O,M6,1,1.5971539915104354e-06,3.822788924436169e-06,0.9999945174904271,6.256665707780215e-08,OR
O,M6,1,0.0729892696852347,0.8939627088393777,0.03269524584768007,0.0003527756277074761,IR
O,M6,1,5.38827076180845e-06,0.999992968704292,1.6159750012642594e-06,2.7049944895843597e-08,IR
O,M6,1,7.5631383809484875e-06,0.9999920894996449,3.46746459281632e-07,6.155147556761404e-10,IR
P,M6,1,3.2819253713507683e-10,4.5459058859891195e-12,0.9999999996660243,1.237123932184689e-12,OR
P,M6,1,1.9222853177519488e-07,7.031742817359495e-07,0.9999991029827902,1.6143963678652837e-09,OR
P,M6,1,1.8011930401355403e-06,2.5920466015836297e-06,0.9999956046025613,2.1577971232901354e-09,OR
P,M6,1,1.3166487723657958e-09,9.195906865369574e-07,0.9999990765222514,2.5704133162915226e-09,OR
P,M6,1,8.45356273594704e-06,7.006443416396493e-06,0.9999845187799379,2.1213909675886014e-08,OR
P,M6,1,5.836721362340582e-06,4.3644083138622706e-08,0.9999941131469682,6.4875865481823215e-09,OR
P,M6,1,1.526625143478411e-05,3.505853278061727e-08,0.9999846867273531,1.196267934023345e-08,OR
P,M6,1,1.6473360207125817e-08,1.2789185126119277e-10,0.9999999833005256,9.822229994502145e-11,OR
P,M6,1,4.789411112957005e-06,2.221800945412067e-06,0.9999929713396102,1.7448331277756617e-08,OR
P,M6,1,1.3312529436149996e-05,3.7826387683010455e-07,0.999986251641016,5.7565671040430635e-08,OR
P,M6,1,2.2317016068251104e-07,1.0146551058060021e-08,0.9999997661567083,5.265799240349792e-10,OR
P,M6,1,7.205808304282254e-08,2.973321943117838e-10,0.9999999274957675,1.4881725488215722e-10,OR
P,M6,1,9.548028141999279e-06,3.0351329988421824e-06,0.9999873985341536,1.8304705560536407e-08,OR
P,M6,1,1.5060837028441514e-05,4.749231189759843e-09,0.9999849330060324,1.4077079812580226e-09,OR
P,M6,1,3.7938148009865056e-07,0.9999815287720767,1.8088936505081376e-05,2.909938046301185e-09,IR
P,M6,1,7.933923760812991e-06,1.9756470814663287e-06,0.999990024909207,6.551995067785802e-08,OR
P,M6,1,5.297961288966865e-07,1.5429863805402746e-08,0.9999994547006981,7.33091349609884e-11,OR
P,M6,1,1.4504081965723866e-05,1.5609331519219905e-08,0.9999854770405866,3.2681159680188244e-09,OR
P,M6,1,7.53936091409475e-06,7.319942129836867e-09,0.9999922663507738,1.869683700831376e-07,OR
P,M6,1,1.7992753572683129e-06,7.037875484922904e-08,0.9999981290445279,1.3013601992828443e-09,OR
P,M6,1,1.8324004947188002e-09,1.8192079613736045e-07,0.9999998155711429,6.756602687785546e-10,OR
P,M6,1,4.5360319396886685e-06,0.9999848253774761,1.063823383199766e-05,3.567523379623087e-10,IR
P,M6,1,3.990438303703672e-06,2.0423746747975956e-09,0.9999960054988848,2.0204369466718015e-09,OR
P,M6,1,1.5244148608011874e-05,7.310308979960953e-07,0.9999840186176138,6.2028802911379816e-09,OR
P,M6,1,7.039628932403452e-11,5.270282285829686e-09,0.9999999946324432,2.687824919127918e-11,OR
P,M6,1,2.247176907675146e-06,1.379445351043447e-09,0.9999977479858354,3.4578115710100784e-09,OR
P,M6,1,0.9999829658843563,5.925948156976426e-09,1.6967464327120734e-05,6.072536841829426e-08,B
P,M6,1,0.9999951340200705,2.0106217994996393e-07,4.659052693639176e-06,5.8650558518739805e-09,B
P,M6,1,0.9999914028069413,1.308465376722256e-06,7.283648177498753e-06,5.07950445675331e-09,B
P,M6,1,0.9999927088803797,3.5858860791474136e-09,7.285247291099172e-06,2.286443077372811e-09,B
P,M6,1,2.1146552927322218e-05,2.0745714860242416e-09,0.9999788482690004,3.103500761451087e-09,OR
A,M6,2,1.0836413658832655e-06,8.569169721101179e-08,0.999998830179176,4.877608270994065e-10,OR
A,M6,2,8.690247985405088e-09,4.686719873078589e-09,0.9999999866117817,1.1250551461395631e-11,OR
A,M6,2,7.331058967311832e-06,2.0922791475946897e-06,0.9999905475415032,2.9120382023007573e-08,OR
A,M6,2,1.0544684341568362e-05,1.2339615135989431e-06,0.9999881469435731,7.4410571762068e-08,OR
A,M6,2,7.515134225861706e-08,4.445392511498472e-08,0.9999998783615812,2.0331514515011204e-09,OR
A,M6,2,2.8515847475969746e-06,6.940350720858522e-09,0.9999971395649951,1.909906589445783e-09,OR
A,M6,2,1.1178529455685948e-06,4.090180867242951e-09,0.9999988772878289,7.69044561257733e-10,OR
A,M6,2,2.1512395815102594e-05,1.5586336622919129e-06,0.9999767995121839,1.2945833881484654e-07,OR
A,M6,2,4.881376397199691e-06,9.078395819225205e-08,0.9999950270618141,7.778305145774957e-10,OR
A,M6,2,8.269040367236683e-08,3.980167517073191e-06,0.9999959337197523,3.4223270450108196e-09,OR
A,M6,2,1.7615090774248463e-05,1.4881798851906373e-10,0.9999823847228665,3.7541302619682145e-11,OR
A,M6,2,0.9999963373210812,4.404893817771537e-09,3.6568397087266407e-06,1.434316366510408e-09,B
A,M6,2,0.999991785601273,1.2983685453960758e-07,7.877762851038951e-06,2.067990212635745e-07,B
A,M6,2,2.0782129391185983e-05,9.830518003041621e-08,0.9999790745986116,4.496681727575376e-08,OR
A,M6,2,0.9999929150463407,1.6727735589536084e-08,7.059973481023214e-06,8.252442590825247e-09,B
A,M6,2,1.1529510805372598e-05,2.4785938364665036e-09,0.9999884671012956,9.093051583190071e-10,OR
A,M6,2,3.991404294193778e-07,2.6236449425584636e-06,0.9999969710419336,6.172694562049225e-09,OR
A,M6,2,1.5701387756365168e-06,1.8924774672999996e-08,0.9999983954166566,1.5519793136252677e-08,OR
A,M6,2,5.038229283211218e-06,4.0696000118628026e-08,0.9999949129434403,8.131276296721409e-09,OR
A,M6,2,2.9023390974684447e-11,4.810728794253883e-11,0.9999999999073552,1.5514044956735907e-11,OR
A,M6,2,9.361688117228931e-07,2.0424613684207163e-09,0.9999990611905522,5.981747717891517e-10,OR
A,M6,2,0.9999819194861481,6.150356288388451e-09,1.8070780945329554e-05,3.5825503535416895e-09,B
A,M6,2,2.520153045270669e-07,2.9569244201798994e-09,0.999999703382352,4.164541893970597e-08,OR
A,M6,2,1.4588940555090907e-07,1.608866965157203e-08,0.9999998374130765,6.088482982602168e-10,OR
A,M6,2,2.1117656436753918e-07,5.853250689595438e-09,0.9999997819879451,9.822399579576678e-10,OR
A,M6,2,7.681896461482851e-06,5.9095815874242953e-08,0.9999922463360659,1.267165672693237e-08,OR
A,M6,2,8.895151518569348e-10,1.0425814886218145e-09,0.9999999978085146,2.5938868920937956e-10,OR
A,M6,2,2.5924953924046145e-07,5.946383520238611e-06,0.9999937903667524,4.000188253116899e-09,OR
A,M6,2,9.950324826623414e-09,2.5061979599410656e-07,0.9999997383086549,1.12122434011597e-09,OR
A,M6,2,1.0661204955956453e-08,1.761321181591365e-10,0.9999999890357744,1.2688845876877612e-10,OR
A,M6,2,0.9999940497851934,2.474663350935476e-07,5.700926184912175e-06,1.8222865352551359e-09,B
B,M6,2,0.999994555829161,6.487390330734124e-08,5.373261139026679e-06,6.0357968573962636e-09,B
B,M6,2,0.9999938184010925,4.768246054110931e-06,1.4045010916612218e-06,8.851761579778912e-09,B
B,M6,2,0.9999981767986493,7.794892952218318e-07,1.0415159765572929e-06,2.1960788756113714e-09,B
B,M6,2,3.4629452586352174e-05,4.496135603511879e-06,0.9999608640516108,1.0360199434151092e-08,OR
B,M6,2,0.9999983834642383,1.6366344875778757e-08,1.597767565981247e-06,2.4018509229167624e-09,B
B,M6,2,1.1607926068416871e-05,0.9999883830988571,8.285406148194151e-09,6.896682788986049e-10,IR
B,M6,2,9.007951961693682e-06,3.2408519609739595e-06,0.9999877354791731,1.5716904275022943e-08,OR
B,M6,2,2.021747277530539e-05,1.497995568476938e-07,0.9999796211079331,1.1619734653735518e-08,OR
B,M6,2,8.621026095013673e-06,0.9999913783834687,3.266649597046956e-10,2.6377117953213506e-10,IR
B,M6,2,0.99999437642815,3.0774978931039107e-06,2.469551480807674e-06,7.652247586148705e-08,B
B,M6,2,7.123089180315758e-06,1.4650826680989252e-06,0.9999913363189888,7.550916281304311e-08,OR
B,M6,2,7.347867569689753e-06,0.9999906390573948,1.996261378080919e-06,1.6813657072388303e-08,IR
B,M6,2,0.9999966144021829,7.681391139087124e-08,3.23423105317447e-06,7.455285239376873e-08,B
B,M6,2,0.9999820209395863,7.240961986638774e-10,1.7977696294067008e-05,6.400233482209431e-10,B
B,M6,2,0.999991691434213,7.677929601550863e-08,8.111097856760329e-06,1.2068863421133594e-07,B
B,M6,2,0.9999908980438406,3.7158347626310247e-07,8.72921957356252e-06,1.153109685236005e-09,B
B,M6,2,0.9999753890956513,2.7344759686892683e-06,2.164538623247873e-05,2.3104214750749168e-07,B
B,M6,2,0.999998418033365,1.237357130108118e-06,2.7158295682431825e-07,7.302654806207285e-08,B
B,M6,2,0.9999905548477668,1.2694201584685658e-07,9.305442970311522e-06,1.2767246954683885e-08,B
B,M6,2,6.105724217334965e-06,8.271445959745871e-07,0.9999925271852272,5.399459592876246e-07,OR
B,M6,2,3.4178392985275015e-05,6.965083117475584e-06,0.999958668377225,1.8814667215796585e-07,OR
B,M6,2,0.9999811139762889,1.349871033780477e-07,1.873807993938063e-05,1.2956668313765582e-08,B
B,M6,2,0.9999999562239509,1.2131190214521863e-10,4.362134633018514e-08,3.339082556369869e-11,B
B,M6,2,2.561705888998932e-05,8.667681086234849e-09,0.9999743694571477,4.816281314139036e-09,OR
B,M6,2,0.9999956354612357,1.2533216533468996e-08,4.351970275100074e-06,3.5272477945441455e-11,B
B,M6,2,1.40215393365609e-08,5.68864486437557e-06,0.9999942958125416,1.5210546842223538e-09,OR
B,M6,2,1.2517586696115209e-05,0.9999866697427606,8.092727573926132e-07,3.3977858948064043e-09,IR
B,M6,2,0.9999883500778579,1.1001385209351156e-05,1.2085271686976433e-07,5.276842159764618e-07,B
B,M6,2,0.9999909142147266,2.8603318732587624e-09,9.081509520726565e-06,1.415420719412958e-09,B
B,M6,2,0.999996358186923,2.3629083682861588e-07,3.400550098116425e-06,4.9721421593552006e-09,B
B,M6,2,6.857777725635966e-07,2.36735624030537e-06,0.9999969452566758,1.6093112103347227e-09,OR
C,M6,2,2.044647715740371e-09,2.65195633788925e-06,0.9999973394744671,6.524547205441129e-09,OR
C,M6,2,3.4181594073083446e-10,2.0581833004520073e-06,0.9999979388867537,2.588129973837194e-09,OR
C,M6,2,6.304754569116533e-09,3.087439535646828e-07,0.9999996835368148,1.4144768723956298e-09,OR
C,M6,2,1.5240954728185427e-09,4.869401223240363e-07,0.9999995107442001,7.915819341739709e-10,OR
C,M6,2,8.032783232533179e-06,3.2219401964723706e-07,0.999991644619091,4.0365680637379414e-10,OR
C,M6,2,4.541949753373037e-09,1.6981590690133617e-07,0.9999998202901811,5.35196241687475e-09,OR
C,M6,2,4.399403339749439e-09,3.1368187395192656e-06,0.9999968524151329,6.366724092989536e-09,OR
C,M6,2,7.911929384654641e-10,1.2412441148187417e-09,0.9999999977105529,2.5700990595062126e-10,OR
C,M6,2,6.613932526366247e-10,1.6040326298097105e-06,0.9999983929015361,2.4044408110093135e-09,OR
C,M6,2,4.360562109978279e-09,6.118334394131474e-07,0.9999993806665791,3.1394194211384075e-09,OR
C,M6,2,6.94116193345987e-11,7.21394961234311e-08,0.9999999271591611,6.319310447023014e-10,OR
C,M6,2,3.2415455613845133e-09,1.2675612158925533e-06,0.9999987249320026,4.26523605396684e-09,OR
C,M6,2,3.308371645651348e-10,1.2760276464573932e-07,0.9999998709222049,1.1441932296388243e-09,OR
C,M6,2,2.0817806141872114e-07,3.137162793578023e-06,0.9999966421107702,1.254837483208243e-08,OR
C,M6,2,1.4007636309437129e-08,6.556559856765336e-07,0.999999329845075,4.913029365345731e-10,OR
C,M6,2,2.6909450697522237e-10,4.1662000927557186e-08,0.9999999576655996,4.0330500384585537e-10,OR
C,M6,2,1.0895168510051872e-09,1.2750333653207651e-06,0.9999987209379082,2.9392096365400353e-09,OR
C,M6,2,6.461255607608735e-10,1.1421575348224386e-07,0.9999998821205324,3.017588494707253e-09,OR
C,M6,2,6.90037658018658e-07,3.1979537516623782e-06,0.9999960977693302,1.423926006945095e-08,OR
C,M6,2,1.8798051805645777e-10,1.3299189859300007e-07,0.9999998665615681,2.585527432502773e-10,OR
C,M6,2,1.2621162649547243e-09,2.0440827456891886e-05,0.9999795441535073,1.3756919437564263e-08,OR
C,M6,2,4.1327209616101596e-10,4.641499604931685e-09,0.9999999943072557,6.37972516145568e-10,OR
C,M6,2,1.6001957174209587e-08,1.1433189430812725e-07,0.9999998661405366,3.5256118693366463e-09,OR
C,M6,2,1.4105661542519677e-09,2.6687028992049796e-07,0.9999997307255565,9.935873824963405e-10,OR
C,M6,2,1.689491480095683e-10,2.4768414749837223e-09,0.9999999970074331,3.467762239457746e-10,OR
C,M6,2,1.2572056008821413e-09,1.0299685114986453e-07,0.9999998938640312,1.881911933647184e-09,OR
C,M6,2,4.4250147131018627e-10,3.0722909057069153e-07,0.9999996918224509,5.059570705506952e-10,OR
C,M6,2,6.837925522310936e-11,2.5582410477535043e-06,0.9999974412254461,4.6512688080712736e-10,OR
C,M6,2,7.050293100739417e-10,1.507103656978434e-08,0.9999999816148267,2.6091074160601143e-09,OR
C,M6,2,3.1992366278874774e-09,6.264377349298167e-08,0.9999999216573386,1.2499651120299342e-08,OR
C,M6,2,6.211611110045616e-06,0.999962997270174,3.078613666931663e-05,4.9820467160843835e-09,IR
D,M6,2,1.0078212055104948e-09,1.2851613501589362e-07,0.9999998700544075,4.216362275563368e-10,OR
D,M6,2,0.9999885526244302,2.6761662271903356e-08,1.1414060734669318e-05,6.5531729433938334e-09,B
D,M6,2,2.434161862784242e-08,3.111111985021658e-11,0.9999999749145532,7.12717187012163e-10,OR
D,M6,2,1.874219108930984e-05,6.710952187944718e-09,0.9999812496865254,1.4114332390510416e-09,OR
D,M6,2,2.9272378237120933e-07,2.7776628587755266e-10,0.9999997064637374,5.347138394595462e-10,OR
D,M6,2,1.3044937205606625e-05,2.953653515488706e-09,0.999986919616016,3.2493124748603085e-08,OR
D,M6,2,8.118195795501807e-07,4.3348518759393994e-08,0.9999991386466615,6.185240271937766e-09,OR
D,M6,2,0.9999907922295873,4.752518061995053e-09,9.200027696748857e-06,2.9901978896475782e-09,B
D,M6,2,2.5344645685450382e-05,1.7515576241694192e-09,0.9999746498582673,3.744489471531829e-09,OR
D,M6,2,3.777708079581518e-07,3.908649344454127e-07,0.9999992266912323,4.673025159451014e-09,OR
D,M6,2,4.889927008302745e-06,3.064066550351828e-09,0.9999950462332812,6.077564390221826e-08,OR
D,M6,2,2.552575631269927e-05,2.4609801870443478e-08,0.9999744395705743,1.006331114659786e-08,OR
D,M6,2,0.9999848680101224,6.032786827791501e-09,1.5123734088511445e-05,2.223002048316394e-09,B
D,M6,2,5.1502506979607873e-08,7.464381461165273e-08,0.9999998734202835,4.333949053960927e-10,OR
D,M6,2,0.9999843098653003,4.933825702860938e-06,1.0516009359373759e-05,2.402996375449039e-07,B
D,M6,2,8.440245158203382e-07,5.7282038887432794e-08,0.9999990946305811,4.062864179255031e-09,OR
D,M6,2,2.0153424947647107e-05,1.2346870880079191e-08,0.9999798312073849,3.020796571957221e-09,OR
D,M6,2,1.1488961537582887e-05,2.039316805365637e-07,0.9999882071141472,9.999263472833582e-08,OR
D,M6,2,1.7926858544842706e-05,2.8847576473347115e-09,0.9999820548335138,1.5423183793454226e-08,OR
D,M6,2,0.9999887121334732,2.939405143230802e-07,9.90755816451342e-06,1.0863678480454337e-06,B
D,M6,2,5.222660048018849e-06,8.4458508349914e-10,0.9999947751264722,1.368894826199596e-09,OR
D,M6,2,8.041179892124976e-06,7.176848436842577e-07,0.9999912181562711,2.297899288446384e-08,OR
D,M6,2,2.090633892807887e-08,1.634042136149203e-07,0.9999998116091922,4.080255377073109e-09,OR
D,M6,2,0.9999811087860779,4.317225280737513e-08,1.883462265035734e-05,1.3419018806915937e-08,B
D,M6,2,1.8885549004224665e-06,6.368302596870052e-08,0.9999980406985444,7.063529303062965e-09,OR
D,M6,2,7.612466050745132e-07,2.7241168271902276e-09,0.999999227851792,8.177486122397542e-09,OR
D,M6,2,1.619435719506021e-05,3.582382384927046e-10,0.9999838036933013,1.5912653485899677e-09,OR
D,M6,2,8.284362864089703e-06,9.652369947404788e-08,0.9999913959051986,2.2320823792657906e-07,OR
D,M6,2,4.474165367907626e-07,1.0128182733773149e-07,0.9999994323203928,1.8981243175894433e-08,OR
D,M6,2,5.259890199179259e-10,3.5786458444437473e-09,0.9999999957962025,9.916277186591729e-11,OR
D,M6,2,7.65374508881888e-08,4.081745930737067e-09,0.9999999165649135,2.815889758574207e-09,OR
E,M6,2,2.4077108014040866e-09,5.535013259834362e-07,0.9999994407623002,3.328662951913117e-09,OR
E,M6,2,7.991076249564084e-10,4.6496114078722234e-08,0.9999999518243395,8.804388810913964e-10,OR
E,M6,2,9.229793815756354e-10,2.3290789441221226e-07,0.9999997635955123,2.5736137855262333e-09,OR
E,M6,2,7.889230229596567e-11,1.524480383018402e-07,0.9999998422320133,5.241056015666052e-09,OR
E,M6,2,1.5171287397235346e-09,7.314223065348067e-08,0.9999998858466871,3.9493953310662645e-08,OR
E,M6,2,3.2020351391376603e-08,1.759712068555792e-07,0.999999744409769,4.759867268516395e-08,OR
E,M6,2,2.195320382308807e-11,1.2709548624987417e-07,0.9999998698995731,2.982987503442692e-09,OR
E,M6,2,1.2901344858918302e-10,4.091484223184319e-09,0.9999999889066137,6.872888546259726e-09,OR
E,M6,2,1.2686034577180335e-08,5.412457973171128e-09,0.9999999817311048,1.704025239013226e-10,OR
E,M6,2,3.965968159714666e-07,5.816430715033623e-08,0.999999544307514,9.31362807380915e-10,OR
E,M6,2,5.380903142208696e-07,1.6670498846338246e-06,0.9999976984814126,9.637838857694554e-08,OR
E,M6,2,5.086236914176622e-11,1.8516069632716503e-08,0.9999999772350053,4.198062610850748e-09,OR
E,M6,2,2.8010046387444285e-09,2.4670277763350513e-08,0.9999999676051662,4.9235513260744435e-09,OR
E,M6,2,4.149653029353068e-09,7.887999400205304e-09,0.9999999876478204,3.14527003679799e-10,OR
E,M6,2,3.1331037569259674e-07,1.228138259119402e-06,0.9999984540234756,4.5278894470157685e-09,OR
E,M6,2,2.0547378289492432e-08,3.88196347063254e-06,0.9999960936671904,3.8219607009385e-09,OR
E,M6,2,6.379756882610996e-08,5.649070166744832e-09,0.9999999281678786,2.3854824075980847e-09,OR
E,M6,2,1.0621643865886758e-09,9.537394626736162e-10,0.999999985706651,1.2277445078096488e-08,OR
E,M6,2,4.010974628004339e-08,2.8658576852083073e-08,0.9999998921870551,3.9044621839341324e-08,OR
E,M6,2,9.760318744986176e-11,8.591314470352896e-07,0.9999991337552138,7.015736193055722e-09,OR
E,M6,2,8.497938789851183e-08,8.327379035873803e-07,0.9999990771047031,5.1780053941531195e-09,OR
E,M6,2,1.1535577480742592e-09,3.645236158736397e-08,0.9999999580037069,4.390373795570552e-09,OR
E,M6,2,1.838657607298883e-08,1.4773509253089574e-06,0.9999984990623023,5.2001962386426695e-09,OR
E,M6,2,1.3873875598668986e-08,3.421586742012152e-08,0.9999999334843641,1.8425892887213114e-08,OR
E,M6,2,7.685098441868176e-10,1.2324042056129299e-08,0.999999973956553,1.2950895065384135e-08,OR
E,M6,2,4.3291918114072034e-11,2.3456467588649335e-07,0.9999997648103232,5.817090569006987e-10,OR
E,M6,2,2.2000853272400098e-07,9.336700801283351e-08,0.9999996844807734,2.1436859600847147e-09,OR
E,M6,2,1.5868351374607618e-09,4.498128840045417e-08,0.9999999513204646,2.1114117847262593e-09,OR
E,M6,2,3.6024422978328685e-06,7.394149889678496e-09,0.9999963853410458,4.8225065197898315e-09,OR
E,M6,2,3.468849715186024e-06,5.873429933535326e-08,0.999996466797513,5.618472376698233e-09,OR
E,M6,2,2.490729050441075e-06,7.134599134773262e-06,0.9999902937310786,8.094073598304137e-08,OR
F,M6,2,8.523611454780412e-08,4.964082510319301e-09,0.9999999095493637,2.504390963456712e-10,OR
F,M6,2,2.0261631723148704e-05,6.108730742515535e-08,0.9999795163620139,1.6091895549502266e-07,OR
F,M6,2,6.556099634327716e-08,2.4146648251874903e-09,0.9999999319680282,5.631080636310375e-11,OR
F,M6,2,0.9999863174271322,3.717888454102362e-07,1.3306757646268732e-05,4.0263760455752545e-09,B
F,M6,2,0.9999865525192779,4.4648962496614146e-08,1.3383527057194755e-05,1.9304702284459678e-08,B
F,M6,2,1.3370763434971557e-05,2.3839056029969133e-06,0.9999804513334023,3.793997559731855e-06,OR
F,M6,2,5.6786856522974504e-06,3.7133007370667882e-06,0.9999906054783316,2.5352789990814544e-09,OR
F,M6,2,2.397092192810403e-06,1.4058186321543272e-05,0.9999833138684181,2.3085306739719478e-07,OR
F,M6,2,8.028839463912124e-06,1.3843204654295134e-08,0.9999919351673737,2.2149957831165753e-08,OR
F,M6,2,0.9999854680476578,2.252988159207606e-07,1.4303714592460737e-05,2.9389338583561826e-09,B
F,M6,2,2.366068066135594e-07,2.048340091542701e-07,0.999999557502538,1.056646282786917e-09,OR
F,M6,2,5.732584207190479e-08,1.104583835691134e-08,0.9999999307221822,9.061373675385374e-10,OR
F,M6,2,7.549461272665984e-09,6.066967647800316e-11,0.9999999923122226,7.764648939274129e-11,OR
F,M6,2,7.874884166538647e-06,4.865980152796684e-09,0.9999921183772692,1.872583892795004e-09,OR
F,M6,2,0.9999857308290984,3.3635736949022903e-09,1.4262033769473835e-05,3.773558512495684e-09,B
F,M6,2,0.9999941231397571,4.581504837196907e-08,5.812197842127967e-06,1.88473524755912e-08,B
F,M6,2,3.361784583105957e-06,1.7245267664995382e-09,0.9999966286416059,7.849284232179916e-09,OR
F,M6,2,9.16078911449177e-06,1.4286954697721718e-09,0.9999908312541778,6.528012159868946e-09,OR
F,M6,2,2.4463994057232563e-06,3.502684446893961e-07,0.9999971255811884,7.775096107176179e-08,OR
F,M6,2,1.7986536978094534e-07,1.5208002779160642e-09,0.9999998185456348,6.819511384586817e-11,OR
F,M6,2,6.419046742513272e-07,1.674634038527129e-10,0.9999993576532051,2.7465717715706e-10,OR
F,M6,2,6.353874973037284e-07,4.149560168333492e-09,0.9999993554965895,4.96635311861143e-09,OR
F,M6,2,6.8563331142526025e-06,8.34059511836522e-08,0.9999929003142565,1.5994667809871859e-07,OR
F,M6,2,8.548077487315065e-08,7.226619139657227e-06,0.9999926875158631,3.8422224580732974e-10,OR
F,M6,2,0.999991613057816,4.612554338721278e-08,8.332643228237576e-06,8.173412359537799e-09,B
F,M6,2,2.534728536883105e-07,2.2138484743938385e-08,0.999999723322708,1.0659536386752735e-09,OR
F,M6,2,8.69002976302682e-06,5.2452211013375955e-06,0.9999860448500344,1.9899101005380784e-08,OR
F,M6,2,1.2618511349781966e-06,2.9108321364281724e-08,0.9999987017590269,7.281516924508912e-09,OR
F,M6,2,3.8640034198353265e-06,2.4628802315434532e-08,0.9999960994586501,1.1909127944605113e-08,OR
F,M6,2,1.7226043415788005e-06,1.2297388033317666e-06,0.999997030450694,1.7206161108784362e-08,OR
F,M6,2,5.697420715539025e-07,6.905233290196309e-08,0.9999993394739486,2.173164699776625e-08,OR
G,M6,2,1.7127521334127988e-06,1.0119437985705125e-09,0.9999982805042008,5.7317218513815565e-09,OR
G,M6,2,0.9999893444709916,3.013349724388409e-06,7.613189335859442e-06,2.8989947969855232e-08,B
G,M6,2,0.9999933057260021,3.5835517247081213e-09,6.520813104439888e-06,1.6987734189463098e-07,B
G,M6,2,4.5591121395194025e-06,2.9180478516953793e-07,0.9999951458794473,3.2036279429989255e-09,OR
G,M6,2,1.522963223304545e-06,1.4811957484399321e-06,0.9999969455290878,5.031194069373434e-08,OR
G,M6,2,0.9999873477796623,1.404469489063964e-06,1.105859298464784e-05,1.8915786418794297e-07,B
G,M6,2,0.9999952423479733,1.2348543762917054e-07,4.628082282751804e-06,6.084306409893518e-09,B
G,M6,2,9.869128139851931e-06,6.688943645392029e-09,0.9999901189931355,5.189780962698023e-09,OR
G,M6,2,0.9999967556652024,1.3429201591324669e-08,3.2256964358291997e-06,5.209160228050031e-09,B
G,M6,2,8.006740935099251e-06,9.877331499364036e-06,0.9999821148767435,1.0508219684309558e-09,OR
G,M6,2,0.9999895505760689,5.244658421814215e-11,1.0449069502796848e-05,3.019818287995787e-10,B
G,M6,2,1.108932325191166e-05,2.3586087471785593e-09,0.9999889017219604,6.596178922850869e-09,OR
G,M6,2,0.999999977326132,9.370223988310021e-11,2.230863460044952e-08,2.7153130319447215e-10,B
G,M6,2,0.9999930779839526,2.5605055886544276e-07,6.663796927223134e-06,2.1685612393114287e-09,B
G,M6,2,1.2033015870184115e-10,1.856091193092323e-08,0.9999999812736836,4.5074308372229884e-11,OR
G,M6,2,5.170106834127558e-06,1.4241613122937789e-06,0.9999931950826288,2.1064922480220165e-07,OR
G,M6,2,2.3149916578157538e-05,1.5884217591471171e-07,0.9999760628035425,6.284377036096412e-07,OR
G,M6,2,0.9999880185706457,4.611922558701158e-09,1.1975525488842296e-05,1.2919427813024854e-09,B
G,M6,2,0.9999925241335,3.1184360263161376e-08,7.162085832519861e-06,2.82596307126762e-07,B
G,M6,2,0.9999925079832738,7.814266284775672e-09,7.483818241812508e-06,3.84218225109497e-10,B
G,M6,2,0.9999884705373489,1.7892615401039235e-07,1.134035567591638e-05,1.0180821247566304e-08,B
G,M6,2,0.9999872352914696,2.9439333225404937e-08,1.2734641736019695e-05,6.274612820521874e-10,B
G,M6,2,2.5273188682264748e-08,6.664722800149916e-07,0.9999993072475474,1.0069839836613885e-09,OR
G,M6,2,1.5461314328875882e-05,2.988420328464184e-07,0.9999837752251634,4.646184748247087e-07,OR
G,M6,2,0.9999878826386849,3.5172594322191172e-06,8.585522642915403e-06,1.4579239942304718e-08,B
G,M6,2,0.9999879315851485,2.1283501397449937e-06,9.910551682865249e-06,2.9513028828479786e-08,B
G,M6,2,0.9999936650284742,5.523465589194109e-06,7.918587067973211e-07,1.9647229801091605e-08,B
G,M6,2,1.686630375560699e-05,2.4238353527833444e-06,0.9999806788071232,3.105376833882169e-08,OR
G,M6,2,3.4377812754877126e-06,7.209088756374253e-06,0.9999893388683417,1.4261626268445381e-08,OR
G,M6,2,0.9999891703262858,4.206285134031581e-08,1.0772834643148269e-05,1.4776219543959112e-08,B
G,M6,2,0.9999965830273976,3.3912064396703013e-09,3.40473191283727e-06,8.849483289262983e-09,B
H,M6,2,2.3425747842881144e-05,1.7553476702741268e-07,0.9999677512963369,8.647421053211188e-06,OR
H,M6,2,4.825032625519255e-09,2.7125369953806703e-08,0.999999843548369,1.245012283544069e-07,OR
H,M6,2,9.68489715291668e-07,1.9799959357822808e-07,0.999998743594616,8.991607514853873e-08,OR
H,M6,2,2.4666608683779962e-08,4.7410378478968306e-08,0.9999999018817379,2.6041274959220144e-08,OR
H,M6,2,3.281615848658832e-09,1.0730285030983882e-08,0.9999999426345132,4.335358604095122e-08,OR
H,M6,2,4.858538425312292e-09,9.557165097785751e-08,0.9999997378182092,1.6175160145296438e-07,OR
H,M6,2,1.2130634294799286e-08,6.98283771851785e-07,0.9999989740401712,3.155454227452106e-07,OR
H,M6,2,6.621566957289591e-08,1.3837277917406852e-08,0.9999998397008146,8.024623787888417e-08,OR
H,M6,2,2.7208772123960746e-08,1.4763917446753356e-06,0.9999983552119077,1.4118757549790285e-07,OR
H,M6,2,2.8610738966735674e-07,2.9421652168848254e-07,0.9999993624146883,5.72614003125765e-08,OR
H,M6,2,6.168487808200589e-10,1.4739705686567704e-07,0.9999998044106678,4.757542641995884e-08,OR
H,M6,2,9.822241777664677e-09,4.431891359319956e-07,0.999999528579625,1.840899712933869e-08,OR
H,M6,2,3.914894836019259e-08,9.536265686735866e-08,0.9999997770555682,8.84328267537172e-08,OR
H,M6,2,4.643300420369594e-09,6.666016803811081e-08,0.9999996844942368,2.442022948063614e-07,OR
H,M6,2,1.7244732704675515e-08,4.0493354533342055e-08,0.9999998695319111,7.273000161188446e-08,OR
H,M6,2,9.527066087796202e-09,6.778021163292773e-08,0.9999998312835243,9.140919781633724e-08,OR
H,M6,2,7.06437240915827e-10,3.364952912280203e-08,0.9999996885891923,2.770548413029193e-07,OR
H,M6,2,5.061361649341069e-09,1.2131837718791992e-07,0.9999997518559368,1.217643243450122e-07,OR
H,M6,2,2.3816357631079064e-07,2.7124467068453284e-07,0.9999991405095578,3.5008219518814395e-07,OR
H,M6,2,3.6985504971001465e-10,1.1745213463292046e-07,0.9999998608204026,2.1357607569860654e-08,OR
H,M6,2,1.2747352209278155e-08,5.507208150264506e-08,0.9999997381166901,1.9406387627154914e-07,OR
H,M6,2,3.3553690893735145e-08,6.179233732645896e-07,0.9999993161892262,3.233370953207255e-08,OR
H,M6,2,2.9234708665799465e-08,2.717733215589864e-07,0.9999996853504609,1.3641509002456766e-08,OR
H,M6,2,2.2947989993228805e-07,1.8475958463931391e-07,0.9999995753174373,1.0443078017139642e-08,OR
H,M6,2,1.0907748477399598e-08,1.8508458011144776e-07,0.9999997956483686,8.359302837297644e-09,OR
H,M6,2,6.060599691200902e-09,1.070833642897758e-06,0.9999988682681701,5.4837587475529883e-08,OR
H,M6,2,1.1444691590718914e-07,1.8714987876571306e-07,0.9999996008738933,9.752931214402783e-08,OR
H,M6,2,8.530138532089855e-09,3.797459050371295e-08,0.9999998715650728,8.19301984258271e-08,OR
H,M6,2,4.390325824236173e-10,4.2484188792705484e-08,0.999999951349868,5.726910565822086e-09,OR
H,M6,2,8.412555291524331e-09,8.277887291391781e-08,0.9999998274112554,8.139731630780533e-08,OR
H,M6,2,8.012995677411052e-08,3.153351666340899e-07,0.9999995492829294,5.525194719273998e-08,OR
I,M6,2,9.960148908362202e-07,2.7350698690643376e-08,0.9999989689860963,7.648314279203407e-09,OR
I,M6,2,7.0378505131855124e-06,1.1975285205972132e-06,0.9999917328673513,3.175361489655998e-08,OR
I,M6,2,1.8476138197301711e-06,2.0407352239783317e-09,0.9999981491636215,1.1818235195569568e-09,OR
I,M6,2,7.910445233176432e-07,5.686152661834621e-10,0.9999992046289556,3.7579056741662985e-09,OR
I,M6,2,3.485026431711526e-07,1.1624260987021176e-06,0.9999980204578451,4.686134129510936e-07,OR
I,M6,2,6.006979868665205e-08,4.4494397671075524e-10,0.9999999379394405,1.5458168899461385e-09,OR
I,M6,2,2.0545583231075806e-08,5.078444533171585e-07,0.9999994632382133,8.371750122905568e-09,OR
I,M6,2,0.9999860758931104,2.315891544172411e-08,1.3900055520807736e-05,8.924534004396231e-10,B
I,M6,2,1.1032401199148885e-05,1.4199105397261679e-06,0.9999875232072092,2.4481052011525233e-08,OR
I,M6,2,2.7037235909996173e-06,6.74173926533892e-07,0.9999965724456166,4.965686589487072e-08,OR
I,M6,2,3.2192578770783943e-09,5.444700211503073e-08,0.9999999389415699,3.3921701127053605e-09,OR
I,M6,2,6.909819537400793e-10,1.5480017195447868e-06,0.9999984474584164,3.8488821807102316e-09,OR
I,M6,2,1.0259752070301454e-05,1.0882087767137196e-06,0.9999886385304396,1.3508713201758452e-08,OR
I,M6,2,1.7755398257153788e-06,2.556783050769984e-08,0.9999981851423513,1.3749992354478534e-08,OR
I,M6,2,8.456626523907876e-09,3.398757840549115e-05,0.9999659751937642,2.8771203629082107e-08,OR
I,M6,2,6.262157266051546e-09,6.001752577034654e-07,0.9999993801826172,1.3379967654838886e-08,OR
I,M6,2,2.297950412148653e-06,1.9023980036494897e-08,0.9999976786433898,4.3822179542636015e-09,OR
I,M6,2,1.792833032942079e-10,1.600721004024638e-09,0.9999999976797351,5.40260421497073e-10,OR
I,M6,2,1.1401402493679404e-08,9.748996583134011e-08,0.9999998887877443,2.3208873764126556e-09,OR
I,M6,2,0.9999738643896898,8.004915025605685e-10,2.6134517323948413e-05,2.9249492105210486e-10,B
I,M6,2,2.4869159049294496e-06,3.3087455271116032e-06,0.9999941821967969,2.21417711280407e-08,OR
I,M6,2,2.312436377006279e-07,4.193457376324156e-08,0.9999996703054342,5.6516354279303425e-08,OR
I,M6,2,1.344945346510706e-06,8.057452965200056e-07,0.9999977553308966,9.397846029099553e-08,OR
I,M6,2,1.3386881964717994e-05,1.5458141112073623e-08,0.9999865964660479,1.1938462326455076e-09,OR
I,M6,2,6.237213604812934e-09,1.3220997737247356e-05,0.9999867597589746,1.300607450331884e-08,OR
I,M6,2,8.171328973976583e-06,2.83369909449022e-09,0.9999918242914432,1.5458837272866955e-09,OR
I,M6,2,8.425362777738854e-10,6.709668708541696e-07,0.9999993262701377,1.9204551794651755e-09,OR
I,M6,2,1.3896322372857527e-08,0.9999863562855928,1.3629692490729642e-05,1.255940511897333e-10,IR
I,M6,2,1.0397534321444446e-07,1.511528661524311e-08,0.9999998709872269,9.922143485247863e-09,OR
I,M6,2,4.798279766409709e-07,4.120126290693678e-06,0.9999949964497955,4.0359593722873894e-07,OR
I,M6,2,8.094095160484298e-09,6.055668925191978e-07,0.9999993210735381,6.526547425007488e-08,OR
J,M6,2,5.435761583713547e-06,8.510451494255074e-07,0.9999936922168651,2.0976401855598622e-08,OR
J,M6,2,8.804179475473759e-09,1.8375152883617698e-05,0.9999815562534573,5.978947964982658e-08,OR
J,M6,2,1.1079396275839388e-05,3.7013700974506946e-08,0.9999888641691388,1.942088449048113e-08,OR
J,M6,2,3.698331107574854e-08,2.7321518819754616e-07,0.9999996850186756,4.7828251828319725e-09,OR
J,M6,2,6.421402532221761e-06,9.809317127704126e-06,0.9999836132904717,1.5598986836434077e-07,OR
J,M6,2,2.9836014845677516e-07,2.639518361546685e-07,0.9999994052608425,3.242717293502721e-08,OR
J,M6,2,3.275816524179651e-07,0.9999657675070484,3.3901887200292676e-05,3.024098963726256e-09,IR
J,M6,2,6.771584973941355e-07,7.207691108166456e-06,0.9999920754872165,3.966317787321102e-08,OR
J,M6,2,1.4430747936576632e-08,1.1506351290031465e-05,0.9999884732445515,5.97341034645424e-09,OR
J,M6,2,7.2154099092117555e-06,1.5091152433927192e-05,0.9999776483244704,4.5113186451209734e-08,OR
J,M6,2,8.374161267852614e-10,0.9999756466226682,2.435081264874431e-05,1.7272668668973244e-09,IR
J,M6,2,3.785455615369885e-06,0.9999961819426675,3.2597192389940186e-08,4.524758487537781e-12,IR
J,M6,2,1.6901608901878005e-08,1.3257118277603352e-06,0.9999986508840961,6.502467190082351e-09,OR
J,M6,2,6.900501834046626e-06,1.559500851134118e-08,0.9999930821149043,1.788253084376435e-09,OR
J,M6,2,6.136877017607541e-08,4.166342252597893e-06,0.9999956976535389,7.463543840388494e-08,OR
J,M6,2,1.5536339132647236e-06,9.173621342327882e-06,0.999989208161427,6.45833173914709e-08,OR
J,M6,2,0.9999971546478518,5.4772575275844264e-08,2.7901982947399823e-06,3.8127835983430966e-10,B
J,M6,2,2.28985788089265e-07,8.514170073728086e-06,0.9999909869727529,2.698713852113385e-07,OR
J,M6,2,0.9999778026226596,9.216082992852151e-07,2.1253905104929652e-05,2.1863936312412835e-08,B
J,M6,2,8.030976746883895e-08,1.5950374388726438e-07,0.9999997477560739,1.2430414694587985e-08,OR
J,M6,2,0.9999809464536852,8.954788672897212e-06,1.0093759313926119e-05,4.998328112369035e-09,B
J,M6,2,0.9999936369390036,6.901227527870239e-07,5.651420021602585e-06,2.1518222249614593e-08,B
J,M6,2,7.655611644551305e-06,1.7108768414916679e-06,0.999990596583523,3.692799101750613e-08,OR
J,M6,2,2.2870646324527213e-05,1.0873786631714752e-06,0.999975937490596,1.0448441614440887e-07,OR
J,M6,2,1.4200582148364791e-06,0.9999828193916382,1.575918793102735e-05,1.3622159377078023e-09,IR
J,M6,2,2.2315698400686342e-05,3.450348556048166e-06,0.9999739851620947,2.487909487941286e-07,OR
J,M6,2,2.944504728698534e-05,8.367457564926867e-06,0.9999620822364944,1.052586536925486e-07,OR
J,M6,2,1.2810429474350194e-07,1.6682031693832571e-06,0.9999981637290746,3.996346122853559e-08,OR
J,M6,2,4.348103658785066e-06,2.974228878387064e-05,0.9999658863233041,2.328425338008246e-08,OR
J,M6,2,0.9999915394673151,2.677486852486453e-06,5.777109920741902e-06,5.935911531383196e-09,B
J,M6,2,1.3199361148176055e-05,6.579796435087037e-07,0.9999860511723772,9.14868312202649e-08,OR
K,M6,2,1.2587929083983206e-10,3.129982141548102e-10,0.999999998933538,6.275843541677958e-10,OR
K,M6,2,1.700377850821771e-08,2.4067475342023256e-07,0.9999997397460223,2.5754458875878383e-09,OR
K,M6,2,3.768590819476374e-08,1.0949419422375758e-06,0.9999988551942652,1.2177884395731936e-08,OR
K,M6,2,6.890747730260567e-06,8.92555401269626e-07,0.9999836160190994,8.600677769174323e-06,OR
K,M6,2,4.260633579429752e-08,1.2812047441616857e-08,0.9999999432881524,1.2934643148514808e-09,OR
K,M6,2,2.4848050032766103e-11,1.1650590770888825e-09,0.9999999987848625,2.5230452147176074e-11,OR
K,M6,2,2.2424220463149232e-09,2.6183478516254945e-10,0.9999999969265254,5.692178382605766e-10,OR
K,M6,2,4.677067630947467e-10,3.2610365214888767e-09,0.9999999941701874,2.101069380954683e-09,OR
K,M6,2,7.200365217553553e-08,6.28209601792751e-06,0.9999935614187362,8.448159372238789e-08,OR
K,M6,2,6.599516207699192e-08,2.4624242794791006e-08,0.9999998923161868,1.706440822197979e-08,OR
K,M6,2,2.4397487299809255e-09,3.3664192448526803e-09,0.9999999880961504,6.0976816114767196e-09,OR
K,M6,2,2.3801490476666974e-10,3.3420105341660433e-09,0.9999999961437458,2.762288828384541e-10,OR
K,M6,2,1.314311757611961e-05,8.63109023492217e-07,0.9999859771364513,1.6636948953409173e-08,OR
K,M6,2,1.7802798578121406e-05,9.63477131841683e-07,0.9999812315388394,2.1854506307751512e-09,OR
K,M6,2,3.5989040577348313e-10,1.7595910571220923e-10,0.9999999994027298,6.142071226816334e-11,OR
K,M6,2,8.076963710249461e-08,2.0197072837469515e-06,0.9999978913013625,8.221716663844622e-09,OR
K,M6,2,2.2078221668397408e-05,2.912801941785479e-06,0.9999750028800175,6.096372116893418e-09,OR
K,M6,2,1.438813603841233e-08,3.9000673427302676e-08,0.9999999461526079,4.5858271867466015e-10,OR
K,M6,2,2.0947535931301144e-07,8.026264709393921e-06,0.9999917588308247,5.429106660391434e-09,OR
K,M6,2,6.51963800205279e-06,1.048517125604261e-06,0.9999924101390599,2.1705812432728823e-08,OR
K,M6,2,1.4038239543472889e-08,1.6688666065156754e-07,0.9999998133990138,5.676086177393864e-09,OR
K,M6,2,4.092788361974056e-09,1.3346729553272119e-08,0.9999999759761292,6.584352921837505e-09,OR
K,M6,2,3.765728353998959e-06,1.412108696324756e-06,0.999994745057569,7.710538046277235e-08,OR
K,M6,2,2.2837889921493398e-05,2.3140873453562732e-06,0.999968372726304,6.475296429323943e-06,OR
K,M6,2,1.4550625441038672e-05,9.154006007586634e-08,0.999985355712247,2.122251837584179e-09,OR
K,M6,2,3.036213856341488e-08,1.7775505298876364e-09,0.9999999671776736,6.82637205803433e-10,OR
K,M6,2,3.2320772108179084e-09,1.389463636538098e-07,0.9999998327799331,2.504162622774123e-08,OR
K,M6,2,1.984485731338462e-11,3.521276759420323e-09,0.9999999964138773,4.500121492213466e-11,OR
K,M6,2,1.041859669228779e-06,1.5634766194422252e-07,0.9999987899682607,1.1824408129832801e-08,OR
K,M6,2,4.3253299604601293e-07,7.463743174400102e-07,0.9999988203781891,7.144974801576265e-10,OR
K,M6,2,3.0715361215884717e-06,2.2673048684542563e-06,0.9999946541540943,7.004915508706724e-09,OR
L,M6,2,5.726008094374681e-07,4.738310269915791e-07,0.999998952387425,1.1807384598180624e-09,OR
L,M6,2,1.73480101446699e-06,2.229627303907812e-07,0.9999980387873738,3.448881304629505e-09,OR
L,M6,2,0.9999956666845521,6.614960451849661e-09,4.322626464886488e-06,4.074022643004479e-09,B
L,M6,2,0.9999994918380299,6.855089337928812e-11,5.079379023321701e-07,1.5551691588670112e-10,B
L,M6,2,6.18210480742551e-06,1.5709410546133067e-07,0.9999936601390607,6.62026553544606e-10,OR
L,M6,2,0.9999913810169596,1.3432666925858628e-06,7.275187857611808e-06,5.284902626653963e-10,B
L,M6,2,1.667887470846191e-05,5.175545248518062e-06,0.9999781332827438,1.2297299175196516e-08,OR
L,M6,2,3.303264031761517e-06,7.920979140017079e-07,0.9999959010061877,3.6318663586222626e-09,OR
L,M6,2,1.3740605213234723e-08,3.085839957102195e-11,0.9999999861944906,3.404594492640524e-11,OR
L,M6,2,0.9999931333282012,2.6210227736829637e-08,6.835275749907365e-06,5.185821315432253e-09,B
L,M6,2,1.0731508422338077e-05,1.5180367578984861e-09,0.9999892536538892,1.3319651776623907e-08,OR
L,M6,2,1.066342563149036e-05,1.4606016433438168e-08,0.9999893009753044,2.0993047706878862e-08,OR
L,M6,2,0.9999787512255133,9.71063140735988e-06,1.135296776018844e-05,1.851753191836773e-07,B
L,M6,2,1.3178001307313283e-05,2.436285660062317e-08,0.9999867931850457,4.450790352664372e-09,OR
L,M6,2,3.28116974087778e-06,2.728222209802514e-07,0.99999644161868,4.3893581252685095e-09,OR
L,M6,2,1.1474384267162929e-05,2.054193894466309e-05,0.9999679641886499,1.9488138242438376e-08,OR
L,M6,2,0.999998484487002,1.1384108134546793e-07,3.099207371538008e-07,1.0917511794246817e-06,B
L,M6,2,1.1081499019928277e-05,9.00152582502001e-10,0.9999889053126815,1.2288146052974454e-08,OR
L,M6,2,0.9999883525486054,1.2348599585171114e-07,1.0730651520955396e-05,7.933138779526447e-07,B
L,M6,2,3.0362740206487414e-05,1.0579801984746868e-06,0.9999685423088136,3.697078154756981e-08,OR
L,M6,2,2.5400733071133633e-05,6.381040255381104e-10,0.9999745903670568,8.261768055431999e-09,OR
L,M6,2,1.3468554654350837e-06,7.208782785345717e-09,0.9999986380001648,7.935587169783466e-09,OR
L,M6,2,0.999997175012428,1.5356659769442714e-09,2.8208376693817865e-06,2.6142368581837107e-09,B
L,M6,2,2.2452916225589787e-05,1.1133732225520002e-08,0.9999775279305888,8.019453412151053e-09,OR
L,M6,2,1.803934314657427e-05,1.7702385947325939e-07,0.9999817040932938,7.953970025864047e-08,OR
L,M6,2,3.743935314926949e-06,1.0850540562773388e-09,0.9999960468814327,2.080981983602312e-07,OR
L,M6,2,0.9999898484814255,1.5660639740024154e-06,8.580387724505218e-06,5.066876190356368e-09,B
L,M6,2,0.9999932307322668,2.981655669255855e-08,6.734708554582231e-06,4.742621888335159e-09,B
L,M6,2,8.40130218330606e-08,2.6681476651357863e-08,0.9999998837565631,5.5489384021087125e-09,OR
L,M6,2,2.9606331226213077e-06,8.883888162256612e-06,0.9999881500559618,5.4227531577296114e-09,OR
L,M6,2,1.3359649933297457e-05,2.85332882118886e-06,0.9999832797018058,5.073194396775609e-07,OR
M,M6,2,1.4463063503175156e-05,5.400613456687897e-07,0.9999836214475342,1.3754276170881398e-06,OR
M,M6,2,5.280563658323648e-09,3.7829792850310104e-07,0.9999996078784162,8.543091581784843e-09,OR
M,M6,2,2.1940337962419062e-07,2.6289834630773166e-08,0.9999997478321402,6.474645663249622e-09,OR
M,M6,2,1.162974667684152e-06,1.5454959159748062e-07,0.9999986661493662,1.632637450783767e-08,OR
M,M6,2,1.7160721798792875e-06,1.2203758650561357e-08,0.9999982459889908,2.5735070659841258e-08,OR
M,M6,2,1.6418420512342142e-06,1.4436529799673405e-06,0.9999963945504989,5.199544697193409e-07,OR
M,M6,2,0.9999814994514926,8.987958857864825e-08,1.763886099769352e-05,7.718079211304297e-07,B
M,M6,2,2.418856306392384e-06,2.2685450050444288e-08,0.9999969082267383,6.502315053052097e-07,OR
M,M6,2,1.2795854649145964e-07,1.4721860177046686e-07,0.9999996945228452,3.030000656451898e-08,OR
M,M6,2,1.0541286089330504e-05,4.844840447642397e-07,0.9999886808492122,2.933806535052538e-07,OR
M,M6,2,1.465476464743343e-06,8.20533840613655e-08,0.9999981262089329,3.2626121815959767e-07,OR
M,M6,2,3.7458483645415226e-07,7.1117668464382574e-09,0.9999996136055572,4.697839337376992e-09,OR
M,M6,2,1.381419150008467e-06,9.794181997734895e-09,0.9999986056908633,3.095804636347618e-09,OR
M,M6,2,3.7307864927496885e-09,2.3334394262699758e-09,0.9999999931531158,7.826580623710996e-10,OR
M,M6,2,3.1001383875899625e-08,1.4643273493305593e-07,0.9999998012968441,2.1269037097663255e-08,OR
M,M6,2,1.3046031829480864e-05,9.3742821445221e-07,0.9999833075171641,2.709022791886904e-06,OR
M,M6,2,6.729929528883305e-10,1.6989456996142467e-08,0.9999999820955999,2.4195015588405563e-10,OR
M,M6,2,5.7188067361276665e-08,1.3931826694369804e-09,0.9999999259445612,1.5474188846076694e-08,OR
M,M6,2,3.207812551474559e-06,4.847624330258448e-07,0.999996216148603,9.12764124976237e-08,OR
M,M6,2,1.0018779650679864e-06,7.343803269140029e-07,0.9999979571827868,3.065589213345324e-07,OR
M,M6,2,1.3405220269603496e-07,2.3446759001570658e-08,0.9999997431783791,9.932265914511731e-08,OR
M,M6,2,1.6568070595731608e-07,4.6536753108839745e-07,0.9999993654157436,3.536019226144996e-09,OR
M,M6,2,3.1897355047632895e-06,1.7200869734608095e-08,0.9999967839959175,9.067708121621236e-09,OR
M,M6,2,7.843280946221733e-07,4.052863555388027e-07,0.9999987698477184,4.053783138586204e-08,OR
M,M6,2,5.067600780342821e-06,3.261937221768394e-08,0.999994855026768,4.475307955734304e-08,OR
M,M6,2,4.148810987965218e-06,1.4266979214878688e-07,0.9999949046689198,8.038503000741968e-07,OR
M,M6,2,1.4458405456504259e-09,4.918885197200736e-09,0.9999999931908015,4.444727682830789e-10,OR
M,M6,2,1.9620972028041927e-10,2.7995986156238653e-09,0.9999999961737767,8.304150538666872e-10,OR
M,M6,2,2.9720368422061734e-10,6.842887654470872e-10,0.9999999973380473,1.6804601365799213e-09,OR
M,M6,2,2.1844547752971673e-07,1.0534975335171458e-07,0.9999996495071215,2.6697647593731197e-08,OR
M,M6,2,5.538156399918157e-07,1.8781892587692454e-07,0.9999992541758194,4.189614552387306e-09,OR
N,M6,2,5.633054273544107e-06,1.518083891517359e-05,0.9999655529451746,1.3633161636549605e-05,OR
N,M6,2,0.9999999938360311,1.188454011727492e-10,2.3460036065852086e-10,5.810523207393737e-09,B
N,M6,2,0.999994611388504,3.4234106299145646e-09,5.382634252215115e-06,2.5538331610456536e-09,B
N,M6,2,0.9999934788532002,8.497766735605847e-08,6.434523389968338e-06,1.6457423217447182e-09,B
N,M6,2,0.9999925806407004,9.934909040733148e-09,7.391027472773539e-06,1.8396917699728378e-08,B
N,M6,2,0.9999995171021581,2.3314940315046665e-09,4.759420034525268e-07,4.62434435828671e-09,B
N,M6,2,0.999989136724484,2.026783406142506e-09,1.0860530943221608e-05,7.177894374535353e-10,B
N,M6,2,0.9999937892808753,4.5289867149768223e-10,6.210204448999815e-06,6.177697202766004e-11,B
N,M6,2,0.9999979051184871,3.113914998182131e-10,2.094459997139083e-06,1.1012422473424695e-10,B
N,M6,2,0.9999934718921185,2.429948696171323e-07,5.94100127899389e-06,3.4411173298401396e-07,B
N,M6,2,0.999989821543259,2.7322325874006105e-08,1.0146186971438187e-05,4.947443703432473e-09,B
N,M6,2,0.9999903010004875,1.624092711266838e-08,9.68147473573408e-06,1.2838497519705713e-09,B
N,M6,2,0.9999973276219316,9.569900748662894e-08,2.0890564507944972e-06,4.876226101166836e-07,B
N,M6,2,0.9999915187013172,2.4346288937775733e-08,8.45409791791051e-06,2.854475895231337e-09,B
N,M6,2,3.937551393364205e-05,4.706853321820098e-07,0.99996014201087,1.1789864070364764e-08,OR
N,M6,2,0.9999999524712417,1.2244509421511729e-08,3.507630431445922e-08,2.0794427694662533e-10,B
N,M6,2,2.4960942934190783e-05,4.929449037917061e-07,0.9999744937854933,5.2326668831603755e-08,OR
N,M6,2,2.973062356924929e-05,6.771385003001159e-07,0.9999694570511559,1.3518677454156196e-07,OR
N,M6,2,0.9999960627690114,1.3775957375236216e-07,3.710693566795096e-06,8.877784783359093e-08,B
N,M6,2,7.387962629230742e-06,2.306163445249687e-06,0.9999844720182274,5.833855698259724e-06,OR
N,M6,2,0.9999972561994126,2.3415747995427675e-08,2.720155119507631e-06,2.2971973731195577e-10,B
N,M6,2,0.99998468173081,8.479537730438708e-08,1.523195228020379e-05,1.5215324922752194e-09,B
N,M6,2,0.999991385186605,1.1965898682604478e-08,8.572911793635434e-06,2.993570266198988e-08,B
N,M6,2,0.9999998305181569,4.755947499048063e-11,1.6900570074458317e-07,4.285829713270942e-10,B
N,M6,2,0.9999977706407419,3.0098766026143316e-08,2.1442949945546124e-06,5.496549719277083e-08,B
N,M6,2,0.9999996244074351,1.111981995927426e-07,1.1522896919294039e-07,1.4916539608367744e-07,B
N,M6,2,3.3697610965375086e-05,1.8614216373812988e-07,0.9999660851993027,3.104756807282113e-08,OR
N,M6,2,3.996834767595557e-05,2.189051855498804e-06,0.9999577477770457,9.482342281268138e-08,OR
N,M6,2,1.367123084318777e-05,3.5319163702509745e-06,0.9999726235675264,1.0173285260278277e-05,OR
N,M6,2,0.9999804254108869,2.3545746988847736e-08,1.9530163923947127e-05,2.0879442271717565e-08,B
N,M6,2,0.9999944323599315,3.704661381546667e-09,5.563017747506448e-06,9.176595322001621e-10,B
O,M6,2,0.999999380700861,2.138880577734514e-07,4.0417866018438136e-07,1.2324210482422785e-09,B
O,M6,2,0.9999966323502316,5.092243840979277e-07,2.846372562033232e-06,1.2052822192932134e-08,B
O,M6,2,0.9999882793005995,3.3873985446254125e-06,8.159759022892735e-06,1.735418329638541e-07,B
O,M6,2,0.9999931752265514,4.055520278888139e-09,6.7907583665801585e-06,2.99595617407734e-08,B
O,M6,2,3.0457613257916423e-05,4.405766195387956e-08,0.9999693548190625,1.435100177419897e-07,OR
O,M6,2,3.828405797852355e-06,0.9999956555323659,5.121443031946491e-07,3.91753290301641e-09,IR
O,M6,2,1.4735173188007496e-05,7.752273340220329e-06,0.9999774405205892,7.203288230592824e-08,OR
O,M6,2,3.168588545179346e-05,1.314421307898934e-06,0.9999669982625458,1.4306945817157511e-09,OR
O,M6,2,2.3580265103173325e-05,1.3846877143901136e-07,0.9999761671251022,1.1414102310736547e-07,OR
O,M6,2,0.9999869556748698,7.321875354076634e-06,5.689422659294413e-06,3.302711673359256e-08,B
O,M6,2,0.9999891675927739,3.0257498752775576e-07,1.0525342102635023e-05,4.490136037367204e-09,B
O,M6,2,3.714556823523335e-09,2.5814129804545695e-10,0.9999999958819601,1.4534163747827138e-10,OR
O,M6,2,0.9999936327146247,4.2498717801542475e-06,1.6269362003875488e-06,4.904773946356574e-07,B
O,M6,2,4.022943667285285e-06,3.2695471627139907e-06,0.9999926688551282,3.865404201381525e-08,OR
O,M6,2,0.9999893215380531,5.445882896759247e-06,5.062884740277457e-06,1.696943100489875e-07,B
O,M6,2,1.3987777316922794e-05,4.348248792944697e-06,0.9999814704081652,1.9356572484301757e-07,OR
O,M6,2,2.255558279642144e-05,3.2515424443183195e-08,0.9999774106753434,1.2264356680985772e-09,OR
O,M6,2,2.073689172777931e-05,3.911675398299676e-06,0.999975261816809,8.961606482855394e-08,OR
O,M6,2,1.3754460885368495e-07,0.9999926506641762,7.211452700022701e-06,3.3851484717693493e-10,IR
O,M6,2,3.618263613061719e-06,0.999992556634318,3.823399432076817e-06,1.7026369978009952e-09,IR
O,M6,2,0.9999901953287397,2.3999951613123735e-06,7.398915777105935e-06,5.760321968494367e-09,B
O,M6,2,0.9999858705466715,7.760567226462772e-06,6.340965126042291e-06,2.792097583521797e-08,B
O,M6,2,2.1179206341329094e-06,9.720992515954293e-06,0.9999881055969452,5.548990474993614e-08,OR
O,M6,2,1.3797058187665946e-07,3.5160175938802153e-07,0.999999495413001,1.501465781797168e-08,OR
O,M6,2,4.626169342066944e-06,2.697296954856084e-05,0.9999667462315442,1.6546295650691397e-06,OR
O,M6,2,0.9999937041220919,3.6742879537362335e-07,5.9181869173612056e-06,1.0262195355870836e-08,B
O,M6,2,3.3780272312772494e-06,0.9999960763987285,5.437173818900824e-07,1.8566583284641492e-09,IR
O,M6,2,1.5971539915104354e-06,3.822788924436169e-06,0.9999945174904271,6.256665707780215e-08,OR
O,M6,2,0.0729892696852347,0.8939627088393777,0.03269524584768007,0.0003527756277074761,IR
O,M6,2,5.38827076180845e-06,0.999992968704292,1.6159750012642594e-06,2.7049944895843597e-08,IR
O,M6,2,7.5631383809484875e-06,0.9999920894996449,3.46746459281632e-07,6.155147556761404e-10,IR
P,M6,2,3.2819253713507683e-10,4.5459058859891195e-12,0.9999999996660243,1.237123932184689e-12,OR
P,M6,2,1.9222853177519488e-07,7.031742817359495e-07,0.9999991029827902,1.6143963678652837e-09,OR
P,M6,2,1.8011930401355403e-06,2.5920466015836297e-06,0.9999956046025613,2.1577971232901354e-09,OR
P,M6,2,1.3166487723657958e-09,9.195906865369574e-07,0.9999990765222514,2.5704133162915226e-09,OR
P,M6,2,8.45356273594704e-06,7.006443416396493e-06,0.9999845187799379,2.1213909675886014e-08,OR
P,M6,2,5.836721362340582e-06,4.3644083138622706e-08,0.9999941131469682,6.4875865481823215e-09,OR
P,M6,2,1.526625143478411e-05,3.505853278061727e-08,0.9999846867273531,1.196267934023345e-08,OR
P,M6,2,1.6473360207125817e-08,1.2789185126119277e-10,0.9999999833005256,9.822229994502145e-11,OR
P,M6,2,4.789411112957005e-06,2.221800945412067e-06,0.9999929713396102,1.7448331277756617e-08,OR
P,M6,2,1.3312529436149996e-05,3.7826387683010455e-07,0.999986251641016,5.7565671040430635e-08,OR
P,M6,2,2.2317016068251104e-07,1.0146551058060021e-08,0.9999997661567083,5.265799240349792e-10,OR
P,M6,2,7.205808304282254e-08,2.973321943117838e-10,0.9999999274957675,1.4881725488215722e-10,OR
P,M6,2,9.548028141999279e-06,3.0351329988421824e-06,0.9999873985341536,1.8304705560536407e-08,OR
P,M6,2,1.5060837028441514e-05,4.749231189759843e-09,0.9999849330060324,1.4077079812580226e-09,OR
P,M6,2,3.7938148009865056e-07,0.9999815287720767,1.8088936505081376e-05,2.909938046301185e-09,IR
P,M6,2,7.933923760812991e-06,1.9756470814663287e-06,0.999990024909207,6.551995067785802e-08,OR
P,M6,2,5.297961288966865e-07,1.5429863805402746e-08,0.9999994547006981,7.33091349609884e-11,OR
P,M6,2,1.4504081965723866e-05,1.5609331519219905e-08,0.9999854770405866,3.2681159680188244e-09,OR
P,M6,2,7.53936091409475e-06,7.319942129836867e-09,0.9999922663507738,1.869683700831376e-07,OR
P,M6,2,1.7992753572683129e-06,7.037875484922904e-08,0.9999981290445279,1.3013601992828443e-09,OR
P,M6,2,1.8324004947188002e-09,1.8192079613736045e-07,0.9999998155711429,6.756602687785546e-10,OR
P,M6,2,4.5360319396886685e-06,0.9999848253774761,1.063823383199766e-05,3.567523379623087e-10,IR
P,M6,2,3.990438303703672e-06,2.0423746747975956e-09,0.9999960054988848,2.0204369466718015e-09,OR
P,M6,2,1.5244148608011874e-05,7.310308979960953e-07,0.9999840186176138,6.2028802911379816e-09,OR
P,M6,2,7.039628932403452e-11,5.270282285829686e-09,0.9999999946324432,2.687824919127918e-11,OR
P,M6,2,2.247176907675146e-06,1.379445351043447e-09,0.9999977479858354,3.4578115710100784e-09,OR
P,M6,2,0.9999829658843563,5.925948156976426e-09,1.6967464327120734e-05,6.072536841829426e-08,B
P,M6,2,0.9999951340200705,2.0106217994996393e-07,4.659052693639176e-06,5.8650558518739805e-09,B
P,M6,2,0.9999914028069413,1.308465376722256e-06,7.283648177498753e-06,5.07950445675331e-09,B
P,M6,2,0.9999927088803797,3.5858860791474136e-09,7.285247291099172e-06,2.286443077372811e-09,B
P,M6,2,2.1146552927322218e-05,2.0745714860242416e-09,0.9999788482690004,3.103500761451087e-09,OR
A,M2,0,1.0491913822948195e-05,0.00013763500561281403,0.9998518261480952,4.693246896156338e-08,OR
A,M2,0,3.268012064323774e-06,2.370099379157363e-05,0.9999730261861176,4.808026583572854e-09,OR
A,M2,0,0.016419980811012643,0.0006389691152659862,0.9829389381894094,2.1118843120045586e-06,OR
A,M2,0,0.00044811045818820276,0.0006809346393423953,0.9988687747442109,2.180158258552824e-06,OR
A,M2,0,3.0737390010391675e-06,4.974549563322447e-05,0.9999470930567702,8.770859566756056e-08,OR
A,M2,0,0.0019047987053075334,5.782224151648246e-06,0.9980893729599506,4.611059019830783e-08,OR
A,M2,0,0.00042950045663380795,2.9094139460137122e-06,0.999567485729382,1.0440003790195373e-07,OR
A,M2,0,0.6233780920642444,0.04190507175312573,0.33446876669638576,0.0002480694862439975,B
A,M2,0,0.007122809885712128,3.6947633753240076e-05,0.9928400995653713,1.429151633071906e-07,OR
A,M2,0,1.3281453602199e-05,0.08526382704820533,0.9147203591863785,2.532311814113977e-06,OR
A,M2,0,0.10946206060561656,7.494799902459778e-07,0.8905371734525422,1.6461851014333896e-08,OR
A,M2,0,0.9999915960887317,1.0994928301160503e-07,8.28902541777548e-06,4.936567700005101e-09,B
A,M2,0,0.9992529150978836,1.3495584832244665e-05,0.000730834835663265,2.754481620804202e-06,B
A,M2,0,0.32126821843198133,0.0001418696807897256,0.678489356787015,0.00010055510021386078,OR
A,M2,0,0.9965497449250998,1.7524574316928963e-06,0.0034481229284133207,3.796890551871857e-07,B
A,M2,0,0.11171500325497741,2.2773223035073087e-06,0.8882806016772222,2.1177454966908764e-06,OR
A,M2,0,0.0001843394369250015,0.014082629674891779,0.985686097024487,4.693386369619521e-05,OR
A,M2,0,5.104125960544324e-05,4.4458293490648416e-07,0.9999452382268884,3.2759305711867097e-06,OR
A,M2,0,0.0006273279752025246,4.379098263798073e-07,0.9993720912855292,1.4282944204608992e-07,OR
A,M2,0,6.654431222173647e-06,7.204198231457621e-05,0.9999212459984721,5.758799117649362e-08,OR
A,M2,0,3.0100485477176983e-05,2.4186351716995766e-07,0.9999696336280568,2.402294885885386e-08,OR
A,M2,0,0.9488539992381038,4.1870479329008455e-05,0.051103487119798056,6.431627691010552e-07,B
A,M2,0,0.0013958919816220365,1.3479585406640073e-06,0.9985761703811314,2.6589678705948382e-05,OR
A,M2,0,1.016971469404568e-05,5.968291319295791e-05,0.9999297994115414,3.4796057154811423e-07,OR
A,M2,0,0.00041433070064556937,3.064990867750098e-06,0.9995822651541745,3.391543122510808e-07,OR
A,M2,0,0.006007202044447755,0.0007608386027627421,0.9931658835115786,6.607584121090717e-05,OR
A,M2,0,1.997483975708755e-08,4.1899931776207724e-08,0.99999992586347,1.2261758393008352e-08,OR
A,M2,0,3.8324010102898696e-05,0.008909203428605352,0.9910518889447574,5.83616534532413e-07,OR
A,M2,0,6.158141612508336e-06,0.03477297857487776,0.9652202129378166,6.503456931526525e-07,OR
A,M2,0,5.563318849584278e-06,1.0597713067520321e-08,0.9999944235208269,2.562610399522013e-09,OR
A,M2,0,0.4039788487891219,0.0006918651893447294,0.5952903525597575,3.893346177598193e-05,OR
B,M2,0,0.9430009670613859,4.207719513542804e-05,0.05694853021900381,8.425524474705812e-06,B
B,M2,0,0.8521223219533524,0.09869767525950415,0.04917613638763503,3.86639950842932e-06,B
B,M2,0,0.9979960820497475,0.0005823675494835557,0.0014211102870564977,4.401137126237453e-07,B
B,M2,0,0.08532562141612325,0.12082557409109117,0.7938369699190873,1.1834573698122632e-05,OR
B,M2,0,0.9942131845447479,0.00038441403005045797,0.005401170579421353,1.2308457804103688e-06,B
B,M2,0,0.03080173824691805,0.9675717441883118,0.0016239019539855905,2.6156107845537035e-06,IR
B,M2,0,0.00446667009625313,0.003990091710875523,0.9915424411220787,7.970707926159684e-07,OR
B,M2,0,0.20228072889977108,7.497401506502768e-05,0.7976383607542944,5.936330869506066e-06,OR
B,M2,0,0.01604946655606802,0.9839462691518475,3.0780168970090317e-06,1.1862751875930273e-06,IR
B,M2,0,0.9704023317884816,0.0216463391092674,0.007877147433873747,7.418166837731214e-05,B
B,M2,0,0.0020444675173343584,0.00016359632683714354,0.9977915065671719,4.295886566368046e-07,OR
B,M2,0,0.0057225436494872444,0.8982987152122581,0.09597269048951039,6.050648744332897e-06,IR
B,M2,0,0.9976693374281159,5.42337416368332e-06,0.0023240382524351622,1.2009452850508646e-06,B
B,M2,0,0.5821168846281475,3.6067339522765317e-06,0.4178791691139571,3.3952394320687135e-07,B
B,M2,0,0.9993753568917818,3.8474971054602584e-05,0.0005720705053666585,1.4097631796812987e-05,B
B,M2,0,0.8092858992956267,0.005131568631463939,0.1855806267810017,1.9052919077714295e-06,B
B,M2,0,0.798816207562789,0.058365540648133284,0.1427591652652402,5.9086523837560605e-05,B
B,M2,0,0.9969365428091793,0.0030140584241166763,3.640508342504765e-05,1.2993683279008281e-05,B
B,M2,0,0.9708954765552065,3.847772960004326e-05,0.02906528366815258,7.620470411051724e-07,B
B,M2,0,0.030396015188126974,0.0007437923099149424,0.9685940003286243,0.000266192173333935,OR
B,M2,0,0.21572011425637652,0.06066774884079497,0.7235929308254938,1.9206077334707677e-05,OR
B,M2,0,0.9858290390692314,1.978267636180489e-06,0.014168119335061433,8.633280708851484e-07,B
B,M2,0,0.9999996875152308,1.0742290385914233e-10,3.1217103544421146e-07,2.063108224930126e-10,B
B,M2,0,0.003184117751244376,9.986500809059621e-07,0.9968147881046067,9.549406809817049e-08,OR
B,M2,0,0.934536646453157,9.770468360737418e-05,0.06536562035860193,2.8504633592142464e-08,B
B,M2,0,4.9986814284154435e-06,0.06319844611320914,0.9367964543379768,1.008673856214892e-07,OR
B,M2,0,0.26723651094309553,0.7280723410907558,0.004689949263587657,1.1987025610736403e-06,IR
B,M2,0,0.82698251527794,0.17295929736083124,2.0214982766746133e-05,3.797237846193327e-05,B
B,M2,0,0.9869712688152867,9.28955067598415e-08,0.013028511660555226,1.2662865122326605e-07,B
B,M2,0,0.9997837163006889,0.00020202397066752104,1.4244192567952643e-05,1.553607568168708e-08,B
B,M2,0,5.233485001192696e-05,0.03734919283991638,0.9625982174705436,2.548395280364182e-07,OR
C,M2,0,1.2866546526102935e-08,0.001035508493529676,0.9989644380904993,4.054942452949593e-08,OR
C,M2,0,2.1464079737061566e-08,0.020047978983969938,0.979951984860592,1.4691358141241735e-08,OR
C,M2,0,3.4158106313460276e-07,0.01899436443658957,0.9810052734004537,2.0581893684068693e-08,OR
C,M2,0,1.8642071483259034e-07,0.000304933692012585,0.9996948700216612,9.865611339078637e-09,OR
C,M2,0,7.125142564042057e-05,0.00013190492382480435,0.999796833778563,9.871971705428669e-09,OR
C,M2,0,2.6411260259230676e-07,1.50389657874829e-05,0.9999846145140892,8.240752068128207e-08,OR
C,M2,0,4.687536895742294e-06,0.04508564550874628,0.954909524948137,1.4200622088537192e-07,OR
C,M2,0,2.9444381366596245e-07,7.163228288852809e-07,0.9999989811237073,8.109649994856016e-09,OR
C,M2,0,1.0723863600805313e-07,0.05173198699820834,0.9482678431762732,6.258688246818383e-08,OR
C,M2,0,1.294286045560055e-06,0.0014602259889000776,0.998538414444503,6.528055151627548e-08,OR
C,M2,0,3.4396274349634273e-09,0.0009597748010158526,0.9990402109892718,1.0770084985827705e-08,OR
C,M2,0,3.722034750988635e-08,0.00993815000379887,0.990061757396578,5.537927559614385e-08,OR
C,M2,0,3.3429012504220463e-09,0.0004212720037884712,0.9995787026958896,2.195742065441785e-08,OR
C,M2,0,3.874919176082754e-05,0.000348189876520734,0.9996130531468307,7.784887772913295e-09,OR
C,M2,0,2.6358893770406804e-06,0.0025958949724697424,0.9974014543659937,1.4772159527155886e-08,OR
C,M2,0,2.2733615380430482e-08,7.962807793815709e-05,0.9999203307040155,1.8484430891836252e-08,OR
C,M2,0,1.3858689985983672e-08,0.0002164412721505832,0.9997835095255637,3.534359577252978e-08,OR
C,M2,0,1.1316618673645896e-09,2.7185683182361407e-06,0.9999972750749705,5.225049393141808e-09,OR
C,M2,0,9.767295861257336e-05,0.0003269840058775286,0.9995752963708721,4.66646378262475e-08,OR
C,M2,0,9.971799867816683e-08,5.53891697416928e-06,0.9999943466834669,1.4681560132258706e-08,OR
C,M2,0,4.896377970738909e-08,0.09804028433004859,0.9019595443401566,1.223660151446256e-07,OR
C,M2,0,4.240036875396798e-08,2.122780106935368e-06,0.9999978052736469,2.954587729412869e-08,OR
C,M2,0,2.436288960299962e-06,6.29417779020571e-05,0.9999346055696712,1.636346636289234e-08,OR
C,M2,0,3.091725691800875e-06,0.0023847249318588856,0.9976121164338699,6.69085792689e-08,OR
C,M2,0,1.6967949702928685e-08,2.284374007850865e-06,0.9999976808928072,1.7765235070195876e-08,OR
C,M2,0,5.034851780828744e-08,2.923234514554161e-06,0.9999969991465126,2.7270454942487017e-08,OR
C,M2,0,1.0972432965516036e-09,0.00012002281091216283,0.9998799712453725,4.846472012127857e-09,OR
C,M2,0,1.749148053879991e-08,0.06055560636827752,0.9394443150375268,6.110271503510795e-08,OR
C,M2,0,1.3228606902040216e-06,2.6199673221178695e-05,0.9999724482006762,2.9265412486190337e-08,OR
C,M2,0,2.790436656087579e-07,3.404052987787532e-05,0.999965564750722,1.1567573454261758e-07,OR
C,M2,0,0.021240086099969455,0.7752779451751655,0.20348016508457095,1.803640294060806e-06,IR
D,M2,0,7.318671012889177e-08,3.568881265486786e-05,0.9999642271963208,1.080431407135161e-08,OR
D,M2,0,0.9866940783668772,6.52359748293187e-06,0.013296763318973854,2.6347166659441374e-06,B
D,M2,0,7.441754102054601e-06,1.745768496273155e-09,0.9999924088802538,1.4761987569447754e-07,OR
D,M2,0,0.002892159843923908,4.734335959390558e-06,0.9971027635258736,3.422942430295188e-07,OR
D,M2,0,0.00047960722059523544,1.0625616676034002e-06,0.9995192193329343,1.108848028570823e-07,OR
D,M2,0,0.02268625410657838,2.6018693651547306e-06,0.9772832075338095,2.7936490247035657e-05,OR
D,M2,0,0.0036603201884028,6.954092454957335e-05,0.9962657361843841,4.402702663422423e-06,OR
D,M2,0,0.9192776647722809,3.239136020617894e-06,0.08071712746945392,1.9686222444940255e-06,B
D,M2,0,0.13027729227430895,1.1190481615011301e-07,0.8697224281944905,1.6762638439554444e-07,OR
D,M2,0,0.0005398851084080352,0.0002392259976201729,0.9992205213317962,3.675621755195344e-07,OR
D,M2,0,0.012086182224249578,7.229214471185523e-06,0.9879023167397193,4.271821560025997e-06,OR
D,M2,0,0.026484189397170513,2.9365960941321907e-05,0.973485108511882,1.3361300061863415e-06,OR
D,M2,0,0.868482087008862,0.0001632138209961174,0.1313522371872593,2.4619828826946236e-06,B
D,M2,0,3.2714027702052185e-06,0.00022487516628854847,0.9997718405388205,1.289212075320679e-08,OR
D,M2,0,0.9126191698020959,0.011586514444659954,0.0757459948392345,4.832091400972187e-05,B
D,M2,0,6.690749378097204e-05,2.2075737916938492e-05,0.9999109855213926,3.124690962695556e-08,OR
D,M2,0,0.432187472769202,2.6524210695267587e-06,0.5678084700292589,1.4047804695184132e-06,OR
D,M2,0,0.002041321000683238,1.1908953761277243e-05,0.9979441022625577,2.6677829976997565e-06,OR
D,M2,0,0.08782249365870762,2.839693781671456e-06,0.9121704721492678,4.194498242866244e-06,OR
D,M2,0,0.9040524381434583,0.0020510464160424283,0.09162308611928874,0.002273429321210544,B
D,M2,0,0.010805590013176037,3.0302932341043443e-07,0.9891937561255094,3.5083199115812723e-07,OR
D,M2,0,0.005952562429648826,0.00010506361650340614,0.993939765817777,2.60813607067957e-06,OR
D,M2,0,1.958757489566273e-06,0.001108871096693361,0.9988885957712995,5.743745175869237e-07,OR
D,M2,0,0.8624824227014778,1.3039084380864348e-05,0.1374967497507083,7.788463433086288e-06,B
D,M2,0,8.064623526953969e-05,7.226257159107742e-07,0.9999170644591292,1.5666798855443226e-06,OR
D,M2,0,6.20591250732301e-05,4.574561482069857e-08,0.9999375627377811,3.323915307940796e-07,OR
D,M2,0,0.03387011159205985,1.4298849180069342e-06,0.9661280393531609,4.1916986129641255e-07,OR
D,M2,0,0.00022173061181874484,2.432804915464425e-06,0.9997622583720024,1.3578211263435083e-05,OR
D,M2,0,4.1709468994425215e-05,3.267116286806257e-05,0.999924990230108,6.291380296544132e-07,OR
D,M2,0,3.24407796124858e-06,0.00019870901225495916,0.9997979774281195,6.948166433664997e-08,OR
D,M2,0,6.256439793969483e-06,1.0381145330757817e-06,0.9999926719777742,3.346789871302689e-08,OR
E,M2,0,1.7202056522023708e-08,3.1793890267176836e-06,0.999996800645638,2.763278744192566e-09,OR
E,M2,0,1.6969641095422641e-09,2.42775699166326e-07,0.9999997541449714,1.3823651523753748e-09,OR
E,M2,0,1.029909722633143e-09,9.643961488774118e-07,0.9999990327364173,1.8375241021760894e-09,OR
E,M2,0,1.1349128149477909e-10,4.155305261855906e-06,0.9999958427254317,1.8558151029319497e-09,OR
E,M2,0,2.425921724837222e-09,3.148462973182901e-07,0.9999996340899677,4.863781336703905e-08,OR
E,M2,0,4.3537643735849067e-07,2.346602775456163e-07,0.9999993099112104,2.00520745326015e-08,OR
E,M2,0,5.5733523388887684e-11,4.048895534017951e-06,0.999995947795453,3.2532794911130006e-09,OR
E,M2,0,3.9560110423954166e-10,4.74622989009204e-08,0.9999999449039202,7.238179632982818e-09,OR
E,M2,0,3.139820119212038e-08,4.371022373717222e-07,0.9999995307547417,7.448197219001413e-10,OR
E,M2,0,3.0587246570184793e-06,3.8793847979966465e-07,0.9999965519114351,1.4254281656744726e-09,OR
E,M2,0,1.2070799422793294e-05,1.7497789009754733e-05,0.9999703791347798,5.227678746680027e-08,OR
E,M2,0,4.766092926991798e-10,1.627564219200429e-06,0.9999983579495393,1.4009632121592817e-08,OR
E,M2,0,1.3592936407819182e-08,7.001916606659592e-08,0.9999999152143598,1.1735378552132938e-09,OR
E,M2,0,6.631009208383922e-08,6.046620794784355e-07,0.9999993278299373,1.1978912740670034e-09,OR
E,M2,0,2.3852291438779475e-06,4.017646361045785e-06,0.9999935914536583,5.670836709106631e-09,OR
E,M2,0,6.6432909612303025e-06,8.960373214784465e-05,0.999903735836959,1.7139931854646947e-08,OR
E,M2,0,1.9436731490701957e-07,4.743697828057535e-09,0.9999997999087479,9.802394663241932e-10,OR
E,M2,0,5.104648355827082e-09,1.051097643549469e-09,0.9999999911733396,2.670914360728562e-09,OR
E,M2,0,2.5558084524001623e-08,2.7950580520481735e-07,0.9999996644211322,3.051497811656525e-08,OR
E,M2,0,5.69068505356951e-10,3.6576076478116416e-06,0.9999963104915267,3.1331757103794747e-08,OR
E,M2,0,2.888177603709651e-05,1.9667865100434055e-05,0.9999514314171725,1.8941690178435665e-08,OR
E,M2,0,4.436833121674963e-09,8.643073060432562e-08,0.9999999037820774,5.350358857821837e-09,OR
E,M2,0,9.303849365192223e-09,0.00010411023499793225,0.9998958691461824,1.1314970256918976e-08,OR
E,M2,0,9.991973771665313e-09,2.325110744303241e-07,0.9999997247714636,3.2725488184581575e-08,OR
E,M2,0,1.4525435178817718e-09,3.788652283756387e-08,0.9999999552017715,5.459162036536732e-09,OR
E,M2,0,1.8986402040660535e-09,1.7947737370324647e-05,0.9999820447165789,5.647410584544395e-09,OR
E,M2,0,5.915825309234514e-07,7.409155814134455e-07,0.9999986625903218,4.9115659846120776e-09,OR
E,M2,0,1.2166247084662657e-09,5.983067243564096e-07,0.9999993979322136,2.5444374544600106e-09,OR
E,M2,0,6.596318970699389e-07,4.3941992312229084e-08,0.9999992912016845,5.224426125411029e-09,OR
E,M2,0,0.0001781675407157892,1.9581447721702182e-05,0.999802031010258,2.200013044818204e-07,OR
E,M2,0,3.248535789760491e-06,2.915395155517355e-06,0.9999938305514323,5.51762246899396e-09,OR
F,M2,0,3.9115047269362206e-05,5.2032247374301794e-05,0.9999087719751558,8.073020052452176e-08,OR
F,M2,0,0.45201649756429674,1.3583632972042898e-05,0.5476281722580839,0.0003417465446473784,OR
F,M2,0,1.5825309312879348e-05,1.1640192248903653e-05,0.9999725213978202,1.3100618163394672e-08,OR
F,M2,0,0.8059317245673862,0.00028868462615368363,0.19377897580461778,6.150018424253077e-07,B
F,M2,0,0.9923262299115524,3.340808162022733e-06,0.00766985734619328,5.719340922743772e-07,B
F,M2,0,0.6341502431612827,0.0005027801505315592,0.3641346161953792,0.0012123604928066124,B
F,M2,0,0.00300154561153623,0.0036788064823634723,0.9933176264023412,2.021503758912963e-06,OR
F,M2,0,0.0023806871918761606,0.02226750064096998,0.9753463673840354,5.444783118289004e-06,OR
F,M2,0,0.6411060478246327,0.00021058451459852814,0.35867837284969006,4.994811078767943e-06,B
F,M2,0,0.9627939651563002,0.00012686057018756423,0.0370780683322208,1.1059412912892036e-06,B
F,M2,0,7.428974107644181e-05,3.702108198866813e-05,0.9998885853663637,1.0381057117157075e-07,OR
F,M2,0,5.935624281206174e-06,1.7664067468897796e-06,0.9999921806336541,1.1733531770889594e-07,OR
F,M2,0,2.067894528876042e-05,2.0844641016790135e-07,0.9999790904882347,2.212006616883816e-08,OR
F,M2,0,0.5277879890664691,7.673716398299318e-05,0.47212881657616823,6.457193379543435e-06,B
F,M2,0,0.8730117342698617,7.694885389434027e-06,0.12697584443388008,4.726410868858156e-06,B
F,M2,0,0.9469321011931289,4.943142894138644e-06,0.053059979003515514,2.976660461585656e-06,B
F,M2,0,0.0025485754348900116,1.382155685075089e-07,0.9974495849499692,1.7013995722344166e-06,OR
F,M2,0,0.18954212746004917,3.465338315888592e-06,0.8104490471101017,5.360091533349019e-06,OR
F,M2,0,0.019471603202827675,0.0020370361155521758,0.9784761390383274,1.5221643292759441e-05,OR
F,M2,0,0.001887997322802869,1.1251558284517123e-05,0.998100703666122,4.745279058015752e-08,OR
F,M2,0,3.592270067983383e-05,1.2637037035594129e-08,0.9999640466509214,1.8011361543979393e-08,OR
F,M2,0,1.2076704220784411e-05,3.707445981074169e-08,0.9999876099586764,2.7626264293516436e-07,OR
F,M2,0,0.0169840043462254,9.491398406382354e-05,0.9829009680842377,2.011358547305329e-05,OR
F,M2,0,0.0004707241842944212,0.35432164379144054,0.6452073065060852,3.255181799358965e-07,OR
F,M2,0,0.9969761861241222,5.775258859915959e-06,0.0030162367019963684,1.8019150215211648e-06,B
F,M2,0,3.568364330844968e-05,1.308142166044134e-06,0.9999628933154691,1.1489905643646253e-07,OR
F,M2,0,0.02170493212878226,0.01090925425290831,0.9673852178112252,5.958070841620406e-07,OR
F,M2,0,9.309156117672959e-05,3.8127380702558444e-06,0.9999030273061056,6.839464745654161e-08,OR
F,M2,0,0.0013336418185197485,3.609999026094442e-06,0.9986608912378845,1.856944569564235e-06,OR
F,M2,0,0.0020057582743997077,0.07770605099486655,0.9202823405503348,5.850180398979241e-06,OR
F,M2,0,0.00021575099736528364,0.002359626378909186,0.9974201573723656,4.465251359916777e-06,OR
G,M2,0,5.565476904611653e-06,1.6640069870339108e-09,0.9999944036616415,2.9197446829821066e-08,OR
G,M2,0,0.8963092138436121,0.03562984885708609,0.0680424954274681,1.8441871833760833e-05,B
G,M2,0,0.6208746353016864,2.6101855129423367e-05,0.3788842571866131,0.00021500565657102202,B
G,M2,0,0.0012838131258801236,0.0005811925851208282,0.9981349492903531,4.499864587222466e-08,OR
G,M2,0,0.00014668457133750214,0.00027601331021486023,0.9995759113797577,1.3907386898959262e-06,OR
G,M2,0,0.7525884631509987,0.10217782191444204,0.14520969283234322,2.4022102216054185e-05,B
G,M2,0,0.9823152120397775,0.0007326230430656873,0.016946706316004825,5.4586011520431085e-06,B
G,M2,0,0.01665656919392899,9.483609374979761e-06,0.9833336262215633,3.2097513275254645e-07,OR
G,M2,0,0.9981896593994799,1.1216832785304676e-06,0.0018088845380497703,3.3437919188324597e-07,B
G,M2,0,0.02057190552774537,0.5848833411340121,0.3945442585437631,4.947944795248066e-07,IR
G,M2,0,0.9741406561951395,1.2893646312557694e-08,0.025859300358108513,3.055310557266338e-08,B
G,M2,0,0.0035665610918844152,2.2468477156688394e-07,0.9964331290604795,8.51628644858703e-08,OR
G,M2,0,0.9999772216442103,8.60908728984272e-09,2.2739152846764234e-05,3.0593855867858946e-08,B
G,M2,0,0.9420719202340405,3.91360292954791e-05,0.05788827154867768,6.721879862243024e-07,B
G,M2,0,1.1470741578556014e-09,2.140502939059408e-09,0.9999999966089754,1.0344753886499744e-10,OR
G,M2,0,6.460044671372715e-05,0.00016256691197588403,0.9997057399162721,6.7092725038091e-05,OR
G,M2,0,0.00605286360708045,2.79812120371147e-05,0.9939165611187718,2.594062110698016e-06,OR
G,M2,0,0.9957513210871881,1.276441317703611e-07,0.004248506673957936,4.45947222093175e-08,B
G,M2,0,0.9228942705585746,4.173171428914414e-05,0.07697543491500715,8.856281212911672e-05,B
G,M2,0,0.8123815097577187,5.2408976160977473e-05,0.18756599072781566,9.053830470235084e-08,B
G,M2,0,0.9125708707741211,5.664219225884653e-05,0.08736489549904426,7.5915345758834645e-06,B
G,M2,0,0.32771563063546083,4.522130959093747e-06,0.6722797441569794,1.03076600582918e-07,OR
G,M2,0,1.5955653143645704e-06,2.1071182032701777e-05,0.9999773287544658,4.498187250252925e-09,OR
G,M2,0,0.029349372556815096,0.0015040809012203567,0.969055554349997,9.099219196746574e-05,OR
G,M2,0,0.9703570745263946,0.017258175011892078,0.012376232361585074,8.518100128257475e-06,B
G,M2,0,0.5937651823259606,0.3285734813474962,0.0775859600100671,7.537631647609249e-05,B
G,M2,0,0.9898575863644343,0.009986984188287546,0.0001550254802310589,4.039670469706472e-07,B
G,M2,0,0.03268974394230436,0.0016000601998159764,0.965708836646315,1.3592115647751928e-06,OR
G,M2,0,2.754355722215168e-06,0.0008506380289302821,0.9991465628142234,4.4801124188535087e-08,OR
G,M2,0,0.9762789532400044,1.5858575938526383e-05,0.023702184265796015,3.003918261354881e-06,B
G,M2,0,0.9997866377931146,1.6629299839299103e-06,0.00021157994888265335,1.1932801875955759e-07,B
H,M2,0,0.061280226428111054,0.00514857108391938,0.8832977601746664,0.05027344231330316,OR
H,M2,0,2.5111451580745506e-07,0.0004960458021672906,0.9991073801013661,0.0003963229819509451,OR
H,M2,0,5.6060643552185163e-05,0.001174608584009329,0.9987545001415049,1.4830630933727983e-05,OR
H,M2,0,6.25161018630884e-07,0.00011527800051423675,0.9998792453329244,4.85150554280177e-06,OR
H,M2,0,8.364243278724401e-07,0.00037201300022396194,0.9992743737352935,0.0003527768401546551,OR
H,M2,0,1.225084503335968e-06,0.0014964033193157584,0.9970103101583049,0.0014920614378760395,OR
H,M2,0,1.2104066989234993e-05,0.0402822191033782,0.959521096463062,0.0001845803665705885,OR
H,M2,0,1.9320718498266523e-05,0.00011436282364805658,0.999787402697668,7.891376018570434e-05,OR
H,M2,0,1.5133094920186353e-06,0.026027842978149286,0.9739589216142309,1.172209812780217e-05,OR
H,M2,0,1.0487647754747484e-05,0.0018390549030355824,0.9981117130735732,3.874437563645327e-05,OR
H,M2,0,4.774529534799055e-06,0.00950334070314683,0.9904754469644764,1.643780284215959e-05,OR
H,M2,0,8.172513691234839e-07,0.0018528901062693744,0.9981449467315564,1.3459108050744538e-06,OR
H,M2,0,5.10122725127928e-06,0.0011505247003772315,0.998827578813653,1.6795258718678298e-05,OR
H,M2,0,2.717648977000724e-06,0.004314278995399611,0.9956502357271687,3.276762845447454e-05,OR
H,M2,0,2.833489178726755e-05,0.002625235781344954,0.9972574516249031,8.89777019647184e-05,OR
H,M2,0,5.651101917037107e-06,0.0004695097225670558,0.9994532511586837,7.158801683208537e-05,OR
H,M2,0,8.657882709754638e-07,0.0008764409413668213,0.9985831975551541,0.0005394957152080102,OR
H,M2,0,2.8070600203252774e-07,0.003228446335291693,0.996381863932572,0.0003894090261341787,OR
H,M2,0,5.336618494199923e-05,0.012899475832345552,0.9867029603791668,0.00034419760354553096,OR
H,M2,0,3.0479384723828704e-07,0.019150812752589404,0.9808389369397221,9.945513841010523e-06,OR
H,M2,0,1.3146560467434613e-06,0.0004443222466279936,0.9995346825500406,1.968054728457202e-05,OR
H,M2,0,2.1642628614936604e-05,0.018534475993394386,0.9809569123951992,0.00048696898279154276,OR
H,M2,0,1.9525277888743882e-06,5.2376169888244465e-05,0.9999429678029276,2.7034993953040214e-06,OR
H,M2,0,5.265648048703241e-05,0.0004312483379850258,0.9995141021061862,1.993075341740794e-06,OR
H,M2,0,1.2521986457458948e-06,0.00020316550559694392,0.9997942765421534,1.3057536040474913e-06,OR
H,M2,0,2.080581575938843e-06,0.014115962122056559,0.9858757309701202,6.226326247481279e-06,OR
H,M2,0,4.419744123982665e-06,0.00026835705512715446,0.9997258353953,1.3878054487891555e-06,OR
H,M2,0,7.339233398627788e-06,0.0003977304950627225,0.9994566784628459,0.0001382518086927926,OR
H,M2,0,3.691544307706067e-08,0.00034274218403091046,0.9996569986337162,2.2226680976308132e-07,OR
H,M2,0,3.6735296727499426e-07,0.0003631174385342205,0.9996293370199208,7.178188577636544e-06,OR
H,M2,0,7.634460233981246e-06,0.00042500402642909165,0.999562888374002,4.473139334813393e-06,OR
I,M2,0,0.00020987016571435646,3.3160508180132314e-05,0.9997554779463212,1.4913797842716405e-06,OR
I,M2,0,0.0018354310379932101,0.0008173560014833541,0.997346201590575,1.0113699483061247e-06,OR
I,M2,0,0.000307711473219303,2.0960959761668332e-06,0.9996901637940361,2.863676830991874e-08,OR
I,M2,0,4.7175451595779165e-05,3.194743936340291e-08,0.9999527848803452,7.720619702664509e-09,OR
I,M2,0,5.481653550674948e-07,1.2599065588254912e-05,0.999986200044473,6.52724583816149e-07,OR
I,M2,0,3.474931791061169e-06,1.3687699405509165e-07,0.9999963529422454,3.524896932513313e-08,OR
I,M2,0,1.0748607040981292e-05,0.002961699373193993,0.9970269954605098,5.565592550426912e-07,OR
I,M2,0,0.9965448841845517,2.528452689611694e-05,0.003429819391580029,1.1896972209293832e-08,B
I,M2,0,0.0020407657830255554,9.314270145334297e-05,0.9978653564362824,7.350792387152105e-07,OR
I,M2,0,5.575526251797634e-05,2.240234083649286e-05,0.9999217992565665,4.314007906615453e-08,OR
I,M2,0,3.5702561892698465e-07,3.957290794637285e-05,0.9999599782222924,9.184414236438759e-08,OR
I,M2,0,1.4827146557135423e-07,0.0004031100950579273,0.9995965852777215,1.5635575492358785e-07,OR
I,M2,0,6.108586701847041e-05,7.151788955150162e-05,0.9998672337530624,1.6249036753988522e-07,OR
I,M2,0,0.000725203055438729,2.8831044490795893e-05,0.9992457811290884,1.8477098222510972e-07,OR
I,M2,0,8.254144509931116e-07,0.536185523210794,0.46381305118737914,6.001873757567123e-07,IR
I,M2,0,7.523530564960836e-07,4.969565819207766e-05,0.9999492029818705,3.490068809135526e-07,OR
I,M2,0,6.261883588911395e-05,2.234901735543682e-06,0.9999351164421703,2.9820205235166754e-08,OR
I,M2,0,3.033672092496701e-08,3.014111443833577e-06,0.9999969423746761,1.3177158937872466e-08,OR
I,M2,0,9.187450860623334e-07,2.7580694596428474e-06,0.9999963078042066,1.538124771836174e-08,OR
I,M2,0,0.9601209717193171,3.7351690026994384e-07,0.03987859269086513,6.207291739042417e-08,B
I,M2,0,2.8537042201302465e-06,4.5057526878247505e-05,0.9999520122105571,7.65583445346066e-08,OR
I,M2,0,1.3577794290272478e-05,2.7935113483453757e-06,0.9999833866873507,2.420070108560429e-07,OR
I,M2,0,8.233879594145071e-06,6.175088182634865e-06,0.9999854580131365,1.330190867083419e-07,OR
I,M2,0,0.12750354726812083,7.365362783944945e-05,0.8724223889233685,4.1018067124588375e-07,OR
I,M2,0,5.50017367383713e-06,0.08128160925798786,0.9187119827473131,9.078210250904585e-07,OR
I,M2,0,0.29021090890853013,1.8831329637382052e-06,0.7097870948665033,1.1309200285062887e-07,OR
I,M2,0,1.5237271399327856e-08,4.8552527099062895e-05,0.9999514261374272,6.0982023314676894e-09,OR
I,M2,0,1.2965825231440246e-05,0.9935364867942641,0.006450494529056474,5.2851447997159023e-08,IR
I,M2,0,4.034032124924864e-05,7.225039170074798e-06,0.9999523094350343,1.2520454644028284e-07,OR
I,M2,0,1.9746971286534e-06,1.5295834477692684e-05,0.9999824426098942,2.8685849945183895e-07,OR
I,M2,0,1.1051103408294252e-07,8.56154210702491e-06,0.9999911994917505,1.284551083079511e-07,OR
J,M2,0,0.20995621628492522,0.0010314689451147337,0.7890115951512642,7.19618695861548e-07,OR
J,M2,0,8.016759216615166e-06,0.6111759098798822,0.38881045574693823,5.617613962853348e-06,IR
J,M2,0,0.05886973596941244,0.00025305994538295007,0.9408721930957351,5.01098946945867e-06,OR
J,M2,0,7.735882147217747e-06,0.002340123010212688,0.9976519495229216,1.9158471840192567e-07,OR
J,M2,0,0.09223344796891332,0.49660944661469625,0.4111015909173858,5.551449900461596e-05,IR
J,M2,0,0.015104183292046772,0.029641255104092032,0.9552305386976337,2.402290622749603e-05,OR
J,M2,0,0.1576915873129756,0.7696460222658391,0.07265793190961325,4.458511572016222e-06,IR
J,M2,0,0.005524570753450878,0.344438136003452,0.6500151437471539,2.2149495943197656e-05,OR
J,M2,0,2.5899613357721235e-05,0.1169616338349144,0.8830114294639573,1.0370877705911546e-06,OR
J,M2,0,0.11508709449431727,0.011246437431420989,0.8736659808026457,4.872716158987431e-07,OR
J,M2,0,1.2835762540728772e-06,0.9809427537914523,0.019055044416077353,9.182162161976573e-07,IR
J,M2,0,0.0005287141155439952,0.9994708361547395,4.4906494330146094e-07,6.647734022751757e-10,IR
J,M2,0,4.410641163464873e-05,0.002361176208170804,0.9975945693495348,1.4803065966752302e-07,OR
J,M2,0,0.07579783092187364,2.6994756885423304e-05,0.924175049483014,1.2483822701843916e-07,OR
J,M2,0,2.6536698550947892e-05,0.0007434914406142223,0.9992289182906328,1.0535702020792942e-06,OR
J,M2,0,0.02717432831131508,0.13799150206993072,0.8348063850361819,2.7784582572283397e-05,OR
J,M2,0,0.9996380469287607,6.82966358713414e-06,0.00035509101561115124,3.2392040950912965e-08,B
J,M2,0,1.8917279827839925e-05,0.003985494702801635,0.9959934459557508,2.1420616197226843e-06,OR
J,M2,0,0.8128144986113528,0.08722966428595888,0.09993720037862927,1.8636724059037393e-05,B
J,M2,0,3.352172472035358e-05,0.007737775499681057,0.9922273761051312,1.3266704673846267e-06,OR
J,M2,0,0.2653520914900326,0.6796182818362163,0.05502251997580117,7.106697949889592e-06,IR
J,M2,0,0.995405618191061,0.00012201531353746936,0.00446642704751214,5.939447889374904e-06,B
J,M2,0,0.0017578834790458948,0.0019041115937307304,0.9963360738704048,1.93105681858358e-06,OR
J,M2,0,0.04056890447759099,0.029057008348413554,0.9303531066181068,2.098055588881921e-05,OR
J,M2,0,0.006644321618092689,0.7896097866836009,0.2037453918088511,4.998894554017539e-07,IR
J,M2,0,0.08609586662596248,0.17842224123952924,0.735389019762112,9.287237239633605e-05,OR
J,M2,0,0.10641202293448601,0.024296966697098597,0.8692768834279625,1.412694045272533e-05,OR
J,M2,0,4.1641221336590206e-05,0.08213770378382335,0.9178092924224465,1.1362572393564164e-05,OR
J,M2,0,0.0013114608720525194,0.0366494620963081,0.9620385489461815,5.280854580461775e-07,OR
J,M2,0,0.9959264850774081,0.0037195074020366864,0.00035385116071591196,1.5635983935283825e-07,B
J,M2,0,0.010720852819045043,0.028877967556301395,0.9603863915195958,1.4788105057663132e-05,OR
K,M2,0,9.472837758936148e-09,8.86597487851417e-09,0.9999999783493334,3.3118539393000353e-09,OR
K,M2,0,4.353004688181597e-06,7.636462926116568e-05,0.99991921574908,6.661697076870194e-08,OR
K,M2,0,5.310879287580687e-07,0.000153832368703493,0.9998455122043394,1.243390283798707e-07,OR
K,M2,0,0.0783774390216931,0.02056979515062024,0.880009151884697,0.02104361394298972,OR
K,M2,0,9.567885620976516e-05,2.5075968606445107e-06,0.9999016731475465,1.4039938323402398e-07,OR
K,M2,0,1.8633484384404935e-09,8.301417161049598e-07,0.9999991664230955,1.5718401225095383e-09,OR
K,M2,0,1.435835980120612e-06,4.7822521175500694e-08,0.9999985019358206,1.440567814632173e-08,OR
K,M2,0,7.048100520278112e-08,1.3052562761373467e-07,0.9999997934971769,5.496190152180009e-09,OR
K,M2,0,2.6353621909924305e-06,0.0059294966720287315,0.9940673035164096,5.64449370737323e-07,OR
K,M2,0,7.948539776266489e-06,2.8965500049684757e-06,0.9999882981041726,8.568060462096213e-07,OR
K,M2,0,1.317634455201543e-08,1.2134838854408174e-09,0.999999983448363,2.1618084696483668e-09,OR
K,M2,0,1.4387043046911922e-07,1.1777073455519734e-05,0.9999880666214536,1.2434660344313005e-08,OR
K,M2,0,0.0017856938260675745,8.497081373841432e-05,0.9981279262351691,1.4091250248618293e-06,OR
K,M2,0,0.08576443004505264,0.047050643994103324,0.8671841586111764,7.673496676116459e-07,OR
K,M2,0,9.445359390736121e-08,9.887578286802076e-08,0.9999998012283087,5.4423145672218e-09,OR
K,M2,0,5.380668177949976e-06,0.0012805184039721403,0.998713801165734,2.997621159156558e-07,OR
K,M2,0,0.28529359999954,0.004555394206418198,0.7101465349108479,4.470883194095602e-06,OR
K,M2,0,2.3295283299461147e-06,1.8296473079527278e-06,0.9999958134605987,2.7363763271127994e-08,OR
K,M2,0,1.3817580903351744e-06,0.02152760514611128,0.9784709911228759,2.1972922622419244e-08,OR
K,M2,0,6.320042035463255e-05,1.5837594638733176e-07,0.9999366090380991,3.2165599803316657e-08,OR
K,M2,0,2.5009122070340794e-07,2.142449713306867e-08,0.9999997257123003,2.771981788972159e-09,OR
K,M2,0,2.5893340876482565e-09,1.6458902984370426e-07,0.9999998272807812,5.540854744148362e-09,OR
K,M2,0,0.0010657929196452043,2.3350739517985845e-05,0.9989102219169232,6.344239134398563e-07,OR
K,M2,0,0.6877435068995256,0.0015781171607749998,0.3025512987227995,0.008127077216899911,B
K,M2,0,0.017913971142560096,1.8956712457613646e-05,0.9820664374778785,6.346671037173153e-07,OR
K,M2,0,2.9731040733878723e-06,8.492961811788538e-07,0.9999959696676253,2.079321200949168e-07,OR
K,M2,0,2.7340890814693054e-05,0.0007753973752863369,0.9991186929065049,7.856882739398113e-05,OR
K,M2,0,5.628187443208805e-09,3.5188513796903986e-06,0.999996466685808,8.834624970673993e-09,OR
K,M2,0,4.901845526859815e-05,6.026954446349083e-06,0.999944928586507,2.6003778029694197e-08,OR
K,M2,0,2.1137339647850268e-05,5.922305282820576e-06,0.9999729298875332,1.0467536104197133e-08,OR
K,M2,0,0.00012222067623524137,1.397613899328723e-06,0.9998762996224874,8.208737793943596e-08,OR
L,M2,0,8.511168753664729e-05,9.575095701304471e-06,0.9999052900870917,2.3129670206126785e-08,OR
L,M2,0,0.0019393375903402623,7.2030653540088e-05,0.9979883281854546,3.0357066499788474e-07,OR
L,M2,0,0.9988559328572473,2.5966905359218824e-06,0.0011404628268132458,1.007625403664278e-06,B
L,M2,0,0.9919969882975277,8.022166201337737e-08,0.008002804760210844,1.2672059941493822e-07,B
L,M2,0,0.03062658996797652,0.0002370168679527888,0.9691362176091974,1.75554873288292e-07,OR
L,M2,0,0.9519632862567087,0.0005203312619544683,0.0475163481762936,3.430504324125387e-08,B
L,M2,0,0.01160606831213642,0.0005029956737148903,0.9878905801983168,3.5581583206913074e-07,OR
L,M2,0,0.003897037931604087,0.00026958266288284425,0.9958331343479709,2.4505754225531466e-07,OR
L,M2,0,1.5207379468029005e-07,1.0825403580423572e-09,0.9999998439325065,2.9111583855078234e-09,OR
L,M2,0,0.9446005755388073,0.00015622676646331917,0.05524172742835559,1.4702663738308373e-06,B
L,M2,0,0.0005376192056029246,7.609404235186948e-08,0.9994620978311447,2.0686921008319742e-07,OR
L,M2,0,0.0336467036410418,5.325210493435834e-06,0.9663430956212979,4.875527166755544e-06,OR
L,M2,0,0.9515068935006576,0.005658361598221132,0.042828746518598484,5.998382522655695e-06,B
L,M2,0,0.0007932304434139259,6.543190644904325e-06,0.99920014924412,7.712182121157985e-08,OR
L,M2,0,0.00043274710997078094,0.00010775608817197401,0.9994594598037827,3.6998074564322395e-08,OR
L,M2,0,0.042973860865327694,0.27000587815205696,0.6870172070675801,3.0539150352977657e-06,OR
L,M2,0,0.6218416057947832,0.0004851996962539665,0.0017512741801988464,0.3759219203287641,B
L,M2,0,0.012955639390236142,1.158330404996045e-06,0.9870418037131099,1.3985662490669852e-06,OR
L,M2,0,0.6720852339119474,3.389847020078157e-06,0.3278921775294754,1.9198711557009015e-05,B
L,M2,0,0.20374767836938965,0.010366403340694707,0.7858178768204787,6.804146943708269e-05,OR
L,M2,0,0.08424406096840421,8.203457145562654e-07,0.9157545993835188,5.193023623259188e-07,OR
L,M2,0,1.2173252503865471e-05,2.3633479966484886e-08,0.9999874832750802,3.1983893590396916e-07,OR
L,M2,0,0.985289948232845,3.6923237657345197e-07,0.01470794173110886,1.7408036696770106e-06,B
L,M2,0,0.06881690699741656,8.89377565403393e-06,0.9311613539832508,1.2845243678738207e-05,OR
L,M2,0,0.5101359329360174,0.00010074111575081531,0.4897468120892683,1.6513858963465178e-05,B
L,M2,0,7.166966815790335e-05,1.755084032592819e-08,0.9999242920831392,4.020697862495681e-06,OR
L,M2,0,0.9605299708841453,0.003532285478422871,0.035937063165242526,6.804721893740772e-07,B
L,M2,0,0.9909904435022108,0.0002152217328656757,0.008792528962770309,1.8058021534332387e-06,B
L,M2,0,2.1555694283886638e-05,1.813928032156235e-06,0.999976584605513,4.5772171023068115e-08,OR
L,M2,0,1.520381781171445e-05,0.028788429814173896,0.9711961971799655,1.6918804892971727e-07,OR
L,M2,0,0.039579476283187635,0.04793259866532022,0.9123785484741682,0.00010937657732388063,OR
M,M2,0,0.05513203411033258,0.0012650981865864593,0.9425120977376548,0.0010907699654261927,OR
M,M2,0,2.2554591672321985e-06,0.00014933382142729907,0.9998480344973207,3.762220847952886e-07,OR
M,M2,0,0.0008779797866939095,2.9651023447358575e-05,0.9990915754320843,7.937577745818439e-07,OR
M,M2,0,0.0001230843994682299,3.464623924251867e-05,0.9998415335273678,7.358339214537994e-07,OR
M,M2,0,0.0007805241259354281,5.290251127101821e-05,0.9991357173875317,3.0855975261799516e-05,OR
M,M2,0,0.09202174961656123,0.038541569169692036,0.8689934205833895,0.0004432606303572049,OR
M,M2,0,0.7070434956092911,0.00041555232809792705,0.28275197599872764,0.009788976063883379,B
M,M2,0,2.4356417034599418e-05,3.928812757633867e-06,0.9999678154645713,3.899305636479643e-06,OR
M,M2,0,0.00030673344259974945,0.0003149853594610073,0.9993741715323654,4.109665573876487e-06,OR
M,M2,0,0.46347420665150474,0.01710537434794009,0.5189878696020448,0.0004325493985104754,OR
M,M2,0,0.0003907761049208726,6.0732263018884484e-05,0.9994518973243817,9.65943076785438e-05,OR
M,M2,0,4.885469007153127e-05,1.3536331640840414e-05,0.9999368882955583,7.206827293208103e-07,OR
M,M2,0,0.00028763689889977804,3.2222487688196964e-06,0.9997079549302452,1.1859220862375498e-06,OR
M,M2,0,5.649342021099403e-06,7.844950940318625e-07,0.9999928709500804,6.952128044844016e-07,OR
M,M2,0,2.2968016788509413e-05,6.955801035073154e-05,0.9999065708488174,9.031240434535169e-07,OR
M,M2,0,0.16800845789806332,0.006157856306304702,0.8231358266350315,0.002697859160600593,OR
M,M2,0,4.7403447619605805e-06,1.9589829601635142e-05,0.9999755958209571,7.400467942698115e-08,OR
M,M2,0,3.7541435755443508e-06,3.5442961753212163e-07,0.9999956195316427,2.7189516407791705e-07,OR
M,M2,0,0.00019405998771736613,0.0001115036247296842,0.9996720532651361,2.238312241696326e-05,OR
M,M2,0,3.6760703719289e-05,0.0037715393658303716,0.9961396985873662,5.200134308411216e-05,OR
M,M2,0,9.649564749073056e-06,1.149450171314543e-06,0.9999831427167457,6.0582683339228715e-06,OR
M,M2,0,5.4410414502399536e-05,0.00045131572163333125,0.9994930152940324,1.2585698316812667e-06,OR
M,M2,0,0.012164564561588235,3.6352915121790175e-05,0.9877967765546439,2.305968645910534e-06,OR
M,M2,0,0.00035938981392497635,0.0005728850962490149,0.9990600836327121,7.64145711365353e-06,OR
M,M2,0,0.009080643240951517,0.0001392486505994485,0.99068364639567,9.646171277906443e-05,OR
M,M2,0,0.00060360009500335,1.1411393475527659e-05,0.9993202740710023,6.471444051888377e-05,OR
M,M2,0,6.532790338028291e-08,4.5114925125558536e-07,0.9999994719391905,1.1583655039946582e-08,OR
M,M2,0,7.757579307670161e-08,6.552845993498312e-06,0.9999933402514936,2.9326719909777397e-08,OR
M,M2,0,1.8098187450407428e-08,6.393843627031403e-09,0.9999999719956475,3.5123213902706195e-09,OR
M,M2,0,0.00018516993281085322,1.8045639206848518e-06,0.999808372056301,4.653446967298791e-06,OR
M,M2,0,5.057808320079728e-05,2.4031234918043376e-05,0.9999251636353439,2.270465374354506e-07,OR
N,M2,0,0.0011379014066149275,0.030827482156288392,0.9644232884331055,0.003611328003991063,OR
N,M2,0,0.999647405286687,2.8925528193199217e-07,1.0017581605779655e-06,0.00035130369987049594,B
N,M2,0,0.9763908773706901,1.1088242672541173e-05,0.02359757853651086,4.5585012646091497e-07,B
N,M2,0,0.9871681986926024,0.0009953372470254771,0.011832662225118385,3.801835253842755e-06,B
N,M2,0,0.9165638410541526,0.00021630682184350486,0.08304324962886506,0.00017660249513886867,B
N,M2,0,0.9999905668060513,4.54797733194841e-08,8.993693982998423e-06,3.9402019255778833e-07,B
N,M2,0,0.9986655359182498,3.9302140555936624e-06,0.0013303961858131509,1.3768188145218962e-07,B
N,M2,0,0.9554186290822138,3.885806854095271e-06,0.04457741766573367,6.744519853549026e-08,B
N,M2,0,0.9896553659109275,7.376693211736745e-06,0.010337058591471238,1.9880438942109313e-07,B
N,M2,0,0.6935233296370218,0.0011449881315799507,0.3043600271685786,0.0009716550628195721,B
N,M2,0,0.7931576999983833,6.16127537613465e-05,0.2067789921202821,1.6951275733088725e-06,B
N,M2,0,0.8403985469644903,0.00010310024595924335,0.15949738269256428,9.70096986012375e-07,B
N,M2,0,0.9943449029781777,7.4608512548479e-05,0.005527938073255364,5.255043601850149e-05,B
N,M2,0,0.9872439124147095,0.00041041522402776646,0.012341292425158652,4.379936103892493e-06,B
N,M2,0,0.07945690975114286,0.0001560006050028789,0.9203852923552377,1.797288616394455e-06,OR
N,M2,0,0.9999985194792419,4.898158572782498e-07,9.870532965407207e-07,3.6516042896984583e-09,B
N,M2,0,0.046346242275352584,0.0005650047097101078,0.9530755755754741,1.3177439463309558e-05,OR
N,M2,0,0.04451588274173466,0.00034514674042107634,0.9551135112528537,2.5459264990522097e-05,OR
N,M2,0,0.9984790091677941,3.776843116332868e-05,0.0014823456426644576,8.767583780988046e-07,B
N,M2,0,0.0375219701839269,0.01634211880843244,0.9430938658144609,0.003042045193179911,OR
N,M2,0,0.9995642157139535,1.2606709482191953e-06,0.0004345175492112507,6.0658868950315825e-09,B
N,M2,0,0.9971668903744418,0.0006967369166309198,0.0021361526778816186,2.2003104552999415e-07,B
N,M2,0,0.9985219864419221,5.3754527127967314e-05,0.0014134822264124216,1.0776804537694615e-05,B
N,M2,0,0.9999808533582534,7.149773884916266e-08,1.9040539576806278e-05,3.4604430851633926e-08,B
N,M2,0,0.9782483057549367,0.0008379456894720312,0.019207335403636068,0.0017064131519551422,B
N,M2,0,0.9969807555867382,0.0003983849951007749,0.00017671187621503165,0.0024441475419459346,B
N,M2,0,0.33155656850888027,0.00044480458454476663,0.6679917087233711,6.918183203954613e-06,OR
N,M2,0,0.07676609806787292,0.07976773643240495,0.8434358296307436,3.0335868978406746e-05,OR
N,M2,0,0.07249123957735051,0.0019789990872871198,0.9142739526016016,0.011255808733760841,OR
N,M2,0,0.6704865152001822,0.0016151897718207097,0.32768098363225756,0.00021731139573954997,B
N,M2,0,0.9998427760669087,2.253916400970465e-07,0.00015698681543980755,1.17260113582718e-08,B
O,M2,0,0.9993508553596046,0.00013943412069678592,0.000509629752912855,8.076678583257825e-08,B
O,M2,0,0.9928211910756025,0.004364471387568059,0.002813383518771602,9.540180578098298e-07,B
O,M2,0,0.749136467898401,0.08045034764262056,0.1703525104038085,6.0674055169869394e-05,B
O,M2,0,0.946662212413929,2.501750155926708e-06,0.05332710151489419,8.184321021061538e-06,B
O,M2,0,0.18278164443271513,1.959116139068535e-05,0.8171235621052997,7.520230059456629e-05,OR
O,M2,0,0.022945453250635423,0.9431636536269636,0.03388459616769169,6.296954709210421e-06,IR
O,M2,0,0.18674239020443084,0.14919376146202876,0.6639813070942542,8.254123928627524e-05,OR
O,M2,0,0.10897210255210109,7.297427974450004e-05,0.8909546360788179,2.870893366447113e-07,OR
O,M2,0,0.06608014125283272,0.0008380089528303026,0.9330690641805935,1.2785613743241769e-05,OR
O,M2,0,0.5052706517713971,0.19011087977475555,0.30456554566488614,5.2922788961252983e-05,B
O,M2,0,0.979099742733643,0.003016914414597018,0.017880891161752704,2.4516900073879174e-06,B
O,M2,0,1.5148281801597116e-07,2.5520519109215786e-09,0.999999845394889,5.70241154960143e-10,OR
O,M2,0,0.9872271577503291,0.003031344276229872,0.009623020206693566,0.00011847776674747989,B
O,M2,0,0.000520180752851041,0.00014035129330093558,0.9993389059644229,5.61989425050611e-07,OR
O,M2,0,0.9920274403901749,0.004740397353597841,0.0032282028756372965,3.959380590087507e-06,B
O,M2,0,0.2525951733306921,0.07671528711911434,0.6701066899757706,0.000582849574423038,OR
O,M2,0,0.21621073620349873,8.982359292219909e-06,0.7837800360115557,2.4542565350694885e-07,OR
O,M2,0,0.20703204917504361,0.0056937616505224236,0.7872639588413058,1.0230333128240049e-05,OR
O,M2,0,0.00013364602434207584,0.9337726851716642,0.06609319331237308,4.754916207483577e-07,IR
O,M2,0,0.16937352435371647,0.7023628094494074,0.12825125396019482,1.2412236681306717e-05,IR
O,M2,0,0.9986437007771197,0.00040237868226608304,0.0009537524207043326,1.6811990971768338e-07,B
O,M2,0,0.740540182361062,0.06864828179484539,0.1908065584980111,4.977346081420411e-06,B
O,M2,0,0.0033710534461952346,0.026505320090900942,0.9701192519705428,4.374492361082988e-06,OR
O,M2,0,0.0014798172446723339,0.002915164395130704,0.9955976718234587,7.3465367382952324e-06,OR
O,M2,0,0.00014917344236340424,0.052652461844914906,0.9471328245214701,6.55401912516732e-05,OR
O,M2,0,0.995586971102388,7.126894391266263e-05,0.004340788376900241,9.715767990853199e-07,B
O,M2,0,0.04527239426583757,0.8667131083962039,0.08800735473907313,7.1425988854896995e-06,IR
O,M2,0,0.0009438845839792696,0.04313600392097909,0.955918978392783,1.1331022587431257e-06,OR
O,M2,0,0.2859284460780632,0.6764892719159671,0.03713896991334688,0.0004433120926228538,IR
O,M2,0,0.03228657264635712,0.46859466209914435,0.4990861959497266,3.2569304771895607e-05,OR
O,M2,0,0.002291759004028045,0.9957307225109459,0.00197689797476426,6.205102616482434e-07,IR
P,M2,0,1.0454117548608442e-07,4.237117838203633e-09,0.9999998911057685,1.1593808824660677e-10,OR
P,M2,0,0.00018433650214178391,0.00011753013901834978,0.9996980474447101,8.591412973196935e-08,OR
P,M2,0,0.01564448112857786,0.08150138569433578,0.9028505787825521,3.554394534098624e-06,OR
P,M2,0,1.174455940715185e-07,0.041335100312777,0.958664021584805,7.606568240419299e-07,OR
P,M2,0,0.00685496310045504,0.017447460744966618,0.975696728084822,8.480697562627891e-07,OR
P,M2,0,0.012028665572362452,3.609456486445255e-06,0.987965713271987,2.011699164115761e-06,OR
P,M2,0,0.19904061603278267,0.0010047911520456743,0.7999422963304835,1.229648468823315e-05,OR
P,M2,0,0.00020736544486950453,8.258182478702995e-06,0.9997840555707771,3.2080187466901884e-07,OR
P,M2,0,0.0005623206181260399,0.003940207108385921,0.9954966812964049,7.909770831336916e-07,OR
P,M2,0,0.1317768427375542,0.0005610504998898397,0.8676338147766208,2.8291985935053167e-05,OR
P,M2,0,4.1961576075315773e-05,2.7592402461616747e-06,0.9999551306726371,1.48511041255962e-07,OR
P,M2,0,1.2798723420948723e-05,1.632878163871434e-08,0.9999871777579799,7.1898175069641675e-09,OR
P,M2,0,0.05672115833167113,0.01649525617449146,0.9267777610252054,5.824468631818677e-06,OR
P,M2,0,0.00616600125060508,2.2231228097238612e-07,0.9938330427291174,7.337079964465822e-07,OR
P,M2,0,0.004116618365106998,0.9459844983584438,0.04989861961326146,2.636631876644672e-07,IR
P,M2,0,0.0010882564435151804,0.0027319320538635897,0.9961722457683391,7.565734282095932e-06,OR
P,M2,0,0.003711191220256023,7.15162398670683e-05,0.9962172479032884,4.4636588527515204e-08,OR
P,M2,0,0.021666875723572277,1.0131284856345675e-05,0.9783224450577909,5.479337804660761e-07,OR
P,M2,0,0.124966461858187,5.394803221280075e-06,0.8749846673821727,4.347595641902444e-05,OR
P,M2,0,0.00782225673860338,0.030824176741423154,0.9613421352699768,1.1431249996726043e-05,OR
P,M2,0,1.1185507796896424e-05,2.4315893197209924e-05,0.9999643173199316,1.8127907426909453e-07,OR
P,M2,0,0.12286431935046938,0.731386031394443,0.14574901407708854,6.351779990820544e-07,IR
P,M2,0,0.00672316313750382,1.1657225394734676e-05,0.9932650055259721,1.7411112928820188e-07,OR
P,M2,0,0.02533583044116253,0.011228058695162545,0.9634318023711615,4.308492513307474e-06,OR
P,M2,0,5.714342425236654e-08,5.508055135270273e-06,0.999994433464913,1.3365274889839727e-09,OR
P,M2,0,8.984728038389153e-05,1.0562873183332146e-06,0.9999065922265216,2.504205776159866e-06,OR
P,M2,0,0.9302415833064515,5.046447571874351e-07,0.06975011522243338,7.796826358017085e-06,B
P,M2,0,0.9351094044519916,0.0017387349976778256,0.06314929833656208,2.5622137684042005e-06,B
P,M2,0,0.9398094212818533,0.014840900388606745,0.04534882208719335,8.562423466731311e-07,B
P,M2,0,0.8806097491294619,1.4123910832877042e-07,0.1193898640910107,2.455404190454356e-07,B
P,M2,0,0.3361172417215165,2.737318796303254e-06,0.6638433894157185,3.663154396852742e-05,OR
A,M2,1,1.0491913822948195e-05,0.00013763500561281403,0.9998518261480952,4.693246896156338e-08,OR
A,M2,1,3.268012064323774e-06,2.370099379157363e-05,0.9999730261861176,4.808026583572854e-09,OR
A,M2,1,0.016419980811012643,0.0006389691152659862,0.9829389381894094,2.1118843120045586e-06,OR
A,M2,1,0.00044811045818820276,0.0006809346393423953,0.9988687747442109,2.180158258552824e-06,OR
A,M2,1,3.0737390010391675e-06,4.974549563322447e-05,0.9999470930567702,8.770859566756056e-08,OR
A,M2,1,0.0019047987053075334,5.782224151648246e-06,0.9980893729599506,4.611059019830783e-08,OR
A,M2,1,0.00042950045663380795,2.9094139460137122e-06,0.999567485729382,1.0440003790195373e-07,OR
A,M2,1,0.6233780920642444,0.04190507175312573,0.33446876669638576,0.0002480694862439975,B
A,M2,1,0.007122809885712128,3.6947633753240076e-05,0.9928400995653713,1.429151633071906e-07,OR
A,M2,1,1.3281453602199e-05,0.08526382704820533,0.9147203591863785,2.532311814113977e-06,OR
A,M2,1,0.10946206060561656,7.494799902459778e-07,0.8905371734525422,1.6461851014333896e-08,OR
A,M2,1,0.9999915960887317,1.0994928301160503e-07,8.28902541777548e-06,4.936567700005101e-09,B
A,M2,1,0.9992529150978836,1.3495584832244665e-05,0.000730834835663265,2.754481620804202e-06,B
A,M2,1,0.32126821843198133,0.0001418696807897256,0.678489356787015,0.00010055510021386078,OR
A,M2,1,0.9965497449250998,1.7524574316928963e-06,0.0034481229284133207,3.796890551871857e-07,B
A,M2,1,0.11171500325497741,2.2773223035073087e-06,0.8882806016772222,2.1177454966908764e-06,OR
A,M2,1,0.0001843394369250015,0.014082629674891779,0.985686097024487,4.693386369619521e-05,OR
A,M2,1,5.104125960544324e-05,4.4458293490648416e-07,0.9999452382268884,3.2759305711867097e-06,OR
A,M2,1,0.0006273279752025246,4.379098263798073e-07,0.9993720912855292,1.4282944204608992e-07,OR
A,M2,1,6.654431222173647e-06,7.204198231457621e-05,0.9999212459984721,5.758799117649362e-08,OR
A,M2,1,3.0100485477176983e-05,2.4186351716995766e-07,0.9999696336280568,2.402294885885386e-08,OR
A,M2,1,0.9488539992381038,4.1870479329008455e-05,0.051103487119798056,6.431627691010552e-07,B
A,M2,1,0.0013958919816220365,1.3479585406640073e-06,0.9985761703811314,2.6589678705948382e-05,OR
A,M2,1,1.016971469404568e-05,5.968291319295791e-05,0.9999297994115414,3.4796057154811423e-07,OR
A,M2,1,0.00041433070064556937,3.064990867750098e-06,0.9995822651541745,3.391543122510808e-07,OR
A,M2,1,0.006007202044447755,0.0007608386027627421,0.9931658835115786,6.607584121090717e-05,OR
A,M2,1,1.997483975708755e-08,4.1899931776207724e-08,0.99999992586347,1.2261758393008352e-08,OR
A,M2,1,3.8324010102898696e-05,0.008909203428605352,0.9910518889447574,5.83616534532413e-07,OR
A,M2,1,6.158141612508336e-06,0.03477297857487776,0.9652202129378166,6.503456931526525e-07,OR
A,M2,1,5.563318849584278e-06,1.0597713067520321e-08,0.9999944235208269,2.562610399522013e-09,OR
A,M2,1,0.4039788487891219,0.0006918651893447294,0.5952903525597575,3.893346177598193e-05,OR
B,M2,1,0.9430009670613859,4.207719513542804e-05,0.05694853021900381,8.425524474705812e-06,B
B,M2,1,0.8521223219533524,0.09869767525950415,0.04917613638763503,3.86639950842932e-06,B
B,M2,1,0.9979960820497475,0.0005823675494835557,0.0014211102870564977,4.401137126237453e-07,B
B,M2,1,0.08532562141612325,0.12082557409109117,0.7938369699190873,1.1834573698122632e-05,OR
B,M2,1,0.9942131845447479,0.00038441403005045797,0.005401170579421353,1.2308457804103688e-06,B
B,M2,1,0.03080173824691805,0.9675717441883118,0.0016239019539855905,2.6156107845537035e-06,IR
B,M2,1,0.00446667009625313,0.003990091710875523,0.9915424411220787,7.970707926159684e-07,OR
B,M2,1,0.20228072889977108,7.497401506502768e-05,0.7976383607542944,5.936330869506066e-06,OR
B,M2,1,0.01604946655606802,0.9839462691518475,3.0780168970090317e-06,1.1862751875930273e-06,IR
B,M2,1,0.9704023317884816,0.0216463391092674,0.007877147433873747,7.418166837731214e-05,B
B,M2,1,0.0020444675173343584,0.00016359632683714354,0.9977915065671719,4.295886566368046e-07,OR
B,M2,1,0.0057225436494872444,0.8982987152122581,0.09597269048951039,6.050648744332897e-06,IR
B,M2,1,0.9976693374281159,5.42337416368332e-06,0.0023240382524351622,1.2009452850508646e-06,B
B,M2,1,0.5821168846281475,3.6067339522765317e-06,0.4178791691139571,3.3952394320687135e-07,B
B,M2,1,0.9993753568917818,3.8474971054602584e-05,0.0005720705053666585,1.4097631796812987e-05,B
B,M2,1,0.8092858992956267,0.005131568631463939,0.1855806267810017,1.9052919077714295e-06,B
B,M2,1,0.798816207562789,0.058365540648133284,0.1427591652652402,5.9086523837560605e-05,B
B,M2,1,0.9969365428091793,0.0030140584241166763,3.640508342504765e-05,1.2993683279008281e-05,B
B,M2,1,0.9708954765552065,3.847772960004326e-05,0.02906528366815258,7.620470411051724e-07,B
B,M2,1,0.030396015188126974,0.0007437923099149424,0.9685940003286243,0.000266192173333935,OR
B,M2,1,0.21572011425637652,0.06066774884079497,0.7235929308254938,1.9206077334707677e-05,OR
B,M2,1,0.9858290390692314,1.978267636180489e-06,0.014168119335061433,8.633280708851484e-07,B
B,M2,1,0.9999996875152308,1.0742290385914233e-10,3.1217103544421146e-07,2.063108224930126e-10,B
B,M2,1,0.003184117751244376,9.986500809059621e-07,0.9968147881046067,9.549406809817049e-08,OR
B,M2,1,0.934536646453157,9.770468360737418e-05,0.06536562035860193,2.8504633592142464e-08,B
B,M2,1,4.9986814284154435e-06,0.06319844611320914,0.9367964543379768,1.008673856214892e-07,OR
B,M2,1,0.26723651094309553,0.7280723410907558,0.004689949263587657,1.1987025610736403e-06,IR
B,M2,1,0.82698251527794,0.17295929736083124,2.0214982766746133e-05,3.797237846193327e-05,B
B,M2,1,0.9869712688152867,9.28955067598415e-08,0.013028511660555226,1.2662865122326605e-07,B
B,M2,1,0.9997837163006889,0.00020202397066752104,1.4244192567952643e-05,1.553607568168708e-08,B
B,M2,1,5.233485001192696e-05,0.03734919283991638,0.9625982174705436,2.548395280364182e-07,OR
C,M2,1,1.2866546526102935e-08,0.001035508493529676,0.9989644380904993,4.054942452949593e-08,OR
C,M2,1,2.1464079737061566e-08,0.020047978983969938,0.979951984860592,1.4691358141241735e-08,OR
C,M2,1,3.4158106313460276e-07,0.01899436443658957,0.9810052734004537,2.0581893684068693e-08,OR
C,M2,1,1.8642071483259034e-07,0.000304933692012585,0.9996948700216612,9.865611339078637e-09,OR
C,M2,1,7.125142564042057e-05,0.00013190492382480435,0.999796833778563,9.871971705428669e-09,OR
C,M2,1,2.6411260259230676e-07,1.50389657874829e-05,0.9999846145140892,8.240752068128207e-08,OR
C,M2,1,4.687536895742294e-06,0.04508564550874628,0.954909524948137,1.4200622088537192e-07,OR
C,M2,1,2.9444381366596245e-07,7.163228288852809e-07,0.9999989811237073,8.109649994856016e-09,OR
C,M2,1,1.0723863600805313e-07,0.05173198699820834,0.9482678431762732,6.258688246818383e-08,OR
C,M2,1,1.294286045560055e-06,0.0014602259889000776,0.998538414444503,6.528055151627548e-08,OR
C,M2,1,3.4396274349634273e-09,0.0009597748010158526,0.9990402109892718,1.0770084985827705e-08,OR
C,M2,1,3.722034750988635e-08,0.00993815000379887,0.990061757396578,5.537927559614385e-08,OR
C,M2,1,3.3429012504220463e-09,0.0004212720037884712,0.9995787026958896,2.195742065441785e-08,OR
C,M2,1,3.874919176082754e-05,0.000348189876520734,0.9996130531468307,7.784887772913295e-09,OR
C,M2,1,2.6358893770406804e-06,0.0025958949724697424,0.9974014543659937,1.4772159527155886e-08,OR
C,M2,1,2.2733615380430482e-08,7.962807793815709e-05,0.9999203307040155,1.8484430891836252e-08,OR
C,M2,1,1.3858689985983672e-08,0.0002164412721505832,0.9997835095255637,3.534359577252978e-08,OR
C,M2,1,1.1316618673645896e-09,2.7185683182361407e-06,0.9999972750749705,5.225049393141808e-09,OR
C,M2,1,9.767295861257336e-05,0.0003269840058775286,0.9995752963708721,4.66646378262475e-08,OR
C,M2,1,9.971799867816683e-08,5.53891697416928e-06,0.9999943466834669,1.4681560132258706e-08,OR
C,M2,1,4.896377970738909e-08,0.09804028433004859,0.9019595443401566,1.223660151446256e-07,OR
C,M2,1,4.240036875396798e-08,2.122780106935368e-06,0.9999978052736469,2.954587729412869e-08,OR
C,M2,1,2.436288960299962e-06,6.29417779020571e-05,0.9999346055696712,1.636346636289234e-08,OR
C,M2,1,3.091725691800875e-06,0.0023847249318588856,0.9976121164338699,6.69085792689e-08,OR
C,M2,1,1.6967949702928685e-08,2.284374007850865e-06,0.9999976808928072,1.7765235070195876e-08,OR
C,M2,1,5.034851780828744e-08,2.923234514554161e-06,0.9999969991465126,2.7270454942487017e-08,OR
C,M2,1,1.0972432965516036e-09,0.00012002281091216283,0.9998799712453725,4.846472012127857e-09,OR
C,M2,1,1.749148053879991e-08,0.06055560636827752,0.9394443150375268,6.110271503510795e-08,OR
C,M2,1,1.3228606902040216e-06,2.6199673221178695e-05,0.9999724482006762,2.9265412486190337e-08,OR
C,M2,1,2.790436656087579e-07,3.404052987787532e-05,0.999965564750722,1.1567573454261758e-07,OR
C,M2,1,0.021240086099969455,0.7752779451751655,0.20348016508457095,1.803640294060806e-06,IR
D,M2,1,7.318671012889177e-08,3.568881265486786e-05,0.9999642271963208,1.080431407135161e-08,OR
D,M2,1,0.9866940783668772,6.52359748293187e-06,0.013296763318973854,2.6347166659441374e-06,B
D,M2,1,7.441754102054601e-06,1.745768496273155e-09,0.9999924088802538,1.4761987569447754e-07,OR
D,M2,1,0.002892159843923908,4.734335959390558e-06,0.9971027635258736,3.422942430295188e-07,OR
D,M2,1,0.00047960722059523544,1.0625616676034002e-06,0.9995192193329343,1.108848028570823e-07,OR
D,M2,1,0.02268625410657838,2.6018693651547306e-06,0.9772832075338095,2.7936490247035657e-05,OR
D,M2,1,0.0036603201884028,6.954092454957335e-05,0.9962657361843841,4.402702663422423e-06,OR
D,M2,1,0.9192776647722809,3.239136020617894e-06,0.08071712746945392,1.9686222444940255e-06,B
D,M2,1,0.13027729227430895,1.1190481615011301e-07,0.8697224281944905,1.6762638439554444e-07,OR
D,M2,1,0.0005398851084080352,0.0002392259976201729,0.9992205213317962,3.675621755195344e-07,OR
D,M2,1,0.012086182224249578,7.229214471185523e-06,0.9879023167397193,4.271821560025997e-06,OR
D,M2,1,0.026484189397170513,2.9365960941321907e-05,0.973485108511882,1.3361300061863415e-06,OR
D,M2,1,0.868482087008862,0.0001632138209961174,0.1313522371872593,2.4619828826946236e-06,B
D,M2,1,3.2714027702052185e-06,0.00022487516628854847,0.9997718405388205,1.289212075320679e-08,OR
D,M2,1,0.9126191698020959,0.011586514444659954,0.0757459948392345,4.832091400972187e-05,B
D,M2,1,6.690749378097204e-05,2.2075737916938492e-05,0.9999109855213926,3.124690962695556e-08,OR
D,M2,1,0.432187472769202,2.6524210695267587e-06,0.5678084700292589,1.4047804695184132e-06,OR
D,M2,1,0.002041321000683238,1.1908953761277243e-05,0.9979441022625577,2.6677829976997565e-06,OR
D,M2,1,0.08782249365870762,2.839693781671456e-06,0.9121704721492678,4.194498242866244e-06,OR
D,M2,1,0.9040524381434583,0.0020510464160424283,0.09162308611928874,0.002273429321210544,B
D,M2,1,0.010805590013176037,3.0302932341043443e-07,0.9891937561255094,3.5083199115812723e-07,OR
D,M2,1,0.005952562429648826,0.00010506361650340614,0.993939765817777,2.60813607067957e-06,OR
D,M2,1,1.958757489566273e-06,0.001108871096693361,0.9988885957712995,5.743745175869237e-07,OR
D,M2,1,0.8624824227014778,1.3039084380864348e-05,0.1374967497507083,7.788463433086288e-06,B
D,M2,1,8.064623526953969e-05,7.226257159107742e-07,0.9999170644591292,1.5666798855443226e-06,OR
D,M2,1,6.20591250732301e-05,4.574561482069857e-08,0.9999375627377811,3.323915307940796e-07,OR
D,M2,1,0.03387011159205985,1.4298849180069342e-06,0.9661280393531609,4.1916986129641255e-07,OR
D,M2,1,0.00022173061181874484,2.432804915464425e-06,0.9997622583720024,1.3578211263435083e-05,OR
D,M2,1,4.1709468994425215e-05,3.267116286806257e-05,0.999924990230108,6.291380296544132e-07,OR
D,M2,1,3.24407796124858e-06,0.00019870901225495916,0.9997979774281195,6.948166433664997e-08,OR
D,M2,1,6.256439793969483e-06,1.0381145330757817e-06,0.9999926719777742,3.346789871302689e-08,OR
E,M2,1,1.7202056522023708e-08,3.1793890267176836e-06,0.999996800645638,2.763278744192566e-09,OR
E,M2,1,1.6969641095422641e-09,2.42775699166326e-07,0.9999997541449714,1.3823651523753748e-09,OR
E,M2,1,1.029909722633143e-09,9.643961488774118e-07,0.9999990327364173,1.8375241021760894e-09,OR
E,M2,1,1.1349128149477909e-10,4.155305261855906e-06,0.9999958427254317,1.8558151029319497e-09,OR
E,M2,1,2.425921724837222e-09,3.148462973182901e-07,0.9999996340899677,4.863781336703905e-08,OR
E,M2,1,4.3537643735849067e-07,2.346602775456163e-07,0.9999993099112104,2.00520745326015e-08,OR
E,M2,1,5.5733523388887684e-11,4.048895534017951e-06,0.999995947795453,3.2532794911130006e-09,OR
E,M2,1,3.9560110423954166e-10,4.74622989009204e-08,0.9999999449039202,7.238179632982818e-09,OR
E,M2,1,3.139820119212038e-08,4.371022373717222e-07,0.9999995307547417,7.448197219001413e-10,OR
E,M2,1,3.0587246570184793e-06,3.8793847979966465e-07,0.9999965519114351,1.4254281656744726e-09,OR
E,M2,1,1.2070799422793294e-05,1.7497789009754733e-05,0.9999703791347798,5.227678746680027e-08,OR
E,M2,1,4.766092926991798e-10,1.627564219200429e-06,0.9999983579495393,1.4009632121592817e-08,OR
E,M2,1,1.3592936407819182e-08,7.001916606659592e-08,0.9999999152143598,1.1735378552132938e-09,OR
E,M2,1,6.631009208383922e-08,6.046620794784355e-07,0.9999993278299373,1.1978912740670034e-09,OR
E,M2,1,2.3852291438779475e-06,4.017646361045785e-06,0.9999935914536583,5.670836709106631e-09,OR
E,M2,1,6.6432909612303025e-06,8.960373214784465e-05,0.999903735836959,1.7139931854646947e-08,OR
E,M2,1,1.9436731490701957e-07,4.743697828057535e-09,0.9999997999087479,9.802394663241932e-10,OR
E,M2,1,5.104648355827082e-09,1.051097643549469e-09,0.9999999911733396,2.670914360728562e-09,OR
E,M2,1,2.5558084524001623e-08,2.7950580520481735e-07,0.9999996644211322,3.051497811656525e-08,OR
E,M2,1,5.69068505356951e-10,3.6576076478116416e-06,0.9999963104915267,3.1331757103794747e-08,OR
E,M2,1,2.888177603709651e-05,1.9667865100434055e-05,0.9999514314171725,1.8941690178435665e-08,OR
E,M2,1,4.436833121674963e-09,8.643073060432562e-08,0.9999999037820774,5.350358857821837e-09,OR
E,M2,1,9.303849365192223e-09,0.00010411023499793225,0.9998958691461824,1.1314970256918976e-08,OR
E,M2,1,9.991973771665313e-09,2.325110744303241e-07,0.9999997247714636,3.2725488184581575e-08,OR
E,M2,1,1.4525435178817718e-09,3.788652283756387e-08,0.9999999552017715,5.459162036536732e-09,OR
E,M2,1,1.8986402040660535e-09,1.7947737370324647e-05,0.9999820447165789,5.647410584544395e-09,OR
E,M2,1,5.915825309234514e-07,7.409155814134455e-07,0.9999986625903218,4.9115659846120776e-09,OR
E,M2,1,1.2166247084662657e-09,5.983067243564096e-07,0.9999993979322136,2.5444374544600106e-09,OR
E,M2,1,6.596318970699389e-07,4.3941992312229084e-08,0.9999992912016845,5.224426125411029e-09,OR
E,M2,1,0.0001781675407157892,1.9581447721702182e-05,0.999802031010258,2.200013044818204e-07,OR
E,M2,1,3.248535789760491e-06,2.915395155517355e-06,0.9999938305514323,5.51762246899396e-09,OR
F,M2,1,3.9115047269362206e-05,5.2032247374301794e-05,0.9999087719751558,8.073020052452176e-08,OR
F,M2,1,0.45201649756429674,1.3583632972042898e-05,0.5476281722580839,0.0003417465446473784,OR
F,M2,1,1.5825309312879348e-05,1.1640192248903653e-05,0.9999725213978202,1.3100618163394672e-08,OR
F,M2,1,0.8059317245673862,0.00028868462615368363,0.19377897580461778,6.150018424253077e-07,B
F,M2,1,0.9923262299115524,3.340808162022733e-06,0.00766985734619328,5.719340922743772e-07,B
F,M2,1,0.6341502431612827,0.0005027801505315592,0.3641346161953792,0.0012123604928066124,B
F,M2,1,0.00300154561153623,0.0036788064823634723,0.9933176264023412,2.021503758912963e-06,OR
F,M2,1,0.0023806871918761606,0.02226750064096998,0.9753463673840354,5.444783118289004e-06,OR
F,M2,1,0.6411060478246327,0.00021058451459852814,0.35867837284969006,4.994811078767943e-06,B
F,M2,1,0.9627939651563002,0.00012686057018756423,0.0370780683322208,1.1059412912892036e-06,B
F,M2,1,7.428974107644181e-05,3.702108198866813e-05,0.9998885853663637,1.0381057117157075e-07,OR
F,M2,1,5.935624281206174e-06,1.7664067468897796e-06,0.9999921806336541,1.1733531770889594e-07,OR
F,M2,1,2.067894528876042e-05,2.0844641016790135e-07,0.9999790904882347,2.212006616883816e-08,OR
F,M2,1,0.5277879890664691,7.673716398299318e-05,0.47212881657616823,6.457193379543435e-06,B
F,M2,1,0.8730117342698617,7.694885389434027e-06,0.12697584443388008,4.726410868858156e-06,B
F,M2,1,0.9469321011931289,4.943142894138644e-06,0.053059979003515514,2.976660461585656e-06,B
F,M2,1,0.0025485754348900116,1.382155685075089e-07,0.9974495849499692,1.7013995722344166e-06,OR
F,M2,1,0.18954212746004917,3.465338315888592e-06,0.8104490471101017,5.360091533349019e-06,OR
F,M2,1,0.019471603202827675,0.0020370361155521758,0.9784761390383274,1.5221643292759441e-05,OR
F,M2,1,0.001887997322802869,1.1251558284517123e-05,0.998100703666122,4.745279058015752e-08,OR
F,M2,1,3.592270067983383e-05,1.2637037035594129e-08,0.9999640466509214,1.8011361543979393e-08,OR
F,M2,1,1.2076704220784411e-05,3.707445981074169e-08,0.9999876099586764,2.7626264293516436e-07,OR
F,M2,1,0.0169840043462254,9.491398406382354e-05,0.9829009680842377,2.011358547305329e-05,OR
F,M2,1,0.0004707241842944212,0.35432164379144054,0.6452073065060852,3.255181799358965e-07,OR
F,M2,1,0.9969761861241222,5.775258859915959e-06,0.0030162367019963684,1.8019150215211648e-06,B
F,M2,1,3.568364330844968e-05,1.308142166044134e-06,0.9999628933154691,1.1489905643646253e-07,OR
F,M2,1,0.02170493212878226,0.01090925425290831,0.9673852178112252,5.958070841620406e-07,OR
F,M2,1,9.309156117672959e-05,3.8127380702558444e-06,0.9999030273061056,6.839464745654161e-08,OR
F,M2,1,0.0013336418185197485,3.609999026094442e-06,0.9986608912378845,1.856944569564235e-06,OR
F,M2,1,0.0020057582743997077,0.07770605099486655,0.9202823405503348,5.850180398979241e-06,OR
F,M2,1,0.00021575099736528364,0.002359626378909186,0.9974201573723656,4.465251359916777e-06,OR
G,M2,1,5.565476904611653e-06,1.6640069870339108e-09,0.9999944036616415,2.9197446829821066e-08,OR
G,M2,1,0.8963092138436121,0.03562984885708609,0.0680424954274681,1.8441871833760833e-05,B
G,M2,1,0.6208746353016864,2.6101855129423367e-05,0.3788842571866131,0.00021500565657102202,B
G,M2,1,0.0012838131258801236,0.0005811925851208282,0.9981349492903531,4.499864587222466e-08,OR
G,M2,1,0.00014668457133750214,0.00027601331021486023,0.9995759113797577,1.3907386898959262e-06,OR
G,M2,1,0.7525884631509987,0.10217782191444204,0.14520969283234322,2.4022102216054185e-05,B
G,M2,1,0.9823152120397775,0.0007326230430656873,0.016946706316004825,5.4586011520431085e-06,B
G,M2,1,0.01665656919392899,9.483609374979761e-06,0.9833336262215633,3.2097513275254645e-07,OR
G,M2,1,0.9981896593994799,1.1216832785304676e-06,0.0018088845380497703,3.3437919188324597e-07,B
G,M2,1,0.02057190552774537,0.5848833411340121,0.3945442585437631,4.947944795248066e-07,IR
G,M2,1,0.9741406561951395,1.2893646312557694e-08,0.025859300358108513,3.055310557266338e-08,B
G,M2,1,0.0035665610918844152,2.2468477156688394e-07,0.9964331290604795,8.51628644858703e-08,OR
G,M2,1,0.9999772216442103,8.60908728984272e-09,2.2739152846764234e-05,3.0593855867858946e-08,B
G,M2,1,0.9420719202340405,3.91360292954791e-05,0.05788827154867768,6.721879862243024e-07,B
G,M2,1,1.1470741578556014e-09,2.140502939059408e-09,0.9999999966089754,1.0344753886499744e-10,OR
G,M2,1,6.460044671372715e-05,0.00016256691197588403,0.9997057399162721,6.7092725038091e-05,OR
G,M2,1,0.00605286360708045,2.79812120371147e-05,0.9939165611187718,2.594062110698016e-06,OR
G,M2,1,0.9957513210871881,1.276441317703611e-07,0.004248506673957936,4.45947222093175e-08,B
G,M2,1,0.9228942705585746,4.173171428914414e-05,0.07697543491500715,8.856281212911672e-05,B
G,M2,1,0.8123815097577187,5.2408976160977473e-05,0.18756599072781566,9.053830470235084e-08,B
G,M2,1,0.9125708707741211,5.664219225884653e-05,0.08736489549904426,7.5915345758834645e-06,B
G,M2,1,0.32771563063546083,4.522130959093747e-06,0.6722797441569794,1.03076600582918e-07,OR
G,M2,1,1.5955653143645704e-06,2.1071182032701777e-05,0.9999773287544658,4.498187250252925e-09,OR
G,M2,1,0.029349372556815096,0.0015040809012203567,0.969055554349997,9.099219196746574e-05,OR
G,M2,1,0.9703570745263946,0.017258175011892078,0.012376232361585074,8.518100128257475e-06,B
G,M2,1,0.5937651823259606,0.3285734813474962,0.0775859600100671,7.537631647609249e-05,B
G,M2,1,0.9898575863644343,0.009986984188287546,0.0001550254802310589,4.039670469706472e-07,B
G,M2,1,0.03268974394230436,0.0016000601998159764,0.965708836646315,1.3592115647751928e-06,OR
G,M2,1,2.754355722215168e-06,0.0008506380289302821,0.9991465628142234,4.4801124188535087e-08,OR
G,M2,1,0.9762789532400044,1.5858575938526383e-05,0.023702184265796015,3.003918261354881e-06,B
G,M2,1,0.9997866377931146,1.6629299839299103e-06,0.00021157994888265335,1.1932801875955759e-07,B
H,M2,1,0.061280226428111054,0.00514857108391938,0.8832977601746664,0.05027344231330316,OR
H,M2,1,2.5111451580745506e-07,0.0004960458021672906,0.9991073801013661,0.0003963229819509451,OR
H,M2,1,5.6060643552185163e-05,0.001174608584009329,0.9987545001415049,1.4830630933727983e-05,OR
H,M2,1,6.25161018630884e-07,0.00011527800051423675,0.9998792453329244,4.85150554280177e-06,OR
H,M2,1,8.364243278724401e-07,0.00037201300022396194,0.9992743737352935,0.0003527768401546551,OR
H,M2,1,1.225084503335968e-06,0.0014964033193157584,0.9970103101583049,0.0014920614378760395,OR
H,M2,1,1.2104066989234993e-05,0.0402822191033782,0.959521096463062,0.0001845803665705885,OR
H,M2,1,1.9320718498266523e-05,0.00011436282364805658,0.999787402697668,7.891376018570434e-05,OR
H,M2,1,1.5133094920186353e-06,0.026027842978149286,0.9739589216142309,1.172209812780217e-05,OR
H,M2,1,1.0487647754747484e-05,0.0018390549030355824,0.9981117130735732,3.874437563645327e-05,OR
H,M2,1,4.774529534799055e-06,0.00950334070314683,0.9904754469644764,1.643780284215959e-05,OR
H,M2,1,8.172513691234839e-07,0.0018528901062693744,0.9981449467315564,1.3459108050744538e-06,OR
H,M2,1,5.10122725127928e-06,0.0011505247003772315,0.998827578813653,1.6795258718678298e-05,OR
H,M2,1,2.717648977000724e-06,0.004314278995399611,0.9956502357271687,3.276762845447454e-05,OR
H,M2,1,2.833489178726755e-05,0.002625235781344954,0.9972574516249031,8.89777019647184e-05,OR
H,M2,1,5.651101917037107e-06,0.0004695097225670558,0.9994532511586837,7.158801683208537e-05,OR
H,M2,1,8.657882709754638e-07,0.0008764409413668213,0.9985831975551541,0.0005394957152080102,OR
H,M2,1,2.8070600203252774e-07,0.003228446335291693,0.996381863932572,0.0003894090261341787,OR
H,M2,1,5.336618494199923e-05,0.012899475832345552,0.9867029603791668,0.00034419760354553096,OR
H,M2,1,3.0479384723828704e-07,0.019150812752589404,0.9808389369397221,9.945513841010523e-06,OR
H,M2,1,1.3146560467434613e-06,0.0004443222466279936,0.9995346825500406,1.968054728457202e-05,OR
H,M2,1,2.1642628614936604e-05,0.018534475993394386,0.9809569123951992,0.00048696898279154276,OR
H,M2,1,1.9525277888743882e-06,5.2376169888244465e-05,0.9999429678029276,2.7034993953040214e-06,OR
H,M2,1,5.265648048703241e-05,0.0004312483379850258,0.9995141021061862,1.993075341740794e-06,OR
H,M2,1,1.2521986457458948e-06,0.00020316550559694392,0.9997942765421534,1.3057536040474913e-06,OR
H,M2,1,2.080581575938843e-06,0.014115962122056559,0.9858757309701202,6.226326247481279e-06,OR
H,M2,1,4.419744123982665e-06,0.00026835705512715446,0.9997258353953,1.3878054487891555e-06,OR
H,M2,1,7.339233398627788e-06,0.0003977304950627225,0.9994566784628459,0.0001382518086927926,OR
H,M2,1,3.691544307706067e-08,0.00034274218403091046,0.9996569986337162,2.2226680976308132e-07,OR
H,M2,1,3.6735296727499426e-07,0.0003631174385342205,0.9996293370199208,7.178188577636544e-06,OR
H,M2,1,7.634460233981246e-06,0.00042500402642909165,0.999562888374002,4.473139334813393e-06,OR
I,M2,1,0.00020987016571435646,3.3160508180132314e-05,0.9997554779463212,1.4913797842716405e-06,OR
I,M2,1,0.0018354310379932101,0.0008173560014833541,0.997346201590575,1.0113699483061247e-06,OR
I,M2,1,0.000307711473219303,2.0960959761668332e-06,0.9996901637940361,2.863676830991874e-08,OR
I,M2,1,4.7175451595779165e-05,3.194743936340291e-08,0.9999527848803452,7.720619702664509e-09,OR
I,M2,1,5.481653550674948e-07,1.2599065588254912e-05,0.999986200044473,6.52724583816149e-07,OR
I,M2,1,3.474931791061169e-06,1.3687699405509165e-07,0.9999963529422454,3.524896932513313e-08,OR
I,M2,1,1.0748607040981292e-05,0.002961699373193993,0.9970269954605098,5.565592550426912e-07,OR
I,M2,1,0.9965448841845517,2.528452689611694e-05,0.003429819391580029,1.1896972209293832e-08,B
I,M2,1,0.0020407657830255554,9.314270145334297e-05,0.9978653564362824,7.350792387152105e-07,OR
I,M2,1,5.575526251797634e-05,2.240234083649286e-05,0.9999217992565665,4.314007906615453e-08,OR
I,M2,1,3.5702561892698465e-07,3.957290794637285e-05,0.9999599782222924,9.184414236438759e-08,OR
I,M2,1,1.4827146557135423e-07,0.0004031100950579273,0.9995965852777215,1.5635575492358785e-07,OR
I,M2,1,6.108586701847041e-05,7.151788955150162e-05,0.9998672337530624,1.6249036753988522e-07,OR
I,M2,1,0.000725203055438729,2.8831044490795893e-05,0.9992457811290884,1.8477098222510972e-07,OR
I,M2,1,8.254144509931116e-07,0.536185523210794,0.46381305118737914,6.001873757567123e-07,IR
I,M2,1,7.523530564960836e-07,4.969565819207766e-05,0.9999492029818705,3.490068809135526e-07,OR
I,M2,1,6.261883588911395e-05,2.234901735543682e-06,0.9999351164421703,2.9820205235166754e-08,OR
I,M2,1,3.033672092496701e-08,3.014111443833577e-06,0.9999969423746761,1.3177158937872466e-08,OR
I,M2,1,9.187450860623334e-07,2.7580694596428474e-06,0.9999963078042066,1.538124771836174e-08,OR
I,M2,1,0.9601209717193171,3.7351690026994384e-07,0.03987859269086513,6.207291739042417e-08,B
I,M2,1,2.8537042201302465e-06,4.5057526878247505e-05,0.9999520122105571,7.65583445346066e-08,OR
I,M2,1,1.3577794290272478e-05,2.7935113483453757e-06,0.9999833866873507,2.420070108560429e-07,OR
I,M2,1,8.233879594145071e-06,6.175088182634865e-06,0.9999854580131365,1.330190867083419e-07,OR
I,M2,1,0.12750354726812083,7.365362783944945e-05,0.8724223889233685,4.1018067124588375e-07,OR
I,M2,1,5.50017367383713e-06,0.08128160925798786,0.9187119827473131,9.078210250904585e-07,OR
I,M2,1,0.29021090890853013,1.8831329637382052e-06,0.7097870948665033,1.1309200285062887e-07,OR
I,M2,1,1.5237271399327856e-08,4.8552527099062895e-05,0.9999514261374272,6.0982023314676894e-09,OR
I,M2,1,1.2965825231440246e-05,0.9935364867942641,0.006450494529056474,5.2851447997159023e-08,IR
I,M2,1,4.034032124924864e-05,7.225039170074798e-06,0.9999523094350343,1.2520454644028284e-07,OR
I,M2,1,1.9746971286534e-06,1.5295834477692684e-05,0.9999824426098942,2.8685849945183895e-07,OR
I,M2,1,1.1051103408294252e-07,8.56154210702491e-06,0.9999911994917505,1.284551083079511e-07,OR
J,M2,1,0.20995621628492522,0.0010314689451147337,0.7890115951512642,7.19618695861548e-07,OR
J,M2,1,8.016759216615166e-06,0.6111759098798822,0.38881045574693823,5.617613962853348e-06,IR
J,M2,1,0.05886973596941244,0.00025305994538295007,0.9408721930957351,5.01098946945867e-06,OR
J,M2,1,7.735882147217747e-06,0.002340123010212688,0.9976519495229216,1.9158471840192567e-07,OR
J,M2,1,0.09223344796891332,0.49660944661469625,0.4111015909173858,5.551449900461596e-05,IR
J,M2,1,0.015104183292046772,0.029641255104092032,0.9552305386976337,2.402290622749603e-05,OR
J,M2,1,0.1576915873129756,0.7696460222658391,0.07265793190961325,4.458511572016222e-06,IR
J,M2,1,0.005524570753450878,0.344438136003452,0.6500151437471539,2.2149495943197656e-05,OR
J,M2,1,2.5899613357721235e-05,0.1169616338349144,0.8830114294639573,1.0370877705911546e-06,OR
J,M2,1,0.11508709449431727,0.011246437431420989,0.8736659808026457,4.872716158987431e-07,OR
J,M2,1,1.2835762540728772e-06,0.9809427537914523,0.019055044416077353,9.182162161976573e-07,IR
J,M2,1,0.0005287141155439952,0.9994708361547395,4.4906494330146094e-07,6.647734022751757e-10,IR
J,M2,1,4.410641163464873e-05,0.002361176208170804,0.9975945693495348,1.4803065966752302e-07,OR
J,M2,1,0.07579783092187364,2.6994756885423304e-05,0.924175049483014,1.2483822701843916e-07,OR
J,M2,1,2.6536698550947892e-05,0.0007434914406142223,0.9992289182906328,1.0535702020792942e-06,OR
J,M2,1,0.02717432831131508,0.13799150206993072,0.8348063850361819,2.7784582572283397e-05,OR
J,M2,1,0.9996380469287607,6.82966358713414e-06,0.00035509101561115124,3.2392040950912965e-08,B
J,M2,1,1.8917279827839925e-05,0.003985494702801635,0.9959934459557508,2.1420616197226843e-06,OR
J,M2,1,0.8128144986113528,0.08722966428595888,0.09993720037862927,1.8636724059037393e-05,B
J,M2,1,3.352172472035358e-05,0.007737775499681057,0.9922273761051312,1.3266704673846267e-06,OR
J,M2,1,0.2653520914900326,0.6796182818362163,0.05502251997580117,7.106697949889592e-06,IR
J,M2,1,0.995405618191061,0.00012201531353746936,0.00446642704751214,5.939447889374904e-06,B
J,M2,1,0.0017578834790458948,0.0019041115937307304,0.9963360738704048,1.93105681858358e-06,OR
J,M2,1,0.04056890447759099,0.029057008348413554,0.9303531066181068,2.098055588881921e-05,OR
J,M2,1,0.006644321618092689,0.7896097866836009,0.2037453918088511,4.998894554017539e-07,IR
J,M2,1,0.08609586662596248,0.17842224123952924,0.735389019762112,9.287237239633605e-05,OR
J,M2,1,0.10641202293448601,0.024296966697098597,0.8692768834279625,1.412694045272533e-05,OR
J,M2,1,4.1641221336590206e-05,0.08213770378382335,0.9178092924224465,1.1362572393564164e-05,OR
J,M2,1,0.0013114608720525194,0.0366494620963081,0.9620385489461815,5.280854580461775e-07,OR
J,M2,1,0.9959264850774081,0.0037195074020366864,0.00035385116071591196,1.5635983935283825e-07,B
J,M2,1,0.010720852819045043,0.028877967556301395,0.9603863915195958,1.4788105057663132e-05,OR
K,M2,1,9.472837758936148e-09,8.86597487851417e-09,0.9999999783493334,3.3118539393000353e-09,OR
K,M2,1,4.353004688181597e-06,7.636462926116568e-05,0.99991921574908,6.661697076870194e-08,OR
K,M2,1,5.310879287580687e-07,0.000153832368703493,0.9998455122043394,1.243390283798707e-07,OR
K,M2,1,0.0783774390216931,0.02056979515062024,0.880009151884697,0.02104361394298972,OR
K,M2,1,9.567885620976516e-05,2.5075968606445107e-06,0.9999016731475465,1.4039938323402398e-07,OR
K,M2,1,1.8633484384404935e-09,8.301417161049598e-07,0.9999991664230955,1.5718401225095383e-09,OR
K,M2,1,1.435835980120612e-06,4.7822521175500694e-08,0.9999985019358206,1.440567814632173e-08,OR
K,M2,1,7.048100520278112e-08,1.3052562761373467e-07,0.9999997934971769,5.496190152180009e-09,OR
K,M2,1,2.6353621909924305e-06,0.0059294966720287315,0.9940673035164096,5.64449370737323e-07,OR
K,M2,1,7.948539776266489e-06,2.8965500049684757e-06,0.9999882981041726,8.568060462096213e-07,OR
K,M2,1,1.317634455201543e-08,1.2134838854408174e-09,0.999999983448363,2.1618084696483668e-09,OR
K,M2,1,1.4387043046911922e-07,1.1777073455519734e-05,0.9999880666214536,1.2434660344313005e-08,OR
K,M2,1,0.0017856938260675745,8.497081373841432e-05,0.9981279262351691,1.4091250248618293e-06,OR
K,M2,1,0.08576443004505264,0.047050643994103324,0.8671841586111764,7.673496676116459e-07,OR
K,M2,1,9.445359390736121e-08,9.887578286802076e-08,0.9999998012283087,5.4423145672218e-09,OR
K,M2,1,5.380668177949976e-06,0.0012805184039721403,0.998713801165734,2.997621159156558e-07,OR
K,M2,1,0.28529359999954,0.004555394206418198,0.7101465349108479,4.470883194095602e-06,OR
K,M2,1,2.3295283299461147e-06,1.8296473079527278e-06,0.9999958134605987,2.7363763271127994e-08,OR
K,M2,1,1.3817580903351744e-06,0.02152760514611128,0.9784709911228759,2.1972922622419244e-08,OR
K,M2,1,6.320042035463255e-05,1.5837594638733176e-07,0.9999366090380991,3.2165599803316657e-08,OR
K,M2,1,2.5009122070340794e-07,2.142449713306867e-08,0.9999997257123003,2.771981788972159e-09,OR
K,M2,1,2.5893340876482565e-09,1.6458902984370426e-07,0.9999998272807812,5.540854744148362e-09,OR
K,M2,1,0.0010657929196452043,2.3350739517985845e-05,0.9989102219169232,6.344239134398563e-07,OR
K,M2,1,0.6877435068995256,0.0015781171607749998,0.3025512987227995,0.008127077216899911,B
K,M2,1,0.017913971142560096,1.8956712457613646e-05,0.9820664374778785,6.346671037173153e-07,OR
K,M2,1,2.9731040733878723e-06,8.492961811788538e-07,0.9999959696676253,2.079321200949168e-07,OR
K,M2,1,2.7340890814693054e-05,0.0007753973752863369,0.9991186929065049,7.856882739398113e-05,OR
K,M2,1,5.628187443208805e-09,3.5188513796903986e-06,0.999996466685808,8.834624970673993e-09,OR
K,M2,1,4.901845526859815e-05,6.026954446349083e-06,0.999944928586507,2.6003778029694197e-08,OR
K,M2,1,2.1137339647850268e-05,5.922305282820576e-06,0.9999729298875332,1.0467536104197133e-08,OR
K,M2,1,0.00012222067623524137,1.397613899328723e-06,0.9998762996224874,8.208737793943596e-08,OR
L,M2,1,8.511168753664729e-05,9.575095701304471e-06,0.9999052900870917,2.3129670206126785e-08,OR
L,M2,1,0.0019393375903402623,7.2030653540088e-05,0.9979883281854546,3.0357066499788474e-07,OR
L,M2,1,0.9988559328572473,2.5966905359218824e-06,0.0011404628268132458,1.007625403664278e-06,B
L,M2,1,0.9919969882975277,8.022166201337737e-08,0.008002804760210844,1.2672059941493822e-07,B
L,M2,1,0.03062658996797652,0.0002370168679527888,0.9691362176091974,1.75554873288292e-07,OR
L,M2,1,0.9519632862567087,0.0005203312619544683,0.0475163481762936,3.430504324125387e-08,B
L,M2,1,0.01160606831213642,0.0005029956737148903,0.9878905801983168,3.5581583206913074e-07,OR
L,M2,1,0.003897037931604087,0.00026958266288284425,0.9958331343479709,2.4505754225531466e-07,OR
L,M2,1,1.5207379468029005e-07,1.0825403580423572e-09,0.9999998439325065,2.9111583855078234e-09,OR
L,M2,1,0.9446005755388073,0.00015622676646331917,0.05524172742835559,1.4702663738308373e-06,B
L,M2,1,0.0005376192056029246,7.609404235186948e-08,0.9994620978311447,2.0686921008319742e-07,OR
L,M2,1,0.0336467036410418,5.325210493435834e-06,0.9663430956212979,4.875527166755544e-06,OR
L,M2,1,0.9515068935006576,0.005658361598221132,0.042828746518598484,5.998382522655695e-06,B
L,M2,1,0.0007932304434139259,6.543190644904325e-06,0.99920014924412,7.712182121157985e-08,OR
L,M2,1,0.00043274710997078094,0.00010775608817197401,0.9994594598037827,3.6998074564322395e-08,OR
L,M2,1,0.042973860865327694,0.27000587815205696,0.6870172070675801,3.0539150352977657e-06,OR
L,M2,1,0.6218416057947832,0.0004851996962539665,0.0017512741801988464,0.3759219203287641,B
L,M2,1,0.012955639390236142,1.158330404996045e-06,0.9870418037131099,1.3985662490669852e-06,OR
L,M2,1,0.6720852339119474,3.389847020078157e-06,0.3278921775294754,1.9198711557009015e-05,B
L,M2,1,0.20374767836938965,0.010366403340694707,0.7858178768204787,6.804146943708269e-05,OR
L,M2,1,0.08424406096840421,8.203457145562654e-07,0.9157545993835188,5.193023623259188e-07,OR
L,M2,1,1.2173252503865471e-05,2.3633479966484886e-08,0.9999874832750802,3.1983893590396916e-07,OR
L,M2,1,0.985289948232845,3.6923237657345197e-07,0.01470794173110886,1.7408036696770106e-06,B
L,M2,1,0.06881690699741656,8.89377565403393e-06,0.9311613539832508,1.2845243678738207e-05,OR
L,M2,1,0.5101359329360174,0.00010074111575081531,0.4897468120892683,1.6513858963465178e-05,B
L,M2,1,7.166966815790335e-05,1.755084032592819e-08,0.9999242920831392,4.020697862495681e-06,OR
L,M2,1,0.9605299708841453,0.003532285478422871,0.035937063165242526,6.804721893740772e-07,B
L,M2,1,0.9909904435022108,0.0002152217328656757,0.008792528962770309,1.8058021534332387e-06,B
L,M2,1,2.1555694283886638e-05,1.813928032156235e-06,0.999976584605513,4.5772171023068115e-08,OR
L,M2,1,1.520381781171445e-05,0.028788429814173896,0.9711961971799655,1.6918804892971727e-07,OR
L,M2,1,0.039579476283187635,0.04793259866532022,0.9123785484741682,0.00010937657732388063,OR
M,M2,1,0.05513203411033258,0.0012650981865864593,0.9425120977376548,0.0010907699654261927,OR
M,M2,1,2.2554591672321985e-06,0.00014933382142729907,0.9998480344973207,3.762220847952886e-07,OR
M,M2,1,0.0008779797866939095,2.9651023447358575e-05,0.9990915754320843,7.937577745818439e-07,OR
M,M2,1,0.0001230843994682299,3.464623924251867e-05,0.9998415335273678,7.358339214537994e-07,OR
M,M2,1,0.0007805241259354281,5.290251127101821e-05,0.9991357173875317,3.0855975261799516e-05,OR
M,M2,1,0.09202174961656123,0.038541569169692036,0.8689934205833895,0.0004432606303572049,OR
M,M2,1,0.7070434956092911,0.00041555232809792705,0.28275197599872764,0.009788976063883379,B
M,M2,1,2.4356417034599418e-05,3.928812757633867e-06,0.9999678154645713,3.899305636479643e-06,OR
M,M2,1,0.00030673344259974945,0.0003149853594610073,0.9993741715323654,4.109665573876487e-06,OR
M,M2,1,0.46347420665150474,0.01710537434794009,0.5189878696020448,0.0004325493985104754,OR
M,M2,1,0.0003907761049208726,6.0732263018884484e-05,0.9994518973243817,9.65943076785438e-05,OR
M,M2,1,4.885469007153127e-05,1.3536331640840414e-05,0.9999368882955583,7.206827293208103e-07,OR
M,M2,1,0.00028763689889977804,3.2222487688196964e-06,0.9997079549302452,1.1859220862375498e-06,OR
M,M2,1,5.649342021099403e-06,7.844950940318625e-07,0.9999928709500804,6.952128044844016e-07,OR
M,M2,1,2.2968016788509413e-05,6.955801035073154e-05,0.9999065708488174,9.031240434535169e-07,OR
M,M2,1,0.16800845789806332,0.006157856306304702,0.8231358266350315,0.002697859160600593,OR
M,M2,1,4.7403447619605805e-06,1.9589829601635142e-05,0.9999755958209571,7.400467942698115e-08,OR
M,M2,1,3.7541435755443508e-06,3.5442961753212163e-07,0.9999956195316427,2.7189516407791705e-07,OR
M,M2,1,0.00019405998771736613,0.0001115036247296842,0.9996720532651361,2.238312241696326e-05,OR
M,M2,1,3.6760703719289e-05,0.0037715393658303716,0.9961396985873662,5.200134308411216e-05,OR
M,M2,1,9.649564749073056e-06,1.149450171314543e-06,0.9999831427167457,6.0582683339228715e-06,OR
M,M2,1,5.4410414502399536e-05,0.00045131572163333125,0.9994930152940324,1.2585698316812667e-06,OR
M,M2,1,0.012164564561588235,3.6352915121790175e-05,0.9877967765546439,2.305968645910534e-06,OR
M,M2,1,0.00035938981392497635,0.0005728850962490149,0.9990600836327121,7.64145711365353e-06,OR
M,M2,1,0.009080643240951517,0.0001392486505994485,0.99068364639567,9.646171277906443e-05,OR
M,M2,1,0.00060360009500335,1.1411393475527659e-05,0.9993202740710023,6.471444051888377e-05,OR
M,M2,1,6.532790338028291e-08,4.5114925125558536e-07,0.9999994719391905,1.1583655039946582e-08,OR
M,M2,1,7.757579307670161e-08,6.552845993498312e-06,0.9999933402514936,2.9326719909777397e-08,OR
M,M2,1,1.8098187450407428e-08,6.393843627031403e-09,0.9999999719956475,3.5123213902706195e-09,OR
M,M2,1,0.00018516993281085322,1.8045639206848518e-06,0.999808372056301,4.653446967298791e-06,OR
M,M2,1,5.057808320079728e-05,2.4031234918043376e-05,0.9999251636353439,2.270465374354506e-07,OR
N,M2,1,0.0011379014066149275,0.030827482156288392,0.9644232884331055,0.003611328003991063,OR
N,M2,1,0.999647405286687,2.8925528193199217e-07,1.0017581605779655e-06,0.00035130369987049594,B
N,M2,1,0.9763908773706901,1.1088242672541173e-05,0.02359757853651086,4.5585012646091497e-07,B
N,M2,1,0.9871681986926024,0.0009953372470254771,0.011832662225118385,3.801835253842755e-06,B
N,M2,1,0.9165638410541526,0.00021630682184350486,0.08304324962886506,0.00017660249513886867,B
N,M2,1,0.9999905668060513,4.54797733194841e-08,8.993693982998423e-06,3.9402019255778833e-07,B
N,M2,1,0.9986655359182498,3.9302140555936624e-06,0.0013303961858131509,1.3768188145218962e-07,B
N,M2,1,0.9554186290822138,3.885806854095271e-06,0.04457741766573367,6.744519853549026e-08,B
N,M2,1,0.9896553659109275,7.376693211736745e-06,0.010337058591471238,1.9880438942109313e-07,B
N,M2,1,0.6935233296370218,0.0011449881315799507,0.3043600271685786,0.0009716550628195721,B
N,M2,1,0.7931576999983833,6.16127537613465e-05,0.2067789921202821,1.6951275733088725e-06,B
N,M2,1,0.8403985469644903,0.00010310024595924335,0.15949738269256428,9.70096986012375e-07,B
N,M2,1,0.9943449029781777,7.4608512548479e-05,0.005527938073255364,5.255043601850149e-05,B
N,M2,1,0.9872439124147095,0.00041041522402776646,0.012341292425158652,4.379936103892493e-06,B
N,M2,1,0.07945690975114286,0.0001560006050028789,0.9203852923552377,1.797288616394455e-06,OR
N,M2,1,0.9999985194792419,4.898158572782498e-07,9.870532965407207e-07,3.6516042896984583e-09,B
N,M2,1,0.046346242275352584,0.0005650047097101078,0.9530755755754741,1.3177439463309558e-05,OR
N,M2,1,0.04451588274173466,0.00034514674042107634,0.9551135112528537,2.5459264990522097e-05,OR
N,M2,1,0.9984790091677941,3.776843116332868e-05,0.0014823456426644576,8.767583780988046e-07,B
N,M2,1,0.0375219701839269,0.01634211880843244,0.9430938658144609,0.003042045193179911,OR
N,M2,1,0.9995642157139535,1.2606709482191953e-06,0.0004345175492112507,6.0658868950315825e-09,B
N,M2,1,0.9971668903744418,0.0006967369166309198,0.0021361526778816186,2.2003104552999415e-07,B
N,M2,1,0.9985219864419221,5.3754527127967314e-05,0.0014134822264124216,1.0776804537694615e-05,B
N,M2,1,0.9999808533582534,7.149773884916266e-08,1.9040539576806278e-05,3.4604430851633926e-08,B
N,M2,1,0.9782483057549367,0.0008379456894720312,0.019207335403636068,0.0017064131519551422,B
N,M2,1,0.9969807555867382,0.0003983849951007749,0.00017671187621503165,0.0024441475419459346,B
N,M2,1,0.33155656850888027,0.00044480458454476663,0.6679917087233711,6.918183203954613e-06,OR
N,M2,1,0.07676609806787292,0.07976773643240495,0.8434358296307436,3.0335868978406746e-05,OR
N,M2,1,0.07249123957735051,0.0019789990872871198,0.9142739526016016,0.011255808733760841,OR
N,M2,1,0.6704865152001822,0.0016151897718207097,0.32768098363225756,0.00021731139573954997,B
N,M2,1,0.9998427760669087,2.253916400970465e-07,0.00015698681543980755,1.17260113582718e-08,B
O,M2,1,0.9993508553596046,0.00013943412069678592,0.000509629752912855,8.076678583257825e-08,B
O,M2,1,0.9928211910756025,0.004364471387568059,0.002813383518771602,9.540180578098298e-07,B
O,M2,1,0.749136467898401,0.08045034764262056,0.1703525104038085,6.0674055169869394e-05,B
O,M2,1,0.946662212413929,2.501750155926708e-06,0.05332710151489419,8.184321021061538e-06,B
O,M2,1,0.18278164443271513,1.959116139068535e-05,0.8171235621052997,7.520230059456629e-05,OR
O,M2,1,0.022945453250635423,0.9431636536269636,0.03388459616769169,6.296954709210421e-06,IR
O,M2,1,0.18674239020443084,0.14919376146202876,0.6639813070942542,8.254123928627524e-05,OR
O,M2,1,0.10897210255210109,7.297427974450004e-05,0.8909546360788179,2.870893366447113e-07,OR
O,M2,1,0.06608014125283272,0.0008380089528303026,0.9330690641805935,1.2785613743241769e-05,OR
O,M2,1,0.5052706517713971,0.19011087977475555,0.30456554566488614,5.2922788961252983e-05,B
O,M2,1,0.979099742733643,0.003016914414597018,0.017880891161752704,2.4516900073879174e-06,B
O,M2,1,1.5148281801597116e-07,2.5520519109215786e-09,0.999999845394889,5.70241154960143e-10,OR
O,M2,1,0.9872271577503291,0.003031344276229872,0.009623020206693566,0.00011847776674747989,B
O,M2,1,0.000520180752851041,0.00014035129330093558,0.9993389059644229,5.61989425050611e-07,OR
O,M2,1,0.9920274403901749,0.004740397353597841,0.0032282028756372965,3.959380590087507e-06,B
O,M2,1,0.2525951733306921,0.07671528711911434,0.6701066899757706,0.000582849574423038,OR
O,M2,1,0.21621073620349873,8.982359292219909e-06,0.7837800360115557,2.4542565350694885e-07,OR
O,M2,1,0.20703204917504361,0.0056937616505224236,0.7872639588413058,1.0230333128240049e-05,OR
O,M2,1,0.00013364602434207584,0.9337726851716642,0.06609319331237308,4.754916207483577e-07,IR
O,M2,1,0.16937352435371647,0.7023628094494074,0.12825125396019482,1.2412236681306717e-05,IR
O,M2,1,0.9986437007771197,0.00040237868226608304,0.0009537524207043326,1.6811990971768338e-07,B
O,M2,1,0.740540182361062,0.06864828179484539,0.1908065584980111,4.977346081420411e-06,B
O,M2,1,0.0033710534461952346,0.026505320090900942,0.9701192519705428,4.374492361082988e-06,OR
O,M2,1,0.0014798172446723339,0.002915164395130704,0.9955976718234587,7.3465367382952324e-06,OR
O,M2,1,0.00014917344236340424,0.052652461844914906,0.9471328245214701,6.55401912516732e-05,OR
O,M2,1,0.995586971102388,7.126894391266263e-05,0.004340788376900241,9.715767990853199e-07,B
O,M2,1,0.04527239426583757,0.8667131083962039,0.08800735473907313,7.1425988854896995e-06,IR
O,M2,1,0.0009438845839792696,0.04313600392097909,0.955918978392783,1.1331022587431257e-06,OR
O,M2,1,0.2859284460780632,0.6764892719159671,0.03713896991334688,0.0004433120926228538,IR
O,M2,1,0.03228657264635712,0.46859466209914435,0.4990861959497266,3.2569304771895607e-05,OR
O,M2,1,0.002291759004028045,0.9957307225109459,0.00197689797476426,6.205102616482434e-07,IR
P,M2,1,1.0454117548608442e-07,4.237117838203633e-09,0.9999998911057685,1.1593808824660677e-10,OR
P,M2,1,0.00018433650214178391,0.00011753013901834978,0.9996980474447101,8.591412973196935e-08,OR
P,M2,1,0.01564448112857786,0.08150138569433578,0.9028505787825521,3.554394534098624e-06,OR
P,M2,1,1.174455940715185e-07,0.041335100312777,0.958664021584805,7.606568240419299e-07,OR
P,M2,1,0.00685496310045504,0.017447460744966618,0.975696728084822,8.480697562627891e-07,OR
P,M2,1,0.012028665572362452,3.609456486445255e-06,0.987965713271987,2.011699164115761e-06,OR
P,M2,1,0.19904061603278267,0.0010047911520456743,0.7999422963304835,1.229648468823315e-05,OR
P,M2,1,0.00020736544486950453,8.258182478702995e-06,0.9997840555707771,3.2080187466901884e-07,OR
P,M2,1,0.0005623206181260399,0.003940207108385921,0.9954966812964049,7.909770831336916e-07,OR
P,M2,1,0.1317768427375542,0.0005610504998898397,0.8676338147766208,2.8291985935053167e-05,OR
P,M2,1,4.1961576075315773e-05,2.7592402461616747e-06,0.9999551306726371,1.48511041255962e-07,OR
P,M2,1,1.2798723420948723e-05,1.632878163871434e-08,0.9999871777579799,7.1898175069641675e-09,OR
P,M2,1,0.05672115833167113,0.01649525617449146,0.9267777610252054,5.824468631818677e-06,OR
P,M2,1,0.00616600125060508,2.2231228097238612e-07,0.9938330427291174,7.337079964465822e-07,OR
P,M2,1,0.004116618365106998,0.9459844983584438,0.04989861961326146,2.636631876644672e-07,IR
P,M2,1,0.0010882564435151804,0.0027319320538635897,0.9961722457683391,7.565734282095932e-06,OR
P,M2,1,0.003711191220256023,7.15162398670683e-05,0.9962172479032884,4.4636588527515204e-08,OR
P,M2,1,0.021666875723572277,1.0131284856345675e-05,0.9783224450577909,5.479337804660761e-07,OR
P,M2,1,0.124966461858187,5.394803221280075e-06,0.8749846673821727,4.347595641902444e-05,OR
P,M2,1,0.00782225673860338,0.030824176741423154,0.9613421352699768,1.1431249996726043e-05,OR
P,M2,1,1.1185507796896424e-05,2.4315893197209924e-05,0.9999643173199316,1.8127907426909453e-07,OR
P,M2,1,0.12286431935046938,0.731386031394443,0.14574901407708854,6.351779990820544e-07,IR
P,M2,1,0.00672316313750382,1.1657225394734676e-05,0.9932650055259721,1.7411112928820188e-07,OR
P,M2,1,0.02533583044116253,0.011228058695162545,0.9634318023711615,4.308492513307474e-06,OR
P,M2,1,5.714342425236654e-08,5.508055135270273e-06,0.999994433464913,1.3365274889839727e-09,OR
P,M2,1,8.984728038389153e-05,1.0562873183332146e-06,0.9999065922265216,2.504205776159866e-06,OR
P,M2,1,0.9302415833064515,5.046447571874351e-07,0.06975011522243338,7.796826358017085e-06,B
P,M2,1,0.9351094044519916,0.0017387349976778256,0.06314929833656208,2.5622137684042005e-06,B
P,M2,1,0.9398094212818533,0.014840900388606745,0.04534882208719335,8.562423466731311e-07,B
P,M2,1,0.8806097491294619,1.4123910832877042e-07,0.1193898640910107,2.455404190454356e-07,B
P,M2,1,0.3361172417215165,2.737318796303254e-06,0.6638433894157185,3.663154396852742e-05,OR
A,M2,2,1.0491913822948195e-05,0.00013763500561281403,0.9998518261480952,4.693246896156338e-08,OR
A,M2,2,3.268012064323774e-06,2.370099379157363e-05,0.9999730261861176,4.808026583572854e-09,OR
A,M2,2,0.016419980811012643,0.0006389691152659862,0.9829389381894094,2.1118843120045586e-06,OR
A,M2,2,0.00044811045818820276,0.0006809346393423953,0.9988687747442109,2.180158258552824e-06,OR
A,M2,2,3.0737390010391675e-06,4.974549563322447e-05,0.9999470930567702,8.770859566756056e-08,OR
A,M2,2,0.0019047987053075334,5.782224151648246e-06,0.9980893729599506,4.611059019830783e-08,OR
A,M2,2,0.00042950045663380795,2.9094139460137122e-06,0.999567485729382,1.0440003790195373e-07,OR
A,M2,2,0.6233780920642444,0.04190507175312573,0.33446876669638576,0.0002480694862439975,B
A,M2,2,0.007122809885712128,3.6947633753240076e-05,0.9928400995653713,1.429151633071906e-07,OR
A,M2,2,1.3281453602199e-05,0.08526382704820533,0.9147203591863785,2.532311814113977e-06,OR
A,M2,2,0.10946206060561656,7.494799902459778e-07,0.8905371734525422,1.6461851014333896e-08,OR
A,M2,2,0.9999915960887317,1.0994928301160503e-07,8.28902541777548e-06,4.936567700005101e-09,B
A,M2,2,0.9992529150978836,1.3495584832244665e-05,0.000730834835663265,2.754481620804202e-06,B
A,M2,2,0.32126821843198133,0.0001418696807897256,0.678489356787015,0.00010055510021386078,OR
A,M2,2,0.9965497449250998,1.7524574316928963e-06,0.0034481229284133207,3.796890551871857e-07,B
A,M2,2,0.11171500325497741,2.2773223035073087e-06,0.8882806016772222,2.1177454966908764e-06,OR
A,M2,2,0.0001843394369250015,0.014082629674891779,0.985686097024487,4.693386369619521e-05,OR
A,M2,2,5.104125960544324e-05,4.4458293490648416e-07,0.9999452382268884,3.2759305711867097e-06,OR
A,M2,2,0.0006273279752025246,4.379098263798073e-07,0.9993720912855292,1.4282944204608992e-07,OR
A,M2,2,6.654431222173647e-06,7.204198231457621e-05,0.9999212459984721,5.758799117649362e-08,OR
A,M2,2,3.0100485477176983e-05,2.4186351716995766e-07,0.9999696336280568,2.402294885885386e-08,OR
A,M2,2,0.9488539992381038,4.1870479329008455e-05,0.051103487119798056,6.431627691010552e-07,B
A,M2,2,0.0013958919816220365,1.3479585406640073e-06,0.9985761703811314,2.6589678705948382e-05,OR
A,M2,2,1.016971469404568e-05,5.968291319295791e-05,0.9999297994115414,3.4796057154811423e-07,OR
A,M2,2,0.00041433070064556937,3.064990867750098e-06,0.9995822651541745,3.391543122510808e-07,OR
A,M2,2,0.006007202044447755,0.0007608386027627421,0.9931658835115786,6.607584121090717e-05,OR
A,M2,2,1.997483975708755e-08,4.1899931776207724e-08,0.99999992586347,1.2261758393008352e-08,OR
A,M2,2,3.8324010102898696e-05,0.008909203428605352,0.9910518889447574,5.83616534532413e-07,OR
A,M2,2,6.158141612508336e-06,0.03477297857487776,0.9652202129378166,6.503456931526525e-07,OR
A,M2,2,5.563318849584278e-06,1.0597713067520321e-08,0.9999944235208269,2.562610399522013e-09,OR
A,M2,2,0.4039788487891219,0.0006918651893447294,0.5952903525597575,3.893346177598193e-05,OR
B,M2,2,0.9430009670613859,4.207719513542804e-05,0.05694853021900381,8.425524474705812e-06,B
B,M2,2,0.8521223219533524,0.09869767525950415,0.04917613638763503,3.86639950842932e-06,B
B,M2,2,0.9979960820497475,0.0005823675494835557,0.0014211102870564977,4.401137126237453e-07,B
B,M2,2,0.08532562141612325,0.12082557409109117,0.7938369699190873,1.1834573698122632e-05,OR
B,M2,2,0.9942131845447479,0.00038441403005045797,0.005401170579421353,1.2308457804103688e-06,B
B,M2,2,0.03080173824691805,0.9675717441883118,0.0016239019539855905,2.6156107845537035e-06,IR
B,M2,2,0.00446667009625313,0.003990091710875523,0.9915424411220787,7.970707926159684e-07,OR
B,M2,2,0.20228072889977108,7.497401506502768e-05,0.7976383607542944,5.936330869506066e-06,OR
B,M2,2,0.01604946655606802,0.9839462691518475,3.0780168970090317e-06,1.1862751875930273e-06,IR
B,M2,2,0.9704023317884816,0.0216463391092674,0.007877147433873747,7.418166837731214e-05,B
B,M2,2,0.0020444675173343584,0.00016359632683714354,0.9977915065671719,4.295886566368046e-07,OR
B,M2,2,0.0057225436494872444,0.8982987152122581,0.09597269048951039,6.050648744332897e-06,IR
B,M2,2,0.9976693374281159,5.42337416368332e-06,0.0023240382524351622,1.2009452850508646e-06,B
B,M2,2,0.5821168846281475,3.6067339522765317e-06,0.4178791691139571,3.3952394320687135e-07,B
B,M2,2,0.9993753568917818,3.8474971054602584e-05,0.0005720705053666585,1.4097631796812987e-05,B
B,M2,2,0.8092858992956267,0.005131568631463939,0.1855806267810017,1.9052919077714295e-06,B
B,M2,2,0.798816207562789,0.058365540648133284,0.1427591652652402,5.9086523837560605e-05,B
B,M2,2,0.9969365428091793,0.0030140584241166763,3.640508342504765e-05,1.2993683279008281e-05,B
B,M2,2,0.9708954765552065,3.847772960004326e-05,0.02906528366815258,7.620470411051724e-07,B
B,M2,2,0.030396015188126974,0.0007437923099149424,0.9685940003286243,0.000266192173333935,OR
B,M2,2,0.21572011425637652,0.06066774884079497,0.7235929308254938,1.9206077334707677e-05,OR
B,M2,2,0.9858290390692314,1.978267636180489e-06,0.014168119335061433,8.633280708851484e-07,B
B,M2,2,0.9999996875152308,1.0742290385914233e-10,3.1217103544421146e-07,2.063108224930126e-10,B
B,M2,2,0.003184117751244376,9.986500809059621e-07,0.9968147881046067,9.549406809817049e-08,OR
B,M2,2,0.934536646453157,9.770468360737418e-05,0.06536562035860193,2.8504633592142464e-08,B
B,M2,2,4.9986814284154435e-06,0.06319844611320914,0.9367964543379768,1.008673856214892e-07,OR
B,M2,2,0.26723651094309553,0.7280723410907558,0.004689949263587657,1.1987025610736403e-06,IR
B,M2,2,0.82698251527794,0.17295929736083124,2.0214982766746133e-05,3.797237846193327e-05,B
B,M2,2,0.9869712688152867,9.28955067598415e-08,0.013028511660555226,1.2662865122326605e-07,B
B,M2,2,0.9997837163006889,0.00020202397066752104,1.4244192567952643e-05,1.553607568168708e-08,B
B,M2,2,5.233485001192696e-05,0.03734919283991638,0.9625982174705436,2.548395280364182e-07,OR
C,M2,2,1.2866546526102935e-08,0.001035508493529676,0.9989644380904993,4.054942452949593e-08,OR
C,M2,2,2.1464079737061566e-08,0.020047978983969938,0.979951984860592,1.4691358141241735e-08,OR
C,M2,2,3.4158106313460276e-07,0.01899436443658957,0.9810052734004537,2.0581893684068693e-08,OR
C,M2,2,1.8642071483259034e-07,0.000304933692012585,0.9996948700216612,9.865611339078637e-09,OR
C,M2,2,7.125142564042057e-05,0.00013190492382480435,0.999796833778563,9.871971705428669e-09,OR
C,M2,2,2.6411260259230676e-07,1.50389657874829e-05,0.9999846145140892,8.240752068128207e-08,OR
C,M2,2,4.687536895742294e-06,0.04508564550874628,0.954909524948137,1.4200622088537192e-07,OR
C,M2,2,2.9444381366596245e-07,7.163228288852809e-07,0.9999989811237073,8.109649994856016e-09,OR
C,M2,2,1.0723863600805313e-07,0.05173198699820834,0.9482678431762732,6.258688246818383e-08,OR
C,M2,2,1.294286045560055e-06,0.0014602259889000776,0.998538414444503,6.528055151627548e-08,OR
C,M2,2,3.4396274349634273e-09,0.0009597748010158526,0.9990402109892718,1.0770084985827705e-08,OR
C,M2,2,3.722034750988635e-08,0.00993815000379887,0.990061757396578,5.537927559614385e-08,OR
C,M2,2,3.3429012504220463e-09,0.0004212720037884712,0.9995787026958896,2.195742065441785e-08,OR
C,M2,2,3.874919176082754e-05,0.000348189876520734,0.9996130531468307,7.784887772913295e-09,OR
C,M2,2,2.6358893770406804e-06,0.0025958949724697424,0.9974014543659937,1.4772159527155886e-08,OR
C,M2,2,2.2733615380430482e-08,7.962807793815709e-05,0.9999203307040155,1.8484430891836252e-08,OR
C,M2,2,1.3858689985983672e-08,0.0002164412721505832,0.9997835095255637,3.534359577252978e-08,OR
C,M2,2,1.1316618673645896e-09,2.7185683182361407e-06,0.9999972750749705,5.225049393141808e-09,OR
C,M2,2,9.767295861257336e-05,0.0003269840058775286,0.9995752963708721,4.66646378262475e-08,OR
C,M2,2,9.971799867816683e-08,5.53891697416928e-06,0.9999943466834669,1.4681560132258706e-08,OR
C,M2,2,4.896377970738909e-08,0.09804028433004859,0.9019595443401566,1.223660151446256e-07,OR
C,M2,2,4.240036875396798e-08,2.122780106935368e-06,0.9999978052736469,2.954587729412869e-08,OR
C,M2,2,2.436288960299962e-06,6.29417779020571e-05,0.9999346055696712,1.636346636289234e-08,OR
C,M2,2,3.091725691800875e-06,0.0023847249318588856,0.9976121164338699,6.69085792689e-08,OR
C,M2,2,1.6967949702928685e-08,2.284374007850865e-06,0.9999976808928072,1.7765235070195876e-08,OR
C,M2,2,5.034851780828744e-08,2.923234514554161e-06,0.9999969991465126,2.7270454942487017e-08,OR
C,M2,2,1.0972432965516036e-09,0.00012002281091216283,0.9998799712453725,4.846472012127857e-09,OR
C,M2,2,1.749148053879991e-08,0.06055560636827752,0.9394443150375268,6.110271503510795e-08,OR
C,M2,2,1.3228606902040216e-06,2.6199673221178695e-05,0.9999724482006762,2.9265412486190337e-08,OR
C,M2,2,2.790436656087579e-07,3.404052987787532e-05,0.999965564750722,1.1567573454261758e-07,OR
C,M2,2,0.021240086099969455,0.7752779451751655,0.20348016508457095,1.803640294060806e-06,IR
D,M2,2,7.318671012889177e-08,3.568881265486786e-05,0.9999642271963208,1.080431407135161e-08,OR
D,M2,2,0.9866940783668772,6.52359748293187e-06,0.013296763318973854,2.6347166659441374e-06,B
D,M2,2,7.441754102054601e-06,1.745768496273155e-09,0.9999924088802538,1.4761987569447754e-07,OR
D,M2,2,0.002892159843923908,4.734335959390558e-06,0.9971027635258736,3.422942430295188e-07,OR
D,M2,2,0.00047960722059523544,1.0625616676034002e-06,0.9995192193329343,1.108848028570823e-07,OR
D,M2,2,0.02268625410657838,2.6018693651547306e-06,0.9772832075338095,2.7936490247035657e-05,OR
D,M2,2,0.0036603201884028,6.954092454957335e-05,0.9962657361843841,4.402702663422423e-06,OR
D,M2,2,0.9192776647722809,3.239136020617894e-06,0.08071712746945392,1.9686222444940255e-06,B
D,M2,2,0.13027729227430895,1.1190481615011301e-07,0.8697224281944905,1.6762638439554444e-07,OR
D,M2,2,0.0005398851084080352,0.0002392259976201729,0.9992205213317962,3.675621755195344e-07,OR
D,M2,2,0.012086182224249578,7.229214471185523e-06,0.9879023167397193,4.271821560025997e-06,OR
D,M2,2,0.026484189397170513,2.9365960941321907e-05,0.973485108511882,1.3361300061863415e-06,OR
D,M2,2,0.868482087008862,0.0001632138209961174,0.1313522371872593,2.4619828826946236e-06,B
D,M2,2,3.2714027702052185e-06,0.00022487516628854847,0.9997718405388205,1.289212075320679e-08,OR
D,M2,2,0.9126191698020959,0.011586514444659954,0.0757459948392345,4.832091400972187e-05,B
D,M2,2,6.690749378097204e-05,2.2075737916938492e-05,0.9999109855213926,3.124690962695556e-08,OR
D,M2,2,0.432187472769202,2.6524210695267587e-06,0.5678084700292589,1.4047804695184132e-06,OR
D,M2,2,0.002041321000683238,1.1908953761277243e-05,0.9979441022625577,2.6677829976997565e-06,OR
D,M2,2,0.08782249365870762,2.839693781671456e-06,0.9121704721492678,4.194498242866244e-06,OR
D,M2,2,0.9040524381434583,0.0020510464160424283,0.09162308611928874,0.002273429321210544,B
D,M2,2,0.010805590013176037,3.0302932341043443e-07,0.9891937561255094,3.5083199115812723e-07,OR
D,M2,2,0.005952562429648826,0.00010506361650340614,0.993939765817777,2.60813607067957e-06,OR
D,M2,2,1.958757489566273e-06,0.001108871096693361,0.9988885957712995,5.743745175869237e-07,OR
D,M2,2,0.8624824227014778,1.3039084380864348e-05,0.1374967497507083,7.788463433086288e-06,B
D,M2,2,8.064623526953969e-05,7.226257159107742e-07,0.9999170644591292,1.5666798855443226e-06,OR
D,M2,2,6.20591250732301e-05,4.574561482069857e-08,0.9999375627377811,3.323915307940796e-07,OR
D,M2,2,0.03387011159205985,1.4298849180069342e-06,0.9661280393531609,4.1916986129641255e-07,OR
D,M2,2,0.00022173061181874484,2.432804915464425e-06,0.9997622583720024,1.3578211263435083e-05,OR
D,M2,2,4.1709468994425215e-05,3.267116286806257e-05,0.999924990230108,6.291380296544132e-07,OR
D,M2,2,3.24407796124858e-06,0.00019870901225495916,0.9997979774281195,6.948166433664997e-08,OR
D,M2,2,6.256439793969483e-06,1.0381145330757817e-06,0.9999926719777742,3.346789871302689e-08,OR
E,M2,2,1.7202056522023708e-08,3.1793890267176836e-06,0.999996800645638,2.763278744192566e-09,OR
E,M2,2,1.6969641095422641e-09,2.42775699166326e-07,0.9999997541449714,1.3823651523753748e-09,OR
E,M2,2,1.029909722633143e-09,9.643961488774118e-07,0.9999990327364173,1.8375241021760894e-09,OR
E,M2,2,1.1349128149477909e-10,4.155305261855906e-06,0.9999958427254317,1.8558151029319497e-09,OR
E,M2,2,2.425921724837222e-09,3.148462973182901e-07,0.9999996340899677,4.863781336703905e-08,OR
E,M2,2,4.3537643735849067e-07,2.346602775456163e-07,0.9999993099112104,2.00520745326015e-08,OR
E,M2,2,5.5733523388887684e-11,4.048895534017951e-06,0.999995947795453,3.2532794911130006e-09,OR
E,M2,2,3.9560110423954166e-10,4.74622989009204e-08,0.9999999449039202,7.238179632982818e-09,OR
E,M2,2,3.139820119212038e-08,4.371022373717222e-07,0.9999995307547417,7.448197219001413e-10,OR
E,M2,2,3.0587246570184793e-06,3.8793847979966465e-07,0.9999965519114351,1.4254281656744726e-09,OR
E,M2,2,1.2070799422793294e-05,1.7497789009754733e-05,0.9999703791347798,5.227678746680027e-08,OR
E,M2,2,4.766092926991798e-10,1.627564219200429e-06,0.9999983579495393,1.4009632121592817e-08,OR
E,M2,2,1.3592936407819182e-08,7.001916606659592e-08,0.9999999152143598,1.1735378552132938e-09,OR
E,M2,2,6.631009208383922e-08,6.046620794784355e-07,0.9999993278299373,1.1978912740670034e-09,OR
E,M2,2,2.3852291438779475e-06,4.017646361045785e-06,0.9999935914536583,5.670836709106631e-09,OR
E,M2,2,6.6432909612303025e-06,8.960373214784465e-05,0.999903735836959,1.7139931854646947e-08,OR
E,M2,2,1.9436731490701957e-07,4.743697828057535e-09,0.9999997999087479,9.802394663241932e-10,OR
E,M2,2,5.104648355827082e-09,1.051097643549469e-09,0.9999999911733396,2.670914360728562e-09,OR
E,M2,2,2.5558084524001623e-08,2.7950580520481735e-07,0.9999996644211322,3.051497811656525e-08,OR
E,M2,2,5.69068505356951e-10,3.6576076478116416e-06,0.9999963104915267,3.1331757103794747e-08,OR
E,M2,2,2.888177603709651e-05,1.9667865100434055e-05,0.9999514314171725,1.8941690178435665e-08,OR
E,M2,2,4.436833121674963e-09,8.643073060432562e-08,0.9999999037820774,5.350358857821837e-09,OR
E,M2,2,9.303849365192223e-09,0.00010411023499793225,0.9998958691461824,1.1314970256918976e-08,OR
E,M2,2,9.991973771665313e-09,2.325110744303241e-07,0.9999997247714636,3.2725488184581575e-08,OR
E,M2,2,1.4525435178817718e-09,3.788652283756387e-08,0.9999999552017715,5.459162036536732e-09,OR
E,M2,2,1.8986402040660535e-09,1.7947737370324647e-05,0.9999820447165789,5.647410584544395e-09,OR
E,M2,2,5.915825309234514e-07,7.409155814134455e-07,0.9999986625903218,4.9115659846120776e-09,OR
E,M2,2,1.2166247084662657e-09,5.983067243564096e-07,0.9999993979322136,2.5444374544600106e-09,OR
E,M2,2,6.596318970699389e-07,4.3941992312229084e-08,0.9999992912016845,5.224426125411029e-09,OR
E,M2,2,0.0001781675407157892,1.9581447721702182e-05,0.999802031010258,2.200013044818204e-07,OR
E,M2,2,3.248535789760491e-06,2.915395155517355e-06,0.9999938305514323,5.51762246899396e-09,OR
F,M2,2,3.9115047269362206e-05,5.2032247374301794e-05,0.9999087719751558,8.073020052452176e-08,OR
F,M2,2,0.45201649756429674,1.3583632972042898e-05,0.5476281722580839,0.0003417465446473784,OR
F,M2,2,1.5825309312879348e-05,1.1640192248903653e-05,0.9999725213978202,1.3100618163394672e-08,OR
F,M2,2,0.8059317245673862,0.00028868462615368363,0.19377897580461778,6.150018424253077e-07,B
F,M2,2,0.9923262299115524,3.340808162022733e-06,0.00766985734619328,5.719340922743772e-07,B
F,M2,2,0.6341502431612827,0.0005027801505315592,0.3641346161953792,0.0012123604928066124,B
F,M2,2,0.00300154561153623,0.0036788064823634723,0.9933176264023412,2.021503758912963e-06,OR
F,M2,2,0.0023806871918761606,0.02226750064096998,0.9753463673840354,5.444783118289004e-06,OR
F,M2,2,0.6411060478246327,0.00021058451459852814,0.35867837284969006,4.994811078767943e-06,B
F,M2,2,0.9627939651563002,0.00012686057018756423,0.0370780683322208,1.1059412912892036e-06,B
F,M2,2,7.428974107644181e-05,3.702108198866813e-05,0.9998885853663637,1.0381057117157075e-07,OR
F,M2,2,5.935624281206174e-06,1.7664067468897796e-06,0.9999921806336541,1.1733531770889594e-07,OR
F,M2,2,2.067894528876042e-05,2.0844641016790135e-07,0.9999790904882347,2.212006616883816e-08,OR
F,M2,2,0.5277879890664691,7.673716398299318e-05,0.47212881657616823,6.457193379543435e-06,B
F,M2,2,0.8730117342698617,7.694885389434027e-06,0.12697584443388008,4.726410868858156e-06,B
F,M2,2,0.9469321011931289,4.943142894138644e-06,0.053059979003515514,2.976660461585656e-06,B
F,M2,2,0.0025485754348900116,1.382155685075089e-07,0.9974495849499692,1.7013995722344166e-06,OR
F,M2,2,0.18954212746004917,3.465338315888592e-06,0.8104490471101017,5.360091533349019e-06,OR
F,M2,2,0.019471603202827675,0.0020370361155521758,0.9784761390383274,1.5221643292759441e-05,OR
F,M2,2,0.001887997322802869,1.1251558284517123e-05,0.998100703666122,4.745279058015752e-08,OR
F,M2,2,3.592270067983383e-05,1.2637037035594129e-08,0.9999640466509214,1.8011361543979393e-08,OR
F,M2,2,1.2076704220784411e-05,3.707445981074169e-08,0.9999876099586764,2.7626264293516436e-07,OR
F,M2,2,0.0169840043462254,9.491398406382354e-05,0.9829009680842377,2.011358547305329e-05,OR
F,M2,2,0.0004707241842944212,0.35432164379144054,0.6452073065060852,3.255181799358965e-07,OR
F,M2,2,0.9969761861241222,5.775258859915959e-06,0.0030162367019963684,1.8019150215211648e-06,B
F,M2,2,3.568364330844968e-05,1.308142166044134e-06,0.9999628933154691,1.1489905643646253e-07,OR
F,M2,2,0.02170493212878226,0.01090925425290831,0.9673852178112252,5.958070841620406e-07,OR
F,M2,2,9.309156117672959e-05,3.8127380702558444e-06,0.9999030273061056,6.839464745654161e-08,OR
F,M2,2,0.0013336418185197485,3.609999026094442e-06,0.9986608912378845,1.856944569564235e-06,OR
F,M2,2,0.0020057582743997077,0.07770605099486655,0.9202823405503348,5.850180398979241e-06,OR
F,M2,2,0.00021575099736528364,0.002359626378909186,0.9974201573723656,4.465251359916777e-06,OR
G,M2,2,5.565476904611653e-06,1.6640069870339108e-09,0.9999944036616415,2.9197446829821066e-08,OR
G,M2,2,0.8963092138436121,0.03562984885708609,0.0680424954274681,1.8441871833760833e-05,B
G,M2,2,0.6208746353016864,2.6101855129423367e-05,0.3788842571866131,0.00021500565657102202,B
G,M2,2,0.0012838131258801236,0.0005811925851208282,0.9981349492903531,4.499864587222466e-08,OR
G,M2,2,0.00014668457133750214,0.00027601331021486023,0.9995759113797577,1.3907386898959262e-06,OR
G,M2,2,0.7525884631509987,0.10217782191444204,0.14520969283234322,2.4022102216054185e-05,B
G,M2,2,0.9823152120397775,0.0007326230430656873,0.016946706316004825,5.4586011520431085e-06,B
G,M2,2,0.01665656919392899,9.483609374979761e-06,0.9833336262215633,3.2097513275254645e-07,OR
G,M2,2,0.9981896593994799,1.1216832785304676e-06,0.0018088845380497703,3.3437919188324597e-07,B
G,M2,2,0.02057190552774537,0.5848833411340121,0.3945442585437631,4.947944795248066e-07,IR
G,M2,2,0.9741406561951395,1.2893646312557694e-08,0.025859300358108513,3.055310557266338e-08,B
G,M2,2,0.0035665610918844152,2.2468477156688394e-07,0.9964331290604795,8.51628644858703e-08,OR
G,M2,2,0.9999772216442103,8.60908728984272e-09,2.2739152846764234e-05,3.0593855867858946e-08,B
G,M2,2,0.9420719202340405,3.91360292954791e-05,0.05788827154867768,6.721879862243024e-07,B
G,M2,2,1.1470741578556014e-09,2.140502939059408e-09,0.9999999966089754,1.0344753886499744e-10,OR
G,M2,2,6.460044671372715e-05,0.00016256691197588403,0.9997057399162721,6.7092725038091e-05,OR
G,M2,2,0.00605286360708045,2.79812120371147e-05,0.9939165611187718,2.594062110698016e-06,OR
G,M2,2,0.9957513210871881,1.276441317703611e-07,0.004248506673957936,4.45947222093175e-08,B
G,M2,2,0.9228942705585746,4.173171428914414e-05,0.07697543491500715,8.856281212911672e-05,B
G,M2,2,0.8123815097577187,5.2408976160977473e-05,0.18756599072781566,9.053830470235084e-08,B
G,M2,2,0.9125708707741211,5.664219225884653e-05,0.08736489549904426,7.5915345758834645e-06,B
G,M2,2,0.32771563063546083,4.522130959093747e-06,0.6722797441569794,1.03076600582918e-07,OR
G,M2,2,1.5955653143645704e-06,2.1071182032701777e-05,0.9999773287544658,4.498187250252925e-09,OR
G,M2,2,0.029349372556815096,0.0015040809012203567,0.969055554349997,9.099219196746574e-05,OR
G,M2,2,0.9703570745263946,0.017258175011892078,0.012376232361585074,8.518100128257475e-06,B
G,M2,2,0.5937651823259606,0.3285734813474962,0.0775859600100671,7.537631647609249e-05,B
G,M2,2,0.9898575863644343,0.009986984188287546,0.0001550254802310589,4.039670469706472e-07,B
G,M2,2,0.03268974394230436,0.0016000601998159764,0.965708836646315,1.3592115647751928e-06,OR
G,M2,2,2.754355722215168e-06,0.0008506380289302821,0.9991465628142234,4.4801124188535087e-08,OR
G,M2,2,0.9762789532400044,1.5858575938526383e-05,0.023702184265796015,3.003918261354881e-06,B
G,M2,2,0.9997866377931146,1.6629299839299103e-06,0.00021157994888265335,1.1932801875955759e-07,B
H,M2,2,0.061280226428111054,0.00514857108391938,0.8832977601746664,0.05027344231330316,OR
H,M2,2,2.5111451580745506e-07,0.0004960458021672906,0.9991073801013661,0.0003963229819509451,OR
H,M2,2,5.6060643552185163e-05,0.001174608584009329,0.9987545001415049,1.4830630933727983e-05,OR
H,M2,2,6.25161018630884e-07,0.00011527800051423675,0.9998792453329244,4.85150554280177e-06,OR
H,M2,2,8.364243278724401e-07,0.00037201300022396194,0.9992743737352935,0.0003527768401546551,OR
H,M2,2,1.225084503335968e-06,0.0014964033193157584,0.9970103101583049,0.0014920614378760395,OR
H,M2,2,1.2104066989234993e-05,0.0402822191033782,0.959521096463062,0.0001845803665705885,OR
H,M2,2,1.9320718498266523e-05,0.00011436282364805658,0.999787402697668,7.891376018570434e-05,OR
H,M2,2,1.5133094920186353e-06,0.026027842978149286,0.9739589216142309,1.172209812780217e-05,OR
H,M2,2,1.0487647754747484e-05,0.0018390549030355824,0.9981117130735732,3.874437563645327e-05,OR
H,M2,2,4.774529534799055e-06,0.00950334070314683,0.9904754469644764,1.643780284215959e-05,OR
H,M2,2,8.172513691234839e-07,0.0018528901062693744,0.9981449467315564,1.3459108050744538e-06,OR
H,M2,2,5.10122725127928e-06,0.0011505247003772315,0.998827578813653,1.6795258718678298e-05,OR
H,M2,2,2.717648977000724e-06,0.004314278995399611,0.9956502357271687,3.276762845447454e-05,OR
H,M2,2,2.833489178726755e-05,0.002625235781344954,0.9972574516249031,8.89777019647184e-05,OR
H,M2,2,5.651101917037107e-06,0.0004695097225670558,0.9994532511586837,7.158801683208537e-05,OR
H,M2,2,8.657882709754638e-07,0.0008764409413668213,0.9985831975551541,0.0005394957152080102,OR
H,M2,2,2.8070600203252774e-07,0.003228446335291693,0.996381863932572,0.0003894090261341787,OR
H,M2,2,5.336618494199923e-05,0.012899475832345552,0.9867029603791668,0.00034419760354553096,OR
H,M2,2,3.0479384723828704e-07,0.019150812752589404,0.9808389369397221,9.945513841010523e-06,OR
H,M2,2,1.3146560467434613e-06,0.0004443222466279936,0.9995346825500406,1.968054728457202e-05,OR
H,M2,2,2.1642628614936604e-05,0.018534475993394386,0.9809569123951992,0.00048696898279154276,OR
H,M2,2,1.9525277888743882e-06,5.2376169888244465e-05,0.9999429678029276,2.7034993953040214e-06,OR
H,M2,2,5.265648048703241e-05,0.0004312483379850258,0.9995141021061862,1.993075341740794e-06,OR
H,M2,2,1.2521986457458948e-06,0.00020316550559694392,0.9997942765421534,1.3057536040474913e-06,OR
H,M2,2,2.080581575938843e-06,0.014115962122056559,0.9858757309701202,6.226326247481279e-06,OR
H,M2,2,4.419744123982665e-06,0.00026835705512715446,0.9997258353953,1.3878054487891555e-06,OR
H,M2,2,7.339233398627788e-06,0.0003977304950627225,0.9994566784628459,0.0001382518086927926,OR
H,M2,2,3.691544307706067e-08,0.00034274218403091046,0.9996569986337162,2.2226680976308132e-07,OR
H,M2,2,3.6735296727499426e-07,0.0003631174385342205,0.9996293370199208,7.178188577636544e-06,OR
H,M2,2,7.634460233981246e-06,0.00042500402642909165,0.999562888374002,4.473139334813393e-06,OR
I,M2,2,0.00020987016571435646,3.3160508180132314e-05,0.9997554779463212,1.4913797842716405e-06,OR
I,M2,2,0.0018354310379932101,0.0008173560014833541,0.997346201590575,1.0113699483061247e-06,OR
I,M2,2,0.000307711473219303,2.0960959761668332e-06,0.9996901637940361,2.863676830991874e-08,OR
I,M2,2,4.7175451595779165e-05,3.194743936340291e-08,0.9999527848803452,7.720619702664509e-09,OR
I,M2,2,5.481653550674948e-07,1.2599065588254912e-05,0.999986200044473,6.52724583816149e-07,OR
I,M2,2,3.474931791061169e-06,1.3687699405509165e-07,0.9999963529422454,3.524896932513313e-08,OR
I,M2,2,1.0748607040981292e-05,0.002961699373193993,0.9970269954605098,5.565592550426912e-07,OR
I,M2,2,0.9965448841845517,2.528452689611694e-05,0.003429819391580029,1.1896972209293832e-08,B
I,M2,2,0.0020407657830255554,9.314270145334297e-05,0.9978653564362824,7.350792387152105e-07,OR
I,M2,2,5.575526251797634e-05,2.240234083649286e-05,0.9999217992565665,4.314007906615453e-08,OR
I,M2,2,3.5702561892698465e-07,3.957290794637285e-05,0.9999599782222924,9.184414236438759e-08,OR
I,M2,2,1.4827146557135423e-07,0.0004031100950579273,0.9995965852777215,1.5635575492358785e-07,OR
I,M2,2,6.108586701847041e-05,7.151788955150162e-05,0.9998672337530624,1.6249036753988522e-07,OR
I,M2,2,0.000725203055438729,2.8831044490795893e-05,0.9992457811290884,1.8477098222510972e-07,OR
I,M2,2,8.254144509931116e-07,0.536185523210794,0.46381305118737914,6.001873757567123e-07,IR
I,M2,2,7.523530564960836e-07,4.969565819207766e-05,0.9999492029818705,3.490068809135526e-07,OR
I,M2,2,6.261883588911395e-05,2.234901735543682e-06,0.9999351164421703,2.9820205235166754e-08,OR
I,M2,2,3.033672092496701e-08,3.014111443833577e-06,0.9999969423746761,1.3177158937872466e-08,OR
I,M2,2,9.187450860623334e-07,2.7580694596428474e-06,0.9999963078042066,1.538124771836174e-08,OR
I,M2,2,0.9601209717193171,3.7351690026994384e-07,0.03987859269086513,6.207291739042417e-08,B
I,M2,2,2.8537042201302465e-06,4.5057526878247505e-05,0.9999520122105571,7.65583445346066e-08,OR
I,M2,2,1.3577794290272478e-05,2.7935113483453757e-06,0.9999833866873507,2.420070108560429e-07,OR
I,M2,2,8.233879594145071e-06,6.175088182634865e-06,0.9999854580131365,1.330190867083419e-07,OR
I,M2,2,0.12750354726812083,7.365362783944945e-05,0.8724223889233685,4.1018067124588375e-07,OR
I,M2,2,5.50017367383713e-06,0.08128160925798786,0.9187119827473131,9.078210250904585e-07,OR
I,M2,2,0.29021090890853013,1.8831329637382052e-06,0.7097870948665033,1.1309200285062887e-07,OR
I,M2,2,1.5237271399327856e-08,4.8552527099062895e-05,0.9999514261374272,6.0982023314676894e-09,OR
I,M2,2,1.2965825231440246e-05,0.9935364867942641,0.006450494529056474,5.2851447997159023e-08,IR
I,M2,2,4.034032124924864e-05,7.225039170074798e-06,0.9999523094350343,1.2520454644028284e-07,OR
I,M2,2,1.9746971286534e-06,1.5295834477692684e-05,0.9999824426098942,2.8685849945183895e-07,OR
I,M2,2,1.1051103408294252e-07,8.56154210702491e-06,0.9999911994917505,1.284551083079511e-07,OR
J,M2,2,0.20995621628492522,0.0010314689451147337,0.7890115951512642,7.19618695861548e-07,OR
J,M2,2,8.016759216615166e-06,0.6111759098798822,0.38881045574693823,5.617613962853348e-06,IR
J,M2,2,0.05886973596941244,0.00025305994538295007,0.9408721930957351,5.01098946945867e-06,OR
J,M2,2,7.735882147217747e-06,0.002340123010212688,0.9976519495229216,1.9158471840192567e-07,OR
J,M2,2,0.09223344796891332,0.49660944661469625,0.4111015909173858,5.551449900461596e-05,IR
J,M2,2,0.015104183292046772,0.029641255104092032,0.9552305386976337,2.402290622749603e-05,OR
J,M2,2,0.1576915873129756,0.7696460222658391,0.07265793190961325,4.458511572016222e-06,IR
J,M2,2,0.005524570753450878,0.344438136003452,0.6500151437471539,2.2149495943197656e-05,OR
J,M2,2,2.5899613357721235e-05,0.1169616338349144,0.8830114294639573,1.0370877705911546e-06,OR
J,M2,2,0.11508709449431727,0.011246437431420989,0.8736659808026457,4.872716158987431e-07,OR
J,M2,2,1.2835762540728772e-06,0.9809427537914523,0.019055044416077353,9.182162161976573e-07,IR
J,M2,2,0.0005287141155439952,0.9994708361547395,4.4906494330146094e-07,6.647734022751757e-10,IR
J,M2,2,4.410641163464873e-05,0.002361176208170804,0.9975945693495348,1.4803065966752302e-07,OR
J,M2,2,0.07579783092187364,2.6994756885423304e-05,0.924175049483014,1.2483822701843916e-07,OR
J,M2,2,2.6536698550947892e-05,0.0007434914406142223,0.9992289182906328,1.0535702020792942e-06,OR
J,M2,2,0.02717432831131508,0.13799150206993072,0.8348063850361819,2.7784582572283397e-05,OR
J,M2,2,0.9996380469287607,6.82966358713414e-06,0.00035509101561115124,3.2392040950912965e-08,B
J,M2,2,1.8917279827839925e-05,0.003985494702801635,0.9959934459557508,2.1420616197226843e-06,OR
J,M2,2,0.8128144986113528,0.08722966428595888,0.09993720037862927,1.8636724059037393e-05,B
J,M2,2,3.352172472035358e-05,0.007737775499681057,0.9922273761051312,1.3266704673846267e-06,OR
J,M2,2,0.2653520914900326,0.6796182818362163,0.05502251997580117,7.106697949889592e-06,IR
J,M2,2,0.995405618191061,0.00012201531353746936,0.00446642704751214,5.939447889374904e-06,B
J,M2,2,0.0017578834790458948,0.0019041115937307304,0.9963360738704048,1.93105681858358e-06,OR
J,M2,2,0.04056890447759099,0.029057008348413554,0.9303531066181068,2.098055588881921e-05,OR
J,M2,2,0.006644321618092689,0.7896097866836009,0.2037453918088511,4.998894554017539e-07,IR
J,M2,2,0.08609586662596248,0.17842224123952924,0.735389019762112,9.287237239633605e-05,OR
J,M2,2,0.10641202293448601,0.024296966697098597,0.8692768834279625,1.412694045272533e-05,OR
J,M2,2,4.1641221336590206e-05,0.08213770378382335,0.9178092924224465,1.1362572393564164e-05,OR
J,M2,2,0.0013114608720525194,0.0366494620963081,0.9620385489461815,5.280854580461775e-07,OR
J,M2,2,0.9959264850774081,0.0037195074020366864,0.00035385116071591196,1.5635983935283825e-07,B
J,M2,2,0.010720852819045043,0.028877967556301395,0.9603863915195958,1.4788105057663132e-05,OR
K,M2,2,9.472837758936148e-09,8.86597487851417e-09,0.9999999783493334,3.3118539393000353e-09,OR
K,M2,2,4.353004688181597e-06,7.636462926116568e-05,0.99991921574908,6.661697076870194e-08,OR
K,M2,2,5.310879287580687e-07,0.000153832368703493,0.9998455122043394,1.243390283798707e-07,OR
K,M2,2,0.0783774390216931,0.02056979515062024,0.880009151884697,0.02104361394298972,OR
K,M2,2,9.567885620976516e-05,2.5075968606445107e-06,0.9999016731475465,1.4039938323402398e-07,OR
K,M2,2,1.8633484384404935e-09,8.301417161049598e-07,0.9999991664230955,1.5718401225095383e-09,OR
K,M2,2,1.435835980120612e-06,4.7822521175500694e-08,0.9999985019358206,1.440567814632173e-08,OR
K,M2,2,7.048100520278112e-08,1.3052562761373467e-07,0.9999997934971769,5.496190152180009e-09,OR
K,M2,2,2.6353621909924305e-06,0.0059294966720287315,0.9940673035164096,5.64449370737323e-07,OR
K,M2,2,7.948539776266489e-06,2.8965500049684757e-06,0.9999882981041726,8.568060462096213e-07,OR
K,M2,2,1.317634455201543e-08,1.2134838854408174e-09,0.999999983448363,2.1618084696483668e-09,OR
K,M2,2,1.4387043046911922e-07,1.1777073455519734e-05,0.9999880666214536,1.2434660344313005e-08,OR
K,M2,2,0.0017856938260675745,8.497081373841432e-05,0.9981279262351691,1.4091250248618293e-06,OR
K,M2,2,0.08576443004505264,0.047050643994103324,0.8671841586111764,7.673496676116459e-07,OR
K,M2,2,9.445359390736121e-08,9.887578286802076e-08,0.9999998012283087,5.4423145672218e-09,OR
K,M2,2,5.380668177949976e-06,0.0012805184039721403,0.998713801165734,2.997621159156558e-07,OR
K,M2,2,0.28529359999954,0.004555394206418198,0.7101465349108479,4.470883194095602e-06,OR
K,M2,2,2.3295283299461147e-06,1.8296473079527278e-06,0.9999958134605987,2.7363763271127994e-08,OR
K,M2,2,1.3817580903351744e-06,0.02152760514611128,0.9784709911228759,2.1972922622419244e-08,OR
K,M2,2,6.320042035463255e-05,1.5837594638733176e-07,0.9999366090380991,3.2165599803316657e-08,OR
K,M2,2,2.5009122070340794e-07,2.142449713306867e-08,0.9999997257123003,2.771981788972159e-09,OR
K,M2,2,2.5893340876482565e-09,1.6458902984370426e-07,0.9999998272807812,5.540854744148362e-09,OR
K,M2,2,0.0010657929196452043,2.3350739517985845e-05,0.9989102219169232,6.344239134398563e-07,OR
K,M2,2,0.6877435068995256,0.0015781171607749998,0.3025512987227995,0.008127077216899911,B
K,M2,2,0.017913971142560096,1.8956712457613646e-05,0.9820664374778785,6.346671037173153e-07,OR
K,M2,2,2.9731040733878723e-06,8.492961811788538e-07,0.9999959696676253,2.079321200949168e-07,OR
K,M2,2,2.7340890814693054e-05,0.0007753973752863369,0.9991186929065049,7.856882739398113e-05,OR
K,M2,2,5.628187443208805e-09,3.5188513796903986e-06,0.999996466685808,8.834624970673993e-09,OR
K,M2,2,4.901845526859815e-05,6.026954446349083e-06,0.999944928586507,2.6003778029694197e-08,OR
K,M2,2,2.1137339647850268e-05,5.922305282820576e-06,0.9999729298875332,1.0467536104197133e-08,OR
K,M2,2,0.00012222067623524137,1.397613899328723e-06,0.9998762996224874,8.208737793943596e-08,OR
L,M2,2,8.511168753664729e-05,9.575095701304471e-06,0.9999052900870917,2.3129670206126785e-08,OR
L,M2,2,0.0019393375903402623,7.2030653540088e-05,0.9979883281854546,3.0357066499788474e-07,OR
L,M2,2,0.9988559328572473,2.5966905359218824e-06,0.0011404628268132458,1.007625403664278e-06,B
L,M2,2,0.9919969882975277,8.022166201337737e-08,0.008002804760210844,1.2672059941493822e-07,B
L,M2,2,0.03062658996797652,0.0002370168679527888,0.9691362176091974,1.75554873288292e-07,OR
L,M2,2,0.9519632862567087,0.0005203312619544683,0.0475163481762936,3.430504324125387e-08,B
L,M2,2,0.01160606831213642,0.0005029956737148903,0.9878905801983168,3.5581583206913074e-07,OR
L,M2,2,0.003897037931604087,0.00026958266288284425,0.9958331343479709,2.4505754225531466e-07,OR
L,M2,2,1.5207379468029005e-07,1.0825403580423572e-09,0.9999998439325065,2.9111583855078234e-09,OR
L,M2,2,0.9446005755388073,0.00015622676646331917,0.05524172742835559,1.4702663738308373e-06,B
L,M2,2,0.0005376192056029246,7.609404235186948e-08,0.9994620978311447,2.0686921008319742e-07,OR
L,M2,2,0.0336467036410418,5.325210493435834e-06,0.9663430956212979,4.875527166755544e-06,OR
L,M2,2,0.9515068935006576,0.005658361598221132,0.042828746518598484,5.998382522655695e-06,B
L,M2,2,0.0007932304434139259,6.543190644904325e-06,0.99920014924412,7.712182121157985e-08,OR
L,M2,2,0.00043274710997078094,0.00010775608817197401,0.9994594598037827,3.6998074564322395e-08,OR
L,M2,2,0.042973860865327694,0.27000587815205696,0.6870172070675801,3.0539150352977657e-06,OR
L,M2,2,0.6218416057947832,0.0004851996962539665,0.0017512741801988464,0.3759219203287641,B
L,M2,2,0.012955639390236142,1.158330404996045e-06,0.9870418037131099,1.3985662490669852e-06,OR
L,M2,2,0.6720852339119474,3.389847020078157e-06,0.3278921775294754,1.9198711557009015e-05,B
L,M2,2,0.20374767836938965,0.010366403340694707,0.7858178768204787,6.804146943708269e-05,OR
L,M2,2,0.08424406096840421,8.203457145562654e-07,0.9157545993835188,5.193023623259188e-07,OR
L,M2,2,1.2173252503865471e-05,2.3633479966484886e-08,0.9999874832750802,3.1983893590396916e-07,OR
L,M2,2,0.985289948232845,3.6923237657345197e-07,0.01470794173110886,1.7408036696770106e-06,B
L,M2,2,0.06881690699741656,8.89377565403393e-06,0.9311613539832508,1.2845243678738207e-05,OR
L,M2,2,0.5101359329360174,0.00010074111575081531,0.4897468120892683,1.6513858963465178e-05,B
L,M2,2,7.166966815790335e-05,1.755084032592819e-08,0.9999242920831392,4.020697862495681e-06,OR
L,M2,2,0.9605299708841453,0.003532285478422871,0.035937063165242526,6.804721893740772e-07,B
L,M2,2,0.9909904435022108,0.0002152217328656757,0.008792528962770309,1.8058021534332387e-06,B
L,M2,2,2.1555694283886638e-05,1.813928032156235e-06,0.999976584605513,4.5772171023068115e-08,OR
L,M2,2,1.520381781171445e-05,0.028788429814173896,0.9711961971799655,1.6918804892971727e-07,OR
L,M2,2,0.039579476283187635,0.04793259866532022,0.9123785484741682,0.00010937657732388063,OR
M,M2,2,0.05513203411033258,0.0012650981865864593,0.9425120977376548,0.0010907699654261927,OR
M,M2,2,2.2554591672321985e-06,0.00014933382142729907,0.9998480344973207,3.762220847952886e-07,OR
M,M2,2,0.0008779797866939095,2.9651023447358575e-05,0.9990915754320843,7.937577745818439e-07,OR
M,M2,2,0.0001230843994682299,3.464623924251867e-05,0.9998415335273678,7.358339214537994e-07,OR
M,M2,2,0.0007805241259354281,5.290251127101821e-05,0.9991357173875317,3.0855975261799516e-05,OR
M,M2,2,0.09202174961656123,0.038541569169692036,0.8689934205833895,0.0004432606303572049,OR
M,M2,2,0.7070434956092911,0.00041555232809792705,0.28275197599872764,0.009788976063883379,B
M,M2,2,2.4356417034599418e-05,3.928812757633867e-06,0.9999678154645713,3.899305636479643e-06,OR
M,M2,2,0.00030673344259974945,0.0003149853594610073,0.9993741715323654,4.109665573876487e-06,OR
M,M2,2,0.46347420665150474,0.01710537434794009,0.5189878696020448,0.0004325493985104754,OR
M,M2,2,0.0003907761049208726,6.0732263018884484e-05,0.9994518973243817,9.65943076785438e-05,OR
M,M2,2,4.885469007153127e-05,1.3536331640840414e-05,0.9999368882955583,7.206827293208103e-07,OR
M,M2,2,0.00028763689889977804,3.2222487688196964e-06,0.9997079549302452,1.1859220862375498e-06,OR
M,M2,2,5.649342021099403e-06,7.844950940318625e-07,0.9999928709500804,6.952128044844016e-07,OR
M,M2,2,2.2968016788509413e-05,6.955801035073154e-05,0.9999065708488174,9.031240434535169e-07,OR
M,M2,2,0.16800845789806332,0.006157856306304702,0.8231358266350315,0.002697859160600593,OR
M,M2,2,4.7403447619605805e-06,1.9589829601635142e-05,0.9999755958209571,7.400467942698115e-08,OR
M,M2,2,3.7541435755443508e-06,3.5442961753212163e-07,0.9999956195316427,2.7189516407791705e-07,OR
M,M2,2,0.00019405998771736613,0.0001115036247296842,0.9996720532651361,2.238312241696326e-05,OR
M,M2,2,3.6760703719289e-05,0.0037715393658303716,0.9961396985873662,5.200134308411216e-05,OR
M,M2,2,9.649564749073056e-06,1.149450171314543e-06,0.9999831427167457,6.0582683339228715e-06,OR
M,M2,2,5.4410414502399536e-05,0.00045131572163333125,0.9994930152940324,1.2585698316812667e-06,OR
M,M2,2,0.012164564561588235,3.6352915121790175e-05,0.9877967765546439,2.305968645910534e-06,OR
M,M2,2,0.00035938981392497635,0.0005728850962490149,0.9990600836327121,7.64145711365353e-06,OR
M,M2,2,0.009080643240951517,0.0001392486505994485,0.99068364639567,9.646171277906443e-05,OR
M,M2,2,0.00060360009500335,1.1411393475527659e-05,0.9993202740710023,6.471444051888377e-05,OR
M,M2,2,6.532790338028291e-08,4.5114925125558536e-07,0.9999994719391905,1.1583655039946582e-08,OR
M,M2,2,7.757579307670161e-08,6.552845993498312e-06,0.9999933402514936,2.9326719909777397e-08,OR
M,M2,2,1.8098187450407428e-08,6.393843627031403e-09,0.9999999719956475,3.5123213902706195e-09,OR
M,M2,2,0.00018516993281085322,1.8045639206848518e-06,0.999808372056301,4.653446967298791e-06,OR
M,M2,2,5.057808320079728e-05,2.4031234918043376e-05,0.9999251636353439,2.270465374354506e-07,OR
N,M2,2,0.0011379014066149275,0.030827482156288392,0.9644232884331055,0.003611328003991063,OR
N,M2,2,0.999647405286687,2.8925528193199217e-07,1.0017581605779655e-06,0.00035130369987049594,B
N,M2,2,0.9763908773706901,1.1088242672541173e-05,0.02359757853651086,4.5585012646091497e-07,B
N,M2,2,0.9871681986926024,0.0009953372470254771,0.011832662225118385,3.801835253842755e-06,B
N,M2,2,0.9165638410541526,0.00021630682184350486,0.08304324962886506,0.00017660249513886867,B
N,M2,2,0.9999905668060513,4.54797733194841e-08,8.993693982998423e-06,3.9402019255778833e-07,B
N,M2,2,0.9986655359182498,3.9302140555936624e-06,0.0013303961858131509,1.3768188145218962e-07,B
N,M2,2,0.9554186290822138,3.885806854095271e-06,0.04457741766573367,6.744519853549026e-08,B
N,M2,2,0.9896553659109275,7.376693211736745e-06,0.010337058591471238,1.9880438942109313e-07,B
N,M2,2,0.6935233296370218,0.0011449881315799507,0.3043600271685786,0.0009716550628195721,B
N,M2,2,0.7931576999983833,6.16127537613465e-05,0.2067789921202821,1.6951275733088725e-06,B
N,M2,2,0.8403985469644903,0.00010310024595924335,0.15949738269256428,9.70096986012375e-07,B
N,M2,2,0.9943449029781777,7.4608512548479e-05,0.005527938073255364,5.255043601850149e-05,B
N,M2,2,0.9872439124147095,0.00041041522402776646,0.012341292425158652,4.379936103892493e-06,B
N,M2,2,0.07945690975114286,0.0001560006050028789,0.9203852923552377,1.797288616394455e-06,OR
N,M2,2,0.9999985194792419,4.898158572782498e-07,9.870532965407207e-07,3.6516042896984583e-09,B
N,M2,2,0.046346242275352584,0.0005650047097101078,0.9530755755754741,1.3177439463309558e-05,OR
N,M2,2,0.04451588274173466,0.00034514674042107634,0.9551135112528537,2.5459264990522097e-05,OR
N,M2,2,0.9984790091677941,3.776843116332868e-05,0.0014823456426644576,8.767583780988046e-07,B
N,M2,2,0.0375219701839269,0.01634211880843244,0.9430938658144609,0.003042045193179911,OR
N,M2,2,0.9995642157139535,1.2606709482191953e-06,0.0004345175492112507,6.0658868950315825e-09,B
N,M2,2,0.9971668903744418,0.0006967369166309198,0.0021361526778816186,2.2003104552999415e-07,B
N,M2,2,0.9985219864419221,5.3754527127967314e-05,0.0014134822264124216,1.0776804537694615e-05,B
N,M2,2,0.9999808533582534,7.149773884916266e-08,1.9040539576806278e-05,3.4604430851633926e-08,B
N,M2,2,0.9782483057549367,0.0008379456894720312,0.019207335403636068,0.0017064131519551422,B
N,M2,2,0.9969807555867382,0.0003983849951007749,0.00017671187621503165,0.0024441475419459346,B
N,M2,2,0.33155656850888027,0.00044480458454476663,0.6679917087233711,6.918183203954613e-06,OR
N,M2,2,0.07676609806787292,0.07976773643240495,0.8434358296307436,3.0335868978406746e-05,OR
N,M2,2,0.07249123957735051,0.0019789990872871198,0.9142739526016016,0.011255808733760841,OR
N,M2,2,0.6704865152001822,0.0016151897718207097,0.32768098363225756,0.00021731139573954997,B
N,M2,2,0.9998427760669087,2.253916400970465e-07,0.00015698681543980755,1.17260113582718e-08,B
O,M2,2,0.9993508553596046,0.00013943412069678592,0.000509629752912855,8.076678583257825e-08,B
O,M2,2,0.9928211910756025,0.004364471387568059,0.002813383518771602,9.540180578098298e-07,B
O,M2,2,0.749136467898401,0.08045034764262056,0.1703525104038085,6.0674055169869394e-05,B
O,M2,2,0.946662212413929,2.501750155926708e-06,0.05332710151489419,8.184321021061538e-06,B
O,M2,2,0.18278164443271513,1.959116139068535e-05,0.8171235621052997,7.520230059456629e-05,OR
O,M2,2,0.022945453250635423,0.9431636536269636,0.03388459616769169,6.296954709210421e-06,IR
O,M2,2,0.18674239020443084,0.14919376146202876,0.6639813070942542,8.254123928627524e-05,OR
O,M2,2,0.10897210255210109,7.297427974450004e-05,0.8909546360788179,2.870893366447113e-07,OR
O,M2,2,0.06608014125283272,0.0008380089528303026,0.9330690641805935,1.2785613743241769e-05,OR
O,M2,2,0.5052706517713971,0.19011087977475555,0.30456554566488614,5.2922788961252983e-05,B
O,M2,2,0.979099742733643,0.003016914414597018,0.017880891161752704,2.4516900073879174e-06,B
O,M2,2,1.5148281801597116e-07,2.5520519109215786e-09,0.999999845394889,5.70241154960143e-10,OR
O,M2,2,0.9872271577503291,0.003031344276229872,0.009623020206693566,0.00011847776674747989,B
O,M2,2,0.000520180752851041,0.00014035129330093558,0.9993389059644229,5.61989425050611e-07,OR
O,M2,2,0.9920274403901749,0.004740397353597841,0.0032282028756372965,3.959380590087507e-06,B
O,M2,2,0.2525951733306921,0.07671528711911434,0.6701066899757706,0.000582849574423038,OR
O,M2,2,0.21621073620349873,8.982359292219909e-06,0.7837800360115557,2.4542565350694885e-07,OR
O,M2,2,0.20703204917504361,0.0056937616505224236,0.7872639588413058,1.0230333128240049e-05,OR
O,M2,2,0.00013364602434207584,0.9337726851716642,0.06609319331237308,4.754916207483577e-07,IR
O,M2,2,0.16937352435371647,0.7023628094494074,0.12825125396019482,1.2412236681306717e-05,IR
O,M2,2,0.9986437007771197,0.00040237868226608304,0.0009537524207043326,1.6811990971768338e-07,B
O,M2,2,0.740540182361062,0.06864828179484539,0.1908065584980111,4.977346081420411e-06,B
O,M2,2,0.0033710534461952346,0.026505320090900942,0.9701192519705428,4.374492361082988e-06,OR
O,M2,2,0.0014798172446723339,0.002915164395130704,0.9955976718234587,7.3465367382952324e-06,OR
O,M2,2,0.00014917344236340424,0.052652461844914906,0.9471328245214701,6.55401912516732e-05,OR
O,M2,2,0.995586971102388,7.126894391266263e-05,0.004340788376900241,9.715767990853199e-07,B
O,M2,2,0.04527239426583757,0.8667131083962039,0.08800735473907313,7.1425988854896995e-06,IR
O,M2,2,0.0009438845839792696,0.04313600392097909,0.955918978392783,1.1331022587431257e-06,OR
O,M2,2,0.2859284460780632,0.6764892719159671,0.03713896991334688,0.0004433120926228538,IR
O,M2,2,0.03228657264635712,0.46859466209914435,0.4990861959497266,3.2569304771895607e-05,OR
O,M2,2,0.002291759004028045,0.9957307225109459,0.00197689797476426,6.205102616482434e-07,IR
P,M2,2,1.0454117548608442e-07,4.237117838203633e-09,0.9999998911057685,1.1593808824660677e-10,OR
P,M2,2,0.00018433650214178391,0.00011753013901834978,0.9996980474447101,8.591412973196935e-08,OR
P,M2,2,0.01564448112857786,0.08150138569433578,0.9028505787825521,3.554394534098624e-06,OR
P,M2,2,1.174455940715185e-07,0.041335100312777,0.958664021584805,7.606568240419299e-07,OR
P,M2,2,0.00685496310045504,0.017447460744966618,0.975696728084822,8.480697562627891e-07,OR
P,M2,2,0.012028665572362452,3.609456486445255e-06,0.987965713271987,2.011699164115761e-06,OR
P,M2,2,0.19904061603278267,0.0010047911520456743,0.7999422963304835,1.229648468823315e-05,OR
P,M2,2,0.00020736544486950453,8.258182478702995e-06,0.9997840555707771,3.2080187466901884e-07,OR
P,M2,2,0.0005623206181260399,0.003940207108385921,0.9954966812964049,7.909770831336916e-07,OR
P,M2,2,0.1317768427375542,0.0005610504998898397,0.8676338147766208,2.8291985935053167e-05,OR
P,M2,2,4.1961576075315773e-05,2.7592402461616747e-06,0.9999551306726371,1.48511041255962e-07,OR
P,M2,2,1.2798723420948723e-05,1.632878163871434e-08,0.9999871777579799,7.1898175069641675e-09,OR
P,M2,2,0.05672115833167113,0.01649525617449146,0.9267777610252054,5.824468631818677e-06,OR
P,M2,2,0.00616600125060508,2.2231228097238612e-07,0.9938330427291174,7.337079964465822e-07,OR
P,M2,2,0.004116618365106998,0.9459844983584438,0.04989861961326146,2.636631876644672e-07,IR
P,M2,2,0.0010882564435151804,0.0027319320538635897,0.9961722457683391,7.565734282095932e-06,OR
P,M2,2,0.003711191220256023,7.15162398670683e-05,0.9962172479032884,4.4636588527515204e-08,OR
P,M2,2,0.021666875723572277,1.0131284856345675e-05,0.9783224450577909,5.479337804660761e-07,OR
P,M2,2,0.124966461858187,5.394803221280075e-06,0.8749846673821727,4.347595641902444e-05,OR
P,M2,2,0.00782225673860338,0.030824176741423154,0.9613421352699768,1.1431249996726043e-05,OR
P,M2,2,1.1185507796896424e-05,2.4315893197209924e-05,0.9999643173199316,1.8127907426909453e-07,OR
P,M2,2,0.12286431935046938,0.731386031394443,0.14574901407708854,6.351779990820544e-07,IR
P,M2,2,0.00672316313750382,1.1657225394734676e-05,0.9932650055259721,1.7411112928820188e-07,OR
P,M2,2,0.02533583044116253,0.011228058695162545,0.9634318023711615,4.308492513307474e-06,OR
P,M2,2,5.714342425236654e-08,5.508055135270273e-06,0.999994433464913,1.3365274889839727e-09,OR
P,M2,2,8.984728038389153e-05,1.0562873183332146e-06,0.9999065922265216,2.504205776159866e-06,OR
P,M2,2,0.9302415833064515,5.046447571874351e-07,0.06975011522243338,7.796826358017085e-06,B
P,M2,2,0.9351094044519916,0.0017387349976778256,0.06314929833656208,2.5622137684042005e-06,B
P,M2,2,0.9398094212818533,0.014840900388606745,0.04534882208719335,8.562423466731311e-07,B
P,M2,2,0.8806097491294619,1.4123910832877042e-07,0.1193898640910107,2.455404190454356e-07,B
P,M2,2,0.3361172417215165,2.737318796303254e-06,0.6638433894157185,3.663154396852742e-05,OR
A,M3,0,0.08130826260612319,0.07149021299066458,0.8442470371815549,0.002954487221657461,OR
A,M3,0,0.5499022155216339,0.1339009882823715,0.31321866917983326,0.002978127016161476,B
A,M3,0,0.792961723646233,0.028670676665732447,0.16551303832863373,0.012854561359400827,B
A,M3,0,0.03860066595987267,0.0005347901180606577,0.9607303156905191,0.00013422823154751615,OR
A,M3,0,0.5876073872491597,0.30074078154341655,0.10788828386163225,0.003763547345791571,B
A,M3,0,0.509688000383327,0.20012241391263452,0.284419971855052,0.0057696138489864825,B
A,M3,0,0.022940842884251487,0.4390676232570041,0.5367607412951496,0.0012307925635947705,OR
A,M3,0,0.8652642313644878,0.024286036528832634,0.10662693835793137,0.0038227937487480125,B
A,M3,0,0.0654347675027765,0.00016293516015412787,0.9334346963797887,0.0009676009572805824,OR
A,M3,0,0.10052943106721957,0.8098719415992147,0.066895336463764,0.022703290869801756,IR
A,M3,0,0.2356445020660233,0.06938615006417596,0.6945750341744238,0.00039431369537695174,OR
A,M3,0,0.034550565473102875,0.0011129341118697852,0.9642537595982545,8.274081677270361e-05,OR
A,M3,0,0.906684966106993,0.047087657924439315,0.04583491915310375,0.0003924568154638642,B
A,M3,0,0.17623385228919464,0.7467139631062002,0.0768673202671099,0.00018486433749521545,IR
A,M3,0,0.6927057214933974,0.016799858204250964,0.2902896079781551,0.00020481232419652668,B
A,M3,0,0.6257070896537885,0.0006730155510290056,0.3719351256561404,0.0016847691390421199,B
A,M3,0,0.8761130831238781,0.05529006080446171,0.06713088197086141,0.0014659741007988117,B
A,M3,0,0.982159669175126,0.006098450598982457,0.010482385784915907,0.0012594944409753438,B
A,M3,0,0.8268418857688783,0.0013587805011490983,0.17153040782430398,0.00026892590566874783,B
A,M3,0,0.32332880485671966,0.33934790358478534,0.33608115076033834,0.001242140798156575,IR
A,M3,0,0.7070069327448435,0.09869040214249616,0.19290217973978355,0.0014004853728768751,B
A,M3,0,0.3450255880388698,0.0005903245304520251,0.6517095890884672,0.002674498342210934,OR
A,M3,0,0.4991276584126126,0.1248117469138638,0.3260487919238633,0.05001180274966032,B
A,M3,0,0.7178579527913549,0.011383137432796786,0.26396219288895545,0.0067967168868926595,B
A,M3,0,0.5056340189118806,0.05863578622349266,0.31687554401843515,0.11885465084619157,B
A,M3,0,0.980040102804726,0.010270459365471956,0.002809358978501717,0.006880078851300248,B
A,M3,0,0.7367799161107325,0.20682856957696483,0.04611157178974253,0.010279942522560119,B
A,M3,0,0.7824254855275026,0.00023139460744300025,0.21711547925795704,0.00022764060709743123,B
A,M3,0,0.07190500922287801,0.001334391581059835,0.9263771131820409,0.0003834860140212297,OR
A,M3,0,0.7043042844281248,0.045906857912798894,0.24785779634151245,0.001931061317563882,B
A,M3,0,0.7457501855458747,0.1402420558025267,0.11229630715158292,0.0017114515000158646,B
B,M3,0,7.019365875218252e-06,1.3045070152034881e-06,0.9999916633869532,1.2740156359701675e-08,OR
B,M3,0,0.002329783679998501,2.5794545408218875e-07,0.9976697748785605,1.8349598692491656e-07,OR
B,M3,0,0.8500436963435611,0.0004514908981608578,0.1495037711404016,1.0416178765520134e-06,B
B,M3,0,0.15955889016182345,0.3747271256057246,0.4656978523590144,1.6131873437514327e-05,OR
B,M3,0,0.41966885177251123,0.004330371097313421,0.5759925871178369,8.190012338504089e-06,OR
B,M3,0,0.41052430735603107,0.4190854397835267,0.17037909317572963,1.115968471257146e-05,IR
B,M3,0,0.0040153743712395525,0.00208907190582524,0.9938937629028766,1.790820058630205e-06,OR
B,M3,0,0.004701181957037951,7.492664323998913e-05,0.9952072449395312,1.664646019090131e-05,OR
B,M3,0,0.8819863275799072,7.463430259941816e-05,0.11793780439436824,1.2337231251102139e-06,B
B,M3,0,0.11264071370154871,0.007115677141731159,0.8802413924847987,2.216671921341672e-06,OR
B,M3,0,0.07765509745765202,0.0024596469934021377,0.9198776049857027,7.650563243144832e-06,OR
B,M3,0,0.042054471131467035,0.03608678769895264,0.9218029628831379,5.577828644255063e-05,OR
B,M3,0,0.8801172338217487,0.11692939400389456,0.0029455730879424102,7.799086414320508e-06,B
B,M3,0,0.009923593282585186,0.010896394473397002,0.979178307636516,1.704607501774401e-06,OR
B,M3,0,0.01862680612901187,0.11351817189111174,0.8678505116840374,4.51029583911913e-06,OR
B,M3,0,4.784701370424394e-05,4.173720083257363e-06,0.9999477237561494,2.5551006303460586e-07,OR
B,M3,0,0.017122537922432627,0.00022607413424525303,0.9826388962367719,1.2491706550119186e-05,OR
B,M3,0,0.07728004305189028,0.0007566743319436397,0.9219611217722453,2.160843920765569e-06,OR
B,M3,0,0.02286174635950267,0.00017091241915989912,0.9769666502247043,6.909966331299134e-07,OR
B,M3,0,0.24780106187265483,0.6794543597457109,0.07272793476174617,1.6643619888108543e-05,IR
B,M3,0,0.000284151602171692,0.00017512393973520874,0.9995402727411469,4.517169461449242e-07,OR
B,M3,0,0.0417190975093138,0.0013546581558172646,0.956923809972216,2.4343626527829875e-06,OR
B,M3,0,0.9039278498818561,0.00027023880690780984,0.09579642297628034,5.488334955763544e-06,B
B,M3,0,0.07425258482184476,0.0003755207013894561,0.9253699334953137,1.960981451987993e-06,OR
B,M3,0,0.7759578973187852,2.137524527830836e-05,0.2240202572207169,4.7021521948134014e-07,B
B,M3,0,0.0015167763436807272,2.7390388954105442e-05,0.9984540001402852,1.8331270798438377e-06,OR
B,M3,0,0.13112081258726335,0.019267786529453917,0.8496062953415837,5.1055416989060524e-06,OR
B,M3,0,0.8192284273654871,0.01322349232613255,0.16750639197346137,4.168833491890528e-05,B
B,M3,0,0.9981142780508315,0.0008442954168404733,0.0010284191651674737,1.300736716057088e-05,B
B,M3,0,0.06733352862522878,0.3837796512417789,0.5488393735090832,4.744662390924222e-05,OR
B,M3,0,0.00022761801312865212,0.009301345155457497,0.9904699278544769,1.1089769369812537e-06,OR
C,M3,0,1.1561721270887791e-07,1.0584061486912984e-05,0.9999892098568373,9.046446299427238e-08,OR
C,M3,0,1.7911790484900952e-08,2.887329036298688e-05,0.9999710928441312,1.5953715130861273e-08,OR
C,M3,0,7.516801177078406e-07,0.00047027345021015995,0.9995288059972959,1.6887237613213062e-07,OR
C,M3,0,4.399149662491249e-07,0.0004719500474704869,0.9995274923774644,1.1766009862562126e-07,OR
C,M3,0,8.414879911396108e-06,0.0009731189571101498,0.9990182255821877,2.4058079078672056e-07,OR
C,M3,0,1.9235683191747622e-08,7.155631887368747e-06,0.9999928125461269,1.2586302489994092e-08,OR
C,M3,0,1.9354134443336022e-07,2.2109089011752875e-05,0.9999776334927339,6.387690985324823e-08,OR
C,M3,0,1.1714026704005324e-08,1.7649349629297746e-05,0.9999823257924626,1.3143881445251515e-08,OR
C,M3,0,4.950851020681585e-08,1.060883975082218e-05,0.9999893112731751,3.037856377869248e-08,OR
C,M3,0,9.000717536674963e-08,0.0003359143810905436,0.9996639515537104,4.4058023770406205e-08,OR
C,M3,0,1.0647278385357798e-07,1.677142808142676e-05,0.9999830772823518,4.481678292688085e-08,OR
C,M3,0,1.050360756945849e-07,0.0014642353883893336,0.9985354114021191,2.4817341580199703e-07,OR
C,M3,0,3.6143741519706235e-07,0.0004704162658172333,0.9995290203797517,2.0191701593793983e-07,OR
C,M3,0,3.370281862747673e-08,4.1738252448263065e-05,0.9999582155887763,1.2455956932371422e-08,OR
C,M3,0,2.627211947641486e-07,8.091422539250105e-05,0.9999187974572826,2.5596130329510333e-08,OR
C,M3,0,1.0319203664263381e-07,1.5670611826708628e-05,0.9999841884131013,3.778303519876861e-08,OR
C,M3,0,4.504275978011867e-06,0.0037368321859587955,0.996258203748357,4.597897060225513e-07,OR
C,M3,0,8.261346254492771e-09,1.5542777056619555e-05,0.9999844290351774,1.9926419841563864e-08,OR
C,M3,0,1.0843921729894693e-06,0.02075469863850879,0.9792433038436965,9.131256216384483e-07,OR
C,M3,0,6.445438601942528e-08,8.047114082410808e-06,0.9999918622625726,2.6168959044988052e-08,OR
C,M3,0,2.3256062367155522e-07,0.0003413460356162015,0.9996582929221738,1.284815862907817e-07,OR
C,M3,0,2.2260799820208448e-07,8.357481305240762e-05,0.9999160808926467,1.2168630266992128e-07,OR
C,M3,0,2.5200814568108054e-08,2.023224732424029e-05,0.9999797264901621,1.6061699174895967e-08,OR
C,M3,0,1.6712808639594543e-07,0.00014037851809043327,0.9998593960389502,5.831487312455479e-08,OR
C,M3,0,1.4812913994385862e-07,3.3775413394743954e-05,0.9999659921301948,8.432727054597437e-08,OR
C,M3,0,3.196285412148408e-07,1.548424408015329e-05,0.9999841453113252,5.081605348481619e-08,OR
C,M3,0,8.516589344565663e-09,1.8700526147685206e-06,0.9999981070074949,1.4423300980206745e-08,OR
C,M3,0,5.6469588984978824e-08,3.08546439135053e-06,0.9999968359707909,2.209522884814861e-08,OR
C,M3,0,3.7050292177728545e-07,5.113027380660908e-05,0.9999484603099729,3.8913298937054254e-08,OR
C,M3,0,4.6189530919200526e-08,1.7800207307957397e-05,0.9999821229541784,3.064898279391641e-08,OR
C,M3,0,2.5205743390880944e-07,2.6448798287105564e-06,0.9999970665454633,3.651727422573349e-08,OR
D,M3,0,0.4188050170258303,0.0035436943305816567,0.5771456165658786,0.0005056720777095226,OR
D,M3,0,0.9826975722291542,0.012669144070716998,0.003431642326492556,0.0012016413736361956,B
D,M3,0,0.36394028653304356,0.0079468287435082,0.6278102111720524,0.0003026735513958823,OR
D,M3,0,0.21567852376338936,0.22379972090158312,0.5583644566525052,0.002157298682522286,OR
D,M3,0,0.3350869823896465,0.017637815659510832,0.6453551475036162,0.0019200544472265284,OR
D,M3,0,0.2067121835716546,0.782069240062699,0.008239311746178982,0.0029792646194674063,IR
D,M3,0,0.9736852190542263,0.0001786543971819903,0.024502918975403,0.001633207573188702,B
D,M3,0,0.23210457686120572,0.6603138354648512,0.10701530628611651,0.0005662813878265214,IR
D,M3,0,0.6363778204707934,0.002378525586464992,0.3609674529227699,0.00027620101997158033,B
D,M3,0,0.8281689775675759,0.018749217448677906,0.1511421552987077,0.0019396496850386236,B
D,M3,0,0.25317561196899935,0.6236615367897997,0.12254995110217269,0.0006129001390281736,IR
D,M3,0,0.9858345184430471,0.007171956789727026,0.005494172122895988,0.0014993526443298972,B
D,M3,0,0.1261442801976824,0.0068287886654099204,0.8666994692576228,0.0003274618792849118,OR
D,M3,0,0.07480863376399947,0.017587408343762823,0.9063498644052463,0.001254093486991318,OR
D,M3,0,0.9210316621442317,0.00017159659348245512,0.07858414990784728,0.00021259135443856315,B
D,M3,0,0.1989796449620386,0.6313687696957487,0.09905752806570568,0.07059405727650704,IR
D,M3,0,0.026657932284786027,0.00018348306447760646,0.9711174571527874,0.0020411274979488417,OR
D,M3,0,0.6115970292372978,0.15296580521344974,0.231666503101363,0.003770662447889476,B
D,M3,0,0.5563881175451374,0.1170330178585139,0.3109214302532991,0.015657434343049725,B
D,M3,0,0.2981526080192488,0.010299457803836027,0.6874996593728272,0.0040482748040879535,OR
D,M3,0,0.35644505307886765,0.005951026699793108,0.6303535409025216,0.007250379318817814,OR
D,M3,0,0.8685402214607154,0.032410360133882016,0.09673303935832718,0.002316379047075573,B
D,M3,0,0.9548820874663004,0.029625389211485314,0.013938576676751285,0.0015539466454629817,B
D,M3,0,0.5167964152106876,8.614843239036878e-05,0.4828628230794082,0.0002546132775137903,B
D,M3,0,0.93968557387838,0.0011410939727786095,0.05808538386897822,0.0010879482798630711,B
D,M3,0,0.9848177435652241,4.281642828140575e-05,0.014451631368772307,0.0006878086377221399,B
D,M3,0,0.009671906932140822,0.1270238257836879,0.8604114407510733,0.002892826533097794,OR
D,M3,0,0.15774993612197707,0.03476312886759289,0.7869911156866473,0.020495819323782746,OR
D,M3,0,0.4398163862467291,0.00031131752714606137,0.5584945842459682,0.0013777119801566592,OR
D,M3,0,0.983897672253997,0.004023150793148643,0.007962705916114246,0.004116471036740015,B
D,M3,0,0.9616202568509271,0.010182581557487623,0.026562122965297044,0.0016350386262882855,B
E,M3,0,5.015035492916644e-07,0.019166327544494155,0.9808326650197838,5.059321728381446e-07,OR
E,M3,0,3.9151710979996285e-07,0.005715142695513109,0.9942840498910319,4.158963451848813e-07,OR
E,M3,0,1.0280502888417649e-06,0.016378154874952665,0.9836201527768711,6.642978872600675e-07,OR
E,M3,0,7.098264502039775e-08,0.0015946298766996215,0.9984052012050694,9.793558592581445e-08,OR
E,M3,0,2.8960522328677413e-06,0.10310168240621741,0.8966625480956023,0.00023287344594735614,OR
E,M3,0,7.69423762284435e-06,0.3268087744119989,0.6728086643207168,0.00037486702966146656,OR
E,M3,0,1.1214416554090184e-06,0.15940370691697295,0.8405778039551536,1.7367686217907257e-05,OR
E,M3,0,4.160517053942085e-06,0.4389280146512043,0.5598377271352225,0.0012300976965192788,OR
E,M3,0,5.984063482396124e-06,0.00799698818868481,0.991996619297735,4.084500978028356e-07,OR
E,M3,0,1.9833720271540444e-05,0.12324617710786344,0.8767329047220678,1.0844497971818862e-06,OR
E,M3,0,2.7213928563058023e-05,0.014263395384662453,0.985649837107715,5.9553579059610114e-05,OR
E,M3,0,4.365602188157844e-06,0.36346933520195346,0.6358475332280894,0.0006787659677688945,OR
E,M3,0,4.1620390423168205e-07,0.01814477193232834,0.9818401297703498,1.4682093417622256e-05,OR
E,M3,0,8.546460097159647e-06,0.03178048765881008,0.968209991599849,9.742812437845388e-07,OR
E,M3,0,2.593343530867099e-05,0.23775356389681768,0.7622191245548543,1.37811301936149e-06,OR
E,M3,0,2.57503267304817e-06,0.009360164168827574,0.9906369160105171,3.44787982466311e-07,OR
E,M3,0,1.982342220714071e-06,0.16458048215734647,0.8354119840381322,5.5514623006323696e-06,OR
E,M3,0,1.7010354715264214e-06,0.1993730821666735,0.8002411469833361,0.00038406981451883244,OR
E,M3,0,7.264818340434519e-07,0.062952731876303,0.937017519844561,2.9021797302039598e-05,OR
E,M3,0,8.12360709104929e-07,0.07488004303535768,0.925102406722305,1.6737881628164793e-05,OR
E,M3,0,5.730503342124792e-06,0.003986610424669535,0.9960062102451354,1.448826852836593e-06,OR
E,M3,0,9.839463880410881e-09,4.048553826209973e-05,0.9999594896700178,1.4952256370063556e-08,OR
E,M3,0,4.689589980591306e-06,0.02334183758046614,0.976651328491087,2.1443384663814506e-06,OR
E,M3,0,3.2423965880454106e-08,0.00038927454220263533,0.9996099504629015,7.425709301175181e-07,OR
E,M3,0,1.600607319129536e-06,0.27125984989199464,0.7284827706775823,0.0002557788231039572,OR
E,M3,0,6.8742192581667295e-06,0.05632962572680753,0.9436586910115256,4.8090424088336665e-06,OR
E,M3,0,1.4066658838066343e-05,0.060135791069098075,0.939848735792783,1.406479280878843e-06,OR
E,M3,0,5.721149677184725e-07,0.014523878089682557,0.9854750992852813,4.505100683519454e-07,OR
E,M3,0,7.54265193196757e-05,0.3431127796711453,0.6566745752921331,0.00013721851740177698,OR
E,M3,0,0.002765002541400123,0.14102222343967621,0.8560186757549928,0.0001940982639307423,OR
E,M3,0,5.006984697905562e-07,0.0013680758536824661,0.9986312824673557,1.4098049219946064e-07,OR
F,M3,0,0.05567434540084025,0.016903405318547386,0.9243590228106696,0.0030632264699427558,OR
F,M3,0,0.4738044509810572,0.004575917229577104,0.520136373844249,0.0014832579451166295,OR
F,M3,0,0.023161930226280533,0.009729860063053002,0.9667551363525345,0.0003530733581319938,OR
F,M3,0,0.5315148678309758,0.07205062100543073,0.38270053093360323,0.0137339802299901,B
F,M3,0,0.9311612417350646,0.016105460254850157,0.050785939457853764,0.0019473585522312956,B
F,M3,0,0.4407355170692023,0.43650070584199435,0.12070962469649887,0.0020541523923046437,B
F,M3,0,0.8693643003735372,0.005382074606964289,0.120437540424464,0.004816084595034543,B
F,M3,0,0.254987185848957,0.0006029342101501357,0.7439742886178798,0.00043559132301292564,OR
F,M3,0,0.030433703741191916,0.0008473126478362306,0.9684200451709519,0.0002989384400200399,OR
F,M3,0,0.9564482190885505,0.010087043575054128,0.032257004900748516,0.0012077324356469436,B
F,M3,0,0.8806581066833848,0.00041750814166650765,0.11879004004344992,0.00013434513149864792,B
F,M3,0,0.844050885850996,0.042077155151737114,0.04920706787836637,0.06466489111890059,B
F,M3,0,0.18780829055268108,0.32922166631076183,0.4801666218523222,0.002803421284235007,OR
F,M3,0,0.17485232832200592,0.07189860595745895,0.7513777061413328,0.0018713595792023091,OR
F,M3,0,0.9147727033343168,4.9143043198666344e-05,0.08496433901162435,0.00021381461085998306,B
F,M3,0,0.9865616181669049,0.00011248430750016359,0.01310798715583037,0.0002179103697646186,B
F,M3,0,0.49695925786642625,0.011489225975330624,0.4868305633071818,0.004720952851061312,B
F,M3,0,0.4640338938263244,0.02476121680656355,0.43790249673326176,0.07330239263385033,B
F,M3,0,0.558660801995421,0.005480919464080873,0.42581811892168014,0.010040159618818085,B
F,M3,0,0.06473438537545564,0.0007733490904852113,0.9342085368490328,0.0002837286850262374,OR
F,M3,0,0.09766038569595456,0.7644893133724558,0.13418624661062342,0.0036640543209661663,IR
F,M3,0,0.9792021343242991,0.00015419533755743595,0.02045025833346341,0.00019341200467991592,B
F,M3,0,0.9062965359193307,0.08205864260935201,0.006182307927251297,0.005462513544065874,B
F,M3,0,0.3673492490726813,0.06089086894440983,0.5673288731122115,0.004431008870697349,OR
F,M3,0,0.37214395030677555,0.008876600438959317,0.6133636633426051,0.005615785911659976,OR
F,M3,0,0.9919259296634727,0.0008605165485964586,0.002333790495520978,0.004879763292409841,B
F,M3,0,0.9855462713315464,0.0038642950683882254,0.009378613998802418,0.001210819601262985,B
F,M3,0,0.9275976936037668,0.03841604302557913,0.010023734448259734,0.02396252892239455,B
F,M3,0,0.454066128007904,0.015305592822510877,0.5296396489095312,0.0009886302600540073,OR
F,M3,0,0.6410899128880886,0.26329346157291755,0.09451003232815273,0.0011065932108410394,B
F,M3,0,0.6150407025451131,0.001825437371201848,0.3811388040467716,0.001995056036913462,B
G,M3,0,0.0891847676741967,4.0079630350148225e-05,0.9107235355751924,5.161712026081152e-05,OR
G,M3,0,0.9738924156069118,0.0002649531902459205,0.025774278513337544,6.835268950475006e-05,B
G,M3,0,0.979157379784092,0.0011145928943067564,0.01966591467889925,6.211264270195043e-05,B
G,M3,0,0.28053523242419853,0.05110528285245582,0.6678170074623815,0.0005424772609641342,OR
G,M3,0,0.0005770176597448744,2.9805207683104513e-05,0.9993916771792923,1.4999532795226029e-06,OR
G,M3,0,0.38388643039068543,0.01194497645150724,0.6040970745559566,7.151860185081243e-05,OR
G,M3,0,0.34884894382013126,0.007036338306988964,0.6427722737015639,0.0013424441713158965,OR
G,M3,0,0.9574001682258728,0.0025273096754014263,0.039928697278522864,0.0001438248202029366,B
G,M3,0,0.05387711466055962,0.0006423855979676659,0.9454517986193608,2.8701122111889694e-05,OR
G,M3,0,0.8251257817988255,0.022045757473525007,0.15051162512751257,0.002316835600136934,B
G,M3,0,0.026448413039893332,1.0925709789433659e-05,0.9735373688237929,3.2924265243513036e-06,OR
G,M3,0,0.007177143812420804,2.959170545911576e-05,0.9927903546236848,2.909858435313518e-06,OR
G,M3,0,0.013661562100782232,0.6913786848713795,0.2939963393339077,0.0009634136939306024,IR
G,M3,0,0.060932108439819437,0.00036708012655817625,0.9386249405082208,7.587092540160161e-05,OR
G,M3,0,0.02026515542105098,0.00012353292353956322,0.9795815441226293,2.9767532780203068e-05,OR
G,M3,0,0.0004397293558478708,0.00018401743897180058,0.9993721967610437,4.056444136553364e-06,OR
G,M3,0,0.02546772552562937,0.009827230826739279,0.9646264754344208,7.856821321038309e-05,OR
G,M3,0,0.006172453082108947,0.0004017534518397038,0.9933725759680864,5.321749796494488e-05,OR
G,M3,0,0.7058042922396964,0.0009785057866978212,0.2931964814572578,2.0720516347806517e-05,B
G,M3,0,0.0039837054036518365,1.2766418564789958e-05,0.9960021269784669,1.4011993165999724e-06,OR
G,M3,0,0.8225889874098119,0.017818459592510792,0.15883385159058996,0.0007587014070873686,B
G,M3,0,0.023382294465689134,0.00012280122031713115,0.9764832624249806,1.1641889012891124e-05,OR
G,M3,0,0.00012596726539607564,8.723180150444699e-05,0.9997750000245185,1.1800908581198702e-05,OR
G,M3,0,0.01281517354964439,6.742258811668811e-06,0.9871761514387754,1.9327527686566366e-06,OR
G,M3,0,0.18493794508279174,0.014934038410257942,0.8000807941430914,4.722236385892753e-05,OR
G,M3,0,0.00827375062027726,1.1347774074205086e-05,0.9917105255680013,4.376037647106932e-06,OR
G,M3,0,0.0006497913112316639,0.0001437639659750416,0.9992051504854339,1.2942373595057351e-06,OR
G,M3,0,0.13502167712616364,0.0006244773078825082,0.8643425781241245,1.1267441829159804e-05,OR
G,M3,0,3.4120282002744675e-05,1.1033127902572837e-05,0.9999489425182049,5.9040718897866835e-06,OR
G,M3,0,0.8393711262971778,1.678725334170735e-05,0.160581181222099,3.090522738148602e-05,B
G,M3,0,0.3744143995695354,0.007107793965932742,0.6183333048496957,0.00014450161483608054,OR
H,M3,0,5.597112848110604e-05,3.866077864595495e-05,4.453763027558762e-05,0.9998608304625972,N
H,M3,0,5.269757177760877e-07,3.735518160507168e-06,0.0005990441289028814,0.9993966933772188,N
H,M3,0,0.00044516242913398944,0.0025284547846374824,0.16828970509103675,0.8287366776951918,N
H,M3,0,6.292375424033167e-06,0.00018293337951231776,0.0006617074195545189,0.9991490668255091,N
H,M3,0,6.891518215500657e-07,2.2320092433037427e-05,0.001586596620793114,0.9983903941349522,N
H,M3,0,8.810464547368643e-05,0.023563620419551484,0.3721226004484987,0.6042256744864761,N
H,M3,0,0.00012019301344257544,0.041267076121234494,0.24573965691000865,0.7128730739553143,N
H,M3,0,3.279611684073049e-05,0.000665394935834136,0.0905808941314296,0.9087209148158955,N
H,M3,0,3.2673584099073612e-06,0.001113739732794243,0.9862394451769637,0.012643547731832093,OR
H,M3,0,0.00014127210356349007,0.006457008383191494,0.24731229493150053,0.7460894245817445,N
H,M3,0,0.0001130987563846705,0.02249337407645427,0.30638196065675927,0.6710115665104018,N
H,M3,0,1.6636061070930646e-05,0.00261665203539001,0.9557165428641957,0.0416501690393433,OR
H,M3,0,0.0008902058323107662,0.008687563381511828,0.4058042607379727,0.5846179700482047,N
H,M3,0,0.00011612045453114565,0.16869463902150306,0.1772892544009822,0.6538999861229836,N
H,M3,0,0.000184899215381762,0.015795711973150075,0.07099167432778541,0.9130277144836828,N
H,M3,0,0.0005767980684746122,0.0443994179956661,0.12740478477916103,0.8276189991566982,N
H,M3,0,7.942264790813024e-05,0.00668187567002892,0.14712379017657812,0.8461149115054848,N
H,M3,0,0.0006285268271319564,0.07200801130601572,0.29683116872790516,0.6305322931389471,N
H,M3,0,9.966986868610322e-05,0.008202181554643905,0.6798661389353909,0.31183200964127894,OR
H,M3,0,0.0002496260310717769,0.019945069681386686,0.5426056618760755,0.43719964241146614,OR
H,M3,0,4.9270566258148736e-05,0.011392403922523978,0.04729073234880223,0.9412675931624157,N
H,M3,0,0.0009509740105775817,0.04344567458066381,0.24896897713095445,0.7066343742778043,N
H,M3,0,0.02762377930301285,0.02999042539916162,0.5499803184329624,0.39240547686486316,OR
H,M3,0,0.0024699320600281727,0.009757475042313056,0.06184549836770316,0.9259270945299556,N
H,M3,0,0.009567435209211411,0.2984625638397036,0.687729458970631,0.0042405419804540075,OR
H,M3,0,0.0004878032358255455,0.02041034554430799,0.4846022516111042,0.4944995996087621,N
H,M3,0,0.0007958661168403788,0.0467877989239882,0.708739494840507,0.2436768401186644,OR
H,M3,0,0.000251338867324517,0.029879453694546792,0.5147052720239795,0.4551639354141492,OR
H,M3,0,0.0012732317002223286,0.10995191220946274,0.6244057408435907,0.26436911524672435,OR
H,M3,0,0.00017614491882762023,0.0022356734162571204,0.008626458747953281,0.988961722916962,N
H,M3,0,1.3174190576045205e-06,2.599354438678494e-05,0.00047467629508107594,0.9994980127414747,N
I,M3,0,4.766550638722053e-07,0.20597912597883214,0.7940202034024151,1.939636887947982e-07,OR
I,M3,0,1.6234303314999095e-06,0.5576813823512853,0.44231657545230746,4.1876607571488886e-07,IR
I,M3,0,1.8458458794472715e-07,0.0036138616736898555,0.9963859315150805,2.222664157105014e-08,OR
I,M3,0,2.5202170165090562e-05,0.36217756059307715,0.637794342893643,2.8943431146921567e-06,OR
I,M3,0,6.564694056026151e-06,0.04184083378378186,0.9574540892779011,0.0006985122442608867,OR
I,M3,0,6.525399271970107e-07,0.011210390331067934,0.9887887343156121,2.2281339274130314e-07,OR
I,M3,0,5.068099449793503e-07,0.9976420358445397,0.002357427689013655,2.9656501545023987e-08,IR
I,M3,0,5.069528461098408e-06,0.00292196609287616,0.9970729354777517,2.8900911058232056e-08,OR
I,M3,0,3.015875236891253e-06,0.03618456451342297,0.9638123119504655,1.0766087479221499e-07,OR
I,M3,0,1.2421865105119507e-05,0.019749666012950234,0.9802371482179794,7.639039652171748e-07,OR
I,M3,0,1.6568173930916988e-06,0.07246086549201804,0.9275373486101588,1.2908043002274002e-07,OR
I,M3,0,8.193242898068999e-07,0.20761549410885047,0.7923834678370442,2.187298155188106e-07,OR
I,M3,0,8.893500536846842e-07,0.9940434476333992,0.005955651405529078,1.1611018048814985e-08,IR
I,M3,0,2.182604689279654e-06,0.012628020354025401,0.987369458512734,3.385285513741889e-07,OR
I,M3,0,8.225927518499107e-07,0.0025838394172585898,0.9974149275656051,4.104243846421403e-07,OR
I,M3,0,1.1084170052328468e-06,0.00360471020421841,0.9963939540346359,2.273441403980697e-07,OR
I,M3,0,1.9081270462763608e-07,0.0014063735955691526,0.9985934016425747,3.3949151277710446e-08,OR
I,M3,0,2.060359704353763e-06,0.0029400540004573933,0.9970574819676119,4.0367222635385e-07,OR
I,M3,0,2.0930481441077765e-07,0.0036463855077404407,0.9963533508724484,5.4314996816141006e-08,OR
I,M3,0,1.5472458069480168e-05,0.027990033123225122,0.9719943642924596,1.3012624609105025e-07,OR
I,M3,0,2.2185725622927745e-07,0.0009452372234714189,0.9990545050527537,3.586651871799963e-08,OR
I,M3,0,4.954592185702941e-06,0.058336730628302504,0.9416573453196058,9.694599060277944e-07,OR
I,M3,0,6.33800409823509e-07,0.07670615165254992,0.9232924837869237,7.307601164546495e-07,OR
I,M3,0,9.202335819282843e-06,0.5097202861916215,0.49027028398792527,2.2748463387017195e-07,IR
I,M3,0,8.057668969350205e-08,0.9995113734440665,0.000488542553820857,3.4254229654705006e-09,IR
I,M3,0,1.1007727747359674e-05,0.22906813172117366,0.7709206895429803,1.7100809852668528e-07,OR
I,M3,0,3.5708958307883457e-07,0.9252079461835176,0.07479161943195982,7.729493949313698e-08,IR
I,M3,0,1.7646550036788856e-08,0.00019944231827773306,0.9998005140808993,2.5954273035768143e-08,OR
I,M3,0,3.378193942039305e-06,0.23968705124301531,0.7603091877955261,3.827675164544794e-07,OR
I,M3,0,7.628025010053502e-06,0.15297958905530873,0.8466597799038978,0.00035300301578349155,OR
I,M3,0,2.166329742540809e-08,0.9999577554674137,4.204105178339798e-05,1.8181750561580378e-07,IR
J,M3,0,4.226170714443664e-06,0.0014069717331082904,0.998588361358128,4.407380492589214e-07,OR
J,M3,0,3.8178253673054464e-07,0.00022945660139984521,0.9997701105618848,5.1054178623545626e-08,OR
J,M3,0,5.3983136207793135e-08,3.451713358018804e-06,0.999996487386306,6.917199838877747e-09,OR
J,M3,0,5.659148849873459e-07,0.001956960241243946,0.9980423336002551,1.402436158900269e-07,OR
J,M3,0,1.0026742340038708e-05,0.00922867231227071,0.9907597937039915,1.507241397656649e-06,OR
J,M3,0,2.339512239082691e-07,0.00017054170140339965,0.9998292017068771,2.264049569315432e-08,OR
J,M3,0,6.496979046100454e-07,0.00040391549772375113,0.9995954042431446,3.0561226970323983e-08,OR
J,M3,0,2.0995740986047316e-06,0.10720097267389705,0.8927966956825739,2.3206943046046467e-07,OR
J,M3,0,6.928811754344611e-08,6.876118281675704e-05,0.9999311316672785,3.786178714450465e-08,OR
J,M3,0,8.738193822733e-06,0.10284153863879296,0.8971488473339476,8.758334366437719e-07,OR
J,M3,0,1.3474077483196685e-07,0.00020263858049319235,0.9997971727813796,5.389735245302227e-08,OR
J,M3,0,9.020808967374236e-07,6.297388462894293e-05,0.9999361044604438,1.9574030632676195e-08,OR
J,M3,0,9.276530751564636e-09,5.700076936858346e-06,0.9999942892202252,1.4263072564646412e-09,OR
J,M3,0,3.0054154072420224e-06,0.00046782798714146116,0.9995290716715478,9.492590341411662e-08,OR
J,M3,0,7.843395228358525e-08,0.00028248878701698127,0.999717416311207,1.6467823701271013e-08,OR
J,M3,0,3.50254062022484e-06,0.0012603164986321547,0.9987357574330373,4.2352771021230175e-07,OR
J,M3,0,2.728218881754602e-06,0.0003248802091529249,0.9996723013575685,9.021439677064141e-08,OR
J,M3,0,2.729457007829099e-07,2.1632410615070817e-05,0.9999780089401771,8.57035070503213e-08,OR
J,M3,0,9.76470595947929e-08,5.0273427911861264e-05,0.9999496190434793,9.881549109712398e-09,OR
J,M3,0,7.150196588755162e-06,0.02624903419585947,0.9737423885453821,1.4270621698006013e-06,OR
J,M3,0,3.2546274341702023e-06,0.0014765812402404556,0.998519949881359,2.142509666322222e-07,OR
J,M3,0,2.3031602452593077e-07,0.00011473045370137303,0.9998844443270447,5.94903229377577e-07,OR
J,M3,0,1.7891070660351833e-08,2.9602257979400197e-05,0.9999703736616894,6.1892605274313675e-09,OR
J,M3,0,3.7472046130799e-07,0.00048070110031974984,0.9995188502849983,7.389422053666446e-08,OR
J,M3,0,8.048703306564243e-07,8.317698752136125e-05,0.9999159766924564,4.1449691579107176e-08,OR
J,M3,0,1.971637054147947e-06,0.0038567039210503063,0.9961409633642742,3.61077621574909e-07,OR
J,M3,0,1.0641328640708527e-06,0.0005068500637577013,0.9994919659916028,1.1981177524343835e-07,OR
J,M3,0,3.893957822455562e-06,0.022623534129898707,0.9773721744393481,3.9747293061481533e-07,OR
J,M3,0,1.8480546686370054e-06,0.0009029274858432176,0.9990949861014311,2.3835805683301883e-07,OR
J,M3,0,1.2351260729420234e-05,0.004504640901351677,0.995482788638358,2.191995610058082e-07,OR
J,M3,0,1.651214248298682e-06,0.0030433208807773286,0.9969546456545758,3.8225039856854766e-07,OR
K,M3,0,0.45359834963757206,0.0010997991307956033,0.5338512779854282,0.011450573246204233,OR
K,M3,0,0.0009240486566331193,0.00283460170050798,0.9958897190978189,0.0003516305450400144,OR
K,M3,0,0.31560393657921865,0.09782460132931359,0.5804485710981119,0.00612289099335588,OR
K,M3,0,0.9569516295998167,0.036897462626650224,0.005901176501012671,0.0002497312725203691,B
K,M3,0,0.0004436189680246139,0.007269108996341644,0.9922767240903714,1.0547945262597524e-05,OR
K,M3,0,7.253749629409345e-05,5.0200982780709285e-05,0.9998769073504266,3.5417049872659064e-07,OR
K,M3,0,0.002944655703139208,0.0003867548169065214,0.9966245575061103,4.403197384399484e-05,OR
K,M3,0,0.006330379243479208,0.22350350324285487,0.7624190970873168,0.007747020426349165,OR
K,M3,0,0.24473665784121218,0.05394301383200534,0.4987568025765707,0.20256352575021178,OR
K,M3,0,0.030321256747673858,0.9357016706102322,0.032011249990114184,0.001965822651979888,IR
K,M3,0,0.023842801427488833,4.5807915514996154e-05,0.9757948871753634,0.0003165034816325879,OR
K,M3,0,0.04991119520700733,0.8010257622699453,0.13736188482106085,0.011701157701986653,IR
K,M3,0,0.9146507944390017,0.06230339408119535,0.020058536899435864,0.0029872745803672844,B
K,M3,0,0.08522004750747586,0.155268422043912,0.7579110032473482,0.0016005272012637737,OR
K,M3,0,0.0023620150827537005,0.013708010768037961,0.9837365478543001,0.0001934262949082059,OR
K,M3,0,0.003629595552771453,0.0004944849716207994,0.995821748564904,5.41709107036419e-05,OR
K,M3,0,0.0007822773280465154,3.9586363953044055e-06,0.9991968298592432,1.693417631498163e-05,OR
K,M3,0,0.013190733210328428,0.006624803950647755,0.9801779283259057,6.5345131180439324e-06,OR
K,M3,0,0.2951101611378956,0.3138043327423611,0.3607073086993779,0.030378197420365363,OR
K,M3,0,0.008236326133772108,0.0064562252412954995,0.9835645449259045,0.0017429036990277578,OR
K,M3,0,0.0051009004079905634,7.112705539747515e-05,0.9947909004029295,3.7072133682342336e-05,OR
K,M3,0,9.358445940674292e-05,2.24818746737784e-06,0.9999033130361135,8.543170125027615e-07,OR
K,M3,0,0.0007293405540691332,0.0005995308809519565,0.9986551190378631,1.6009527115744698e-05,OR
K,M3,0,0.011371649994562404,0.029479857977716763,0.958855418915358,0.000293073112362766,OR
K,M3,0,0.24531678600869825,0.40141903636939513,0.33226296957307816,0.02100120804882848,IR
K,M3,0,0.6284878396467615,0.03089420529924314,0.31266122553978926,0.027956729514206045,B
K,M3,0,0.9713938543071399,0.022445753635425156,0.0054253765937740195,0.0007350154636608957,B
K,M3,0,0.10584395917987482,0.3691135496795427,0.5240926648532828,0.0009498262872997658,OR
K,M3,0,0.5904423477912984,0.024815179099656158,0.384111268901552,0.0006312042074933299,B
K,M3,0,0.03495814766058764,0.005250022424150264,0.9597650236575453,2.6806257716683135e-05,OR
K,M3,0,0.007414424743983056,0.002513057962878454,0.9900665552838487,5.962009289921211e-06,OR
L,M3,0,0.043294222297418965,0.0012330379235480804,0.954706377571312,0.0007663622077209096,OR
L,M3,0,0.9085343927117612,0.027942036116774035,0.06255144955470993,0.0009721216167548271,B
L,M3,0,0.9132917404383438,0.01162765050528588,0.07501606348491861,6.454557145169318e-05,B
L,M3,0,0.009640286377219455,0.001038994490145155,0.9890588613604274,0.0002618577722079385,OR
L,M3,0,0.004847544727063275,2.1945370404548522e-05,0.9950534835729465,7.702632958553943e-05,OR
L,M3,0,0.14013316029153922,0.052884569688544984,0.7982652308035205,0.008717039216395205,OR
L,M3,0,0.17127982049222723,0.012469941973485754,0.8147305170137727,0.0015197205205141724,OR
L,M3,0,0.4768171588708367,0.002826747263055981,0.5201508426227918,0.00020525124331552413,OR
L,M3,0,0.7354785203064146,0.08103154017589646,0.18120391800229252,0.0022860215153965298,B
L,M3,0,0.9721472215203966,0.0003009421012272721,0.027494568461014054,5.726791736218615e-05,B
L,M3,0,0.9641661718895578,0.020840745014481573,0.011635317297883566,0.0033577657980773203,B
L,M3,0,0.9923133446353355,0.0009646214817528574,0.006604088440216073,0.00011794544269550053,B
L,M3,0,0.98306517367364,0.011126052125987055,0.005695737255355608,0.00011303694501751869,B
L,M3,0,0.31726712463657,0.016687225892676478,0.665414774558186,0.000630874912567598,OR
L,M3,0,0.5971873573364018,0.0007063218363531929,0.4013418137822771,0.0007645070449677297,B
L,M3,0,0.5979328080765051,0.13907344787565304,0.26282810824834213,0.00016563579949972637,B
L,M3,0,0.94308110348827,0.041096337247753856,0.015606147330334278,0.00021641193364195347,B
L,M3,0,0.2612570383886529,0.12190200768239028,0.6161208933287017,0.000720060600255077,OR
L,M3,0,0.3242764347240129,0.30452800241767264,0.3705648503517309,0.0006307125065834883,OR
L,M3,0,0.1008588270739587,0.3556918931110255,0.542673973159919,0.0007753066550967556,OR
L,M3,0,0.49334203111275604,7.908005540172438e-05,0.5064166458226917,0.00016224300915045726,OR
L,M3,0,0.08515366728853253,0.0011841078450944465,0.9133456079709655,0.00031661689540762644,OR
L,M3,0,0.7326953690572793,0.20084929600409362,0.06607293356286018,0.0003824013757670427,B
L,M3,0,0.9884653625047266,5.9504982695750774e-05,0.011468832919084487,6.299593493061722e-06,B
L,M3,0,0.14828667535312787,0.0002042698726083888,0.8511934848685713,0.0003155699056924387,OR
L,M3,0,0.9270696799034599,0.05465635167397739,0.007277621704487918,0.010996346718074833,B
L,M3,0,0.10160297844381723,0.0005282551102777401,0.8978117914670448,5.6974978860200477e-05,OR
L,M3,0,0.43811950813130895,0.17407529724454135,0.3776551913838639,0.010150003240285683,B
L,M3,0,0.0022282087554308014,0.00010540997234720418,0.9972312966605615,0.0004350846116605926,OR
L,M3,0,0.17508043960756958,0.0005653340175527875,0.8241692468826411,0.0001849794922363908,OR
L,M3,0,0.2349691562091975,0.00035587249895712277,0.7622242687738385,0.0024507025180068778,OR
M,M3,0,0.4527504343159936,0.44754480269461744,0.0024205279941671566,0.09728423499522189,B
M,M3,0,0.208195342979702,0.5412423044095864,0.13041080588983414,0.12015154672087743,IR
M,M3,0,0.21797274140467418,0.1519165527638703,0.450739564526798,0.17937114130465756,OR
M,M3,0,0.11404357570891006,0.19508429967983268,0.010653842577344511,0.6802182820339127,N
M,M3,0,0.5987327582590439,0.24070619048587477,0.011195368838436992,0.14936568241664425,B
M,M3,0,0.23632511700206474,0.547708014952251,0.0882805299522766,0.12768633809340763,IR
M,M3,0,0.43502107561939096,0.057893307946191776,0.0010675148895857266,0.5060181015448315,N
M,M3,0,0.30284261726936146,0.53944641752521,0.021166430156881133,0.13654453504854747,IR
M,M3,0,0.4976287792456046,0.1229609125964675,0.023597004339161884,0.355813303818766,B
M,M3,0,0.6832678890228422,0.2948996740897079,0.016800423231739095,0.005032013655710861,B
M,M3,0,0.04124935057218364,0.014751254504372082,0.0005088188458224675,0.9434905760776218,N
M,M3,0,0.11370602436781325,0.8084506053223682,0.03234972701237557,0.04549364329744299,IR
M,M3,0,0.013700450191931298,0.00735322066997996,0.006725443295190936,0.9722208858428979,N
M,M3,0,0.012159756303792364,0.003086261623841074,0.0009599216015633714,0.9837940604708032,N
M,M3,0,0.050664977873213946,0.8666883323194609,0.03314886522457247,0.04949782458275267,IR
M,M3,0,0.33701220120909453,0.14291041196236295,0.3091823403453732,0.21089504648316934,B
M,M3,0,0.09191758034242015,0.3852333432679804,0.5023773800404422,0.020471696349157225,OR
M,M3,0,0.32201182758497,0.3355785166385652,0.035013282572836035,0.3073963732036287,IR
M,M3,0,0.6667220347918844,0.09438197035177504,0.003044722596793198,0.23585127225954725,B
M,M3,0,0.5559540918373371,0.09885794653111644,0.013639537072518419,0.331548424559028,B
M,M3,0,0.13316998581204353,0.4467804521119763,0.017648505416052583,0.40240105665992765,IR
M,M3,0,0.4786604256101471,0.14829334005236117,0.004203890575824983,0.3688423437616668,B
M,M3,0,0.17304047516604018,0.18768694161390095,0.003392568078894516,0.6358800151411644,N
M,M3,0,0.17699558216091693,0.16115113456283978,0.008839947537705537,0.6530133357385377,N
M,M3,0,0.08238381349621667,0.0047483658979610545,0.002978415785311398,0.9098894048205107,N
M,M3,0,0.290280185883004,0.05604376679572063,0.022298066852601238,0.6313779804686741,N
M,M3,0,0.5527140902888534,0.17962082149071415,0.2212213203800926,0.046443767840339774,B
M,M3,0,0.21442678868448353,0.305436667205135,0.3144740095302131,0.16566253458016827,OR
M,M3,0,0.008897002469526417,0.00972620275964508,0.9785294897935801,0.002847304977248436,OR
M,M3,0,0.06013397725785993,0.014321137078536368,0.033754612732134974,0.8917902729314686,N
M,M3,0,0.781517829582515,0.12047892760239381,0.027965671353881873,0.07003757146120931,B
N,M3,0,6.282509409644051e-07,0.5149080483545588,0.4849936788320198,9.76445624804907e-05,IR
N,M3,0,3.8561329798522036e-07,0.7894839934304673,0.21051183446748642,3.7864887485365936e-06,IR
N,M3,0,6.305030764805582e-06,0.013088820754930359,0.9869042846219983,5.895923066661073e-07,OR
N,M3,0,8.68181906689866e-07,0.002379697429892745,0.9976193379133282,9.64748724777539e-08,OR
N,M3,0,7.566400401387287e-08,0.9976270921616186,0.0023716727439499373,1.1594304273925797e-06,IR
N,M3,0,1.8871661501541287e-05,0.3866101350924264,0.6133161550670412,5.483817903077623e-05,OR
N,M3,0,7.806738022714771e-07,0.9784079605897866,0.02159116118957132,9.754683986995624e-08,IR
N,M3,0,1.3695862419743145e-05,0.24821866321953207,0.7517667285129128,9.124051353080839e-07,OR
N,M3,0,6.286975982277872e-07,0.0003048628543132493,0.9996944201514798,8.829660881554575e-08,OR
N,M3,0,8.94122661107903e-08,0.999132984975208,0.0008668017567437068,1.2385578221196017e-07,IR
N,M3,0,1.3169794578709736e-05,0.33010971184153765,0.6698762872256155,8.311382682616295e-07,OR
N,M3,0,1.2518864041476943e-08,0.000226489833571666,0.999773487185858,1.0461706237176827e-08,OR
N,M3,0,6.5564306512530985e-06,0.8444404207599607,0.1555313699816405,2.1652827747410662e-05,IR
N,M3,0,1.763154389033186e-07,0.7026136136006325,0.2973838989371343,2.3111467942562392e-06,IR
N,M3,0,1.7137054583495905e-07,0.37225734327532356,0.6277424443890982,4.096503236304258e-08,OR
N,M3,0,5.789671264311552e-06,0.004937175731318027,0.9950566298368195,4.0476059820475166e-07,OR
N,M3,0,1.256256705873729e-07,0.9985745567485546,0.001424795994977027,5.216307980723377e-07,IR
N,M3,0,4.990610943547436e-07,0.7507648017140554,0.24923284104352145,1.8581813287778722e-06,IR
N,M3,0,9.298717964396638e-06,0.3135021319417435,0.6864871644452195,1.4048950726213677e-06,OR
N,M3,0,3.125510635282392e-07,0.412304082062217,0.5876223642126406,7.324117407884739e-05,OR
N,M3,0,2.8971676845569746e-06,0.00624339853004026,0.9937535885202443,1.1578203082470647e-07,OR
N,M3,0,1.5309769259613656e-05,0.7882155768353171,0.21176747670655524,1.6366888680000015e-06,IR
N,M3,0,3.8133454530073527e-06,0.967540455039248,0.032435354439051635,2.0377176247371855e-05,IR
N,M3,0,8.1385603056123e-06,0.8521584840475004,0.1478123301457628,2.1047246431056805e-05,IR
N,M3,0,1.427869813071939e-06,0.9195049481788814,0.08047587507381604,1.774887748941792e-05,IR
N,M3,0,2.5154235221517977e-07,0.9991664756035117,0.000832075494528277,1.1973596078904903e-06,IR
N,M3,0,4.806806941341889e-09,0.0001269879804704092,0.9998729934530336,1.3759689192507928e-08,OR
N,M3,0,3.9530948679030264e-08,0.0042255807410676235,0.9957742657549896,1.1397299399810798e-07,OR
N,M3,0,1.7939628746302258e-07,0.996831593989833,0.0031434582851821396,2.4768328697360817e-05,IR
N,M3,0,3.4297082928678883e-09,0.997499570740098,0.002500017994672815,4.078355207419571e-07,IR
N,M3,0,1.5473694626289181e-06,0.694364786169457,0.3056328905715281,7.758895522656691e-07,IR
O,M3,0,0.0069581208271754635,9.397611608833584e-05,0.9929461186525819,1.7844041543791502e-06,OR
O,M3,0,0.18322888680060165,0.5149831741478135,0.3017245258831375,6.341316844737451e-05,IR
O,M3,0,0.0002203980517744162,0.001372906830372797,0.9984048633844369,1.8317334158038565e-06,OR
O,M3,0,0.9463866838630514,0.04766548368558412,0.0014630884336324598,0.004484744017732201,B
O,M3,0,0.8973093687697206,0.0826636531302547,0.015927989941487482,0.004098988158537222,B
O,M3,0,0.8976845559348743,3.0715249066924006e-05,0.10131986051606227,0.0009648682999964795,B
O,M3,0,0.026801024808559237,0.0228782146484571,0.9491146447481994,0.0012061157947842816,OR
O,M3,0,0.28814054720855076,2.6075950295721657e-05,0.7118103075539668,2.306928718680485e-05,OR
O,M3,0,0.8763613255048879,0.012794203997014314,0.11048638371539764,0.00035808678270003003,B
O,M3,0,0.46467121506352876,0.021239973177002932,0.513044811592102,0.0010440001673662957,OR
O,M3,0,0.23318030629139389,0.0014450961321550344,0.7650431305526912,0.0003314670237597403,OR
O,M3,0,0.34159964467087783,0.12914678431967652,0.5233097640769551,0.005943806932490617,OR
O,M3,0,0.9765856759825029,0.004043796866042471,0.0190733653339184,0.0002971618175361846,B
O,M3,0,0.5891217148901371,0.09473186206407304,0.3083790603175527,0.007767362728237109,B
O,M3,0,0.7929484787610682,0.0013111147012247436,0.20523023048853722,0.0005101760491697553,B
O,M3,0,0.05540218737635664,0.00028816845085746095,0.9436734270851495,0.0006362170876365461,OR
O,M3,0,0.11875681729983804,0.00041191988373704346,0.8805130719739674,0.00031819084245742147,OR
O,M3,0,0.8584589736276671,0.07822196651045017,0.03907639617842448,0.024242663683458173,B
O,M3,0,0.00870570740246581,2.747528708159235e-05,0.9910463411806579,0.00022047612979469503,OR
O,M3,0,0.9678280675682819,0.0006088099779673364,0.031318294439882224,0.00024482801386869666,B
O,M3,0,0.9794817142275921,0.012139830897931877,0.008297291951036017,8.116292343998273e-05,B
O,M3,0,0.09890167177124845,0.000357374585490157,0.9006860210762562,5.493256700529766e-05,OR
O,M3,0,0.9295780989819219,0.01127263001516973,0.044600232342346516,0.014549038660561895,B
O,M3,0,0.0769270281245056,0.002859714949701603,0.9089598378275288,0.011253419098263998,OR
O,M3,0,0.13740588572953483,0.0016288192252925293,0.859246339229821,0.001718955815351668,OR
O,M3,0,0.019514793927845813,0.03868300298359317,0.9402086870348931,0.0015935160536678697,OR
O,M3,0,0.9185961207143136,0.0808834292762985,0.0002275437777517965,0.000292906231636147,B
O,M3,0,0.028717038576004113,0.0004237592020911319,0.9706538558666247,0.00020534635528013086,OR
O,M3,0,0.9983444347985683,0.0010339523769145095,0.0005016147542683887,0.00011999807024891077,B
O,M3,0,0.9668229757808233,0.03283346176859981,0.00018709101373362073,0.00015647143684318482,B
O,M3,0,0.9420817812456099,0.017905953620244476,0.038532796571423646,0.0014794685627218082,B
P,M3,0,0.8531856928878023,0.009667751881337594,0.136911810514948,0.00023474471591198386,B
P,M3,0,0.35269723100266553,0.005662829580269659,0.6388868135266471,0.002753125890417698,OR
P,M3,0,0.06545627882634535,0.19969597776191642,0.7275207787228538,0.007326964688884442,OR
P,M3,0,0.0033440103226551597,0.9733005177952189,0.022937015883435247,0.0004184559986906977,IR
P,M3,0,0.04400526932402003,0.0007794235032874539,0.9547074687027501,0.0005078384699422965,OR
P,M3,0,0.9522792486008103,0.013439868241428463,0.03384224759735764,0.00043863556040354756,B
P,M3,0,0.9524956949416746,0.030300270327023666,0.015021286322736343,0.002182748408565437,B
P,M3,0,0.17902553997445197,0.514775681792864,0.3055781894396798,0.000620588793004194,IR
P,M3,0,0.014643953080562969,0.02035086962421602,0.9611495486293729,0.003855628665848167,OR
P,M3,0,0.9375997387715342,0.011385656504377202,0.05040334154273926,0.000611263181349235,B
P,M3,0,0.7218420904608237,0.08340551594498148,0.1909950663858728,0.0037573272083218957,B
P,M3,0,0.6832577362929518,0.25354431882366585,0.06102701922889193,0.0021709256544904824,B
P,M3,0,0.949621558116279,0.00023389110226963727,0.04961416867099894,0.0005303821104523357,B
P,M3,0,0.3462099836059836,0.0011482805477863282,0.6502879972208798,0.002353738625350319,OR
P,M3,0,0.09865604317785245,0.0014990465945786055,0.8997415414245402,0.00010336880302878118,OR
P,M3,0,0.9324723605048251,0.0010533555713436193,0.061153597476004504,0.005320686447826873,B
P,M3,0,0.687738519547886,0.0007760858144117919,0.31128152330493686,0.00020387133276518222,B
P,M3,0,0.3802600611207188,0.12743700425696264,0.4878808293454808,0.004422105276837711,OR
P,M3,0,0.7137040855096671,0.26838091835045713,0.013021818396384293,0.004893177743491469,B
P,M3,0,0.09520282158573093,0.21883659049215634,0.6815312490905723,0.0044293388315405895,OR
P,M3,0,0.9980287853843832,0.0002758462317798842,0.0014600059917666362,0.00023536239207042056,B
P,M3,0,0.9058514805305851,0.020176620685577153,0.07035549794571427,0.0036164008381236183,B
P,M3,0,0.3430892731280191,0.19104248843026198,0.4592962721693743,0.006571966272344561,OR
P,M3,0,0.47136339348431194,0.03653010653733153,0.4854704459356047,0.006636054042751825,OR
P,M3,0,0.9820822731224815,0.0030155102315745394,0.013992034522302695,0.0009101821236412495,B
P,M3,0,0.20334275356640202,0.344730228379115,0.4480172433581065,0.003909774696376378,OR
P,M3,0,0.8001466536018004,0.024538530992227484,0.1738844937300374,0.0014303216759345672,B
P,M3,0,0.527630989144889,0.0932348365533688,0.3698771729967924,0.009257001304949788,B
P,M3,0,0.5361251507528833,0.10739665877789302,0.34382520528678506,0.012652985182438806,B
P,M3,0,0.947982661133284,0.011896324102431601,0.03843848576121935,0.0016825290030651656,B
P,M3,0,0.8803420791862061,0.013144620952705773,0.0952070464639468,0.011306253397141162,B
A,M3,1,0.08130826260612319,0.07149021299066458,0.8442470371815549,0.002954487221657461,OR
A,M3,1,0.5499022155216339,0.1339009882823715,0.31321866917983326,0.002978127016161476,B
A,M3,1,0.792961723646233,0.028670676665732447,0.16551303832863373,0.012854561359400827,B
A,M3,1,0.03860066595987267,0.0005347901180606577,0.9607303156905191,0.00013422823154751615,OR
A,M3,1,0.5876073872491597,0.30074078154341655,0.10788828386163225,0.003763547345791571,B
A,M3,1,0.509688000383327,0.20012241391263452,0.284419971855052,0.0057696138489864825,B
A,M3,1,0.022940842884251487,0.4390676232570041,0.5367607412951496,0.0012307925635947705,OR
A,M3,1,0.8652642313644878,0.024286036528832634,0.10662693835793137,0.0038227937487480125,B
A,M3,1,0.0654347675027765,0.00016293516015412787,0.9334346963797887,0.0009676009572805824,OR
A,M3,1,0.10052943106721957,0.8098719415992147,0.066895336463764,0.022703290869801756,IR
A,M3,1,0.2356445020660233,0.06938615006417596,0.6945750341744238,0.00039431369537695174,OR
A,M3,1,0.034550565473102875,0.0011129341118697852,0.9642537595982545,8.274081677270361e-05,OR
A,M3,1,0.906684966106993,0.047087657924439315,0.04583491915310375,0.0003924568154638642,B
A,M3,1,0.17623385228919464,0.7467139631062002,0.0768673202671099,0.00018486433749521545,IR
A,M3,1,0.6927057214933974,0.016799858204250964,0.2902896079781551,0.00020481232419652668,B
A,M3,1,0.6257070896537885,0.0006730155510290056,0.3719351256561404,0.0016847691390421199,B
A,M3,1,0.8761130831238781,0.05529006080446171,0.06713088197086141,0.0014659741007988117,B
A,M3,1,0.982159669175126,0.006098450598982457,0.010482385784915907,0.0012594944409753438,B
A,M3,1,0.8268418857688783,0.0013587805011490983,0.17153040782430398,0.00026892590566874783,B
A,M3,1,0.32332880485671966,0.33934790358478534,0.33608115076033834,0.001242140798156575,IR
A,M3,1,0.7070069327448435,0.09869040214249616,0.19290217973978355,0.0014004853728768751,B
A,M3,1,0.3450255880388698,0.0005903245304520251,0.6517095890884672,0.002674498342210934,OR
A,M3,1,0.4991276584126126,0.1248117469138638,0.3260487919238633,0.05001180274966032,B
A,M3,1,0.7178579527913549,0.011383137432796786,0.26396219288895545,0.0067967168868926595,B
A,M3,1,0.5056340189118806,0.05863578622349266,0.31687554401843515,0.11885465084619157,B
A,M3,1,0.980040102804726,0.010270459365471956,0.002809358978501717,0.006880078851300248,B
A,M3,1,0.7367799161107325,0.20682856957696483,0.04611157178974253,0.010279942522560119,B
A,M3,1,0.7824254855275026,0.00023139460744300025,0.21711547925795704,0.00022764060709743123,B
A,M3,1,0.07190500922287801,0.001334391581059835,0.9263771131820409,0.0003834860140212297,OR
A,M3,1,0.7043042844281248,0.045906857912798894,0.24785779634151245,0.001931061317563882,B
A,M3,1,0.7457501855458747,0.1402420558025267,0.11229630715158292,0.0017114515000158646,B
B,M3,1,7.019365875218252e-06,1.3045070152034881e-06,0.9999916633869532,1.2740156359701675e-08,OR
B,M3,1,0.002329783679998501,2.5794545408218875e-07,0.9976697748785605,1.8349598692491656e-07,OR
B,M3,1,0.8500436963435611,0.0004514908981608578,0.1495037711404016,1.0416178765520134e-06,B
B,M3,1,0.15955889016182345,0.3747271256057246,0.4656978523590144,1.6131873437514327e-05,OR
B,M3,1,0.41966885177251123,0.004330371097313421,0.5759925871178369,8.190012338504089e-06,OR
B,M3,1,0.41052430735603107,0.4190854397835267,0.17037909317572963,1.115968471257146e-05,IR
B,M3,1,0.0040153743712395525,0.00208907190582524,0.9938937629028766,1.790820058630205e-06,OR
B,M3,1,0.004701181957037951,7.492664323998913e-05,0.9952072449395312,1.664646019090131e-05,OR
B,M3,1,0.8819863275799072,7.463430259941816e-05,0.11793780439436824,1.2337231251102139e-06,B
B,M3,1,0.11264071370154871,0.007115677141731159,0.8802413924847987,2.216671921341672e-06,OR
B,M3,1,0.07765509745765202,0.0024596469934021377,0.9198776049857027,7.650563243144832e-06,OR
B,M3,1,0.042054471131467035,0.03608678769895264,0.9218029628831379,5.577828644255063e-05,OR
B,M3,1,0.8801172338217487,0.11692939400389456,0.0029455730879424102,7.799086414320508e-06,B
B,M3,1,0.009923593282585186,0.010896394473397002,0.979178307636516,1.704607501774401e-06,OR
B,M3,1,0.01862680612901187,0.11351817189111174,0.8678505116840374,4.51029583911913e-06,OR
B,M3,1,4.784701370424394e-05,4.173720083257363e-06,0.9999477237561494,2.5551006303460586e-07,OR
B,M3,1,0.017122537922432627,0.00022607413424525303,0.9826388962367719,1.2491706550119186e-05,OR
B,M3,1,0.07728004305189028,0.0007566743319436397,0.9219611217722453,2.160843920765569e-06,OR
B,M3,1,0.02286174635950267,0.00017091241915989912,0.9769666502247043,6.909966331299134e-07,OR
B,M3,1,0.24780106187265483,0.6794543597457109,0.07272793476174617,1.6643619888108543e-05,IR
B,M3,1,0.000284151602171692,0.00017512393973520874,0.9995402727411469,4.517169461449242e-07,OR
B,M3,1,0.0417190975093138,0.0013546581558172646,0.956923809972216,2.4343626527829875e-06,OR
B,M3,1,0.9039278498818561,0.00027023880690780984,0.09579642297628034,5.488334955763544e-06,B
B,M3,1,0.07425258482184476,0.0003755207013894561,0.9253699334953137,1.960981451987993e-06,OR
B,M3,1,0.7759578973187852,2.137524527830836e-05,0.2240202572207169,4.7021521948134014e-07,B
B,M3,1,0.0015167763436807272,2.7390388954105442e-05,0.9984540001402852,1.8331270798438377e-06,OR
B,M3,1,0.13112081258726335,0.019267786529453917,0.8496062953415837,5.1055416989060524e-06,OR
B,M3,1,0.8192284273654871,0.01322349232613255,0.16750639197346137,4.168833491890528e-05,B
B,M3,1,0.9981142780508315,0.0008442954168404733,0.0010284191651674737,1.300736716057088e-05,B
B,M3,1,0.06733352862522878,0.3837796512417789,0.5488393735090832,4.744662390924222e-05,OR
B,M3,1,0.00022761801312865212,0.009301345155457497,0.9904699278544769,1.1089769369812537e-06,OR
C,M3,1,1.1561721270887791e-07,1.0584061486912984e-05,0.9999892098568373,9.046446299427238e-08,OR
C,M3,1,1.7911790484900952e-08,2.887329036298688e-05,0.9999710928441312,1.5953715130861273e-08,OR
C,M3,1,7.516801177078406e-07,0.00047027345021015995,0.9995288059972959,1.6887237613213062e-07,OR
C,M3,1,4.399149662491249e-07,0.0004719500474704869,0.9995274923774644,1.1766009862562126e-07,OR
C,M3,1,8.414879911396108e-06,0.0009731189571101498,0.9990182255821877,2.4058079078672056e-07,OR
C,M3,1,1.9235683191747622e-08,7.155631887368747e-06,0.9999928125461269,1.2586302489994092e-08,OR
C,M3,1,1.9354134443336022e-07,2.2109089011752875e-05,0.9999776334927339,6.387690985324823e-08,OR
C,M3,1,1.1714026704005324e-08,1.7649349629297746e-05,0.9999823257924626,1.3143881445251515e-08,OR
C,M3,1,4.950851020681585e-08,1.060883975082218e-05,0.9999893112731751,3.037856377869248e-08,OR
C,M3,1,9.000717536674963e-08,0.0003359143810905436,0.9996639515537104,4.4058023770406205e-08,OR
C,M3,1,1.0647278385357798e-07,1.677142808142676e-05,0.9999830772823518,4.481678292688085e-08,OR
C,M3,1,1.050360756945849e-07,0.0014642353883893336,0.9985354114021191,2.4817341580199703e-07,OR
C,M3,1,3.6143741519706235e-07,0.0004704162658172333,0.9995290203797517,2.0191701593793983e-07,OR
C,M3,1,3.370281862747673e-08,4.1738252448263065e-05,0.9999582155887763,1.2455956932371422e-08,OR
C,M3,1,2.627211947641486e-07,8.091422539250105e-05,0.9999187974572826,2.5596130329510333e-08,OR
C,M3,1,1.0319203664263381e-07,1.5670611826708628e-05,0.9999841884131013,3.778303519876861e-08,OR
C,M3,1,4.504275978011867e-06,0.0037368321859587955,0.996258203748357,4.597897060225513e-07,OR
C,M3,1,8.261346254492771e-09,1.5542777056619555e-05,0.9999844290351774,1.9926419841563864e-08,OR
C,M3,1,1.0843921729894693e-06,0.02075469863850879,0.9792433038436965,9.131256216384483e-07,OR
C,M3,1,6.445438601942528e-08,8.047114082410808e-06,0.9999918622625726,2.6168959044988052e-08,OR
C,M3,1,2.3256062367155522e-07,0.0003413460356162015,0.9996582929221738,1.284815862907817e-07,OR
C,M3,1,2.2260799820208448e-07,8.357481305240762e-05,0.9999160808926467,1.2168630266992128e-07,OR
C,M3,1,2.5200814568108054e-08,2.023224732424029e-05,0.9999797264901621,1.6061699174895967e-08,OR
C,M3,1,1.6712808639594543e-07,0.00014037851809043327,0.9998593960389502,5.831487312455479e-08,OR
C,M3,1,1.4812913994385862e-07,3.3775413394743954e-05,0.9999659921301948,8.432727054597437e-08,OR
C,M3,1,3.196285412148408e-07,1.548424408015329e-05,0.9999841453113252,5.081605348481619e-08,OR
C,M3,1,8.516589344565663e-09,1.8700526147685206e-06,0.9999981070074949,1.4423300980206745e-08,OR
C,M3,1,5.6469588984978824e-08,3.08546439135053e-06,0.9999968359707909,2.209522884814861e-08,OR
C,M3,1,3.7050292177728545e-07,5.113027380660908e-05,0.9999484603099729,3.8913298937054254e-08,OR
C,M3,1,4.6189530919200526e-08,1.7800207307957397e-05,0.9999821229541784,3.064898279391641e-08,OR
C,M3,1,2.5205743390880944e-07,2.6448798287105564e-06,0.9999970665454633,3.651727422573349e-08,OR
D,M3,1,0.4188050170258303,0.0035436943305816567,0.5771456165658786,0.0005056720777095226,OR
D,M3,1,0.9826975722291542,0.012669144070716998,0.003431642326492556,0.0012016413736361956,B
D,M3,1,0.36394028653304356,0.0079468287435082,0.6278102111720524,0.0003026735513958823,OR
D,M3,1,0.21567852376338936,0.22379972090158312,0.5583644566525052,0.002157298682522286,OR
D,M3,1,0.3350869823896465,0.017637815659510832,0.6453551475036162,0.0019200544472265284,OR
D,M3,1,0.2067121835716546,0.782069240062699,0.008239311746178982,0.0029792646194674063,IR
D,M3,1,0.9736852190542263,0.0001786543971819903,0.024502918975403,0.001633207573188702,B
D,M3,1,0.23210457686120572,0.6603138354648512,0.10701530628611651,0.0005662813878265214,IR
D,M3,1,0.6363778204707934,0.002378525586464992,0.3609674529227699,0.00027620101997158033,B
D,M3,1,0.8281689775675759,0.018749217448677906,0.1511421552987077,0.0019396496850386236,B
D,M3,1,0.25317561196899935,0.6236615367897997,0.12254995110217269,0.0006129001390281736,IR
D,M3,1,0.9858345184430471,0.007171956789727026,0.005494172122895988,0.0014993526443298972,B
D,M3,1,0.1261442801976824,0.0068287886654099204,0.8666994692576228,0.0003274618792849118,OR
D,M3,1,0.07480863376399947,0.017587408343762823,0.9063498644052463,0.001254093486991318,OR
D,M3,1,0.9210316621442317,0.00017159659348245512,0.07858414990784728,0.00021259135443856315,B
D,M3,1,0.1989796449620386,0.6313687696957487,0.09905752806570568,0.07059405727650704,IR
D,M3,1,0.026657932284786027,0.00018348306447760646,0.9711174571527874,0.0020411274979488417,OR
D,M3,1,0.6115970292372978,0.15296580521344974,0.231666503101363,0.003770662447889476,B
D,M3,1,0.5563881175451374,0.1170330178585139,0.3109214302532991,0.015657434343049725,B
D,M3,1,0.2981526080192488,0.010299457803836027,0.6874996593728272,0.0040482748040879535,OR
D,M3,1,0.35644505307886765,0.005951026699793108,0.6303535409025216,0.007250379318817814,OR
D,M3,1,0.8685402214607154,0.032410360133882016,0.09673303935832718,0.002316379047075573,B
D,M3,1,0.9548820874663004,0.029625389211485314,0.013938576676751285,0.0015539466454629817,B
D,M3,1,0.5167964152106876,8.614843239036878e-05,0.4828628230794082,0.0002546132775137903,B
D,M3,1,0.93968557387838,0.0011410939727786095,0.05808538386897822,0.0010879482798630711,B
D,M3,1,0.9848177435652241,4.281642828140575e-05,0.014451631368772307,0.0006878086377221399,B
D,M3,1,0.009671906932140822,0.1270238257836879,0.8604114407510733,0.002892826533097794,OR
D,M3,1,0.15774993612197707,0.03476312886759289,0.7869911156866473,0.020495819323782746,OR
D,M3,1,0.4398163862467291,0.00031131752714606137,0.5584945842459682,0.0013777119801566592,OR
D,M3,1,0.983897672253997,0.004023150793148643,0.007962705916114246,0.004116471036740015,B
D,M3,1,0.9616202568509271,0.010182581557487623,0.026562122965297044,0.0016350386262882855,B
E,M3,1,5.015035492916644e-07,0.019166327544494155,0.9808326650197838,5.059321728381446e-07,OR
E,M3,1,3.9151710979996285e-07,0.005715142695513109,0.9942840498910319,4.158963451848813e-07,OR
E,M3,1,1.0280502888417649e-06,0.016378154874952665,0.9836201527768711,6.642978872600675e-07,OR
E,M3,1,7.098264502039775e-08,0.0015946298766996215,0.9984052012050694,9.793558592581445e-08,OR
E,M3,1,2.8960522328677413e-06,0.10310168240621741,0.8966625480956023,0.00023287344594735614,OR
E,M3,1,7.69423762284435e-06,0.3268087744119989,0.6728086643207168,0.00037486702966146656,OR
E,M3,1,1.1214416554090184e-06,0.15940370691697295,0.8405778039551536,1.7367686217907257e-05,OR
E,M3,1,4.160517053942085e-06,0.4389280146512043,0.5598377271352225,0.0012300976965192788,OR
E,M3,1,5.984063482396124e-06,0.00799698818868481,0.991996619297735,4.084500978028356e-07,OR
E,M3,1,1.9833720271540444e-05,0.12324617710786344,0.8767329047220678,1.0844497971818862e-06,OR
E,M3,1,2.7213928563058023e-05,0.014263395384662453,0.985649837107715,5.9553579059610114e-05,OR
E,M3,1,4.365602188157844e-06,0.36346933520195346,0.6358475332280894,0.0006787659677688945,OR
E,M3,1,4.1620390423168205e-07,0.01814477193232834,0.9818401297703498,1.4682093417622256e-05,OR
E,M3,1,8.546460097159647e-06,0.03178048765881008,0.968209991599849,9.742812437845388e-07,OR
E,M3,1,2.593343530867099e-05,0.23775356389681768,0.7622191245548543,1.37811301936149e-06,OR
E,M3,1,2.57503267304817e-06,0.009360164168827574,0.9906369160105171,3.44787982466311e-07,OR
E,M3,1,1.982342220714071e-06,0.16458048215734647,0.8354119840381322,5.5514623006323696e-06,OR
E,M3,1,1.7010354715264214e-06,0.1993730821666735,0.8002411469833361,0.00038406981451883244,OR
E,M3,1,7.264818340434519e-07,0.062952731876303,0.937017519844561,2.9021797302039598e-05,OR
E,M3,1,8.12360709104929e-07,0.07488004303535768,0.925102406722305,1.6737881628164793e-05,OR
E,M3,1,5.730503342124792e-06,0.003986610424669535,0.9960062102451354,1.448826852836593e-06,OR
E,M3,1,9.839463880410881e-09,4.048553826209973e-05,0.9999594896700178,1.4952256370063556e-08,OR
E,M3,1,4.689589980591306e-06,0.02334183758046614,0.976651328491087,2.1443384663814506e-06,OR
E,M3,1,3.2423965880454106e-08,0.00038927454220263533,0.9996099504629015,7.425709301175181e-07,OR
E,M3,1,1.600607319129536e-06,0.27125984989199464,0.7284827706775823,0.0002557788231039572,OR
E,M3,1,6.8742192581667295e-06,0.05632962572680753,0.9436586910115256,4.8090424088336665e-06,OR
E,M3,1,1.4066658838066343e-05,0.060135791069098075,0.939848735792783,1.406479280878843e-06,OR
E,M3,1,5.721149677184725e-07,0.014523878089682557,0.9854750992852813,4.505100683519454e-07,OR
E,M3,1,7.54265193196757e-05,0.3431127796711453,0.6566745752921331,0.00013721851740177698,OR
E,M3,1,0.002765002541400123,0.14102222343967621,0.8560186757549928,0.0001940982639307423,OR
E,M3,1,5.006984697905562e-07,0.0013680758536824661,0.9986312824673557,1.4098049219946064e-07,OR
F,M3,1,0.05567434540084025,0.016903405318547386,0.9243590228106696,0.0030632264699427558,OR
F,M3,1,0.4738044509810572,0.004575917229577104,0.520136373844249,0.0014832579451166295,OR
F,M3,1,0.023161930226280533,0.009729860063053002,0.9667551363525345,0.0003530733581319938,OR
F,M3,1,0.5315148678309758,0.07205062100543073,0.38270053093360323,0.0137339802299901,B
F,M3,1,0.9311612417350646,0.016105460254850157,0.050785939457853764,0.0019473585522312956,B
F,M3,1,0.4407355170692023,0.43650070584199435,0.12070962469649887,0.0020541523923046437,B
F,M3,1,0.8693643003735372,0.005382074606964289,0.120437540424464,0.004816084595034543,B
F,M3,1,0.254987185848957,0.0006029342101501357,0.7439742886178798,0.00043559132301292564,OR
F,M3,1,0.030433703741191916,0.0008473126478362306,0.9684200451709519,0.0002989384400200399,OR
F,M3,1,0.9564482190885505,0.010087043575054128,0.032257004900748516,0.0012077324356469436,B
F,M3,1,0.8806581066833848,0.00041750814166650765,0.11879004004344992,0.00013434513149864792,B
F,M3,1,0.844050885850996,0.042077155151737114,0.04920706787836637,0.06466489111890059,B
F,M3,1,0.18780829055268108,0.32922166631076183,0.4801666218523222,0.002803421284235007,OR
F,M3,1,0.17485232832200592,0.07189860595745895,0.7513777061413328,0.0018713595792023091,OR
F,M3,1,0.9147727033343168,4.9143043198666344e-05,0.08496433901162435,0.00021381461085998306,B
F,M3,1,0.9865616181669049,0.00011248430750016359,0.01310798715583037,0.0002179103697646186,B
F,M3,1,0.49695925786642625,0.011489225975330624,0.4868305633071818,0.004720952851061312,B
F,M3,1,0.4640338938263244,0.02476121680656355,0.43790249673326176,0.07330239263385033,B
F,M3,1,0.558660801995421,0.005480919464080873,0.42581811892168014,0.010040159618818085,B
F,M3,1,0.06473438537545564,0.0007733490904852113,0.9342085368490328,0.0002837286850262374,OR
F,M3,1,0.09766038569595456,0.7644893133724558,0.13418624661062342,0.0036640543209661663,IR
F,M3,1,0.9792021343242991,0.00015419533755743595,0.02045025833346341,0.00019341200467991592,B
F,M3,1,0.9062965359193307,0.08205864260935201,0.006182307927251297,0.005462513544065874,B
F,M3,1,0.3673492490726813,0.06089086894440983,0.5673288731122115,0.004431008870697349,OR
F,M3,1,0.37214395030677555,0.008876600438959317,0.6133636633426051,0.005615785911659976,OR
F,M3,1,0.9919259296634727,0.0008605165485964586,0.002333790495520978,0.004879763292409841,B
F,M3,1,0.9855462713315464,0.0038642950683882254,0.009378613998802418,0.001210819601262985,B
F,M3,1,0.9275976936037668,0.03841604302557913,0.010023734448259734,0.02396252892239455,B
F,M3,1,0.454066128007904,0.015305592822510877,0.5296396489095312,0.0009886302600540073,OR
F,M3,1,0.6410899128880886,0.26329346157291755,0.09451003232815273,0.0011065932108410394,B
F,M3,1,0.6150407025451131,0.001825437371201848,0.3811388040467716,0.001995056036913462,B
G,M3,1,0.0891847676741967,4.0079630350148225e-05,0.9107235355751924,5.161712026081152e-05,OR
G,M3,1,0.9738924156069118,0.0002649531902459205,0.025774278513337544,6.835268950475006e-05,B
G,M3,1,0.979157379784092,0.0011145928943067564,0.01966591467889925,6.211264270195043e-05,B
G,M3,1,0.28053523242419853,0.05110528285245582,0.6678170074623815,0.0005424772609641342,OR
G,M3,1,0.0005770176597448744,2.9805207683104513e-05,0.9993916771792923,1.4999532795226029e-06,OR
G,M3,1,0.38388643039068543,0.01194497645150724,0.6040970745559566,7.151860185081243e-05,OR
G,M3,1,0.34884894382013126,0.007036338306988964,0.6427722737015639,0.0013424441713158965,OR
G,M3,1,0.9574001682258728,0.0025273096754014263,0.039928697278522864,0.0001438248202029366,B
G,M3,1,0.05387711466055962,0.0006423855979676659,0.9454517986193608,2.8701122111889694e-05,OR
G,M3,1,0.8251257817988255,0.022045757473525007,0.15051162512751257,0.002316835600136934,B
G,M3,1,0.026448413039893332,1.0925709789433659e-05,0.9735373688237929,3.2924265243513036e-06,OR
G,M3,1,0.007177143812420804,2.959170545911576e-05,0.9927903546236848,2.909858435313518e-06,OR
G,M3,1,0.013661562100782232,0.6913786848713795,0.2939963393339077,0.0009634136939306024,IR
G,M3,1,0.060932108439819437,0.00036708012655817625,0.9386249405082208,7.587092540160161e-05,OR
G,M3,1,0.02026515542105098,0.00012353292353956322,0.9795815441226293,2.9767532780203068e-05,OR
G,M3,1,0.0004397293558478708,0.00018401743897180058,0.9993721967610437,4.056444136553364e-06,OR
G,M3,1,0.02546772552562937,0.009827230826739279,0.9646264754344208,7.856821321038309e-05,OR
G,M3,1,0.006172453082108947,0.0004017534518397038,0.9933725759680864,5.321749796494488e-05,OR
G,M3,1,0.7058042922396964,0.0009785057866978212,0.2931964814572578,2.0720516347806517e-05,B
G,M3,1,0.0039837054036518365,1.2766418564789958e-05,0.9960021269784669,1.4011993165999724e-06,OR
G,M3,1,0.8225889874098119,0.017818459592510792,0.15883385159058996,0.0007587014070873686,B
G,M3,1,0.023382294465689134,0.00012280122031713115,0.9764832624249806,1.1641889012891124e-05,OR
G,M3,1,0.00012596726539607564,8.723180150444699e-05,0.9997750000245185,1.1800908581198702e-05,OR
G,M3,1,0.01281517354964439,6.742258811668811e-06,0.9871761514387754,1.9327527686566366e-06,OR
G,M3,1,0.18493794508279174,0.014934038410257942,0.8000807941430914,4.722236385892753e-05,OR
G,M3,1,0.00827375062027726,1.1347774074205086e-05,0.9917105255680013,4.376037647106932e-06,OR
G,M3,1,0.0006497913112316639,0.0001437639659750416,0.9992051504854339,1.2942373595057351e-06,OR
G,M3,1,0.13502167712616364,0.0006244773078825082,0.8643425781241245,1.1267441829159804e-05,OR
G,M3,1,3.4120282002744675e-05,1.1033127902572837e-05,0.9999489425182049,5.9040718897866835e-06,OR
G,M3,1,0.8393711262971778,1.678725334170735e-05,0.160581181222099,3.090522738148602e-05,B
G,M3,1,0.3744143995695354,0.007107793965932742,0.6183333048496957,0.00014450161483608054,OR
H,M3,1,5.597112848110604e-05,3.866077864595495e-05,4.453763027558762e-05,0.9998608304625972,N
H,M3,1,5.269757177760877e-07,3.735518160507168e-06,0.0005990441289028814,0.9993966933772188,N
H,M3,1,0.00044516242913398944,0.0025284547846374824,0.16828970509103675,0.8287366776951918,N
H,M3,1,6.292375424033167e-06,0.00018293337951231776,0.0006617074195545189,0.9991490668255091,N
H,M3,1,6.891518215500657e-07,2.2320092433037427e-05,0.001586596620793114,0.9983903941349522,N
H,M3,1,8.810464547368643e-05,0.023563620419551484,0.3721226004484987,0.6042256744864761,N
H,M3,1,0.00012019301344257544,0.041267076121234494,0.24573965691000865,0.7128730739553143,N
H,M3,1,3.279611684073049e-05,0.000665394935834136,0.0905808941314296,0.9087209148158955,N
H,M3,1,3.2673584099073612e-06,0.001113739732794243,0.9862394451769637,0.012643547731832093,OR
H,M3,1,0.00014127210356349007,0.006457008383191494,0.24731229493150053,0.7460894245817445,N
H,M3,1,0.0001130987563846705,0.02249337407645427,0.30638196065675927,0.6710115665104018,N
H,M3,1,1.6636061070930646e-05,0.00261665203539001,0.9557165428641957,0.0416501690393433,OR
H,M3,1,0.0008902058323107662,0.008687563381511828,0.4058042607379727,0.5846179700482047,N
H,M3,1,0.00011612045453114565,0.16869463902150306,0.1772892544009822,0.6538999861229836,N
H,M3,1,0.000184899215381762,0.015795711973150075,0.07099167432778541,0.9130277144836828,N
H,M3,1,0.0005767980684746122,0.0443994179956661,0.12740478477916103,0.8276189991566982,N
H,M3,1,7.942264790813024e-05,0.00668187567002892,0.14712379017657812,0.8461149115054848,N
H,M3,1,0.0006285268271319564,0.07200801130601572,0.29683116872790516,0.6305322931389471,N
H,M3,1,9.966986868610322e-05,0.008202181554643905,0.6798661389353909,0.31183200964127894,OR
H,M3,1,0.0002496260310717769,0.019945069681386686,0.5426056618760755,0.43719964241146614,OR
H,M3,1,4.9270566258148736e-05,0.011392403922523978,0.04729073234880223,0.9412675931624157,N
H,M3,1,0.0009509740105775817,0.04344567458066381,0.24896897713095445,0.7066343742778043,N
H,M3,1,0.02762377930301285,0.02999042539916162,0.5499803184329624,0.39240547686486316,OR
H,M3,1,0.0024699320600281727,0.009757475042313056,0.06184549836770316,0.9259270945299556,N
H,M3,1,0.009567435209211411,0.2984625638397036,0.687729458970631,0.0042405419804540075,OR
H,M3,1,0.0004878032358255455,0.02041034554430799,0.4846022516111042,0.4944995996087621,N
H,M3,1,0.0007958661168403788,0.0467877989239882,0.708739494840507,0.2436768401186644,OR
H,M3,1,0.000251338867324517,0.029879453694546792,0.5147052720239795,0.4551639354141492,OR
H,M3,1,0.0012732317002223286,0.10995191220946274,0.6244057408435907,0.26436911524672435,OR
H,M3,1,0.00017614491882762023,0.0022356734162571204,0.008626458747953281,0.988961722916962,N
H,M3,1,1.3174190576045205e-06,2.599354438678494e-05,0.00047467629508107594,0.9994980127414747,N
I,M3,1,4.766550638722053e-07,0.20597912597883214,0.7940202034024151,1.939636887947982e-07,OR
I,M3,1,1.6234303314999095e-06,0.5576813823512853,0.44231657545230746,4.1876607571488886e-07,IR
I,M3,1,1.8458458794472715e-07,0.0036138616736898555,0.9963859315150805,2.222664157105014e-08,OR
I,M3,1,2.5202170165090562e-05,0.36217756059307715,0.637794342893643,2.8943431146921567e-06,OR
I,M3,1,6.564694056026151e-06,0.04184083378378186,0.9574540892779011,0.0006985122442608867,OR
I,M3,1,6.525399271970107e-07,0.011210390331067934,0.9887887343156121,2.2281339274130314e-07,OR
I,M3,1,5.068099449793503e-07,0.9976420358445397,0.002357427689013655,2.9656501545023987e-08,IR
I,M3,1,5.069528461098408e-06,0.00292196609287616,0.9970729354777517,2.8900911058232056e-08,OR
I,M3,1,3.015875236891253e-06,0.03618456451342297,0.9638123119504655,1.0766087479221499e-07,OR
I,M3,1,1.2421865105119507e-05,0.019749666012950234,0.9802371482179794,7.639039652171748e-07,OR
I,M3,1,1.6568173930916988e-06,0.07246086549201804,0.9275373486101588,1.2908043002274002e-07,OR
I,M3,1,8.193242898068999e-07,0.20761549410885047,0.7923834678370442,2.187298155188106e-07,OR
I,M3,1,8.893500536846842e-07,0.9940434476333992,0.005955651405529078,1.1611018048814985e-08,IR
I,M3,1,2.182604689279654e-06,0.012628020354025401,0.987369458512734,3.385285513741889e-07,OR
I,M3,1,8.225927518499107e-07,0.0025838394172585898,0.9974149275656051,4.104243846421403e-07,OR
I,M3,1,1.1084170052328468e-06,0.00360471020421841,0.9963939540346359,2.273441403980697e-07,OR
I,M3,1,1.9081270462763608e-07,0.0014063735955691526,0.9985934016425747,3.3949151277710446e-08,OR
I,M3,1,2.060359704353763e-06,0.0029400540004573933,0.9970574819676119,4.0367222635385e-07,OR
I,M3,1,2.0930481441077765e-07,0.0036463855077404407,0.9963533508724484,5.4314996816141006e-08,OR
I,M3,1,1.5472458069480168e-05,0.027990033123225122,0.9719943642924596,1.3012624609105025e-07,OR
I,M3,1,2.2185725622927745e-07,0.0009452372234714189,0.9990545050527537,3.586651871799963e-08,OR
I,M3,1,4.954592185702941e-06,0.058336730628302504,0.9416573453196058,9.694599060277944e-07,OR
I,M3,1,6.33800409823509e-07,0.07670615165254992,0.9232924837869237,7.307601164546495e-07,OR
I,M3,1,9.202335819282843e-06,0.5097202861916215,0.49027028398792527,2.2748463387017195e-07,IR
I,M3,1,8.057668969350205e-08,0.9995113734440665,0.000488542553820857,3.4254229654705006e-09,IR
I,M3,1,1.1007727747359674e-05,0.22906813172117366,0.7709206895429803,1.7100809852668528e-07,OR
I,M3,1,3.5708958307883457e-07,0.9252079461835176,0.07479161943195982,7.729493949313698e-08,IR
I,M3,1,1.7646550036788856e-08,0.00019944231827773306,0.9998005140808993,2.5954273035768143e-08,OR
I,M3,1,3.378193942039305e-06,0.23968705124301531,0.7603091877955261,3.827675164544794e-07,OR
I,M3,1,7.628025010053502e-06,0.15297958905530873,0.8466597799038978,0.00035300301578349155,OR
I,M3,1,2.166329742540809e-08,0.9999577554674137,4.204105178339798e-05,1.8181750561580378e-07,IR
J,M3,1,4.226170714443664e-06,0.0014069717331082904,0.998588361358128,4.407380492589214e-07,OR
J,M3,1,3.8178253673054464e-07,0.00022945660139984521,0.9997701105618848,5.1054178623545626e-08,OR
J,M3,1,5.3983136207793135e-08,3.451713358018804e-06,0.999996487386306,6.917199838877747e-09,OR
J,M3,1,5.659148849873459e-07,0.001956960241243946,0.9980423336002551,1.402436158900269e-07,OR
J,M3,1,1.0026742340038708e-05,0.00922867231227071,0.9907597937039915,1.507241397656649e-06,OR
J,M3,1,2.339512239082691e-07,0.00017054170140339965,0.9998292017068771,2.264049569315432e-08,OR
J,M3,1,6.496979046100454e-07,0.00040391549772375113,0.9995954042431446,3.0561226970323983e-08,OR
J,M3,1,2.0995740986047316e-06,0.10720097267389705,0.8927966956825739,2.3206943046046467e-07,OR
J,M3,1,6.928811754344611e-08,6.876118281675704e-05,0.9999311316672785,3.786178714450465e-08,OR
J,M3,1,8.738193822733e-06,0.10284153863879296,0.8971488473339476,8.758334366437719e-07,OR
J,M3,1,1.3474077483196685e-07,0.00020263858049319235,0.9997971727813796,5.389735245302227e-08,OR
J,M3,1,9.020808967374236e-07,6.297388462894293e-05,0.9999361044604438,1.9574030632676195e-08,OR
J,M3,1,9.276530751564636e-09,5.700076936858346e-06,0.9999942892202252,1.4263072564646412e-09,OR
J,M3,1,3.0054154072420224e-06,0.00046782798714146116,0.9995290716715478,9.492590341411662e-08,OR
J,M3,1,7.843395228358525e-08,0.00028248878701698127,0.999717416311207,1.6467823701271013e-08,OR
J,M3,1,3.50254062022484e-06,0.0012603164986321547,0.9987357574330373,4.2352771021230175e-07,OR
J,M3,1,2.728218881754602e-06,0.0003248802091529249,0.9996723013575685,9.021439677064141e-08,OR
J,M3,1,2.729457007829099e-07,2.1632410615070817e-05,0.9999780089401771,8.57035070503213e-08,OR
J,M3,1,9.76470595947929e-08,5.0273427911861264e-05,0.9999496190434793,9.881549109712398e-09,OR
J,M3,1,7.150196588755162e-06,0.02624903419585947,0.9737423885453821,1.4270621698006013e-06,OR
J,M3,1,3.2546274341702023e-06,0.0014765812402404556,0.998519949881359,2.142509666322222e-07,OR
J,M3,1,2.3031602452593077e-07,0.00011473045370137303,0.9998844443270447,5.94903229377577e-07,OR
J,M3,1,1.7891070660351833e-08,2.9602257979400197e-05,0.9999703736616894,6.1892605274313675e-09,OR
J,M3,1,3.7472046130799e-07,0.00048070110031974984,0.9995188502849983,7.389422053666446e-08,OR
J,M3,1,8.048703306564243e-07,8.317698752136125e-05,0.9999159766924564,4.1449691579107176e-08,OR
J,M3,1,1.971637054147947e-06,0.0038567039210503063,0.9961409633642742,3.61077621574909e-07,OR
J,M3,1,1.0641328640708527e-06,0.0005068500637577013,0.9994919659916028,1.1981177524343835e-07,OR
J,M3,1,3.893957822455562e-06,0.022623534129898707,0.9773721744393481,3.9747293061481533e-07,OR
J,M3,1,1.8480546686370054e-06,0.0009029274858432176,0.9990949861014311,2.3835805683301883e-07,OR
J,M3,1,1.2351260729420234e-05,0.004504640901351677,0.995482788638358,2.191995610058082e-07,OR
J,M3,1,1.651214248298682e-06,0.0030433208807773286,0.9969546456545758,3.8225039856854766e-07,OR
K,M3,1,0.45359834963757206,0.0010997991307956033,0.5338512779854282,0.011450573246204233,OR
K,M3,1,0.0009240486566331193,0.00283460170050798,0.9958897190978189,0.0003516305450400144,OR
K,M3,1,0.31560393657921865,0.09782460132931359,0.5804485710981119,0.00612289099335588,OR
K,M3,1,0.9569516295998167,0.036897462626650224,0.005901176501012671,0.0002497312725203691,B
K,M3,1,0.0004436189680246139,0.007269108996341644,0.9922767240903714,1.0547945262597524e-05,OR
K,M3,1,7.253749629409345e-05,5.0200982780709285e-05,0.9998769073504266,3.5417049872659064e-07,OR
K,M3,1,0.002944655703139208,0.0003867548169065214,0.9966245575061103,4.403197384399484e-05,OR
K,M3,1,0.006330379243479208,0.22350350324285487,0.7624190970873168,0.007747020426349165,OR
K,M3,1,0.24473665784121218,0.05394301383200534,0.4987568025765707,0.20256352575021178,OR
K,M3,1,0.030321256747673858,0.9357016706102322,0.032011249990114184,0.001965822651979888,IR
K,M3,1,0.023842801427488833,4.5807915514996154e-05,0.9757948871753634,0.0003165034816325879,OR
K,M3,1,0.04991119520700733,0.8010257622699453,0.13736188482106085,0.011701157701986653,IR
K,M3,1,0.9146507944390017,0.06230339408119535,0.020058536899435864,0.0029872745803672844,B
K,M3,1,0.08522004750747586,0.155268422043912,0.7579110032473482,0.0016005272012637737,OR
K,M3,1,0.0023620150827537005,0.013708010768037961,0.9837365478543001,0.0001934262949082059,OR
K,M3,1,0.003629595552771453,0.0004944849716207994,0.995821748564904,5.41709107036419e-05,OR
K,M3,1,0.0007822773280465154,3.9586363953044055e-06,0.9991968298592432,1.693417631498163e-05,OR
K,M3,1,0.013190733210328428,0.006624803950647755,0.9801779283259057,6.5345131180439324e-06,OR
K,M3,1,0.2951101611378956,0.3138043327423611,0.3607073086993779,0.030378197420365363,OR
K,M3,1,0.008236326133772108,0.0064562252412954995,0.9835645449259045,0.0017429036990277578,OR
K,M3,1,0.0051009004079905634,7.112705539747515e-05,0.9947909004029295,3.7072133682342336e-05,OR
K,M3,1,9.358445940674292e-05,2.24818746737784e-06,0.9999033130361135,8.543170125027615e-07,OR
K,M3,1,0.0007293405540691332,0.0005995308809519565,0.9986551190378631,1.6009527115744698e-05,OR
K,M3,1,0.011371649994562404,0.029479857977716763,0.958855418915358,0.000293073112362766,OR
K,M3,1,0.24531678600869825,0.40141903636939513,0.33226296957307816,0.02100120804882848,IR
K,M3,1,0.6284878396467615,0.03089420529924314,0.31266122553978926,0.027956729514206045,B
K,M3,1,0.9713938543071399,0.022445753635425156,0.0054253765937740195,0.0007350154636608957,B
K,M3,1,0.10584395917987482,0.3691135496795427,0.5240926648532828,0.0009498262872997658,OR
K,M3,1,0.5904423477912984,0.024815179099656158,0.384111268901552,0.0006312042074933299,B
K,M3,1,0.03495814766058764,0.005250022424150264,0.9597650236575453,2.6806257716683135e-05,OR
K,M3,1,0.007414424743983056,0.002513057962878454,0.9900665552838487,5.962009289921211e-06,OR
L,M3,1,0.043294222297418965,0.0012330379235480804,0.954706377571312,0.0007663622077209096,OR
L,M3,1,0.9085343927117612,0.027942036116774035,0.06255144955470993,0.0009721216167548271,B
L,M3,1,0.9132917404383438,0.01162765050528588,0.07501606348491861,6.454557145169318e-05,B
L,M3,1,0.009640286377219455,0.001038994490145155,0.9890588613604274,0.0002618577722079385,OR
L,M3,1,0.004847544727063275,2.1945370404548522e-05,0.9950534835729465,7.702632958553943e-05,OR
L,M3,1,0.14013316029153922,0.052884569688544984,0.7982652308035205,0.008717039216395205,OR
L,M3,1,0.17127982049222723,0.012469941973485754,0.8147305170137727,0.0015197205205141724,OR
L,M3,1,0.4768171588708367,0.002826747263055981,0.5201508426227918,0.00020525124331552413,OR
L,M3,1,0.7354785203064146,0.08103154017589646,0.18120391800229252,0.0022860215153965298,B
L,M3,1,0.9721472215203966,0.0003009421012272721,0.027494568461014054,5.726791736218615e-05,B
L,M3,1,0.9641661718895578,0.020840745014481573,0.011635317297883566,0.0033577657980773203,B
L,M3,1,0.9923133446353355,0.0009646214817528574,0.006604088440216073,0.00011794544269550053,B
L,M3,1,0.98306517367364,0.011126052125987055,0.005695737255355608,0.00011303694501751869,B
L,M3,1,0.31726712463657,0.016687225892676478,0.665414774558186,0.000630874912567598,OR
L,M3,1,0.5971873573364018,0.0007063218363531929,0.4013418137822771,0.0007645070449677297,B
L,M3,1,0.5979328080765051,0.13907344787565304,0.26282810824834213,0.00016563579949972637,B
L,M3,1,0.94308110348827,0.041096337247753856,0.015606147330334278,0.00021641193364195347,B
L,M3,1,0.2612570383886529,0.12190200768239028,0.6161208933287017,0.000720060600255077,OR
L,M3,1,0.3242764347240129,0.30452800241767264,0.3705648503517309,0.0006307125065834883,OR
L,M3,1,0.1008588270739587,0.3556918931110255,0.542673973159919,0.0007753066550967556,OR
L,M3,1,0.49334203111275604,7.908005540172438e-05,0.5064166458226917,0.00016224300915045726,OR
L,M3,1,0.08515366728853253,0.0011841078450944465,0.9133456079709655,0.00031661689540762644,OR
L,M3,1,0.7326953690572793,0.20084929600409362,0.06607293356286018,0.0003824013757670427,B
L,M3,1,0.9884653625047266,5.9504982695750774e-05,0.011468832919084487,6.299593493061722e-06,B
L,M3,1,0.14828667535312787,0.0002042698726083888,0.8511934848685713,0.0003155699056924387,OR
L,M3,1,0.9270696799034599,0.05465635167397739,0.007277621704487918,0.010996346718074833,B
L,M3,1,0.10160297844381723,0.0005282551102777401,0.8978117914670448,5.6974978860200477e-05,OR
L,M3,1,0.43811950813130895,0.17407529724454135,0.3776551913838639,0.010150003240285683,B
L,M3,1,0.0022282087554308014,0.00010540997234720418,0.9972312966605615,0.0004350846116605926,OR
L,M3,1,0.17508043960756958,0.0005653340175527875,0.8241692468826411,0.0001849794922363908,OR
L,M3,1,0.2349691562091975,0.00035587249895712277,0.7622242687738385,0.0024507025180068778,OR
M,M3,1,0.4527504343159936,0.44754480269461744,0.0024205279941671566,0.09728423499522189,B
M,M3,1,0.208195342979702,0.5412423044095864,0.13041080588983414,0.12015154672087743,IR
M,M3,1,0.21797274140467418,0.1519165527638703,0.450739564526798,0.17937114130465756,OR
M,M3,1,0.11404357570891006,0.19508429967983268,0.010653842577344511,0.6802182820339127,N
M,M3,1,0.5987327582590439,0.24070619048587477,0.011195368838436992,0.14936568241664425,B
M,M3,1,0.23632511700206474,0.547708014952251,0.0882805299522766,0.12768633809340763,IR
M,M3,1,0.43502107561939096,0.057893307946191776,0.0010675148895857266,0.5060181015448315,N
M,M3,1,0.30284261726936146,0.53944641752521,0.021166430156881133,0.13654453504854747,IR
M,M3,1,0.4976287792456046,0.1229609125964675,0.023597004339161884,0.355813303818766,B
M,M3,1,0.6832678890228422,0.2948996740897079,0.016800423231739095,0.005032013655710861,B
M,M3,1,0.04124935057218364,0.014751254504372082,0.0005088188458224675,0.9434905760776218,N
M,M3,1,0.11370602436781325,0.8084506053223682,0.03234972701237557,0.04549364329744299,IR
M,M3,1,0.013700450191931298,0.00735322066997996,0.006725443295190936,0.9722208858428979,N
M,M3,1,0.012159756303792364,0.003086261623841074,0.0009599216015633714,0.9837940604708032,N
M,M3,1,0.050664977873213946,0.8666883323194609,0.03314886522457247,0.04949782458275267,IR
M,M3,1,0.33701220120909453,0.14291041196236295,0.3091823403453732,0.21089504648316934,B
M,M3,1,0.09191758034242015,0.3852333432679804,0.5023773800404422,0.020471696349157225,OR
M,M3,1,0.32201182758497,0.3355785166385652,0.035013282572836035,0.3073963732036287,IR
M,M3,1,0.6667220347918844,0.09438197035177504,0.003044722596793198,0.23585127225954725,B
M,M3,1,0.5559540918373371,0.09885794653111644,0.013639537072518419,0.331548424559028,B
M,M3,1,0.13316998581204353,0.4467804521119763,0.017648505416052583,0.40240105665992765,IR
M,M3,1,0.4786604256101471,0.14829334005236117,0.004203890575824983,0.3688423437616668,B
M,M3,1,0.17304047516604018,0.18768694161390095,0.003392568078894516,0.6358800151411644,N
M,M3,1,0.17699558216091693,0.16115113456283978,0.008839947537705537,0.6530133357385377,N
M,M3,1,0.08238381349621667,0.0047483658979610545,0.002978415785311398,0.9098894048205107,N
M,M3,1,0.290280185883004,0.05604376679572063,0.022298066852601238,0.6313779804686741,N
M,M3,1,0.5527140902888534,0.17962082149071415,0.2212213203800926,0.046443767840339774,B
M,M3,1,0.21442678868448353,0.305436667205135,0.3144740095302131,0.16566253458016827,OR
M,M3,1,0.008897002469526417,0.00972620275964508,0.9785294897935801,0.002847304977248436,OR
M,M3,1,0.06013397725785993,0.014321137078536368,0.033754612732134974,0.8917902729314686,N
M,M3,1,0.781517829582515,0.12047892760239381,0.027965671353881873,0.07003757146120931,B
N,M3,1,6.282509409644051e-07,0.5149080483545588,0.4849936788320198,9.76445624804907e-05,IR
N,M3,1,3.8561329798522036e-07,0.7894839934304673,0.21051183446748642,3.7864887485365936e-06,IR
N,M3,1,6.305030764805582e-06,0.013088820754930359,0.9869042846219983,5.895923066661073e-07,OR
N,M3,1,8.68181906689866e-07,0.002379697429892745,0.9976193379133282,9.64748724777539e-08,OR
N,M3,1,7.566400401387287e-08,0.9976270921616186,0.0023716727439499373,1.1594304273925797e-06,IR
N,M3,1,1.8871661501541287e-05,0.3866101350924264,0.6133161550670412,5.483817903077623e-05,OR
N,M3,1,7.806738022714771e-07,0.9784079605897866,0.02159116118957132,9.754683986995624e-08,IR
N,M3,1,1.3695862419743145e-05,0.24821866321953207,0.7517667285129128,9.124051353080839e-07,OR
N,M3,1,6.286975982277872e-07,0.0003048628543132493,0.9996944201514798,8.829660881554575e-08,OR
N,M3,1,8.94122661107903e-08,0.999132984975208,0.0008668017567437068,1.2385578221196017e-07,IR
N,M3,1,1.3169794578709736e-05,0.33010971184153765,0.6698762872256155,8.311382682616295e-07,OR
N,M3,1,1.2518864041476943e-08,0.000226489833571666,0.999773487185858,1.0461706237176827e-08,OR
N,M3,1,6.5564306512530985e-06,0.8444404207599607,0.1555313699816405,2.1652827747410662e-05,IR
N,M3,1,1.763154389033186e-07,0.7026136136006325,0.2973838989371343,2.3111467942562392e-06,IR
N,M3,1,1.7137054583495905e-07,0.37225734327532356,0.6277424443890982,4.096503236304258e-08,OR
N,M3,1,5.789671264311552e-06,0.004937175731318027,0.9950566298368195,4.0476059820475166e-07,OR
N,M3,1,1.256256705873729e-07,0.9985745567485546,0.001424795994977027,5.216307980723377e-07,IR
N,M3,1,4.990610943547436e-07,0.7507648017140554,0.24923284104352145,1.8581813287778722e-06,IR
N,M3,1,9.298717964396638e-06,0.3135021319417435,0.6864871644452195,1.4048950726213677e-06,OR
N,M3,1,3.125510635282392e-07,0.412304082062217,0.5876223642126406,7.324117407884739e-05,OR
N,M3,1,2.8971676845569746e-06,0.00624339853004026,0.9937535885202443,1.1578203082470647e-07,OR
N,M3,1,1.5309769259613656e-05,0.7882155768353171,0.21176747670655524,1.6366888680000015e-06,IR
N,M3,1,3.8133454530073527e-06,0.967540455039248,0.032435354439051635,2.0377176247371855e-05,IR
N,M3,1,8.1385603056123e-06,0.8521584840475004,0.1478123301457628,2.1047246431056805e-05,IR
N,M3,1,1.427869813071939e-06,0.9195049481788814,0.08047587507381604,1.774887748941792e-05,IR
N,M3,1,2.5154235221517977e-07,0.9991664756035117,0.000832075494528277,1.1973596078904903e-06,IR
N,M3,1,4.806806941341889e-09,0.0001269879804704092,0.9998729934530336,1.3759689192507928e-08,OR
N,M3,1,3.9530948679030264e-08,0.0042255807410676235,0.9957742657549896,1.1397299399810798e-07,OR
N,M3,1,1.7939628746302258e-07,0.996831593989833,0.0031434582851821396,2.4768328697360817e-05,IR
N,M3,1,3.4297082928678883e-09,0.997499570740098,0.002500017994672815,4.078355207419571e-07,IR
N,M3,1,1.5473694626289181e-06,0.694364786169457,0.3056328905715281,7.758895522656691e-07,IR
O,M3,1,0.0069581208271754635,9.397611608833584e-05,0.9929461186525819,1.7844041543791502e-06,OR
O,M3,1,0.18322888680060165,0.5149831741478135,0.3017245258831375,6.341316844737451e-05,IR
O,M3,1,0.0002203980517744162,0.001372906830372797,0.9984048633844369,1.8317334158038565e-06,OR
O,M3,1,0.9463866838630514,0.04766548368558412,0.0014630884336324598,0.004484744017732201,B
O,M3,1,0.8973093687697206,0.0826636531302547,0.015927989941487482,0.004098988158537222,B
O,M3,1,0.8976845559348743,3.0715249066924006e-05,0.10131986051606227,0.0009648682999964795,B
O,M3,1,0.026801024808559237,0.0228782146484571,0.9491146447481994,0.0012061157947842816,OR
O,M3,1,0.28814054720855076,2.6075950295721657e-05,0.7118103075539668,2.306928718680485e-05,OR
O,M3,1,0.8763613255048879,0.012794203997014314,0.11048638371539764,0.00035808678270003003,B
O,M3,1,0.46467121506352876,0.021239973177002932,0.513044811592102,0.0010440001673662957,OR
O,M3,1,0.23318030629139389,0.0014450961321550344,0.7650431305526912,0.0003314670237597403,OR
O,M3,1,0.34159964467087783,0.12914678431967652,0.5233097640769551,0.005943806932490617,OR
O,M3,1,0.9765856759825029,0.004043796866042471,0.0190733653339184,0.0002971618175361846,B
O,M3,1,0.5891217148901371,0.09473186206407304,0.3083790603175527,0.007767362728237109,B
O,M3,1,0.7929484787610682,0.0013111147012247436,0.20523023048853722,0.0005101760491697553,B
O,M3,1,0.05540218737635664,0.00028816845085746095,0.9436734270851495,0.0006362170876365461,OR
O,M3,1,0.11875681729983804,0.00041191988373704346,0.8805130719739674,0.00031819084245742147,OR
O,M3,1,0.8584589736276671,0.07822196651045017,0.03907639617842448,0.024242663683458173,B
O,M3,1,0.00870570740246581,2.747528708159235e-05,0.9910463411806579,0.00022047612979469503,OR
O,M3,1,0.9678280675682819,0.0006088099779673364,0.031318294439882224,0.00024482801386869666,B
O,M3,1,0.9794817142275921,0.012139830897931877,0.008297291951036017,8.116292343998273e-05,B
O,M3,1,0.09890167177124845,0.000357374585490157,0.9006860210762562,5.493256700529766e-05,OR
O,M3,1,0.9295780989819219,0.01127263001516973,0.044600232342346516,0.014549038660561895,B
O,M3,1,0.0769270281245056,0.002859714949701603,0.9089598378275288,0.011253419098263998,OR
O,M3,1,0.13740588572953483,0.0016288192252925293,0.859246339229821,0.001718955815351668,OR
O,M3,1,0.019514793927845813,0.03868300298359317,0.9402086870348931,0.0015935160536678697,OR
O,M3,1,0.9185961207143136,0.0808834292762985,0.0002275437777517965,0.000292906231636147,B
O,M3,1,0.028717038576004113,0.0004237592020911319,0.9706538558666247,0.00020534635528013086,OR
O,M3,1,0.9983444347985683,0.0010339523769145095,0.0005016147542683887,0.00011999807024891077,B
O,M3,1,0.9668229757808233,0.03283346176859981,0.00018709101373362073,0.00015647143684318482,B
O,M3,1,0.9420817812456099,0.017905953620244476,0.038532796571423646,0.0014794685627218082,B
P,M3,1,0.8531856928878023,0.009667751881337594,0.136911810514948,0.00023474471591198386,B
P,M3,1,0.35269723100266553,0.005662829580269659,0.6388868135266471,0.002753125890417698,OR
P,M3,1,0.06545627882634535,0.19969597776191642,0.7275207787228538,0.007326964688884442,OR
P,M3,1,0.0033440103226551597,0.9733005177952189,0.022937015883435247,0.0004184559986906977,IR
P,M3,1,0.04400526932402003,0.0007794235032874539,0.9547074687027501,0.0005078384699422965,OR
P,M3,1,0.9522792486008103,0.013439868241428463,0.03384224759735764,0.00043863556040354756,B
P,M3,1,0.9524956949416746,0.030300270327023666,0.015021286322736343,0.002182748408565437,B
P,M3,1,0.17902553997445197,0.514775681792864,0.3055781894396798,0.000620588793004194,IR
P,M3,1,0.014643953080562969,0.02035086962421602,0.9611495486293729,0.003855628665848167,OR
P,M3,1,0.9375997387715342,0.011385656504377202,0.05040334154273926,0.000611263181349235,B
P,M3,1,0.7218420904608237,0.08340551594498148,0.1909950663858728,0.0037573272083218957,B
P,M3,1,0.6832577362929518,0.25354431882366585,0.06102701922889193,0.0021709256544904824,B
P,M3,1,0.949621558116279,0.00023389110226963727,0.04961416867099894,0.0005303821104523357,B
P,M3,1,0.3462099836059836,0.0011482805477863282,0.6502879972208798,0.002353738625350319,OR
P,M3,1,0.09865604317785245,0.0014990465945786055,0.8997415414245402,0.00010336880302878118,OR
P,M3,1,0.9324723605048251,0.0010533555713436193,0.061153597476004504,0.005320686447826873,B
P,M3,1,0.687738519547886,0.0007760858144117919,0.31128152330493686,0.00020387133276518222,B
P,M3,1,0.3802600611207188,0.12743700425696264,0.4878808293454808,0.004422105276837711,OR
P,M3,1,0.7137040855096671,0.26838091835045713,0.013021818396384293,0.004893177743491469,B
P,M3,1,0.09520282158573093,0.21883659049215634,0.6815312490905723,0.0044293388315405895,OR
P,M3,1,0.9980287853843832,0.0002758462317798842,0.0014600059917666362,0.00023536239207042056,B
P,M3,1,0.9058514805305851,0.020176620685577153,0.07035549794571427,0.0036164008381236183,B
P,M3,1,0.3430892731280191,0.19104248843026198,0.4592962721693743,0.006571966272344561,OR
P,M3,1,0.47136339348431194,0.03653010653733153,0.4854704459356047,0.006636054042751825,OR
P,M3,1,0.9820822731224815,0.0030155102315745394,0.013992034522302695,0.0009101821236412495,B
P,M3,1,0.20334275356640202,0.344730228379115,0.4480172433581065,0.003909774696376378,OR
P,M3,1,0.8001466536018004,0.024538530992227484,0.1738844937300374,0.0014303216759345672,B
P,M3,1,0.527630989144889,0.0932348365533688,0.3698771729967924,0.009257001304949788,B
P,M3,1,0.5361251507528833,0.10739665877789302,0.34382520528678506,0.012652985182438806,B
P,M3,1,0.947982661133284,0.011896324102431601,0.03843848576121935,0.0016825290030651656,B
P,M3,1,0.8803420791862061,0.013144620952705773,0.0952070464639468,0.011306253397141162,B
A,M3,2,0.08130826260612319,0.07149021299066458,0.8442470371815549,0.002954487221657461,OR
A,M3,2,0.5499022155216339,0.1339009882823715,0.31321866917983326,0.002978127016161476,B
A,M3,2,0.792961723646233,0.028670676665732447,0.16551303832863373,0.012854561359400827,B
A,M3,2,0.03860066595987267,0.0005347901180606577,0.9607303156905191,0.00013422823154751615,OR
A,M3,2,0.5876073872491597,0.30074078154341655,0.10788828386163225,0.003763547345791571,B
A,M3,2,0.509688000383327,0.20012241391263452,0.284419971855052,0.0057696138489864825,B
A,M3,2,0.022940842884251487,0.4390676232570041,0.5367607412951496,0.0012307925635947705,OR
A,M3,2,0.8652642313644878,0.024286036528832634,0.10662693835793137,0.0038227937487480125,B
A,M3,2,0.0654347675027765,0.00016293516015412787,0.9334346963797887,0.0009676009572805824,OR
A,M3,2,0.10052943106721957,0.8098719415992147,0.066895336463764,0.022703290869801756,IR
A,M3,2,0.2356445020660233,0.06938615006417596,0.6945750341744238,0.00039431369537695174,OR
A,M3,2,0.034550565473102875,0.0011129341118697852,0.9642537595982545,8.274081677270361e-05,OR
A,M3,2,0.906684966106993,0.047087657924439315,0.04583491915310375,0.0003924568154638642,B
A,M3,2,0.17623385228919464,0.7467139631062002,0.0768673202671099,0.00018486433749521545,IR
A,M3,2,0.6927057214933974,0.016799858204250964,0.2902896079781551,0.00020481232419652668,B
A,M3,2,0.6257070896537885,0.0006730155510290056,0.3719351256561404,0.0016847691390421199,B
A,M3,2,0.8761130831238781,0.05529006080446171,0.06713088197086141,0.0014659741007988117,B
A,M3,2,0.982159669175126,0.006098450598982457,0.010482385784915907,0.0012594944409753438,B
A,M3,2,0.8268418857688783,0.0013587805011490983,0.17153040782430398,0.00026892590566874783,B
A,M3,2,0.32332880485671966,0.33934790358478534,0.33608115076033834,0.001242140798156575,IR
A,M3,2,0.7070069327448435,0.09869040214249616,0.19290217973978355,0.0014004853728768751,B
A,M3,2,0.3450255880388698,0.0005903245304520251,0.6517095890884672,0.002674498342210934,OR
A,M3,2,0.4991276584126126,0.1248117469138638,0.3260487919238633,0.05001180274966032,B
A,M3,2,0.7178579527913549,0.011383137432796786,0.26396219288895545,0.0067967168868926595,B
A,M3,2,0.5056340189118806,0.05863578622349266,0.31687554401843515,0.11885465084619157,B
A,M3,2,0.980040102804726,0.010270459365471956,0.002809358978501717,0.006880078851300248,B
A,M3,2,0.7367799161107325,0.20682856957696483,0.04611157178974253,0.010279942522560119,B
A,M3,2,0.7824254855275026,0.00023139460744300025,0.21711547925795704,0.00022764060709743123,B
A,M3,2,0.07190500922287801,0.001334391581059835,0.9263771131820409,0.0003834860140212297,OR
A,M3,2,0.7043042844281248,0.045906857912798894,0.24785779634151245,0.001931061317563882,B
A,M3,2,0.7457501855458747,0.1402420558025267,0.11229630715158292,0.0017114515000158646,B
B,M3,2,7.019365875218252e-06,1.3045070152034881e-06,0.9999916633869532,1.2740156359701675e-08,OR
B,M3,2,0.002329783679998501,2.5794545408218875e-07,0.9976697748785605,1.8349598692491656e-07,OR
B,M3,2,0.8500436963435611,0.0004514908981608578,0.1495037711404016,1.0416178765520134e-06,B
B,M3,2,0.15955889016182345,0.3747271256057246,0.4656978523590144,1.6131873437514327e-05,OR
B,M3,2,0.41966885177251123,0.004330371097313421,0.5759925871178369,8.190012338504089e-06,OR
B,M3,2,0.41052430735603107,0.4190854397835267,0.17037909317572963,1.115968471257146e-05,IR
B,M3,2,0.0040153743712395525,0.00208907190582524,0.9938937629028766,1.790820058630205e-06,OR
B,M3,2,0.004701181957037951,7.492664323998913e-05,0.9952072449395312,1.664646019090131e-05,OR
B,M3,2,0.8819863275799072,7.463430259941816e-05,0.11793780439436824,1.2337231251102139e-06,B
B,M3,2,0.11264071370154871,0.007115677141731159,0.8802413924847987,2.216671921341672e-06,OR
B,M3,2,0.07765509745765202,0.0024596469934021377,0.9198776049857027,7.650563243144832e-06,OR
B,M3,2,0.042054471131467035,0.03608678769895264,0.9218029628831379,5.577828644255063e-05,OR
B,M3,2,0.8801172338217487,0.11692939400389456,0.0029455730879424102,7.799086414320508e-06,B
B,M3,2,0.009923593282585186,0.010896394473397002,0.979178307636516,1.704607501774401e-06,OR
B,M3,2,0.01862680612901187,0.11351817189111174,0.8678505116840374,4.51029583911913e-06,OR
B,M3,2,4.784701370424394e-05,4.173720083257363e-06,0.9999477237561494,2.5551006303460586e-07,OR
B,M3,2,0.017122537922432627,0.00022607413424525303,0.9826388962367719,1.2491706550119186e-05,OR
B,M3,2,0.07728004305189028,0.0007566743319436397,0.9219611217722453,2.160843920765569e-06,OR
B,M3,2,0.02286174635950267,0.00017091241915989912,0.9769666502247043,6.909966331299134e-07,OR
B,M3,2,0.24780106187265483,0.6794543597457109,0.07272793476174617,1.6643619888108543e-05,IR
B,M3,2,0.000284151602171692,0.00017512393973520874,0.9995402727411469,4.517169461449242e-07,OR
B,M3,2,0.0417190975093138,0.0013546581558172646,0.956923809972216,2.4343626527829875e-06,OR
B,M3,2,0.9039278498818561,0.00027023880690780984,0.09579642297628034,5.488334955763544e-06,B
B,M3,2,0.07425258482184476,0.0003755207013894561,0.9253699334953137,1.960981451987993e-06,OR
B,M3,2,0.7759578973187852,2.137524527830836e-05,0.2240202572207169,4.7021521948134014e-07,B
B,M3,2,0.0015167763436807272,2.7390388954105442e-05,0.9984540001402852,1.8331270798438377e-06,OR
B,M3,2,0.13112081258726335,0.019267786529453917,0.8496062953415837,5.1055416989060524e-06,OR
B,M3,2,0.8192284273654871,0.01322349232613255,0.16750639197346137,4.168833491890528e-05,B
B,M3,2,0.9981142780508315,0.0008442954168404733,0.0010284191651674737,1.300736716057088e-05,B
B,M3,2,0.06733352862522878,0.3837796512417789,0.5488393735090832,4.744662390924222e-05,OR
B,M3,2,0.00022761801312865212,0.009301345155457497,0.9904699278544769,1.1089769369812537e-06,OR
C,M3,2,1.1561721270887791e-07,1.0584061486912984e-05,0.9999892098568373,9.046446299427238e-08,OR
C,M3,2,1.7911790484900952e-08,2.887329036298688e-05,0.9999710928441312,1.5953715130861273e-08,OR
C,M3,2,7.516801177078406e-07,0.00047027345021015995,0.9995288059972959,1.6887237613213062e-07,OR
C,M3,2,4.399149662491249e-07,0.0004719500474704869,0.9995274923774644,1.1766009862562126e-07,OR
C,M3,2,8.414879911396108e-06,0.0009731189571101498,0.9990182255821877,2.4058079078672056e-07,OR
C,M3,2,1.9235683191747622e-08,7.155631887368747e-06,0.9999928125461269,1.2586302489994092e-08,OR
C,M3,2,1.9354134443336022e-07,2.2109089011752875e-05,0.9999776334927339,6.387690985324823e-08,OR
C,M3,2,1.1714026704005324e-08,1.7649349629297746e-05,0.9999823257924626,1.3143881445251515e-08,OR
C,M3,2,4.950851020681585e-08,1.060883975082218e-05,0.9999893112731751,3.037856377869248e-08,OR
C,M3,2,9.000717536674963e-08,0.0003359143810905436,0.9996639515537104,4.4058023770406205e-08,OR
C,M3,2,1.0647278385357798e-07,1.677142808142676e-05,0.9999830772823518,4.481678292688085e-08,OR
C,M3,2,1.050360756945849e-07,0.0014642353883893336,0.9985354114021191,2.4817341580199703e-07,OR
C,M3,2,3.6143741519706235e-07,0.0004704162658172333,0.9995290203797517,2.0191701593793983e-07,OR
C,M3,2,3.370281862747673e-08,4.1738252448263065e-05,0.9999582155887763,1.2455956932371422e-08,OR
C,M3,2,2.627211947641486e-07,8.091422539250105e-05,0.9999187974572826,2.5596130329510333e-08,OR
C,M3,2,1.0319203664263381e-07,1.5670611826708628e-05,0.9999841884131013,3.778303519876861e-08,OR
C,M3,2,4.504275978011867e-06,0.0037368321859587955,0.996258203748357,4.597897060225513e-07,OR
C,M3,2,8.261346254492771e-09,1.5542777056619555e-05,0.9999844290351774,1.9926419841563864e-08,OR
C,M3,2,1.0843921729894693e-06,0.02075469863850879,0.9792433038436965,9.131256216384483e-07,OR
C,M3,2,6.445438601942528e-08,8.047114082410808e-06,0.9999918622625726,2.6168959044988052e-08,OR
C,M3,2,2.3256062367155522e-07,0.0003413460356162015,0.9996582929221738,1.284815862907817e-07,OR
C,M3,2,2.2260799820208448e-07,8.357481305240762e-05,0.9999160808926467,1.2168630266992128e-07,OR
C,M3,2,2.5200814568108054e-08,2.023224732424029e-05,0.9999797264901621,1.6061699174895967e-08,OR
C,M3,2,1.6712808639594543e-07,0.00014037851809043327,0.9998593960389502,5.831487312455479e-08,OR
C,M3,2,1.4812913994385862e-07,3.3775413394743954e-05,0.9999659921301948,8.432727054597437e-08,OR
C,M3,2,3.196285412148408e-07,1.548424408015329e-05,0.9999841453113252,5.081605348481619e-08,OR
C,M3,2,8.516589344565663e-09,1.8700526147685206e-06,0.9999981070074949,1.4423300980206745e-08,OR
C,M3,2,5.6469588984978824e-08,3.08546439135053e-06,0.9999968359707909,2.209522884814861e-08,OR
C,M3,2,3.7050292177728545e-07,5.113027380660908e-05,0.9999484603099729,3.8913298937054254e-08,OR
C,M3,2,4.6189530919200526e-08,1.7800207307957397e-05,0.9999821229541784,3.064898279391641e-08,OR
C,M3,2,2.5205743390880944e-07,2.6448798287105564e-06,0.9999970665454633,3.651727422573349e-08,OR
D,M3,2,0.4188050170258303,0.0035436943305816567,0.5771456165658786,0.0005056720777095226,OR
D,M3,2,0.9826975722291542,0.012669144070716998,0.003431642326492556,0.0012016413736361956,B
D,M3,2,0.36394028653304356,0.0079468287435082,0.6278102111720524,0.0003026735513958823,OR
D,M3,2,0.21567852376338936,0.22379972090158312,0.5583644566525052,0.002157298682522286,OR
D,M3,2,0.3350869823896465,0.017637815659510832,0.6453551475036162,0.0019200544472265284,OR
D,M3,2,0.2067121835716546,0.782069240062699,0.008239311746178982,0.0029792646194674063,IR
D,M3,2,0.9736852190542263,0.0001786543971819903,0.024502918975403,0.001633207573188702,B
D,M3,2,0.23210457686120572,0.6603138354648512,0.10701530628611651,0.0005662813878265214,IR
D,M3,2,0.6363778204707934,0.002378525586464992,0.3609674529227699,0.00027620101997158033,B
D,M3,2,0.8281689775675759,0.018749217448677906,0.1511421552987077,0.0019396496850386236,B
D,M3,2,0.25317561196899935,0.6236615367897997,0.12254995110217269,0.0006129001390281736,IR
D,M3,2,0.9858345184430471,0.007171956789727026,0.005494172122895988,0.0014993526443298972,B
D,M3,2,0.1261442801976824,0.0068287886654099204,0.8666994692576228,0.0003274618792849118,OR
D,M3,2,0.07480863376399947,0.017587408343762823,0.9063498644052463,0.001254093486991318,OR
D,M3,2,0.9210316621442317,0.00017159659348245512,0.07858414990784728,0.00021259135443856315,B
D,M3,2,0.1989796449620386,0.6313687696957487,0.09905752806570568,0.07059405727650704,IR
D,M3,2,0.026657932284786027,0.00018348306447760646,0.9711174571527874,0.0020411274979488417,OR
D,M3,2,0.6115970292372978,0.15296580521344974,0.231666503101363,0.003770662447889476,B
D,M3,2,0.5563881175451374,0.1170330178585139,0.3109214302532991,0.015657434343049725,B
D,M3,2,0.2981526080192488,0.010299457803836027,0.6874996593728272,0.0040482748040879535,OR
D,M3,2,0.35644505307886765,0.005951026699793108,0.6303535409025216,0.007250379318817814,OR
D,M3,2,0.8685402214607154,0.032410360133882016,0.09673303935832718,0.002316379047075573,B
D,M3,2,0.9548820874663004,0.029625389211485314,0.013938576676751285,0.0015539466454629817,B
D,M3,2,0.5167964152106876,8.614843239036878e-05,0.4828628230794082,0.0002546132775137903,B
D,M3,2,0.93968557387838,0.0011410939727786095,0.05808538386897822,0.0010879482798630711,B
D,M3,2,0.9848177435652241,4.281642828140575e-05,0.014451631368772307,0.0006878086377221399,B
D,M3,2,0.009671906932140822,0.1270238257836879,0.8604114407510733,0.002892826533097794,OR
D,M3,2,0.15774993612197707,0.03476312886759289,0.7869911156866473,0.020495819323782746,OR
D,M3,2,0.4398163862467291,0.00031131752714606137,0.5584945842459682,0.0013777119801566592,OR
D,M3,2,0.983897672253997,0.004023150793148643,0.007962705916114246,0.004116471036740015,B
D,M3,2,0.9616202568509271,0.010182581557487623,0.026562122965297044,0.0016350386262882855,B
E,M3,2,5.015035492916644e-07,0.019166327544494155,0.9808326650197838,5.059321728381446e-07,OR
E,M3,2,3.9151710979996285e-07,0.005715142695513109,0.9942840498910319,4.158963451848813e-07,OR
E,M3,2,1.0280502888417649e-06,0.016378154874952665,0.9836201527768711,6.642978872600675e-07,OR
E,M3,2,7.098264502039775e-08,0.0015946298766996215,0.9984052012050694,9.793558592581445e-08,OR
E,M3,2,2.8960522328677413e-06,0.10310168240621741,0.8966625480956023,0.00023287344594735614,OR
E,M3,2,7.69423762284435e-06,0.3268087744119989,0.6728086643207168,0.00037486702966146656,OR
E,M3,2,1.1214416554090184e-06,0.15940370691697295,0.8405778039551536,1.7367686217907257e-05,OR
E,M3,2,4.160517053942085e-06,0.4389280146512043,0.5598377271352225,0.0012300976965192788,OR
E,M3,2,5.984063482396124e-06,0.00799698818868481,0.991996619297735,4.084500978028356e-07,OR
E,M3,2,1.9833720271540444e-05,0.12324617710786344,0.8767329047220678,1.0844497971818862e-06,OR
E,M3,2,2.7213928563058023e-05,0.014263395384662453,0.985649837107715,5.9553579059610114e-05,OR
E,M3,2,4.365602188157844e-06,0.36346933520195346,0.6358475332280894,0.0006787659677688945,OR
E,M3,2,4.1620390423168205e-07,0.01814477193232834,0.9818401297703498,1.4682093417622256e-05,OR
E,M3,2,8.546460097159647e-06,0.03178048765881008,0.968209991599849,9.742812437845388e-07,OR
E,M3,2,2.593343530867099e-05,0.23775356389681768,0.7622191245548543,1.37811301936149e-06,OR
E,M3,2,2.57503267304817e-06,0.009360164168827574,0.9906369160105171,3.44787982466311e-07,OR
E,M3,2,1.982342220714071e-06,0.16458048215734647,0.8354119840381322,5.5514623006323696e-06,OR
E,M3,2,1.7010354715264214e-06,0.1993730821666735,0.8002411469833361,0.00038406981451883244,OR
E,M3,2,7.264818340434519e-07,0.062952731876303,0.937017519844561,2.9021797302039598e-05,OR
E,M3,2,8.12360709104929e-07,0.07488004303535768,0.925102406722305,1.6737881628164793e-05,OR
E,M3,2,5.730503342124792e-06,0.003986610424669535,0.9960062102451354,1.448826852836593e-06,OR
E,M3,2,9.839463880410881e-09,4.048553826209973e-05,0.9999594896700178,1.4952256370063556e-08,OR
E,M3,2,4.689589980591306e-06,0.02334183758046614,0.976651328491087,2.1443384663814506e-06,OR
E,M3,2,3.2423965880454106e-08,0.00038927454220263533,0.9996099504629015,7.425709301175181e-07,OR
E,M3,2,1.600607319129536e-06,0.27125984989199464,0.7284827706775823,0.0002557788231039572,OR
E,M3,2,6.8742192581667295e-06,0.05632962572680753,0.9436586910115256,4.8090424088336665e-06,OR
E,M3,2,1.4066658838066343e-05,0.060135791069098075,0.939848735792783,1.406479280878843e-06,OR
E,M3,2,5.721149677184725e-07,0.014523878089682557,0.9854750992852813,4.505100683519454e-07,OR
E,M3,2,7.54265193196757e-05,0.3431127796711453,0.6566745752921331,0.00013721851740177698,OR
E,M3,2,0.002765002541400123,0.14102222343967621,0.8560186757549928,0.0001940982639307423,OR
E,M3,2,5.006984697905562e-07,0.0013680758536824661,0.9986312824673557,1.4098049219946064e-07,OR
F,M3,2,0.05567434540084025,0.016903405318547386,0.9243590228106696,0.0030632264699427558,OR
F,M3,2,0.4738044509810572,0.004575917229577104,0.520136373844249,0.0014832579451166295,OR
F,M3,2,0.023161930226280533,0.009729860063053002,0.9667551363525345,0.0003530733581319938,OR
F,M3,2,0.5315148678309758,0.07205062100543073,0.38270053093360323,0.0137339802299901,B
F,M3,2,0.9311612417350646,0.016105460254850157,0.050785939457853764,0.0019473585522312956,B
F,M3,2,0.4407355170692023,0.43650070584199435,0.12070962469649887,0.0020541523923046437,B
F,M3,2,0.8693643003735372,0.005382074606964289,0.120437540424464,0.004816084595034543,B
F,M3,2,0.254987185848957,0.0006029342101501357,0.7439742886178798,0.00043559132301292564,OR
F,M3,2,0.030433703741191916,0.0008473126478362306,0.9684200451709519,0.0002989384400200399,OR
F,M3,2,0.9564482190885505,0.010087043575054128,0.032257004900748516,0.0012077324356469436,B
F,M3,2,0.8806581066833848,0.00041750814166650765,0.11879004004344992,0.00013434513149864792,B
F,M3,2,0.844050885850996,0.042077155151737114,0.04920706787836637,0.06466489111890059,B
F,M3,2,0.18780829055268108,0.32922166631076183,0.4801666218523222,0.002803421284235007,OR
F,M3,2,0.17485232832200592,0.07189860595745895,0.7513777061413328,0.0018713595792023091,OR
F,M3,2,0.9147727033343168,4.9143043198666344e-05,0.08496433901162435,0.00021381461085998306,B
F,M3,2,0.9865616181669049,0.00011248430750016359,0.01310798715583037,0.0002179103697646186,B
F,M3,2,0.49695925786642625,0.011489225975330624,0.4868305633071818,0.004720952851061312,B
F,M3,2,0.4640338938263244,0.02476121680656355,0.43790249673326176,0.07330239263385033,B
F,M3,2,0.558660801995421,0.005480919464080873,0.42581811892168014,0.010040159618818085,B
F,M3,2,0.06473438537545564,0.0007733490904852113,0.9342085368490328,0.0002837286850262374,OR
F,M3,2,0.09766038569595456,0.7644893133724558,0.13418624661062342,0.0036640543209661663,IR
F,M3,2,0.9792021343242991,0.00015419533755743595,0.02045025833346341,0.00019341200467991592,B
F,M3,2,0.9062965359193307,0.08205864260935201,0.006182307927251297,0.005462513544065874,B
F,M3,2,0.3673492490726813,0.06089086894440983,0.5673288731122115,0.004431008870697349,OR
F,M3,2,0.37214395030677555,0.008876600438959317,0.6133636633426051,0.005615785911659976,OR
F,M3,2,0.9919259296634727,0.0008605165485964586,0.002333790495520978,0.004879763292409841,B
F,M3,2,0.9855462713315464,0.0038642950683882254,0.009378613998802418,0.001210819601262985,B
F,M3,2,0.9275976936037668,0.03841604302557913,0.010023734448259734,0.02396252892239455,B
F,M3,2,0.454066128007904,0.015305592822510877,0.5296396489095312,0.0009886302600540073,OR
F,M3,2,0.6410899128880886,0.26329346157291755,0.09451003232815273,0.0011065932108410394,B
F,M3,2,0.6150407025451131,0.001825437371201848,0.3811388040467716,0.001995056036913462,B
G,M3,2,0.0891847676741967,4.0079630350148225e-05,0.9107235355751924,5.161712026081152e-05,OR
G,M3,2,0.9738924156069118,0.0002649531902459205,0.025774278513337544,6.835268950475006e-05,B
G,M3,2,0.979157379784092,0.0011145928943067564,0.01966591467889925,6.211264270195043e-05,B
G,M3,2,0.28053523242419853,0.05110528285245582,0.6678170074623815,0.0005424772609641342,OR
G,M3,2,0.0005770176597448744,2.9805207683104513e-05,0.9993916771792923,1.4999532795226029e-06,OR
G,M3,2,0.38388643039068543,0.01194497645150724,0.6040970745559566,7.151860185081243e-05,OR
G,M3,2,0.34884894382013126,0.007036338306988964,0.6427722737015639,0.0013424441713158965,OR
G,M3,2,0.9574001682258728,0.0025273096754014263,0.039928697278522864,0.0001438248202029366,B
G,M3,2,0.05387711466055962,0.0006423855979676659,0.9454517986193608,2.8701122111889694e-05,OR
G,M3,2,0.8251257817988255,0.022045757473525007,0.15051162512751257,0.002316835600136934,B
G,M3,2,0.026448413039893332,1.0925709789433659e-05,0.9735373688237929,3.2924265243513036e-06,OR
G,M3,2,0.007177143812420804,2.959170545911576e-05,0.9927903546236848,2.909858435313518e-06,OR
G,M3,2,0.013661562100782232,0.6913786848713795,0.2939963393339077,0.0009634136939306024,IR
G,M3,2,0.060932108439819437,0.00036708012655817625,0.9386249405082208,7.587092540160161e-05,OR
G,M3,2,0.02026515542105098,0.00012353292353956322,0.9795815441226293,2.9767532780203068e-05,OR
G,M3,2,0.0004397293558478708,0.00018401743897180058,0.9993721967610437,4.056444136553364e-06,OR
G,M3,2,0.02546772552562937,0.009827230826739279,0.9646264754344208,7.856821321038309e-05,OR
G,M3,2,0.006172453082108947,0.0004017534518397038,0.9933725759680864,5.321749796494488e-05,OR
G,M3,2,0.7058042922396964,0.0009785057866978212,0.2931964814572578,2.0720516347806517e-05,B
G,M3,2,0.0039837054036518365,1.2766418564789958e-05,0.9960021269784669,1.4011993165999724e-06,OR
G,M3,2,0.8225889874098119,0.017818459592510792,0.15883385159058996,0.0007587014070873686,B
G,M3,2,0.023382294465689134,0.00012280122031713115,0.9764832624249806,1.1641889012891124e-05,OR
G,M3,2,0.00012596726539607564,8.723180150444699e-05,0.9997750000245185,1.1800908581198702e-05,OR
G,M3,2,0.01281517354964439,6.742258811668811e-06,0.9871761514387754,1.9327527686566366e-06,OR
G,M3,2,0.18493794508279174,0.014934038410257942,0.8000807941430914,4.722236385892753e-05,OR
G,M3,2,0.00827375062027726,1.1347774074205086e-05,0.9917105255680013,4.376037647106932e-06,OR
G,M3,2,0.0006497913112316639,0.0001437639659750416,0.9992051504854339,1.2942373595057351e-06,OR
G,M3,2,0.13502167712616364,0.0006244773078825082,0.8643425781241245,1.1267441829159804e-05,OR
G,M3,2,3.4120282002744675e-05,1.1033127902572837e-05,0.9999489425182049,5.9040718897866835e-06,OR
G,M3,2,0.8393711262971778,1.678725334170735e-05,0.160581181222099,3.090522738148602e-05,B
G,M3,2,0.3744143995695354,0.007107793965932742,0.6183333048496957,0.00014450161483608054,OR
H,M3,2,5.597112848110604e-05,3.866077864595495e-05,4.453763027558762e-05,0.9998608304625972,N
H,M3,2,5.269757177760877e-07,3.735518160507168e-06,0.0005990441289028814,0.9993966933772188,N
H,M3,2,0.00044516242913398944,0.0025284547846374824,0.16828970509103675,0.8287366776951918,N
H,M3,2,6.292375424033167e-06,0.00018293337951231776,0.0006617074195545189,0.9991490668255091,N
H,M3,2,6.891518215500657e-07,2.2320092433037427e-05,0.001586596620793114,0.9983903941349522,N
H,M3,2,8.810464547368643e-05,0.023563620419551484,0.3721226004484987,0.6042256744864761,N
H,M3,2,0.00012019301344257544,0.041267076121234494,0.24573965691000865,0.7128730739553143,N
H,M3,2,3.279611684073049e-05,0.000665394935834136,0.0905808941314296,0.9087209148158955,N
H,M3,2,3.2673584099073612e-06,0.001113739732794243,0.9862394451769637,0.012643547731832093,OR
H,M3,2,0.00014127210356349007,0.006457008383191494,0.24731229493150053,0.7460894245817445,N
H,M3,2,0.0001130987563846705,0.02249337407645427,0.30638196065675927,0.6710115665104018,N
H,M3,2,1.6636061070930646e-05,0.00261665203539001,0.9557165428641957,0.0416501690393433,OR
H,M3,2,0.0008902058323107662,0.008687563381511828,0.4058042607379727,0.5846179700482047,N
H,M3,2,0.00011612045453114565,0.16869463902150306,0.1772892544009822,0.6538999861229836,N
H,M3,2,0.000184899215381762,0.015795711973150075,0.07099167432778541,0.9130277144836828,N
H,M3,2,0.0005767980684746122,0.0443994179956661,0.12740478477916103,0.8276189991566982,N
H,M3,2,7.942264790813024e-05,0.00668187567002892,0.14712379017657812,0.8461149115054848,N
H,M3,2,0.0006285268271319564,0.07200801130601572,0.29683116872790516,0.6305322931389471,N
H,M3,2,9.966986868610322e-05,0.008202181554643905,0.6798661389353909,0.31183200964127894,OR
H,M3,2,0.0002496260310717769,0.019945069681386686,0.5426056618760755,0.43719964241146614,OR
H,M3,2,4.9270566258148736e-05,0.011392403922523978,0.04729073234880223,0.9412675931624157,N
H,M3,2,0.0009509740105775817,0.04344567458066381,0.24896897713095445,0.7066343742778043,N
H,M3,2,0.02762377930301285,0.02999042539916162,0.5499803184329624,0.39240547686486316,OR
H,M3,2,0.0024699320600281727,0.009757475042313056,0.06184549836770316,0.9259270945299556,N
H,M3,2,0.009567435209211411,0.2984625638397036,0.687729458970631,0.0042405419804540075,OR
H,M3,2,0.0004878032358255455,0.02041034554430799,0.4846022516111042,0.4944995996087621,N
H,M3,2,0.0007958661168403788,0.0467877989239882,0.708739494840507,0.2436768401186644,OR
H,M3,2,0.000251338867324517,0.029879453694546792,0.5147052720239795,0.4551639354141492,OR
H,M3,2,0.0012732317002223286,0.10995191220946274,0.6244057408435907,0.26436911524672435,OR
H,M3,2,0.00017614491882762023,0.0022356734162571204,0.008626458747953281,0.988961722916962,N
H,M3,2,1.3174190576045205e-06,2.599354438678494e-05,0.00047467629508107594,0.9994980127414747,N
I,M3,2,4.766550638722053e-07,0.20597912597883214,0.7940202034024151,1.939636887947982e-07,OR
I,M3,2,1.6234303314999095e-06,0.5576813823512853,0.44231657545230746,4.1876607571488886e-07,IR
I,M3,2,1.8458458794472715e-07,0.0036138616736898555,0.9963859315150805,2.222664157105014e-08,OR
I,M3,2,2.5202170165090562e-05,0.36217756059307715,0.637794342893643,2.8943431146921567e-06,OR
I,M3,2,6.564694056026151e-06,0.04184083378378186,0.9574540892779011,0.0006985122442608867,OR
I,M3,2,6.525399271970107e-07,0.011210390331067934,0.9887887343156121,2.2281339274130314e-07,OR
I,M3,2,5.068099449793503e-07,0.9976420358445397,0.002357427689013655,2.9656501545023987e-08,IR
I,M3,2,5.069528461098408e-06,0.00292196609287616,0.9970729354777517,2.8900911058232056e-08,OR
I,M3,2,3.015875236891253e-06,0.03618456451342297,0.9638123119504655,1.0766087479221499e-07,OR
I,M3,2,1.2421865105119507e-05,0.019749666012950234,0.9802371482179794,7.639039652171748e-07,OR
I,M3,2,1.6568173930916988e-06,0.07246086549201804,0.9275373486101588,1.2908043002274002e-07,OR
I,M3,2,8.193242898068999e-07,0.20761549410885047,0.7923834678370442,2.187298155188106e-07,OR
I,M3,2,8.893500536846842e-07,0.9940434476333992,0.005955651405529078,1.1611018048814985e-08,IR
I,M3,2,2.182604689279654e-06,0.012628020354025401,0.987369458512734,3.385285513741889e-07,OR
I,M3,2,8.225927518499107e-07,0.0025838394172585898,0.9974149275656051,4.104243846421403e-07,OR
I,M3,2,1.1084170052328468e-06,0.00360471020421841,0.9963939540346359,2.273441403980697e-07,OR
I,M3,2,1.9081270462763608e-07,0.0014063735955691526,0.9985934016425747,3.3949151277710446e-08,OR
I,M3,2,2.060359704353763e-06,0.0029400540004573933,0.9970574819676119,4.0367222635385e-07,OR
I,M3,2,2.0930481441077765e-07,0.0036463855077404407,0.9963533508724484,5.4314996816141006e-08,OR
I,M3,2,1.5472458069480168e-05,0.027990033123225122,0.9719943642924596,1.3012624609105025e-07,OR
I,M3,2,2.2185725622927745e-07,0.0009452372234714189,0.9990545050527537,3.586651871799963e-08,OR
I,M3,2,4.954592185702941e-06,0.058336730628302504,0.9416573453196058,9.694599060277944e-07,OR
I,M3,2,6.33800409823509e-07,0.07670615165254992,0.9232924837869237,7.307601164546495e-07,OR
I,M3,2,9.202335819282843e-06,0.5097202861916215,0.49027028398792527,2.2748463387017195e-07,IR
I,M3,2,8.057668969350205e-08,0.9995113734440665,0.000488542553820857,3.4254229654705006e-09,IR
I,M3,2,1.1007727747359674e-05,0.22906813172117366,0.7709206895429803,1.7100809852668528e-07,OR
I,M3,2,3.5708958307883457e-07,0.9252079461835176,0.07479161943195982,7.729493949313698e-08,IR
I,M3,2,1.7646550036788856e-08,0.00019944231827773306,0.9998005140808993,2.5954273035768143e-08,OR
I,M3,2,3.378193942039305e-06,0.23968705124301531,0.7603091877955261,3.827675164544794e-07,OR
I,M3,2,7.628025010053502e-06,0.15297958905530873,0.8466597799038978,0.00035300301578349155,OR
I,M3,2,2.166329742540809e-08,0.9999577554674137,4.204105178339798e-05,1.8181750561580378e-07,IR
J,M3,2,4.226170714443664e-06,0.0014069717331082904,0.998588361358128,4.407380492589214e-07,OR
J,M3,2,3.8178253673054464e-07,0.00022945660139984521,0.9997701105618848,5.1054178623545626e-08,OR
J,M3,2,5.3983136207793135e-08,3.451713358018804e-06,0.999996487386306,6.917199838877747e-09,OR
J,M3,2,5.659148849873459e-07,0.001956960241243946,0.9980423336002551,1.402436158900269e-07,OR
J,M3,2,1.0026742340038708e-05,0.00922867231227071,0.9907597937039915,1.507241397656649e-06,OR
J,M3,2,2.339512239082691e-07,0.00017054170140339965,0.9998292017068771,2.264049569315432e-08,OR
J,M3,2,6.496979046100454e-07,0.00040391549772375113,0.9995954042431446,3.0561226970323983e-08,OR
J,M3,2,2.0995740986047316e-06,0.10720097267389705,0.8927966956825739,2.3206943046046467e-07,OR
J,M3,2,6.928811754344611e-08,6.876118281675704e-05,0.9999311316672785,3.786178714450465e-08,OR
J,M3,2,8.738193822733e-06,0.10284153863879296,0.8971488473339476,8.758334366437719e-07,OR
J,M3,2,1.3474077483196685e-07,0.00020263858049319235,0.9997971727813796,5.389735245302227e-08,OR
J,M3,2,9.020808967374236e-07,6.297388462894293e-05,0.9999361044604438,1.9574030632676195e-08,OR
J,M3,2,9.276530751564636e-09,5.700076936858346e-06,0.9999942892202252,1.4263072564646412e-09,OR
J,M3,2,3.0054154072420224e-06,0.00046782798714146116,0.9995290716715478,9.492590341411662e-08,OR
J,M3,2,7.843395228358525e-08,0.00028248878701698127,0.999717416311207,1.6467823701271013e-08,OR
J,M3,2,3.50254062022484e-06,0.0012603164986321547,0.9987357574330373,4.2352771021230175e-07,OR
J,M3,2,2.728218881754602e-06,0.0003248802091529249,0.9996723013575685,9.021439677064141e-08,OR
J,M3,2,2.729457007829099e-07,2.1632410615070817e-05,0.9999780089401771,8.57035070503213e-08,OR
J,M3,2,9.76470595947929e-08,5.0273427911861264e-05,0.9999496190434793,9.881549109712398e-09,OR
J,M3,2,7.150196588755162e-06,0.02624903419585947,0.9737423885453821,1.4270621698006013e-06,OR
J,M3,2,3.2546274341702023e-06,0.0014765812402404556,0.998519949881359,2.142509666322222e-07,OR
J,M3,2,2.3031602452593077e-07,0.00011473045370137303,0.9998844443270447,5.94903229377577e-07,OR
J,M3,2,1.7891070660351833e-08,2.9602257979400197e-05,0.9999703736616894,6.1892605274313675e-09,OR
J,M3,2,3.7472046130799e-07,0.00048070110031974984,0.9995188502849983,7.389422053666446e-08,OR
J,M3,2,8.048703306564243e-07,8.317698752136125e-05,0.9999159766924564,4.1449691579107176e-08,OR
J,M3,2,1.971637054147947e-06,0.0038567039210503063,0.9961409633642742,3.61077621574909e-07,OR
J,M3,2,1.0641328640708527e-06,0.0005068500637577013,0.9994919659916028,1.1981177524343835e-07,OR
J,M3,2,3.893957822455562e-06,0.022623534129898707,0.9773721744393481,3.9747293061481533e-07,OR
J,M3,2,1.8480546686370054e-06,0.0009029274858432176,0.9990949861014311,2.3835805683301883e-07,OR
J,M3,2,1.2351260729420234e-05,0.004504640901351677,0.995482788638358,2.191995610058082e-07,OR
J,M3,2,1.651214248298682e-06,0.0030433208807773286,0.9969546456545758,3.8225039856854766e-07,OR
K,M3,2,0.45359834963757206,0.0010997991307956033,0.5338512779854282,0.011450573246204233,OR
K,M3,2,0.0009240486566331193,0.00283460170050798,0.9958897190978189,0.0003516305450400144,OR
K,M3,2,0.31560393657921865,0.09782460132931359,0.5804485710981119,0.00612289099335588,OR
K,M3,2,0.9569516295998167,0.036897462626650224,0.005901176501012671,0.0002497312725203691,B
K,M3,2,0.0004436189680246139,0.007269108996341644,0.9922767240903714,1.0547945262597524e-05,OR
K,M3,2,7.253749629409345e-05,5.0200982780709285e-05,0.9998769073504266,3.5417049872659064e-07,OR
K,M3,2,0.002944655703139208,0.0003867548169065214,0.9966245575061103,4.403197384399484e-05,OR
K,M3,2,0.006330379243479208,0.22350350324285487,0.7624190970873168,0.007747020426349165,OR
K,M3,2,0.24473665784121218,0.05394301383200534,0.4987568025765707,0.20256352575021178,OR
K,M3,2,0.030321256747673858,0.9357016706102322,0.032011249990114184,0.001965822651979888,IR
K,M3,2,0.023842801427488833,4.5807915514996154e-05,0.9757948871753634,0.0003165034816325879,OR
K,M3,2,0.04991119520700733,0.8010257622699453,0.13736188482106085,0.011701157701986653,IR
K,M3,2,0.9146507944390017,0.06230339408119535,0.020058536899435864,0.0029872745803672844,B
K,M3,2,0.08522004750747586,0.155268422043912,0.7579110032473482,0.0016005272012637737,OR
K,M3,2,0.0023620150827537005,0.013708010768037961,0.9837365478543001,0.0001934262949082059,OR
K,M3,2,0.003629595552771453,0.0004944849716207994,0.995821748564904,5.41709107036419e-05,OR
K,M3,2,0.0007822773280465154,3.9586363953044055e-06,0.9991968298592432,1.693417631498163e-05,OR
K,M3,2,0.013190733210328428,0.006624803950647755,0.9801779283259057,6.5345131180439324e-06,OR
K,M3,2,0.2951101611378956,0.3138043327423611,0.3607073086993779,0.030378197420365363,OR
K,M3,2,0.008236326133772108,0.0064562252412954995,0.9835645449259045,0.0017429036990277578,OR
K,M3,2,0.0051009004079905634,7.112705539747515e-05,0.9947909004029295,3.7072133682342336e-05,OR
K,M3,2,9.358445940674292e-05,2.24818746737784e-06,0.9999033130361135,8.543170125027615e-07,OR
K,M3,2,0.0007293405540691332,0.0005995308809519565,0.9986551190378631,1.6009527115744698e-05,OR
K,M3,2,0.011371649994562404,0.029479857977716763,0.958855418915358,0.000293073112362766,OR
K,M3,2,0.24531678600869825,0.40141903636939513,0.33226296957307816,0.02100120804882848,IR
K,M3,2,0.6284878396467615,0.03089420529924314,0.31266122553978926,0.027956729514206045,B
K,M3,2,0.9713938543071399,0.022445753635425156,0.0054253765937740195,0.0007350154636608957,B
K,M3,2,0.10584395917987482,0.3691135496795427,0.5240926648532828,0.0009498262872997658,OR
K,M3,2,0.5904423477912984,0.024815179099656158,0.384111268901552,0.0006312042074933299,B
K,M3,2,0.03495814766058764,0.005250022424150264,0.9597650236575453,2.6806257716683135e-05,OR
K,M3,2,0.007414424743983056,0.002513057962878454,0.9900665552838487,5.962009289921211e-06,OR
L,M3,2,0.043294222297418965,0.0012330379235480804,0.954706377571312,0.0007663622077209096,OR
L,M3,2,0.9085343927117612,0.027942036116774035,0.06255144955470993,0.0009721216167548271,B
L,M3,2,0.9132917404383438,0.01162765050528588,0.07501606348491861,6.454557145169318e-05,B
L,M3,2,0.009640286377219455,0.001038994490145155,0.9890588613604274,0.0002618577722079385,OR
L,M3,2,0.004847544727063275,2.1945370404548522e-05,0.9950534835729465,7.702632958553943e-05,OR
L,M3,2,0.14013316029153922,0.052884569688544984,0.7982652308035205,0.008717039216395205,OR
L,M3,2,0.17127982049222723,0.012469941973485754,0.8147305170137727,0.0015197205205141724,OR
L,M3,2,0.4768171588708367,0.002826747263055981,0.5201508426227918,0.00020525124331552413,OR
L,M3,2,0.7354785203064146,0.08103154017589646,0.18120391800229252,0.0022860215153965298,B
L,M3,2,0.9721472215203966,0.0003009421012272721,0.027494568461014054,5.726791736218615e-05,B
L,M3,2,0.9641661718895578,0.020840745014481573,0.011635317297883566,0.0033577657980773203,B
L,M3,2,0.9923133446353355,0.0009646214817528574,0.006604088440216073,0.00011794544269550053,B
L,M3,2,0.98306517367364,0.011126052125987055,0.005695737255355608,0.00011303694501751869,B
L,M3,2,0.31726712463657,0.016687225892676478,0.665414774558186,0.000630874912567598,OR
L,M3,2,0.5971873573364018,0.0007063218363531929,0.4013418137822771,0.0007645070449677297,B
L,M3,2,0.5979328080765051,0.13907344787565304,0.26282810824834213,0.00016563579949972637,B
L,M3,2,0.94308110348827,0.041096337247753856,0.015606147330334278,0.00021641193364195347,B
L,M3,2,0.2612570383886529,0.12190200768239028,0.6161208933287017,0.000720060600255077,OR
L,M3,2,0.3242764347240129,0.30452800241767264,0.3705648503517309,0.0006307125065834883,OR
L,M3,2,0.1008588270739587,0.3556918931110255,0.542673973159919,0.0007753066550967556,OR
L,M3,2,0.49334203111275604,7.908005540172438e-05,0.5064166458226917,0.00016224300915045726,OR
L,M3,2,0.08515366728853253,0.0011841078450944465,0.9133456079709655,0.00031661689540762644,OR
L,M3,2,0.7326953690572793,0.20084929600409362,0.06607293356286018,0.0003824013757670427,B
L,M3,2,0.9884653625047266,5.9504982695750774e-05,0.011468832919084487,6.299593493061722e-06,B
L,M3,2,0.14828667535312787,0.0002042698726083888,0.8511934848685713,0.0003155699056924387,OR
L,M3,2,0.9270696799034599,0.05465635167397739,0.007277621704487918,0.010996346718074833,B
L,M3,2,0.10160297844381723,0.0005282551102777401,0.8978117914670448,5.6974978860200477e-05,OR
L,M3,2,0.43811950813130895,0.17407529724454135,0.3776551913838639,0.010150003240285683,B
L,M3,2,0.0022282087554308014,0.00010540997234720418,0.9972312966605615,0.0004350846116605926,OR
L,M3,2,0.17508043960756958,0.0005653340175527875,0.8241692468826411,0.0001849794922363908,OR
L,M3,2,0.2349691562091975,0.00035587249895712277,0.7622242687738385,0.0024507025180068778,OR
M,M3,2,0.4527504343159936,0.44754480269461744,0.0024205279941671566,0.09728423499522189,B
M,M3,2,0.208195342979702,0.5412423044095864,0.13041080588983414,0.12015154672087743,IR
M,M3,2,0.21797274140467418,0.1519165527638703,0.450739564526798,0.17937114130465756,OR
M,M3,2,0.11404357570891006,0.19508429967983268,0.010653842577344511,0.6802182820339127,N
M,M3,2,0.5987327582590439,0.24070619048587477,0.011195368838436992,0.14936568241664425,B
M,M3,2,0.23632511700206474,0.547708014952251,0.0882805299522766,0.12768633809340763,IR
M,M3,2,0.43502107561939096,0.057893307946191776,0.0010675148895857266,0.5060181015448315,N
M,M3,2,0.30284261726936146,0.53944641752521,0.021166430156881133,0.13654453504854747,IR
M,M3,2,0.4976287792456046,0.1229609125964675,0.023597004339161884,0.355813303818766,B
M,M3,2,0.6832678890228422,0.2948996740897079,0.016800423231739095,0.005032013655710861,B
M,M3,2,0.04124935057218364,0.014751254504372082,0.0005088188458224675,0.9434905760776218,N
M,M3,2,0.11370602436781325,0.8084506053223682,0.03234972701237557,0.04549364329744299,IR
M,M3,2,0.013700450191931298,0.00735322066997996,0.006725443295190936,0.9722208858428979,N
M,M3,2,0.012159756303792364,0.003086261623841074,0.0009599216015633714,0.9837940604708032,N
M,M3,2,0.050664977873213946,0.8666883323194609,0.03314886522457247,0.04949782458275267,IR
M,M3,2,0.33701220120909453,0.14291041196236295,0.3091823403453732,0.21089504648316934,B
M,M3,2,0.09191758034242015,0.3852333432679804,0.5023773800404422,0.020471696349157225,OR
M,M3,2,0.32201182758497,0.3355785166385652,0.035013282572836035,0.3073963732036287,IR
M,M3,2,0.6667220347918844,0.09438197035177504,0.003044722596793198,0.23585127225954725,B
M,M3,2,0.5559540918373371,0.09885794653111644,0.013639537072518419,0.331548424559028,B
M,M3,2,0.13316998581204353,0.4467804521119763,0.017648505416052583,0.40240105665992765,IR
M,M3,2,0.4786604256101471,0.14829334005236117,0.004203890575824983,0.3688423437616668,B
M,M3,2,0.17304047516604018,0.18768694161390095,0.003392568078894516,0.6358800151411644,N
M,M3,2,0.17699558216091693,0.16115113456283978,0.008839947537705537,0.6530133357385377,N
M,M3,2,0.08238381349621667,0.0047483658979610545,0.002978415785311398,0.9098894048205107,N
M,M3,2,0.290280185883004,0.05604376679572063,0.022298066852601238,0.6313779804686741,N
M,M3,2,0.5527140902888534,0.17962082149071415,0.2212213203800926,0.046443767840339774,B
M,M3,2,0.21442678868448353,0.305436667205135,0.3144740095302131,0.16566253458016827,OR
M,M3,2,0.008897002469526417,0.00972620275964508,0.9785294897935801,0.002847304977248436,OR
M,M3,2,0.06013397725785993,0.014321137078536368,0.033754612732134974,0.8917902729314686,N
M,M3,2,0.781517829582515,0.12047892760239381,0.027965671353881873,0.07003757146120931,B
N,M3,2,6.282509409644051e-07,0.5149080483545588,0.4849936788320198,9.76445624804907e-05,IR
N,M3,2,3.8561329798522036e-07,0.7894839934304673,0.21051183446748642,3.7864887485365936e-06,IR
N,M3,2,6.305030764805582e-06,0.013088820754930359,0.9869042846219983,5.895923066661073e-07,OR
N,M3,2,8.68181906689866e-07,0.002379697429892745,0.9976193379133282,9.64748724777539e-08,OR
N,M3,2,7.566400401387287e-08,0.9976270921616186,0.0023716727439499373,1.1594304273925797e-06,IR
N,M3,2,1.8871661501541287e-05,0.3866101350924264,0.6133161550670412,5.483817903077623e-05,OR
N,M3,2,7.806738022714771e-07,0.9784079605897866,0.02159116118957132,9.754683986995624e-08,IR
N,M3,2,1.3695862419743145e-05,0.24821866321953207,0.7517667285129128,9.124051353080839e-07,OR
N,M3,2,6.286975982277872e-07,0.0003048628543132493,0.9996944201514798,8.829660881554575e-08,OR
N,M3,2,8.94122661107903e-08,0.999132984975208,0.0008668017567437068,1.2385578221196017e-07,IR
N,M3,2,1.3169794578709736e-05,0.33010971184153765,0.6698762872256155,8.311382682616295e-07,OR
N,M3,2,1.2518864041476943e-08,0.000226489833571666,0.999773487185858,1.0461706237176827e-08,OR
N,M3,2,6.5564306512530985e-06,0.8444404207599607,0.1555313699816405,2.1652827747410662e-05,IR
N,M3,2,1.763154389033186e-07,0.7026136136006325,0.2973838989371343,2.3111467942562392e-06,IR
N,M3,2,1.7137054583495905e-07,0.37225734327532356,0.6277424443890982,4.096503236304258e-08,OR
N,M3,2,5.789671264311552e-06,0.004937175731318027,0.9950566298368195,4.0476059820475166e-07,OR
N,M3,2,1.256256705873729e-07,0.9985745567485546,0.001424795994977027,5.216307980723377e-07,IR
N,M3,2,4.990610943547436e-07,0.7507648017140554,0.24923284104352145,1.8581813287778722e-06,IR
N,M3,2,9.298717964396638e-06,0.3135021319417435,0.6864871644452195,1.4048950726213677e-06,OR
N,M3,2,3.125510635282392e-07,0.412304082062217,0.5876223642126406,7.324117407884739e-05,OR
N,M3,2,2.8971676845569746e-06,0.00624339853004026,0.9937535885202443,1.1578203082470647e-07,OR
N,M3,2,1.5309769259613656e-05,0.7882155768353171,0.21176747670655524,1.6366888680000015e-06,IR
N,M3,2,3.8133454530073527e-06,0.967540455039248,0.032435354439051635,2.0377176247371855e-05,IR
N,M3,2,8.1385603056123e-06,0.8521584840475004,0.1478123301457628,2.1047246431056805e-05,IR
N,M3,2,1.427869813071939e-06,0.9195049481788814,0.08047587507381604,1.774887748941792e-05,IR
N,M3,2,2.5154235221517977e-07,0.9991664756035117,0.000832075494528277,1.1973596078904903e-06,IR
N,M3,2,4.806806941341889e-09,0.0001269879804704092,0.9998729934530336,1.3759689192507928e-08,OR
N,M3,2,3.9530948679030264e-08,0.0042255807410676235,0.9957742657549896,1.1397299399810798e-07,OR
N,M3,2,1.7939628746302258e-07,0.996831593989833,0.0031434582851821396,2.4768328697360817e-05,IR
N,M3,2,3.4297082928678883e-09,0.997499570740098,0.002500017994672815,4.078355207419571e-07,IR
N,M3,2,1.5473694626289181e-06,0.694364786169457,0.3056328905715281,7.758895522656691e-07,IR
O,M3,2,0.0069581208271754635,9.397611608833584e-05,0.9929461186525819,1.7844041543791502e-06,OR
O,M3,2,0.18322888680060165,0.5149831741478135,0.3017245258831375,6.341316844737451e-05,IR
O,M3,2,0.0002203980517744162,0.001372906830372797,0.9984048633844369,1.8317334158038565e-06,OR
O,M3,2,0.9463866838630514,0.04766548368558412,0.0014630884336324598,0.004484744017732201,B
O,M3,2,0.8973093687697206,0.0826636531302547,0.015927989941487482,0.004098988158537222,B
O,M3,2,0.8976845559348743,3.0715249066924006e-05,0.10131986051606227,0.0009648682999964795,B
O,M3,2,0.026801024808559237,0.0228782146484571,0.9491146447481994,0.0012061157947842816,OR
O,M3,2,0.28814054720855076,2.6075950295721657e-05,0.7118103075539668,2.306928718680485e-05,OR
O,M3,2,0.8763613255048879,0.012794203997014314,0.11048638371539764,0.00035808678270003003,B
O,M3,2,0.46467121506352876,0.021239973177002932,0.513044811592102,0.0010440001673662957,OR
O,M3,2,0.23318030629139389,0.0014450961321550344,0.7650431305526912,0.0003314670237597403,OR
O,M3,2,0.34159964467087783,0.12914678431967652,0.5233097640769551,0.005943806932490617,OR
O,M3,2,0.9765856759825029,0.004043796866042471,0.0190733653339184,0.0002971618175361846,B
O,M3,2,0.5891217148901371,0.09473186206407304,0.3083790603175527,0.007767362728237109,B
O,M3,2,0.7929484787610682,0.0013111147012247436,0.20523023048853722,0.0005101760491697553,B
O,M3,2,0.05540218737635664,0.00028816845085746095,0.9436734270851495,0.0006362170876365461,OR
O,M3,2,0.11875681729983804,0.00041191988373704346,0.8805130719739674,0.00031819084245742147,OR
O,M3,2,0.8584589736276671,0.07822196651045017,0.03907639617842448,0.024242663683458173,B
O,M3,2,0.00870570740246581,2.747528708159235e-05,0.9910463411806579,0.00022047612979469503,OR
O,M3,2,0.9678280675682819,0.0006088099779673364,0.031318294439882224,0.00024482801386869666,B
O,M3,2,0.9794817142275921,0.012139830897931877,0.008297291951036017,8.116292343998273e-05,B
O,M3,2,0.09890167177124845,0.000357374585490157,0.9006860210762562,5.493256700529766e-05,OR
O,M3,2,0.9295780989819219,0.01127263001516973,0.044600232342346516,0.014549038660561895,B
O,M3,2,0.0769270281245056,0.002859714949701603,0.9089598378275288,0.011253419098263998,OR
O,M3,2,0.13740588572953483,0.0016288192252925293,0.859246339229821,0.001718955815351668,OR
O,M3,2,0.019514793927845813,0.03868300298359317,0.9402086870348931,0.0015935160536678697,OR
O,M3,2,0.9185961207143136,0.0808834292762985,0.0002275437777517965,0.000292906231636147,B
O,M3,2,0.028717038576004113,0.0004237592020911319,0.9706538558666247,0.00020534635528013086,OR
O,M3,2,0.9983444347985683,0.0010339523769145095,0.0005016147542683887,0.00011999807024891077,B
O,M3,2,0.9668229757808233,0.03283346176859981,0.00018709101373362073,0.00015647143684318482,B
O,M3,2,0.9420817812456099,0.017905953620244476,0.038532796571423646,0.0014794685627218082,B
P,M3,2,0.8531856928878023,0.009667751881337594,0.136911810514948,0.00023474471591198386,B
P,M3,2,0.35269723100266553,0.005662829580269659,0.6388868135266471,0.002753125890417698,OR
P,M3,2,0.06545627882634535,0.19969597776191642,0.7275207787228538,0.007326964688884442,OR
P,M3,2,0.0033440103226551597,0.9733005177952189,0.022937015883435247,0.0004184559986906977,IR
P,M3,2,0.04400526932402003,0.0007794235032874539,0.9547074687027501,0.0005078384699422965,OR
P,M3,2,0.9522792486008103,0.013439868241428463,0.03384224759735764,0.00043863556040354756,B
P,M3,2,0.9524956949416746,0.030300270327023666,0.015021286322736343,0.002182748408565437,B
P,M3,2,0.17902553997445197,0.514775681792864,0.3055781894396798,0.000620588793004194,IR
P,M3,2,0.014643953080562969,0.02035086962421602,0.9611495486293729,0.003855628665848167,OR
P,M3,2,0.9375997387715342,0.011385656504377202,0.05040334154273926,0.000611263181349235,B
P,M3,2,0.7218420904608237,0.08340551594498148,0.1909950663858728,0.0037573272083218957,B
P,M3,2,0.6832577362929518,0.25354431882366585,0.06102701922889193,0.0021709256544904824,B
P,M3,2,0.949621558116279,0.00023389110226963727,0.04961416867099894,0.0005303821104523357,B
P,M3,2,0.3462099836059836,0.0011482805477863282,0.6502879972208798,0.002353738625350319,OR
P,M3,2,0.09865604317785245,0.0014990465945786055,0.8997415414245402,0.00010336880302878118,OR
P,M3,2,0.9324723605048251,0.0010533555713436193,0.061153597476004504,0.005320686447826873,B
P,M3,2,0.687738519547886,0.0007760858144117919,0.31128152330493686,0.00020387133276518222,B
P,M3,2,0.3802600611207188,0.12743700425696264,0.4878808293454808,0.004422105276837711,OR
P,M3,2,0.7137040855096671,0.26838091835045713,0.013021818396384293,0.004893177743491469,B
P,M3,2,0.09520282158573093,0.21883659049215634,0.6815312490905723,0.0044293388315405895,OR
P,M3,2,0.9980287853843832,0.0002758462317798842,0.0014600059917666362,0.00023536239207042056,B
P,M3,2,0.9058514805305851,0.020176620685577153,0.07035549794571427,0.0036164008381236183,B
P,M3,2,0.3430892731280191,0.19104248843026198,0.4592962721693743,0.006571966272344561,OR
P,M3,2,0.47136339348431194,0.03653010653733153,0.4854704459356047,0.006636054042751825,OR
P,M3,2,0.9820822731224815,0.0030155102315745394,0.013992034522302695,0.0009101821236412495,B
P,M3,2,0.20334275356640202,0.344730228379115,0.4480172433581065,0.003909774696376378,OR
P,M3,2,0.8001466536018004,0.024538530992227484,0.1738844937300374,0.0014303216759345672,B
P,M3,2,0.527630989144889,0.0932348365533688,0.3698771729967924,0.009257001304949788,B
P,M3,2,0.5361251507528833,0.10739665877789302,0.34382520528678506,0.012652985182438806,B
P,M3,2,0.947982661133284,0.011896324102431601,0.03843848576121935,0.0016825290030651656,B
P,M3,2,0.8803420791862061,0.013144620952705773,0.0952070464639468,0.011306253397141162,B
