domain,file_id,group,fs,win_idx,win_start,rpm,t_mean_abs,t_rms,t_std,t_var,t_peak,t_p2p,t_kurtosis,t_skewness,t_crest,t_impulse,t_clearance,t_shape,f_centroid,f_msf,f_rmsf,f_variance,f_peak_freq,f_entropy,f_spec_kurt,f_env_log_energy,f_BPFO_ratio1,f_BPFO_harm_frac,f_BPFI_ratio1,f_BPFI_harm_frac,f_BSF_ratio1,f_BSF_harm_frac,f_FTF_ratio1,f_FTF_harm_frac,o_pk0_order,o_pk0_amp,o_pk0_ratio,o_pk1_order,o_pk1_amp,o_pk1_ratio,o_pk2_order,o_pk2_amp,o_pk2_ratio,o_pk3_order,o_pk3_amp,o_pk3_ratio,o_pk4_order,o_pk4_amp,o_pk4_ratio,o_pk5_order,o_pk5_amp,o_pk5_ratio,o_pk6_order,o_pk6_amp,o_pk6_ratio,o_pk7_order,o_pk7_amp,o_pk7_ratio,o_entropy,o_kurtosis,o_crest,o_gini,o_bandfrac0,o_bandfrac1,o_bandfrac2,o_bandfrac3,o_bandfrac4,o_shaft1,o_shaft2,o_shaft3,o_shaft21,fault_type,fault_size,or_position,load,t_mean_abs_rel,t_rms_rel,t_std_rel,t_var_rel,t_peak_rel,t_p2p_rel
tgt,A,target,32000,0,0,577.1999999999986,2.6933268959840886,3.38407252161302,3.38407252161302,11.451946831536304,15.107907956636478,27.871364628515625,0.090081700620348,0.0568515658005268,4.464416131788695,5.609385173094904,6.619609464204462,1.2564655729899026,4124.712459135159,24242677.439302716,4923.68535137073,7229424.568757893,1326.0,7.66095003385502,25.37356149609707,6.700405515945344,,,,,,,,,4.159220146222583,0.0448401830053905,9.902686038167552,11.021933387489844,0.0378806640483402,8.365717930788076,29.32250203086921,0.0273597510069989,6.042237255636939,25.787164906580013,0.0231740167305665,5.117842893247222,30.98619008935824,0.0209690773930339,4.630895237610627,4.9910641754671,0.019679239442832,4.346042246278564,20.796100731112915,0.0189710366693287,4.189639902503124,19.340373679935013,0.0176870993424364,3.9060900285124056,4.542500049369359,11.081476174483452,6.770867633813849,0.5219197044249697,0.0190960210809551,0.0386552493816316,0.1629893542960219,0.2117644868482273,0.567494888393164,0.0086547013785297,0.0018414031788951,0.0061065880653504,0.212763340772275,,,,,0.9849026337632146,0.9815365260146316,0.9815365260146316,0.9634139519008721,0.9999999999999999,0.9641862991377554
tgt,A,target,32000,1,8000,577.1999999999986,2.700902269825313,3.4026215156287614,3.4026215156287614,11.577833178619768,15.129003052591338,29.35534401679688,0.1520786708291917,0.0293932647137404,4.44627854820087,5.601462600705001,6.621016083006097,1.2598091954832464,4086.1882522430615,24113637.81804838,4910.563900210278,7416703.385279177,1326.0,7.677355725633741,18.6158910464649,6.748358567990299,,,,,,,,,29.53046303818034,0.0406984426836741,8.801150884057888,11.021933387489844,0.0332985232426771,7.200897821888174,28.906580016246952,0.0258594002259232,5.592166877945145,24.74735987002437,0.0258057914669294,5.580573835423127,22.66774979691308,0.0242840647961528,5.251496230712401,13.933387489845654,0.024004033755453,5.190938743032231,8.942323314378553,0.0192506018987143,4.162995946463601,20.588139723801785,0.0190553421689265,4.120770489416016,4.580723389395502,8.298841865629955,6.145464845234701,0.5053386796974704,0.0142182895902872,0.0165839001831677,0.0636217778719382,0.2131382671930713,0.6924377651615351,0.0040863849676509,0.0014868190151585,0.0078915977443732,0.3638470253206197,,,,,0.9876728157485828,0.9869165865869147,0.9869165865869147,0.9740043488803676,1.0013962949744868,1.0155233116398168
tgt,A,target,32000,2,16000,577.1999999999986,2.7078015741893564,3.419092090115674,3.419092090115674,11.69019072069157,14.4241105934993,28.64755902421875,0.2136491164002514,0.0167830105132715,4.218696137256451,5.326871337613491,6.29975630177058,1.2626819197924413,4192.093775703151,25104753.852456853,5010.464434806104,7531103.628167754,1326.0,7.667933462244676,28.112684671609166,6.75974405844223,,,,,,,,,13.101543460601135,0.0388451606917924,9.492846442040577,15.597075548334686,0.0344207716680465,8.411629506538386,6.862713241267263,0.0242267027310903,5.9204380861731964,2.2875710804224205,0.0218912097608238,5.349698366260294,18.300568643379364,0.0191562365071816,4.681335031998184,11.645816409423231,0.0186334775903514,4.553585010237431,29.53046303818034,0.0186327358364357,4.55340374297289,16.220958570268074,0.0175503902704673,4.288903865202214,4.558356642768553,7.18625642727113,5.865619264460581,0.5210545523344372,0.0130932474693214,0.0853405588480518,0.0373331130742139,0.1816825558253299,0.6825505247830829,0.0046420705079887,0.0149346675943232,0.00600663520324,3.2172427293821437,,,,,0.9901957709269581,0.9916938099945395,0.9916938099945395,0.9834566127814864,0.9547391098026378,0.9910380881254668
tgt,A,target,32000,3,24000,577.1999999999986,2.663489535805298,3.3688164166547527,3.3688164166547527,11.34892404912257,14.96219119344488,28.07126587617187,0.2542271546817178,0.0193516680188629,4.441379209466674,5.617514539592696,6.644850872801043,1.264813085002392,4196.086014150929,25247267.548148517,5024.665914083096,7640129.709995476,1326.0,7.724571600363236,18.538427298518847,6.744041082514104,,,,,,,,,13.933387489845654,0.0341930261494541,7.324042063016269,4.575142160844841,0.0328002351603002,7.0257104750203325,2.49553208773355,0.0276315777705454,5.9185998037851455,12.47766043866775,0.0222449274819932,4.764795717546226,31.402112103980503,0.0218070041993517,4.670993884142486,21.627944760357437,0.0211376331805493,4.527616650549742,18.716490658001625,0.0207110154105417,4.436236423520167,12.893582453290009,0.017739245863383,3.799692437332832,4.621850583231733,6.808900267377448,5.163146948567494,0.4857206693619056,0.0289868458328792,0.0597284424030617,0.1325094966030921,0.1524920651857826,0.6262831499751839,0.0101059909467005,0.0009501689522031,0.0011052942170063,0.0940203644670178,,,,,0.9739916319578081,0.9771115545739738,0.9771115545739738,0.9547469900819684,0.9903549344085334,0.9711017138201603
tgt,A,target,32000,4,32000,577.1999999999986,2.6307010594266025,3.3220946611333124,3.3220946611333124,11.03631293753046,15.069839907432495,29.5007139984375,0.2622195918000853,0.0421989443054414,4.536246388080638,5.7284501610044,6.777456160687534,1.2628172438019791,4190.373907855692,25045078.415276065,5004.505811294065,7485844.927638286,1326.0,7.67957490909777,30.294556752286116,6.739546613702627,,,,,,,,,14.76523151909017,0.0333745223010851,6.541052097955519,11.437855402112104,0.0299776535623631,5.875301883182411,25.37124289195776,0.0285795819816129,5.601294693990062,18.924451665312752,0.0252552358400544,4.949758138428202,30.778229082047115,0.0209541563321024,4.106792211151143,23.083671811535336,0.0205044353179651,4.018651666202515,15.389114541023558,0.0204206209406785,4.00222493795026,21.21202274573517,0.0189389287758198,3.7118290019113984,4.615307579634951,6.447574971716914,5.039552867463743,0.4879977734608458,0.0221882553055659,0.033194865120332,0.0763665458562161,0.1794790863769653,0.6887712473409202,0.0027020775709027,0.0004788526752365,0.0086998520849753,0.1772164797250207,,,,,0.962001458469914,0.9635600986548315,0.9635600986548315,0.9284480637197093,0.9974802567428098,1.0205522632707098
tgt,A,target,32000,5,40000,577.1999999999986,2.6986297674593964,3.397795034285893,3.397795034285893,11.545011095017877,15.083745643109983,29.5007139984375,0.1822354181430228,0.0310037938417066,4.439274732849111,5.589409049357989,6.607810997689232,1.2590815810512093,4132.587561543077,24425675.331369605,4942.233840215334,7347395.377549057,1326.0,7.685297459606958,20.86383693836745,6.703204860961321,,,,,,,,,28.49065800162469,0.0404472287111614,8.649134120908094,19.13241267262388,0.0310342925759181,6.636295424673868,9.358245329000813,0.027809372811728,5.946686656448159,12.26969943135662,0.0262523347020315,5.613733525386936,1.0398050365556455,0.0246242267735321,5.265583002208602,13.725426482534523,0.0206470683297072,4.415117398090428,31.61007311129163,0.0196196129655501,4.195408915432646,7.070674248578391,0.017111052647165,3.658984657567156,4.577137642564467,7.800157145994104,6.107531535385267,0.5093490008828494,0.0603492463674707,0.0363282953399152,0.0460738406437398,0.1788268666347864,0.6784217510140874,0.0246242267735321,9.087978247648006e-05,0.0021753743048384,0.0036906654291566,,,,,0.9868418012999611,0.9855166852254937,0.9855166852254937,0.9712431368578457,0.998400684357103,1.0205522632707098
tgt,A,target,32000,6,48000,577.1999999999986,2.758284623711769,3.4625937223295997,3.4625937223295997,11.98955528591635,15.626637922096355,29.334737085937498,0.1346957906644887,0.022200980242236,4.512986268449189,5.665346421379181,6.685094488439463,1.2553431551486518,4157.635464464678,24657260.75999421,4965.607793613407,7371328.104619785,1326.0,7.692052475958123,15.028949649075408,6.740234895568122,,,,,,,,,7.694557270511779,0.0410475726434504,9.531231563441418,18.09260763606824,0.025461719260801,5.912202029241151,22.66774979691308,0.0229933527197098,5.339048208649893,12.893582453290009,0.0210431946652514,4.886222211755791,8.526401299756296,0.0205735076900112,4.777161065504027,16.012997562956944,0.0204689560959398,4.752884223068626,19.54833468724614,0.0194851477771533,4.524444286270287,12.06173842404549,0.0170624756866173,3.961900700617624,4.554544101715886,7.4357337049222,6.198183469160904,0.5228950355652469,0.0203506023425986,0.0361458894879459,0.0675721890059369,0.2359381618534796,0.6399931573100387,0.0073799902508659,0.0006043976832342,0.0037506130616967,0.0818968132215987,,,,,1.008656540954228,1.004311282193058,1.004311282193058,1.0086411515402645,1.0343349964104072,1.0148104322861604
tgt,A,target,32000,7,56000,577.1999999999986,2.768541970782242,3.4813684937203977,3.4813684937203977,12.11992658906903,15.63585633849137,30.2750860125,0.1755002632375202,0.010400331159253,4.491295985096214,5.647686220219326,6.663027536628371,1.2574736198546743,4020.912280226866,23672457.16806809,4865.43494130464,7504721.602788869,1326.0,7.530047670755914,43.77873960709911,6.741723478271609,,,,,,,,,1.6636880584890332,0.0332176368635834,7.402930959327858,13.725426482534523,0.028029378432695,6.246668124594883,3.9512591389114537,0.0263469929366831,5.871729241221005,2.9114541023558083,0.0218018840806262,4.858799657993903,11.229894394800974,0.0206098994379375,4.593152223450551,17.26076360682372,0.0203737393938425,4.540521251868604,6.446791226645003,0.0195227901215996,4.350877456972081,22.04386677497969,0.0188496978706845,4.200871137038889,4.606473853878775,5.309407285199118,5.015863166401026,0.4938859098960697,0.0189291778691363,0.0919294025299633,0.1039210630740041,0.2380146497294464,0.5472057067974495,0.0023476494339063,0.0043296335150508,0.0218018840806262,1.8442419258493483,,,,,1.012407473735613,1.009756828578352,1.009756828578352,1.019608852860612,1.0349451680120263,1.047341008506057
tgt,A,target,32000,8,64000,577.1999999999986,2.755243223211952,3.463779680939264,3.463779680939264,11.997769678087703,14.84781700159654,28.68624958828125,0.126994716099325,-0.0145654941787029,4.286593943401738,5.3889315021278446,6.359592253865438,1.257159314196614,4257.9154035543,25451292.42302323,5044.927395218214,7321448.839198255,1326.0,7.688290051751785,19.025567761620195,6.731725950748427,,,,,,,,,10.813972380178717,0.0332358230433259,7.548445978615513,6.446791226645003,0.0261216657154001,5.9326944383808895,16.844841592201462,0.0245230978005349,5.569631260051348,4.783103168155971,0.023808247398478,5.4072760316075055,9.9821283509342,0.020633583027638,4.686253342556532,22.25182778229082,0.0201240597807857,4.570531559506374,20.380178716490654,0.0200414620372295,4.5517721442700925,14.55727051177904,0.0192591697971952,4.374099676051356,4.578016491515022,6.231971983563194,5.018609279542111,0.5094779872240351,0.0527190860299116,0.0241407371430481,0.1323336649512252,0.2782020333650519,0.5126044785107627,0.0013297862818223,0.0048933808238836,0.0092370970513323,3.679825011803953,,,,,1.007544353879178,1.004655264683472,1.004655264683472,1.0093322008562178,0.9827844493237273,0.9923765554833516
tgt,A,target,32000,9,72000,577.1999999999986,2.750889304471189,3.4549695199368053,3.4549695199368053,11.93681438369236,15.36769518694094,30.21817163203125,0.0630027397662411,-0.0358286047227371,4.447997326244887,5.586446231026923,6.602400334542894,1.2559464004312986,4123.071130375572,24349020.602014035,4934.472677198044,7349305.055877541,1326.0,7.627723552156347,25.295595385344456,6.707307893417593,,,,,,,,,11.021933387489844,0.0836762635548249,20.69982304773972,23.291632818846463,0.0234082151011455,5.790721165981148,17.052802599512592,0.0228850747590341,5.661306777111548,9.150284321689682,0.021351374585002,5.2819002302363725,6.654752233956133,0.0210975701100444,5.219114112678633,12.685621445978878,0.0191900952457716,4.747243232203791,19.13241267262388,0.0191564841651218,4.738928527503372,28.282696994313564,0.0187479775328258,4.63787221065653,4.448251788675699,37.744079494127135,12.635115796778331,0.5533628731461813,0.0281690236143737,0.0342930986128624,0.0580071292403418,0.2913060421714721,0.5882247063609495,0.0096859612287402,0.0044050312233114,0.0126152900363432,0.4547851389066071,,,,,1.0059522017934572,1.002099913174675,1.002099913174675,1.004204235984692,1.0171954469837992,1.045372103624531
tgt,A,target,32000,10,80000,577.1999999999986,2.809077847262745,3.5276551687762328,3.5276551687762328,12.444350989793673,15.368822092098927,27.6368381296875,0.0217661196706293,-0.0318171294973751,4.356667915879691,5.471127155507394,6.4677850023573145,1.2558054139412465,4196.594377321645,25276477.90644964,5027.571770392705,7665073.538681995,1326.0,7.58207922335051,39.19391569653796,6.816130472346534,,,,,,,,,23.291632818846463,0.031208092781794,6.731705391971986,9.56620633631194,0.0310596730815715,6.699690692988344,17.052802599512592,0.0279140628761541,6.021170498598131,12.47766043866775,0.0262619445872591,5.664802242732855,16.220958570268074,0.0218656674440939,4.716508389719425,7.9025182778229075,0.0206743337443665,4.459533138262484,13.933387489845654,0.0171191902745621,3.692675046925421,25.16328188464663,0.0169790670353891,3.6624499264325903,4.585412497149946,6.146844481025244,4.712422010050832,0.5052996829824232,0.0337220344466056,0.0238284332011212,0.0764239543988361,0.2374335105410885,0.628592067412348,0.0015137872704455,0.0004746714044165,0.0106129933057216,0.3135654615217199,,,,,1.027230736209647,1.0231820911709566,1.0231820911709566,1.0469015916929727,1.017270037401031,0.9560730531604318
tgt,A,target,32000,11,88000,577.1999999999986,2.803880517794249,3.523840266521925,3.523840266521925,12.417450223961309,13.542097485886234,26.7564876140625,0.0282351056281489,-0.0074781616726315,3.842994137543191,4.82976981363481,5.710200915844671,1.2567726207152348,4384.882400512614,26637328.9399156,5161.13640004947,7410135.27359034,1326.0,7.787803690983766,9.781699866773918,6.729201933943099,,,,,,,,,19.9642567018684,0.0378187048683526,8.747887601089506,6.030869212022745,0.0309436627395563,7.15761379333166,16.63688058489033,0.0292842390407232,6.773770611749748,3.7432981316003247,0.0257835428038173,5.964020586924434,4.783103168155971,0.0220655974772501,5.104018428283018,10.606011372867586,0.020280052404548,4.6910019683844,18.924451665312752,0.0184214605017751,4.2610889632101285,2.703493095044679,0.0162559233403503,3.760176101437884,4.5990806272850095,7.252101789911872,5.710624435121122,0.4979793772969243,0.0074891495975076,0.0353930468731816,0.1621575645912235,0.1882681018764105,0.6066921370616766,0.0011473867338955,0.0006919354664362,0.0123981695928949,0.603053395505065,,,,,1.025330163542553,1.0220755942262654,1.0220755942262654,1.0446385203129738,0.8963582201291855,0.9256180712491392
tgt,A,target,32000,12,96000,577.1999999999986,2.7307626009154147,3.4411441856315523,3.4411441856315523,11.84147330630584,13.23364954666802,26.11444854375,0.0834509207448803,0.000414245394209,3.845712016927709,4.846136951717058,5.735813773359308,1.2601403668252749,4153.853426718528,24765946.875369404,4976.539648728764,7511448.584708147,1324.0,7.62397427880635,33.696063053963435,6.701955039141112,,,,,,,,,2.49553208773355,0.0395157916807592,8.80972811849045,7.486596263200649,0.0286169818394787,6.379926071437948,23.083671811535336,0.0254115441981218,5.665299515319134,3.1194151096669374,0.0240625745671607,5.364557579414708,13.309504467912266,0.0183607923405305,4.0933910641829785,20.588139723801785,0.0178243915089896,3.973804810500299,21.83590576766856,0.0163041847231035,3.634886927347732,2.0796100731112914,0.0162990331365169,3.633738422527848,4.600566318428074,8.071485332229946,5.966884543794513,0.4947108529915576,0.0577717634393188,0.1187259099095811,0.0913790873798684,0.216734064336145,0.5153891749350865,0.0028327754975921,0.0162990331365169,0.0240625745671607,5.753732741834693,,,,,0.998592217615298,0.9980899309658716,0.9980899309658716,0.996183510295459,0.8759418964327784,0.9034072723393112
tgt,A,target,32000,13,104000,577.1999999999986,2.688804064677349,3.387897174050127,3.387897174050127,11.477847261936835,13.02561180430677,25.899828059765625,0.0851439621841168,0.024978574580425,3.84474827160448,4.844388617013257,5.734046080034776,1.2600015071962516,4125.301234481157,24386279.23345557,4938.246574793078,7368168.9582438115,1326.0,7.662863247121709,29.89343781714677,6.70486721398967,,,,,,,,,21.00406173842405,0.0315097158565012,6.996984865551505,13.517465475223394,0.0240337265498734,5.336881541493544,16.012997562956944,0.0217474732111518,4.829200669894985,20.588139723801785,0.0212317173219857,4.714672942407726,4.159220146222583,0.0191858488157343,4.260371448851223,18.50852965069049,0.0179629902568795,3.988825908168358,22.875710804224205,0.0178689976342932,3.9679540932429274,13.933387489845654,0.0169957977236125,3.774053056894057,4.644551696754197,4.792310931788521,4.757967094331591,0.4734550930065222,0.0168911787104611,0.061292057473187,0.0812665151802482,0.1041255470289121,0.7364247016071913,0.0017516283990128,0.0052039452135485,0.0134068201885971,2.970918497045504,,,,,0.98324871330049,0.9826458509603457,0.9826458509603457,0.9655928684095826,0.8621717739936975,0.8959826581185805
tgt,A,target,32000,14,112000,577.1999999999986,2.714153977265386,3.4189378021322754,3.4189378021322754,11.689135694849073,13.623782466224576,26.62443503671875,0.0723016856545841,0.0226953690897005,3.984799740353247,5.019531898461428,5.945827135825525,1.2596698016284715,4330.253305131571,26185146.225823376,5117.142388660235,7434052.539220478,1326.0,7.783936480869454,9.71628134385572,6.692600093391986,,,,,,,,,7.070674248578391,0.0306790188178983,6.362707020918588,8.526401299756296,0.0273271455789356,5.6675417838108455,29.53046303818034,0.0246491166725098,5.112129193001474,15.389114541023558,0.0242196000823883,5.023049152997957,9.150284321689682,0.0236806843146492,4.911280156752324,3.3273761169780665,0.0203949257822527,4.229826847987272,21.419983753046303,0.0195282681781322,4.05008549265902,19.340373679935013,0.0186105400379539,3.859752310380037,4.608249297423809,4.897588017148915,4.632531841502584,0.4939249463350983,0.0241660521449352,0.046339874705539,0.1102542951418745,0.3088789252282397,0.5103608527794112,0.0056804015248837,0.0109787565975664,0.0078074059641368,1.932743054789331,,,,,0.9925187338504844,0.9916490593899754,0.9916490593899754,0.9833678569890234,0.9017649899197347,0.9210498239624454
tgt,A,target,32000,15,120000,577.1999999999986,2.744218766047371,3.466717824528734,3.466717824528734,12.018132474905237,15.061841673948702,27.462590408203127,0.1588669214519322,0.0162711454230019,4.344697906294657,5.488571778713364,6.510595167257122,1.2632804160583555,4207.420818877588,25125537.79426606,5012.538059133922,7423147.847141511,1326.0,7.6894249386280755,23.602127693538524,6.793522880936796,,,,,,,,,4.367181153533712,0.0361563613800742,6.689962539390495,28.69861900893582,0.0269294413507608,4.982718032644394,8.526401299756296,0.0233451133746814,4.319514685471424,8.110479285134037,0.0214146986351612,3.962332662725232,20.796100731112915,0.0206658958822028,3.823782704281541,19.75629569455727,0.0189521402696448,3.5066888261348,16.844841592201462,0.0185538650458452,3.4329965013021613,16.012997562956944,0.017504410334152,3.238817318441041,4.615085456337615,6.281909796813569,5.459610568391095,0.4871358830707026,0.0305187891153813,0.0191675639347487,0.1248295785375878,0.2320627960156551,0.5934212723966268,0.0001098954469715,0.0020949743817895,0.0113390302210588,19.063340843122468,,,,,1.0035129023263063,1.005507461329177,1.005507461329177,1.011045254788647,0.9969508496596617,0.9500451005305375
tgt,A,target,32000,16,128000,577.1999999999986,2.7354236125230584,3.453543546017484,3.453543546017484,11.92696302423902,16.020455087569257,28.859235660937497,0.2154580679548501,0.028520632935511,4.638845543453157,5.8566633022468855,6.936519701674506,1.2625260417456126,4268.368181084181,25574547.666645404,5057.128401241697,7355580.737353533,1326.0,7.781567700788764,10.256872323578396,6.700275255995909,,,,,,,,,13.933387489845654,0.0330551928265176,6.8742225371726375,25.16328188464663,0.0262925288339204,5.46784570938588,20.796100731112915,0.0260715282308167,5.4218859918142055,7.278635255889521,0.0246245832871925,5.120976491944936,16.844841592201462,0.0211329899533073,4.394857914679205,14.76523151909017,0.0190078136142736,3.952902087589564,5.406986190089358,0.0179708889863,3.737261214327204,30.98619008935824,0.0177360233452844,3.688418096359328,4.615337977340243,6.701012438597829,5.004163955692126,0.4867027241977308,0.0328142606618644,0.0459859588767551,0.0850506497976846,0.1593415265427562,0.6768076041209394,0.000810922496158,0.0079244520816521,0.0068852838324156,9.772144822007467,,,,,1.0002966682021222,1.001686315215997,1.001686315215997,1.0033754740910024,1.0604019519811756,0.9983608624385323
tgt,A,target,32000,17,136000,577.1999999999986,2.7346123399966498,3.4477295871540226,3.4477295871540226,11.886839306137244,16.017862790490767,28.859235660937497,0.1864831449278368,0.0149554288988717,4.645916214011521,5.857452830226215,6.931813241036608,1.2607745298030015,4099.023395373021,24090632.90855844,4908.220951481141,7288640.112743066,1326.0,7.595076560026738,30.971488455366256,6.702125658820809,,,,,,,,,6.654752233956133,0.0366801586904451,6.761518355446168,12.06173842404549,0.0266510094441906,4.912772899071592,28.49065800162469,0.0256813063404682,4.734020528055818,26.826969943135666,0.024707242670052,4.554464342313126,11.229894394800974,0.0241749638124778,4.456345539281857,24.33143785540211,0.0203346059314392,3.748424656952385,8.734362307067425,0.0181866004678617,3.3524673086718413,10.398050365556458,0.0150286275174935,2.7703353650747946,4.613176125846544,7.015640880087665,5.538703962257113,0.4839634367903671,0.0169015511020003,0.0364241846983263,0.0527136597754154,0.2737694512233005,0.6201911532009571,3.4578937889194605e-05,0.0126262407881913,0.0022519611906739,365.14251720248194,,,,,0.9999999999999997,0.9999999999999998,0.9999999999999998,0.9999999999999999,1.0602303665382453,0.9983608624385323
tgt,A,target,32000,18,144000,577.1999999999986,2.766110769752441,3.4811673536141874,3.4811673536141874,12.118526143869204,15.27730767618522,28.3758839765625,0.1289028614404666,0.0179584041530293,4.388558814996285,5.523028160418526,6.529735650848219,1.2585061276936798,4156.43707231219,24837944.86805269,4983.768139475661,7561975.731961569,1326.0,7.611467201231636,30.2536872205563,6.83812023238585,,,,,,,,,6.446791226645003,0.0413569185734067,9.965150683193988,9.150284321689682,0.0390145568091113,9.400747223242654,4.9910641754671,0.0350610471173692,8.448129833826929,17.26076360682372,0.0202830115894176,4.887290295546486,15.805036555645817,0.0196863962827514,4.743532935571112,26.203086921202274,0.0194676574176182,4.690826742109107,14.9731925264013,0.0187552017940556,4.519157094350188,31.402112103980503,0.0182662197947514,4.40133450329359,4.523566355755431,8.79592379148606,6.244894704584357,0.5374503828587989,0.0192983017235367,0.0336874563071004,0.1027822728091902,0.2716809790297303,0.5725509901304422,0.0011485496797592,0.0024074238214225,0.0035551314776711,2.096055453022293,,,,,1.0115184259556984,1.0096984887053644,1.0096984887053644,1.0194910380938975,1.0112126523430618,0.9816397195037971
tgt,A,target,32000,19,152000,577.1999999999986,2.7712145972923863,3.490918790670496,3.490918790670496,12.186514003056358,14.241680051429336,27.357733372265624,0.0696426561371015,0.0194293712573969,4.079636595811464,5.139147313000957,6.088866954973435,1.2597071313351325,4208.835181297006,25299460.263148963,5029.856882968835,7585166.67982556,1326.0,7.662986864219974,21.059262456454363,6.804776313657302,,,,,,,,,22.04386677497969,0.024749373249049,5.072551220243611,2.9114541023558083,0.0221544591042262,4.540706038578088,18.716490658001625,0.0216842687872905,4.444337357160646,24.9553208773355,0.0208456388978477,4.272454496685012,6.862713241267263,0.0195305166757924,4.002911314111186,7.486596263200649,0.0192260395614495,3.940506672896469,16.844841592201462,0.0187428731763655,3.841478458663497,26.61900893582453,0.0182960240828627,3.749893718649945,4.641243275758125,3.2236800871330877,3.737155360606344,0.4771821512956802,0.0155606384096552,0.0459307589025133,0.0799915216803597,0.1715372892774888,0.6869797917299826,0.0063468323628094,7.593230341323909e-05,0.0221544591042262,0.0119638110888537,,,,,1.0133848065996003,1.012526853520471,1.012526853520471,1.025210629100066,0.9426639407856179,0.946417660009893
tgt,A,target,32000,20,160000,577.1999999999986,2.75486970604488,3.481703405088788,3.481703405088788,12.12225860100686,15.06439209026975,28.90661758359375,0.1079957866663043,6.084212340690477e-05,4.326730435524063,5.46827752223969,6.500018186480307,1.2638359619868,4158.926574581409,24713221.25140617,4971.239407975256,7416550.998646719,1326.0,7.658380733525885,36.67926096014181,6.728769505928858,,,,,,,,,7.9025182778229075,0.0449739396290616,9.441081727273971,11.229894394800974,0.0350548641240087,7.358835802754335,15.597075548334686,0.029391356742106,6.1699331516507625,29.73842404549147,0.0211512652645277,4.440145240658876,10.606011372867586,0.0211248978215186,4.4346100977196246,2.2875710804224205,0.0194483582688503,4.082665236622309,0.8318440292445166,0.0183855284807603,3.859552407853029,5.614947197400487,0.0181719199229507,3.814710975935805,4.55654540427385,10.08080643263824,6.791064883988171,0.5163541305225647,0.0378699358207977,0.0542933812956283,0.0651134061812204,0.2479924554684261,0.5947308212339273,0.005791119491215,0.0023788640882917,0.0061126816686852,0.4107779318816728,,,,,1.0074077651709326,1.0098539682640275,1.0098539682640275,1.0198050372186043,0.9971196629942656,1.0
tgt,A,target,32000,21,168000,577.1999999999986,2.7371568906790573,3.4562099512939715,3.4562099512939715,11.945387227423478,15.057175476495775,29.068529183203125,0.1753558906553434,0.0074447376125955,4.356556947836505,5.501027554454418,6.526679579203463,1.2627007107492705,4369.767553962073,26329052.586288765,5131.184325892879,7234184.110629086,1326.0,7.74813530803123,13.597965966583155,6.739448449319745,,,,,,,,,4.367181153533712,0.0335110907707817,6.781768159414803,22.25182778229082,0.0295158804152973,5.973242093691751,5.8229082047116165,0.0252252008118853,5.104920781332662,18.924451665312752,0.024081052001112,4.873374991683209,1.6636880584890332,0.0237708484297827,4.810597903424059,25.37124289195776,0.0169955922141231,3.439463278486701,20.796100731112915,0.0168314533944313,3.406245875068721,21.83590576766856,0.0154746179105325,3.1316578664237777,4.607337278746719,5.971049115128337,5.0601747063879605,0.4940352509718204,0.0358798102619746,0.0681864346810096,0.154590986471866,0.1162522448783493,0.6250905237068001,0.0143509040843086,0.0085122402401793,0.0012683164770514,0.5931501032672569,,,,,1.000930497769351,1.0024596952648333,1.0024596952648333,1.0049254406304629,0.9966419917114719,1.0056011949215833
tgt,A,target,32000,22,176000,577.1999999999986,2.7182570976747846,3.4323686255835963,3.4323686255835963,11.781154381890625,15.995546470630885,31.167912833203125,0.1989631924368957,-0.0240886361012453,4.6602064683266775,5.8844862335897865,6.977835443183435,1.2627093399363896,4259.973138840138,25682802.999104973,5067.82034005794,7535431.85546548,1326.0,7.721641468462455,26.34446585678036,6.692360083737514,,,,,,,,,2.9114541023558083,0.0331897950543541,6.453918916326031,31.61007311129163,0.0254260292373883,4.944216461520799,1.6636880584890332,0.0208864223162725,4.061467564370556,18.09260763606824,0.0198688863375608,3.863602687823551,14.141348497156782,0.0198354027793871,3.857091645223592,26.203086921202274,0.0197427736942308,3.839079463951813,7.070674248578391,0.0188921963451533,3.673680514243935,28.074735987002438,0.0182769974654512,3.554052065785323,4.648456017608528,5.261667046332301,5.011659053207382,0.4706344599674359,0.0519560347661025,0.0999263458465019,0.0623765227375192,0.1814454959820226,0.6042956006678537,0.0164789470964842,0.010539570309795,0.0331897950543541,0.6395778958113203,,,,,0.994019173364117,0.9955446153237595,0.9955446153237595,0.9911090811001327,1.0587532381413862,1.0782275976450735
tgt,A,target,32000,23,184000,577.1999999999986,2.7618240301353407,3.494510984477106,3.494510984477106,12.211607020631154,15.98695541864732,31.167912833203125,0.2528660581088622,-0.0252030083955356,4.574876281590776,5.788549612213384,6.862846549869846,1.2652909621850872,4168.487792920299,24691351.25611061,4969.039268924186,7315060.776385056,1326.0,7.686999561039988,20.74259288199827,6.692576071541891,,,,,,,,,23.91551584077985,0.0256745537249387,5.122461768970969,11.645816409423231,0.023728290530377,4.734152826455108,4.783103168155971,0.0235480939430771,4.698200882003351,29.114541023558083,0.0232902334971929,4.646753823179147,7.694557270511779,0.0226500724777589,4.51903201803436,21.83590576766856,0.0199319170750833,3.9767189059352326,22.875710804224205,0.0194884662204167,3.888243753697608,22.25182778229082,0.019239609925374,3.8385931591447,4.67277474420513,4.290431948968359,3.8768576124656855,0.4555068029095184,0.0431610137058727,0.0464285952024148,0.1053279137788358,0.2018001648652587,0.6032823124476175,0.0095968153074464,0.003314625139959,0.008118146804066,0.3453880306565609,,,,,1.0099508401028876,1.0135687547820997,1.0135687547820997,1.027321620670537,1.058184592104607,1.0782275976450735
tgt,A,target,32000,24,192000,577.1999999999986,2.7218016323518808,3.4430993798022342,3.4430993798022342,11.85493333919453,15.305254765130485,30.152846259375,0.2916803795466713,-0.0131904300572795,4.4451969219677725,5.623207284176602,6.653812443599755,1.2650074637606203,4127.234307120859,24429584.92873255,4942.629353768351,7395521.902857153,1574.0,7.65039491073388,22.570148458510054,6.751252639832381,,,,,,,,,8.110479285134037,0.0328466668211109,6.955582717493323,21.21202274573517,0.030371231818254,6.431386669902791,27.24289195775792,0.0247484334289739,5.240707581719337,3.7432981316003247,0.0241813969701273,5.120632415041926,21.83590576766856,0.0184171338483196,3.899996873314428,22.25182778229082,0.017676346022493,3.743128262361874,11.437855402112104,0.0175510887448685,3.7166038859242274,23.499593826157597,0.0171535478773284,3.632420964021719,4.650584747495321,7.070343918189577,4.959846689987678,0.4658278654414447,0.0215077704162871,0.0415404495387289,0.1015286509973479,0.2056878844674951,0.6297352445801407,0.0037424763994988,0.0092508298041202,0.0160324042520501,2.471847197990953,,,,,0.9953153478255767,0.9986570271145855,0.9986570271145855,0.9973158578053425,1.0130624841679232,1.043112227578247
tgt,A,target,32000,25,200000,577.1999999999986,2.651489442256374,3.3423196545730818,3.3423196545730818,11.171100673345524,15.987321280587553,30.935348899218752,0.214563528213485,-0.0309150353297602,4.783301100093266,6.029562488838942,7.129522898997428,1.260544206326374,4078.0920041312097,24218203.268113613,4921.199372928678,7587368.873954711,1326.0,7.688071120137402,27.300326757485987,6.770049619855874,,,,,,,,,19.75629569455727,0.031640328256516,6.206698629504745,12.26969943135662,0.0262617403848279,5.151612421130711,15.805036555645817,0.0257821084708575,5.057525826359263,11.437855402112104,0.0210608262723589,4.131379437694926,5.614947197400487,0.0209064984864163,4.101105856152436,30.778229082047115,0.0191665744665099,3.7597951105039167,21.627944760357437,0.018622877980842,3.653141342404453,23.291632818846463,0.0158212044585341,3.103553390274175,4.647113014930673,5.374207106768146,4.777689566733833,0.469151564626304,0.0298714196513776,0.0503241851258611,0.105127218239733,0.1636832927280079,0.65099388425502,0.0002009187622855,0.0135884362766654,0.0001887513119628,67.63149471188154,,,,,0.9696034072089433,0.9694262760705796,0.9694262760705796,0.9397873047360722,1.0582088086898076,1.0701822449395266
tgt,A,target,32000,26,208000,577.1999999999986,2.683133081744716,3.382048112649478,3.382048112649478,11.438249436275894,16.0110024254696,30.935348899218752,0.1143227157934791,-0.0050776540091246,4.734114327226981,5.967278527628016,7.071620738387641,1.2604846683374458,4385.924266223498,26815935.44492725,5178.410513364815,7579603.775879117,1326.0,7.785429395778358,10.01557705416965,6.74462325807746,,,,,,,,,18.300568643379364,0.0268283524735,5.325080816511208,20.796100731112915,0.0232966409400634,4.62408177623353,13.309504467912266,0.0222874343886571,4.423767334558469,18.716490658001625,0.0193796770280633,3.8466151238417834,29.32250203086921,0.0189130618959513,3.7539980579538166,31.402112103980503,0.0178030683707252,3.5336787061236428,28.282696994313564,0.0170149961942131,3.3772565764637514,25.787164906580013,0.0167627834935124,3.32719561891862,4.706354777180353,4.13105764006293,4.051081223498448,0.4354463820828909,0.040872585785925,0.0538303692023337,0.0884266801328163,0.1626940334938767,0.6541763313850479,0.0031240802836005,0.0076421244134553,0.0120419643994171,2.446199750731584,,,,,0.9811749338291958,0.9809493543956377,0.9809493543956377,0.962261635889219,1.0597762755389581,1.0701822449395266
tgt,A,target,32000,27,216000,577.1999999999986,2.736079826690576,3.472839292472828,3.472839292472828,12.060612751343172,15.744285742112917,30.444427321875,0.2497358626226122,0.0532646403679854,4.533548608550123,5.754322512275037,6.846539219949073,1.2692755739777264,4120.331096152145,24215307.405378263,4920.905140863646,7238179.063459936,1326.0,7.690983070510656,19.57216037959767,6.729566936554326,,,,,,,,,8.734362307067425,0.028339763066739,5.788024129494586,4.9910641754671,0.0273944788247407,5.59496224718341,9.150284321689682,0.019347477562166,3.9514680031359055,10.813972380178717,0.0191278273348905,3.906607331135039,28.69861900893582,0.0186704791760685,3.813199980741599,24.9553208773355,0.0181723622772633,3.711466151040764,23.707554833468723,0.0178599585606644,3.647661797928851,19.340373679935013,0.0163370599971366,3.336629782180762,4.63278012127474,4.397512283019847,4.2793042230775145,0.4803681673056295,0.0168679809993016,0.046549814922747,0.1298415646939924,0.2247695973520665,0.5819710420318923,0.002446043255921,0.0111199546670814,0.0027613674075816,4.546098943924126,,,,,1.0005366342689463,1.0072829683082924,1.0072829683082924,1.0146189782439647,1.042122164584468,1.0531992279565094
tgt,A,target,32000,28,224000,577.1999999999986,2.745259596610908,3.484066422583434,3.484066422583434,12.138718836973329,15.743856860364405,30.460828756640623,0.3175797183663693,0.0480373856772603,4.518816506571025,5.734924624175744,6.815507976598235,1.269120933730031,4293.408489024225,25698119.14100959,5069.3312321261465,7264762.687384323,1326.0,7.725423124336824,15.662677028677074,6.751809053754764,,,,,,,,,17.052802599512592,0.0308106686507562,6.093928943369927,0.8318440292445166,0.0285311500420743,5.643071333499259,22.25182778229082,0.0237563399822939,4.6986791960804695,20.172217709179527,0.0224204723908102,4.434462853600917,7.070674248578391,0.0216781861636825,4.287648788153903,4.9910641754671,0.0201125354733768,3.977984490860992,23.91551584077985,0.0197439707538479,3.905087429219746,27.658813972380177,0.0196610959003216,3.888695916451681,4.643464067058387,5.3460863329520985,4.652410966264122,0.4720182105233215,0.0694450365561505,0.043622646836313,0.118826024365832,0.1862522607378066,0.5818540315038976,0.0141052421084965,0.0130972976527794,0.0044315516501507,0.9285411445693302,,,,,1.0038935158956646,1.0105393519157648,1.0105393519157648,1.0211897817703346,1.042093776686571,1.0537666217277868
tgt,A,target,32000,29,232000,577.1999999999986,2.674671390704663,3.3772565958727307,3.3772565958727307,11.405862114365863,14.72375048134768,29.204086340625,0.1850088941539134,0.0043448920229743,4.359677763110119,5.504882032429071,6.531019295589179,1.2626809437632276,4359.796466856937,26582216.13459304,5155.794423228397,7574390.902174808,1326.0,7.806798242993138,9.2943769983948,6.72875962873369,,,,,,,,,6.446791226645003,0.0257145340758202,5.834346951380335,25.579203899268887,0.0236620730535957,5.368665960523773,14.141348497156782,0.023037788046191,5.2270225102086965,25.16328188464663,0.0224448689430474,5.092495641020976,17.26076360682372,0.021860995361949,4.960021101998462,1.247766043866775,0.0210650659813848,4.779433417955,13.309504467912266,0.0207895522907051,4.716922370446202,28.49065800162469,0.0183388635961974,4.160887869823919,4.644052550792214,3.73318303384711,3.882894645448794,0.4762567451646291,0.0523684036961391,0.0330795117357992,0.0828156745430303,0.206018300657977,0.6257181093670539,0.0133789739340128,0.0045485160085492,0.0076973998793968,0.3399749510420798,,,,,0.978080641114908,0.9795595943649787,0.9795595943649787,0.9595369989124821,0.9745724241641247,1.010290680193593
tgt,A,target,32000,30,240000,577.1999999999986,2.6502333212324616,3.343580959210284,3.343580959210284,11.17953363079356,13.741366124696436,26.37448838554688,0.0882885215551159,0.0162173648275878,4.109775205783527,5.184964665035976,6.154791905573863,1.261617583788482,4056.307944664556,23812887.175549,4879.844995033039,7359253.033600191,1326.0,7.664112788199313,25.196643013077463,6.711647035159218,,,,,,,,,9.9821283509342,0.0484636707257428,12.33856545509068,19.75629569455727,0.0443313084253904,11.28649032410056,2.2875710804224205,0.026969169736824,6.866191955420727,21.419983753046303,0.0222043136288503,5.653087621970102,28.49065800162469,0.0213676823535715,5.440086221184339,19.13241267262388,0.0210552341384225,5.360538743739672,29.32250203086921,0.0203705790306044,5.186229581113872,16.012997562956944,0.0197799671989201,5.035863283335349,4.531856288487896,12.791793659668713,7.318014279587008,0.5252230710615375,0.0282475261763513,0.0546802104725324,0.0972601471480156,0.1888111579452983,0.631000958257802,0.0042296571269299,0.0127838079228909,0.0013364242096477,3.0224218030522487,,,,,0.9691440656761271,0.9697921123710544,0.9697921123710544,0.9404967412171124,0.909547911208993,0.9124031308497329
tgt,B,target,32000,0,0,577.1999999999986,1.1534131242770456,1.502234348288084,1.502234348288084,2.256708037176524,9.33469742222434,18.346757075390627,1.5042790033905469,-0.0330617918580414,6.213875639879863,8.093108380457519,9.708022174328336,1.3024252253314488,5053.44681521898,36709558.93419823,6058.84138546292,11172234.21995138,276.0,7.928677654448387,11.864767315104036,7.41330257206931,,,,,,,,,0.8318440292445166,0.052794526446137,11.699246770364304,4.783103168155971,0.0356896341153431,7.908809203647348,1.247766043866775,0.0312501483299427,6.925020859794831,4.159220146222583,0.0243473656147345,5.395366862996161,18.09260763606824,0.0233814291031635,5.1813157032627,2.0796100731112914,0.0173253768977603,3.839296862019652,20.172217709179527,0.0168033608326352,3.7236183026102,10.813972380178717,0.0167050416993058,3.7018308204506174,4.570172185993156,15.663163321646303,7.971973493366672,0.5044959898589072,0.1174247384307762,0.0820872439228678,0.1801988488163231,0.1799198792819978,0.4403692895480349,0.0172878283546137,0.0173253768977603,0.0126842629507079,1.002171964076355,,,,,1.0218154750953758,1.0261460627873285,1.0261460627873285,1.0529757421739367,0.9148377256204714,0.9431217121856311
tgt,B,target,32000,1,8000,577.1999999999986,1.1925614842364984,1.5586911410958737,1.5586911410958737,2.429518073330756,9.335684898991506,18.346757075390627,1.4037639579499936,-0.0382639046455522,5.989438608358196,7.828262963699996,9.43449370564443,1.3070111366983073,5331.586904137446,38122075.61855268,6174.307703585292,9696256.702182751,3470.0,7.889687399634208,7.246789575100397,7.660870909664192,,,,,,,,,1.247766043866775,0.0887305829521952,27.650031385546484,2.0796100731112914,0.0550975732825878,17.169386020508625,4.159220146222583,0.028917468086185,9.011198547003046,5.406986190089358,0.0210082241058821,6.546537130215773,2.703493095044679,0.0196038343275373,6.108904240215518,7.070674248578391,0.0192939095621608,6.012326158513597,6.654752233956133,0.0178419293280856,5.559863234146216,19.75629569455727,0.0172546135087366,5.376845155171373,4.185281913622675,26.592725745184715,13.398318025781466,0.6444840856913463,0.2478992077268509,0.139416578455609,0.1394179039282412,0.201012534024189,0.2722537758651098,0.0722625654119522,0.0550975732825878,0.0155246253498335,0.7624635655782056,,,,,1.056497237587238,1.0647105622100268,1.0647105622100268,1.1336085812815921,0.9149345022977343,0.9431217121856311
tgt,B,target,32000,2,16000,577.1999999999986,1.2035464338808377,1.5777520785042192,1.5777520785042192,2.489301621224384,10.121548049295654,19.248415437890625,1.5865102650781484,0.0310398464411737,6.415170157078752,8.40976946493896,10.13451887734446,1.3109191586530182,5373.326702619464,38855109.76898959,6233.386701383894,9982469.915906224,6736.0,7.930756088632184,7.914825452990509,7.646725341464309,,,,,,,,,1.0398050365556455,0.0508661928804224,12.396139219402748,2.2875710804224205,0.028504984087597,6.946691529035431,1.8716490658001623,0.026777865269973,6.5257910428903845,6.446791226645003,0.0266396398948319,6.492105388492558,5.614947197400487,0.0247367889740982,6.028378822939774,17.676685621445976,0.0177595323170946,4.3280147895424514,12.47766043866775,0.0177321102513233,4.3213320062293095,9.56620633631194,0.0166804316841593,4.0650369466939,4.382467809061782,34.62987057590088,13.162039010249329,0.5770384361217504,0.2034374022155534,0.1113584603512975,0.101157369809302,0.1875811346934793,0.3964656329303676,0.0508661928804224,0.0055112063261206,0.0156849823404165,0.1083471361611071,,,,,1.0662288691279878,1.0777307051037763,1.0777307051037763,1.161503472723484,0.9919522378015674,0.9894717878504
tgt,B,target,32000,3,24000,577.1999999999986,1.18486571436594,1.561039221578357,1.561039221578357,2.436843451305963,11.102812866877176,20.424552512109376,2.031393639602084,0.091174224726716,7.112449651101064,9.37052421405347,11.291734753760531,1.317481975088124,5069.355414754026,36830055.30039282,6068.777084420948,11131690.979296869,278.0,7.95508862624526,9.916742480011564,7.489466545426788,,,,,,,,,0.8318440292445166,0.0625277648898626,16.505548019934725,2.0796100731112914,0.0588652046428093,15.53873649004678,20.380178716490654,0.0294658758052163,7.778151496524722,8.110479285134037,0.0232666811435718,6.141740769979071,2.9114541023558083,0.0226545069032266,5.980144216217993,1.6636880584890332,0.0222857426070609,5.882800951044161,17.884646628757107,0.0206240574833098,5.4441634329368895,13.101543460601135,0.0167062933277449,4.409985343981398,4.433394512050651,19.922431867968527,9.44169249836924,0.5664741857460749,0.1282114911929182,0.154954624910245,0.0841188989683797,0.1598514916068844,0.4728634933215726,0.0361975647657726,0.0588652046428093,0.0226545069032266,1.6262200239736653,,,,,1.0496795097662213,1.0663144887511513,1.0663144887511513,1.1370265889206301,1.088120119131111,1.0499315413994381
tgt,B,target,32000,4,32000,577.1999999999986,1.128788076114609,1.4735022762789889,1.4735022762789889,2.1712089581993617,11.099537021284648,20.424552512109376,1.626334410205736,0.0624855451981214,7.532758652607305,9.833145172369669,11.80069267298544,1.3053843387056423,5377.435808915953,40614999.460707165,6372.989836858927,11698183.58169559,276.0,7.9614946982219905,9.91750787548677,7.574251611102682,,,,,,,,,2.0796100731112914,0.0596363846395655,15.179738425814111,5.199025182778229,0.03592257847554,9.143668720616974,3.1194151096669374,0.0186109226382309,4.737190881352972,1.455727051177904,0.0184870015844129,4.7056482384885845,8.318440292445166,0.0177777642213446,4.525120231664235,2.703493095044679,0.0164232356785113,4.180340964866312,6.238830219333875,0.016019205121418,4.077499751238431,22.459788789601948,0.0154216500212848,3.9253991473896903,4.475673665699874,17.28027626845968,9.005094080574391,0.544505002627427,0.0993166806087821,0.1647863404562773,0.1488213905066401,0.1751916560964322,0.4118839323318682,0.0046369064473875,0.0596363846395655,0.0186109226382309,12.861243870965572,,,,,0.999999999999999,1.006519762402536,1.006519762402536,1.0130820321068585,1.0877990731458156,1.0499315413994381
tgt,B,target,32000,5,40000,577.1999999999986,1.141945755787502,1.5028385007298883,1.5028385007298883,2.258523559276058,11.44436099182998,21.110468925,2.4025817339609263,0.142855715722634,7.615163562993724,10.021807895706711,12.047743100769456,1.3160331768054896,5491.895533755289,40625755.10757285,6373.833627227248,10464838.55389157,6962.0,7.967614341011812,6.99985603818312,7.720016733222314,,,,,,,,,1.0398050365556455,0.1065482079399172,32.33376396269668,8.942323314378553,0.031576898945543,9.582516843031836,3.9512591389114537,0.0198086632607634,6.011256826123634,6.862713241267263,0.0197876682662158,6.004885558026051,8.110479285134037,0.0166137359537687,5.041704851297412,9.9821283509342,0.0157526426836172,4.780392276592776,2.703493095044679,0.0156381788981631,4.745656403576149,2.0796100731112914,0.015045686766049,4.565855155672142,4.136492372035379,39.6865639306682,16.088779398927493,0.6401372596197394,0.3272802230390726,0.0905348062186495,0.0894176308602011,0.2557051129694791,0.2370622269125976,0.1065482079399172,0.015045686766049,0.0147573497400447,0.1412101344247114,,,,,1.0116564658604312,1.0265587471665583,1.0265587471665583,1.0538228613841745,1.1215932030125275,1.0851913237731499
tgt,B,target,32000,6,48000,577.1999999999986,1.1375830064676502,1.4911671021203925,1.4911671021203925,2.223579326446129,11.4344997255531,21.110468925,2.147883209195127,0.1195845030572528,7.668154500783939,10.051573960346616,12.08320584586368,1.3108204795967884,4975.793486683131,35199532.303937614,5932.919374467987,10441011.481819348,276.0,7.84373249809461,11.631386187053574,7.388177779734239,,,,,,,,,4.9910641754671,0.0564314983319367,14.977545169510304,7.9025182778229075,0.0436928166132151,11.5965578400601,3.535337124289196,0.0356511145778689,9.462200982021916,2.703493095044679,0.0257964104563466,6.846653274178621,2.0796100731112914,0.0234372334566118,6.220501548265632,1.0398050365556455,0.0224428817802527,5.956589591516868,4.159220146222583,0.0152770901396378,4.054709061226767,29.114541023558083,0.0133610110248183,3.546160425467367,4.4499535122825415,14.16761410228074,8.521156248122432,0.5625720850510867,0.074794933451362,0.1077044411520354,0.2312431076782476,0.2388810923680203,0.3473764253503344,0.0224428817802527,0.0234372334566118,0.0257899551670813,1.0443058821523388,,,,,1.007791480561447,1.018586249570558,1.018586249570558,1.0375179478142162,1.1206267594306498,1.0851913237731499
tgt,B,target,32000,7,56000,577.1999999999986,1.0723303219663047,1.378412206465707,1.378412206465707,1.9000202109336588,7.375017104935327,14.205605071875,0.7044673771506584,-0.0153980319855479,5.350371297015539,6.877560909967619,8.223721527621807,1.2854361927739413,4983.676614720862,35976193.821183234,5998.015823685632,11139161.221067645,276.0,7.949049162003681,8.539282099960545,7.256632775362688,,,,,,,,,1.0398050365556455,0.0528226838076433,13.696852992991683,3.1194151096669374,0.0472451337074205,12.250601529094205,2.0796100731112914,0.0362659851073321,9.4037226217059,1.455727051177904,0.030982206804094,8.033645801479297,9.358245329000813,0.0247030910372194,6.405479275559362,18.300568643379364,0.0224812279570748,5.829353077766821,5.199025182778229,0.022234390219423,5.765348374445582,23.083671811535336,0.0218534321571336,5.666566445934074,4.448702853043926,12.78081566524175,7.976225254954125,0.5665877369544339,0.1254291786456757,0.0814109993254839,0.14506943059171,0.1714798608497789,0.4766105305873512,0.0528226838076433,0.0362659851073321,0.0472451337074205,0.6865608199445167,,,,,0.9499837433235139,0.9415656486450736,0.9415656486450736,0.8865458707084193,0.7227812075223534,0.7302442891114795
tgt,B,target,32000,8,64000,577.1999999999986,1.0959344023120383,1.4273822445936046,1.4273822445936046,2.037420072181077,8.799907520809349,17.258374686328125,1.438904947719962,0.0089803184136468,6.165067243994364,8.029593287916311,9.641420028722647,1.302434015741293,5124.508982777152,36073826.56401248,6006.149062753311,9813234.24944875,276.0,7.9350609060293635,6.705168418738321,7.53039385052106,,,,,,,,,1.0398050365556455,0.1351734441821281,37.77354725717158,2.2875710804224205,0.0355900617517256,9.945465898265589,3.3273761169780665,0.0270965258243535,7.571989490423242,10.606011372867586,0.0213927354555855,5.978093615806305,9.9821283509342,0.0158357042362613,4.42520885620887,13.517465475223394,0.0157137906871587,4.391140720739081,4.159220146222583,0.0129750961592499,3.625826144352801,6.446791226645003,0.0127875622312596,3.5734207200912014,4.157754575246862,54.536204814019655,20.41119007150132,0.621650816918434,0.2954830029114054,0.1004181555448266,0.106358900149138,0.1982138114656558,0.299526129928974,0.1351734441821281,0.0213043267083552,0.010703607949985,0.1576073380174653,,,,,0.9708947370212688,0.9750160965573798,0.9750160965573798,0.9506563885459907,0.8624261738619244,0.8871730201052102
tgt,B,target,32000,9,72000,577.1999999999986,1.101602707731951,1.4285945138244032,1.4285945138244032,2.0408822849291828,8.803243074990307,17.258374686328125,1.2818400589787338,0.0023516120862942,6.162170573802303,7.991304862627822,9.5614476129905,1.2968327908020365,5166.957071295886,37218129.187618345,6100.666290465194,10520683.811003787,276.0,7.911808379646088,9.482782543173684,7.485715233242545,,,,,,,,,0.8318440292445166,0.0764638471726251,18.011156448017076,2.2875710804224205,0.0360612032971371,8.49426229917733,8.734362307067425,0.0221757574476045,5.223527869849041,15.805036555645817,0.0197405675232889,4.649915786108831,4.9910641754671,0.018844507602581,4.438847732179599,17.46872461413485,0.0187454982106326,4.415525943986284,13.101543460601135,0.0184604094071411,4.348372913748731,13.725426482534523,0.0170011243921361,4.004636472549726,4.426428569903914,27.334260924423333,11.546040923066371,0.5647735811008925,0.1602840139887042,0.1317201728606497,0.0697424798560035,0.1630445686066068,0.4752087646880358,0.0225303194993245,0.0219340448075398,0.0099074160182473,0.9735345655983232,,,,,0.9759163221530178,0.9758441732816536,0.9758441732816536,0.952271850527755,0.8627530715279728,0.8871730201052102
tgt,B,target,32000,10,80000,577.1999999999986,1.0979212666712552,1.4078830054614668,1.4078830054614668,1.9821345570672124,9.817726392857516,18.37998049453125,0.882919248957156,-0.0255996934369319,6.973396478802265,8.942104220837761,10.65979847278263,1.2823169094161826,4746.477437530955,33205577.501911376,5762.428090823466,10676529.43692095,278.0,7.880879066429869,9.623005841908531,7.279538130188532,,,,,,,,,1.6636880584890332,0.0363598414533375,9.60704219718613,8.526401299756296,0.0358649460976681,9.476280335333444,2.9114541023558083,0.0315234408330549,8.329162454471048,8.110479285134037,0.0241477914025032,6.380359256253105,2.2875710804224205,0.0222636583815647,5.882531303386518,24.33143785540211,0.0214739069752429,5.673862211813146,3.3273761169780665,0.0211728129489896,5.594306776478025,18.50852965069049,0.019554470416841,5.166706314693667,4.471441466851889,11.365023843660106,7.75978914300405,0.556590469271222,0.1353874551039711,0.1194128968711627,0.0884727007565716,0.2313275282143688,0.4253994190539256,0.0180177856730292,0.0087238907189062,0.0315234408330549,0.4841821784727315,,,,,0.9726549118505918,0.9616965585734468,0.9616965585734468,0.9248602707720118,0.9621764988999116,0.9448295741154429
tgt,B,target,32000,11,88000,577.1999999999986,1.1010070419915132,1.4234053839750436,1.4234053839750436,2.0260828871291414,11.489040543251372,21.92661553359375,1.6506309647543844,0.0805795826985938,8.071516851480967,10.435029118850537,12.501160144725896,1.2928213260099408,5231.174827801875,38384039.41683666,6195.485406070832,11018849.337808693,276.0,7.95118217189756,8.142412267028948,7.509836268990448,,,,,,,,,0.8318440292445166,0.0825740285893448,27.23340883819304,1.8716490658001623,0.0643912637276434,21.23662416210492,6.030869212022745,0.0266237194113952,8.780662006085326,7.070674248578391,0.0197631431276141,6.518002886824035,5.199025182778229,0.0193725845313477,6.38919432426389,11.021933387489844,0.0185769184862067,6.126778900477871,4.159220146222583,0.0143472180550256,4.731798383319244,2.703493095044679,0.0135826932729061,4.479653534459622,4.1724495480742325,23.140468592229062,12.468678316991058,0.6491034554407,0.2276627719101847,0.1763138762054339,0.1152892952452233,0.2045997467387935,0.2761343099003644,0.0758252588501965,0.0303687431650126,0.0126694070492033,0.4005095877695567,,,,,0.9753886183678324,0.9722995830715572,0.9722995830715572,0.9453664792411249,1.1259719779588664,1.1271456366649852
tgt,B,target,32000,12,96000,577.1999999999986,1.0916348787694374,1.414768933575986,1.414768933575986,2.001571135411733,11.48705602475347,21.92661553359375,1.6317531423046248,0.0752324164179751,8.119386673066488,10.522800478573853,12.621691104534206,1.2960092802911451,4878.382642408591,34485012.49438086,5872.394102440747,10686395.28862744,278.0,7.878272483862249,9.151873368709175,7.336627529336116,,,,,,,,,1.0398050365556455,0.0502320787318209,10.610151935737967,7.9025182778229075,0.0277092215336424,5.85281473344096,25.16328188464663,0.0215940216176919,4.561146105271194,1.6636880584890332,0.0210565506997287,4.447620082765239,12.26969943135662,0.0204866009409686,4.327233793986173,7.070674248578391,0.0203060969015509,4.289107255495487,4.159220146222583,0.0184780643585383,3.902985408370912,9.150284321689682,0.01823136548577,3.850877022882403,4.61330256118092,14.390517912927104,7.585043888504948,0.4833920144343049,0.1112874355473014,0.0511690067310316,0.1158362909695741,0.2047302005511446,0.5169770662009482,0.0502320787318209,0.0102134841271138,0.0031677529009454,0.2033259300583257,,,,,0.9670857638104601,0.966400197543893,0.966400197543893,0.9339293418128762,1.1257774871996105,1.1271456366649852
tgt,B,target,32000,13,104000,577.1999999999986,1.1698764835057522,1.5516720925167446,1.5516720925167446,2.407686282695293,13.442364845499805,24.04338190078125,2.630102371982888,0.0540127360310162,8.66314791012849,11.49041376163556,13.899893693299626,1.3263554865771336,5418.747587814187,39525498.57557026,6286.930775471467,10162673.155128192,276.0,7.876502768091926,8.445700255100679,7.644810771308183,,,,,,,,,0.8318440292445166,0.0814515700097479,23.138079605270956,2.2875710804224205,0.050640830793423,14.385622941768332,3.1194151096669374,0.0380113921583183,10.797957824030716,8.734362307067425,0.0232495284640925,6.604531261003391,3.9512591389114537,0.0220455000747066,6.262500963523772,6.446791226645003,0.0216165121246234,6.140637660734872,1.455727051177904,0.0192759204395736,5.475741984376096,11.021933387489844,0.0169600020558724,4.817855292750923,4.295525129498071,25.916173364166298,12.299187071471922,0.6074298151375694,0.2025652542933937,0.1260558027337144,0.1348362988475871,0.2362929501809041,0.3002496939444006,0.0711416848542669,0.0111953397625706,0.0380113921583183,0.1573668066105946,,,,,1.0364004619295522,1.0599159913281972,1.0599159913281972,1.1234219086732362,1.317405581132084,1.235958780716293
tgt,B,target,32000,14,112000,577.1999999999986,1.207586988631942,1.6012313622715022,1.6012313622715022,2.5639418755218504,13.44044917270169,24.04338190078125,2.6894700990899523,0.0246061303693293,8.393820836500925,11.13000495965682,13.446088534574551,1.3259759978734025,5662.613194614461,43464866.10078233,6592.788947083194,11399677.908960538,276.0,8.025412431812468,6.825976250375401,7.674629402795886,,,,,,,,,1.0398050365556455,0.0941050224094698,25.39431980870146,2.0796100731112914,0.063445405218762,17.12079620477056,3.9512591389114537,0.0244701637849239,6.603294372768057,3.1194151096669374,0.0187242029710012,5.05274199223605,7.070674248578391,0.0146236724822728,3.946210375219816,11.021933387489844,0.0144991559239442,3.912609476747942,14.9731925264013,0.0143754000154162,3.879213840267436,17.884646628757107,0.011993191211945,3.2363727818675216,4.346860042149473,35.7907611290523,14.209858383829932,0.5792974024891475,0.1760175038622361,0.171579029683558,0.1174407254747797,0.1623071112640928,0.3726556297153331,0.0941050224094698,0.063445405218762,0.0187242029710012,0.674197865253399,,,,,1.0698084203622746,1.0937689315112074,1.0937689315112074,1.196330475539169,1.3172178375270809,1.235958780716293
tgt,B,target,32000,15,120000,577.1999999999986,1.145276991749198,1.4810907543856098,1.4810907543856098,2.1936298227265345,10.06922940721496,20.0176006734375,1.4335491889891987,-0.030387271521894,6.798522897663422,8.791959918645782,10.496964350172478,1.293216195780049,4922.33977383073,34612275.98388109,5883.219865335741,10382847.13484513,276.0,7.937824725890356,6.626768045835927,7.388739242432032,,,,,,,,,6.862713241267263,0.0477348624910488,11.83475666297497,12.47766043866775,0.0396718439442699,9.83571743900997,3.9512591389114537,0.0316663931190915,7.850950802022898,1.247766043866775,0.0316436221339175,7.845305262171181,4.575142160844841,0.0269968570784032,6.693247189052396,24.53939886271324,0.0216022169026338,5.355770752904483,8.526401299756296,0.0194073757275831,4.811610575937933,2.0796100731112914,0.0184295461146272,4.569180307507718,4.5052945906794895,10.57163941122382,7.207964236148363,0.5428256585429194,0.0675738677324074,0.0603355935263835,0.1713827158939737,0.2530820138172147,0.4476258090300206,0.009354154357771,0.0184295461146272,0.0043256541109058,1.970199058918304,,,,,1.0146076274045561,1.011703299139351,1.011703299139351,1.0235435654894485,0.9868248013819679,1.029012034301362
tgt,B,target,32000,16,128000,577.1999999999986,1.0729099769090755,1.386941565658768,1.386941565658768,1.9236069065519945,7.626835858977686,14.640593551171875,1.090221336343772,-0.055271455730002,5.499031861050036,7.108551530989181,8.49971251872131,1.292691461079602,4853.036258360889,34157848.28525754,5844.471600175463,10605887.360292085,276.0,7.923345730879139,9.115773660391335,7.338465285227527,,,,,,,,,1.0398050365556455,0.0664961289544293,17.631290878519977,7.070674248578391,0.041545694084573,11.01574224955424,1.6636880584890332,0.0293415708240473,7.779847912440225,4.159220146222583,0.0238571755711891,6.3256735188874105,2.0796100731112914,0.0221456042415804,5.871854440300936,3.1194151096669374,0.022038453108565,5.843443571520122,16.63688058489033,0.019317133332601,5.121892087277011,24.53939886271324,0.0192884473215489,5.114286059483256,4.440257004043325,20.16342926701,10.040915472118812,0.5588662287088952,0.1438155722801986,0.1106452681930906,0.1303500144088351,0.2074409485275548,0.4077481965903209,0.0664961289544293,0.0221456042415804,0.022038453108565,0.3330359915601105,,,,,0.9504972630488161,0.9473918823242813,0.9473918823242813,0.8975513786939456,0.7474604537578247,0.7526050299055993
tgt,B,target,32000,17,136000,577.1999999999986,1.0795044993001883,1.3992117006870417,1.3992117006870417,1.9577933833395236,10.388861706567347,18.0157845328125,1.2582283946004529,-0.0116167976715124,7.424796191640462,9.623731733672736,11.537210094895372,1.296161064259402,5342.878564307133,39225533.87499377,6263.029129342588,10679182.522061111,278.0,7.957216937188711,7.182961125272497,7.533013815974139,,,,,,,,,1.0398050365556455,0.0842608977359345,19.556136277685123,1.6636880584890332,0.0471830971319893,10.95073874489386,5.199025182778229,0.0292719077825902,6.793725596161525,7.070674248578391,0.0169146505509926,3.9257261689910186,6.030869212022745,0.0165639993619019,3.8443434324661694,2.703493095044679,0.0138972071035816,3.2254068411254764,3.535337124289196,0.0133653765711239,3.1019741380705943,9.358245329000813,0.0123364662604487,2.863174044625848,4.460604405328455,33.90397079219675,12.723395558126091,0.5232111765758718,0.1708291138592262,0.1244118455854371,0.1486260865072498,0.1810720766569067,0.3750608773911801,0.0842608977359345,0.0102305087004433,0.0025176516456829,0.1214146653455243,,,,,0.9563393892465092,0.9557733647231362,0.9557733647231362,0.9135027247141861,1.0181500465986149,0.9261079484038337
tgt,B,target,32000,18,144000,577.1999999999986,1.1096617794874282,1.4322504002297312,1.4322504002297312,2.051341208958225,10.384161662799952,18.359513746875,1.1500247438797064,0.0347504158702639,7.250241760188787,9.35795199469447,11.200794743793256,1.2907089589857024,5044.082858698231,35884937.83361082,5990.403812232596,10442165.948197518,276.0,7.968765284793981,5.807734004957528,7.389685030219015,,,,,,,,,0.8318440292445166,0.0628002136595026,14.78893766605464,7.070674248578391,0.0370364864774089,8.721790229151512,3.9512591389114537,0.0334696712627284,7.881834362723273,8.318440292445166,0.0185826436620024,4.376060888548834,3.535337124289196,0.0179059789412917,4.216711870571486,5.406986190089358,0.016615251613673,3.912756121383715,24.9553208773355,0.0163550389405748,3.851478161037426,4.9910641754671,0.015845984208549,3.731599927161367,4.460585697944901,19.834542178045293,9.482832262584868,0.5485274955174924,0.1891218075260794,0.041812391990374,0.1682336279251597,0.2007456814492054,0.4000864911091814,0.0528892894043716,0.0052134057076198,0.0059208923501727,0.0985720505273098,,,,,0.9830559012520611,0.978341435739472,0.978341435739472,0.9571519648847722,1.0176894234893705,0.9437774735173309
tgt,B,target,32000,19,152000,577.1999999999986,1.130747744226393,1.4639576204264255,1.4639576204264255,2.1431719144046024,9.03763937105116,17.011932615234375,1.0942397342855958,0.0361403754652313,6.173429643689056,7.992622065522064,9.58225424267032,1.294681000161274,5316.602167762645,39492232.36036888,6284.2845543760095,11225973.75011042,276.0,7.985307671987682,8.201722453901324,7.478474093326984,,,,,,,,,1.247766043866775,0.0821882217345926,21.075213889869502,2.9114541023558083,0.0344387866192604,8.831007397292328,14.9731925264013,0.0312037784538527,8.001466526562618,13.933387489845654,0.0257090313063106,6.59246936174794,3.9512591389114537,0.0209412121086769,5.369875573274913,6.654752233956133,0.0173630278634658,4.452335362358725,25.995125913891144,0.017101542894262,4.385283763739749,23.083671811535336,0.0156939755698263,4.02434661482965,4.41335613600072,36.47663835811005,12.410421481923466,0.5511317117676049,0.1859975448686711,0.0504539300111791,0.0993281906690932,0.1528255553030972,0.511394779147959,0.0778167582975391,0.0029719642221107,0.0344387866192604,0.0381918276614533,,,,,1.0017360815136604,0.9999999999999992,0.9999999999999992,0.9999999999999996,0.8857248471177889,0.874504575916985
tgt,B,target,32000,20,160000,577.1999999999986,1.09941083108844,1.4347145412423683,1.4347145412423683,2.0584058148522995,9.64786333658335,18.77039071523437,1.6134410334754392,0.1098639529265534,6.724587406929194,8.775485072330046,10.552749008588709,1.3049849070712405,5365.4975200530935,39583748.32193828,6291.561675922622,10795184.68424238,276.0,7.940516187682364,7.7540586913885186,7.542305603295782,,,,,,,,,1.0398050365556455,0.0645827179873225,15.926458924439997,6.030869212022745,0.0319121564906778,7.86971600728928,1.455727051177904,0.0314780523051374,7.762663490835992,2.0796100731112914,0.0304043236023118,7.4978759963718975,3.9512591389114537,0.0289552111951369,7.140516784046732,14.141348497156782,0.0194598840322395,4.798916078054601,7.9025182778229075,0.0189669193331903,4.677348230257498,6.862713241267263,0.0183608572260322,4.527889930016761,4.460551903086287,18.3681192626704,9.751990416085691,0.5589532971413691,0.1371574897267926,0.1075440042485565,0.1167830842139262,0.2645976159585557,0.373917805852169,0.0645827179873225,0.0304043236023118,0.0062828080681745,0.4707811090857058,,,,,0.9739745257344593,0.9800246408939486,0.9800246408939486,0.960448296759314,0.9455292392148976,0.9648987533328527
tgt,B,target,32000,21,168000,577.1999999999986,1.0404227056123485,1.3447553381459445,1.3447553381459445,1.808366919472013,9.654757301192433,18.77039071523437,1.440739618722449,0.075934173720209,7.179564213142714,9.279648789960588,11.09365568864652,1.2925086418151417,5048.680777372438,36504929.356707454,6041.930929488309,11015751.764897496,278.0,7.95991356960352,7.934043988243976,7.359697834638447,,,,,,,,,0.8318440292445166,0.0628256073476203,16.86245540113664,1.455727051177904,0.0389068782419489,10.44264475665539,4.575142160844841,0.0222179153700018,5.963310548832684,3.1194151096669374,0.0220600379729395,5.920936098680832,23.083671811535336,0.0210352843334409,5.6458912042067375,22.66774979691308,0.0208219017363828,5.588619103256531,14.76523151909017,0.0194383737632471,5.217278821353017,8.942323314378553,0.0194228300910443,5.213106884298105,4.42011300722775,17.625108327518273,9.486666709490654,0.5757939281295588,0.182006847589354,0.054843879416074,0.1591747924166678,0.1369341441053067,0.4670403364725975,0.0241165823373207,0.0128599566874981,0.0220600379729395,0.5332412572847846,,,,,0.9217165982064383,0.9185753189728535,0.9185753189728535,0.8437806166260802,0.9462048753515832,0.9648987533328527
tgt,B,target,32000,22,176000,577.1999999999986,1.0643670143474433,1.357982917191914,1.357982917191914,1.844117603385061,8.119020302991135,15.912615936328123,0.6663466238700568,0.0188289774616469,5.978735225752294,7.628026980863576,9.060746453233069,1.275859641350506,4873.312052778343,35271184.00892937,5938.954790948435,11522013.645174708,276.0,7.90454867468628,11.83076760422457,7.304072643979666,,,,,,,,,3.9512591389114537,0.0318632178754057,6.853477583325366,6.030869212022745,0.0239438932680034,5.150105567223964,11.229894394800974,0.0221606773173918,4.766552638215543,4.9910641754671,0.0206951180318321,4.45132466124557,22.04386677497969,0.0193597460939556,4.164098754639865,6.862713241267263,0.0192507015353397,4.140644298753465,12.06173842404549,0.0180686574271448,3.886397761894151,7.278635255889521,0.0176987728305819,3.806839074479907,4.597733295649542,4.425064436609578,4.811345899186244,0.5007818581315797,0.0581934177768918,0.0511292436693548,0.151579695024536,0.297936682995917,0.4411609605333002,0.0038608705385545,0.0075536723002272,0.008570965005676,1.9564686831221292,,,,,0.9429290022367087,0.9276108121192443,0.9276108121192443,0.860461818760525,0.7956965000891204,0.817993802695107
tgt,B,target,32000,23,184000,577.1999999999986,1.168080384848329,1.518633907101993,1.518633907101993,2.306248943799865,10.203664716486474,19.5807898125,1.6605683439667374,0.0379681131941403,6.718975961725623,8.735413117824631,10.450517968842602,1.3001107858667464,5316.31467200965,38776560.35000111,6227.082812200358,10513358.65817605,278.0,7.937852679935165,7.301766897888289,7.586881472399026,,,,,,,,,1.247766043866775,0.0667439321843208,16.212951675592443,3.1194151096669374,0.0369875397025667,8.98474474264859,8.942323314378553,0.026148213674271,6.351734319956822,6.654752233956133,0.0213860951910303,5.194955054554718,5.8229082047116165,0.0205201426930066,4.984604157561649,4.9910641754671,0.0196579256770059,4.775160656754895,8.526401299756296,0.0160338258110241,3.8948206157693153,17.26076360682372,0.0134962123160514,3.2784019598875225,4.490649866655857,20.679551354618145,10.078333759832438,0.5361990536512022,0.1575502693919359,0.0616200391707412,0.1686198424482021,0.2406193371245546,0.3715905118645661,0.0332895811338999,0.0034002887249816,0.0369875397025667,0.1021427308202706,,,,,1.0348092875581807,1.037348271502313,1.037348271502313,1.0760914363888379,0.9999999999999998,1.0065576133169996
tgt,B,target,32000,24,192000,577.1999999999986,1.198251030643942,1.5748152457550786,1.5748152457550786,2.4800430582626287,10.216897596236484,20.396796237890623,1.9921878364930456,0.0420481830718037,6.487680141381467,8.526508498588464,10.250167458935591,1.3142615407620022,5299.853966394142,38293930.29121491,6188.208972813936,10205478.226111196,276.0,7.935169364868611,8.287559052666948,7.578296193506349,,,,,,,,,7.694557270511779,0.034059330700952,9.971846320456397,8.734362307067425,0.0294001875970251,8.607748492894723,1.0398050365556455,0.0259369600318562,7.593789253476445,13.309504467912266,0.0249944751687284,7.317849767260898,9.56620633631194,0.0248431875792181,7.273555984566354,4.9910641754671,0.0243103630122218,7.117556304346511,12.26969943135662,0.0242041601669683,7.086462374140956,5.406986190089358,0.0239015309292911,6.9978589815290775,4.488786088162517,4.597915255430643,5.142958935843752,0.5579012310222697,0.0887753665786715,0.0770667832127299,0.1245188276275624,0.3002413325757959,0.4093976900052403,0.0259369600318562,0.0060601297134757,0.0156108998021453,0.2336484193135572,,,,,1.0615376402348522,1.0757246137332588,1.0757246137332588,1.1571834445915703,1.001296875202948,1.0485047200403546
tgt,B,target,32000,25,200000,577.1999999999986,1.126015204873119,1.459256020287817,1.459256020287817,2.129428132746238,10.18184216131942,19.45322309765625,1.4186266465691508,0.0031260219757468,6.977420013867219,9.042366494915743,10.803341831333286,1.295946994295652,5111.393482990835,36887252.89932776,6073.487704715286,10760909.56136658,276.0,7.926872407817653,7.737888658409197,7.441958669074887,,,,,,,,,2.2875710804224205,0.0406495157360148,10.84340247599291,1.247766043866775,0.036899522981437,9.843078610291428,8.526401299756296,0.0323680601316215,8.634294825395676,2.9114541023558083,0.0261020633947374,6.962817975030762,3.7432981316003247,0.0251034018732215,6.696421472661373,13.517465475223394,0.024507553835596,6.537476895597698,6.030869212022745,0.0230933355131395,6.160229142908414,4.367181153533712,0.0227087326281379,6.057634959435627,4.487583367905875,7.546211317834972,6.138076876138222,0.5553183798764081,0.0981041763264142,0.1023821467856313,0.1462194050821341,0.2791234837731486,0.3741707880326718,0.0322884208552094,0.0119108645560721,0.0261020633947374,0.3688896589001663,,,,,0.9975434970477048,0.9967884315276558,0.9967884315276558,0.9935871772273651,0.9978613022111755,1.0
tgt,B,target,32000,26,208000,577.1999999999986,1.148664873072738,1.509758940294572,1.509758940294572,2.279372057799389,10.306888436331372,20.10885993867188,2.001499041581725,-0.0012958652929305,6.826843783626508,8.972929074387848,10.8007431208236,1.3143598064895765,5035.489507507504,35982357.87385227,5998.529642658463,10626203.293634102,276.0,7.92881304692577,8.060762148253449,7.485169153214619,,,,,,,,,1.0398050365556455,0.1133872176819613,36.8122148911951,1.8716490658001623,0.0355773887053918,11.55053016614252,8.526401299756296,0.0288711488424854,9.373287016587009,7.486596263200649,0.0219218292247524,7.117125763621692,2.49553208773355,0.0200492607734323,6.509178998212738,27.658813972380177,0.017595922457955,5.712679894376629,16.012997562956944,0.0165614397265294,5.376825453382359,9.77416734362307,0.015740755604068,5.110382719435239,4.151022007086239,46.48190059848488,17.121469869976135,0.6387472116618103,0.2924476901400459,0.1052537481263552,0.0417252333664412,0.2356040870993949,0.3249692412677625,0.1133872176819613,0.0127113174135682,0.003586055998446,0.1121053825406491,,,,,1.0176089714081191,1.031285960214343,1.031285960214343,1.0635507317352204,1.010116337875951,1.033703249981985
tgt,B,target,32000,27,216000,577.1999999999986,1.1514478165833757,1.5118712636239044,1.5118712636239044,2.285754717771741,10.294618892716406,20.10885993867188,1.9305705634011248,0.042995820537469,6.809190134372778,8.940586576692715,10.769577712731264,1.313017612998459,5351.198292641475,38812688.487903625,6229.983024688239,10177365.3207346,278.0,7.957191329488157,5.773259615662308,7.598140962678306,,,,,,,,,1.0398050365556455,0.1296840710347737,35.129823066911335,8.110479285134037,0.0254048930370531,6.88187369739633,2.49553208773355,0.0250300141571248,6.78032361018574,5.8229082047116165,0.0171929740043291,4.657365626686219,9.150284321689682,0.014574366420353,3.9480169736655513,12.06173842404549,0.0139765996239991,3.786089285680219,11.021933387489844,0.0126683918331095,3.431711852414843,12.47766043866775,0.0120033998095413,3.2515736755172835,4.262555331885106,62.231848530840246,19.582294726250808,0.5930254294834707,0.2691618188144384,0.0697270541293143,0.0612630133189854,0.2267345089693033,0.3731136047679583,0.1296840710347737,0.009770611869792,0.0099790857963688,0.0753416498399159,,,,,1.0200743974429305,1.0327288457868893,1.0327288457868893,1.0665288689203212,1.008913873471653,1.033703249981985
tgt,B,target,32000,28,224000,577.1999999999986,1.0813293062888778,1.37575607474876,1.37575607474876,1.892704777208116,6.916977626916943,12.991197983203126,0.3860689591526616,0.0228233012803224,5.02776455352021,6.396735561204397,7.608350558752915,1.272282242556694,4789.384135247204,33992410.34383997,5830.3010508755015,11054209.94888237,298.0,7.881854616770635,10.08307383879457,7.243522072213037,,,,,,,,,7.9025182778229075,0.0385710690340904,9.735657456665804,0.8318440292445166,0.0252811286046069,6.381166360590931,9.9821283509342,0.0242240802181692,6.114358588258179,3.7432981316003247,0.0222544872343399,5.617216997428372,13.101543460601135,0.0219894691291213,5.550324231507281,23.291632818846463,0.0217563444843277,5.491481639293638,14.55727051177904,0.0181827700671423,4.58948184273961,25.787164906580013,0.0174832171962061,4.412908901029265,4.557765135434158,6.626629282849246,5.824231424147638,0.5215337773251045,0.0630697143733429,0.0550413172240786,0.093507571898572,0.2308941646274256,0.5574872318765806,0.0169771076822866,0.0123886140076183,0.0148678952082556,0.7297246526753498,,,,,0.9579559964975094,0.9397512985027703,0.9397512985027703,0.8831325030376437,0.6778915045827507,0.6678172515673417
tgt,B,target,32000,29,232000,577.1999999999986,1.1114622477120837,1.456310943389036,1.456310943389036,2.1208415638346643,11.156920900197951,21.8865231375,2.615930406760014,0.0378556788018691,7.661084297167059,10.03805655401625,12.044265211596596,1.310265775005408,5257.075496868247,39462986.8398566,6281.9572459430665,11826144.060084067,278.0,7.9957208623978575,8.763551477608669,7.493868484630299,,,,,,,,,1.0398050365556455,0.0541791672071196,13.2368110307737,11.853777416734362,0.0263962570639672,6.449015086181422,4.159220146222583,0.0255740452178471,6.248135977191988,7.9025182778229075,0.0221279746160643,5.406207470241651,2.2875710804224205,0.020504859017204,5.009655150028213,5.614947197400487,0.0194185679053083,4.744257379744967,7.070674248578391,0.0183914524013668,4.4933171284768445,1.8716490658001623,0.018352866255173,4.483889934374359,4.511908220961153,13.512104923696407,8.18105424827505,0.5398627398438682,0.1280759717737929,0.074757692015851,0.1698116179472512,0.2707239658992809,0.3566307523638238,0.0541791672071196,0.0152027084397984,0.0054469339712384,0.2806006297845065,,,,,0.9846509466487603,0.994776708744367,0.994776708744367,0.9895807002602763,1.093422923057366,1.1250846724796426
tgt,B,target,32000,30,240000,577.1999999999986,1.133862696584318,1.4928756537366252,1.4928756537366252,2.228677717519556,11.175102346628366,21.8865231375,2.645218591696477,0.0618835670050086,7.485621671604006,9.855780933866791,11.836155365067064,1.3166282462881016,5565.653531855014,41445966.45997517,6437.854181322778,10469467.223324962,276.0,7.980590356260047,6.942389816958158,7.674981836723076,,,,,,,,,1.0398050365556455,0.1034029318558081,33.69348454913054,2.0796100731112914,0.0359623480451796,11.718205629801528,3.9512591389114537,0.0350085443933237,11.407412037879745,22.66774979691308,0.0319963820673288,10.42590945406609,2.9114541023558083,0.028704589268237,9.353290256287426,24.53939886271324,0.023884164104556,7.782571536249485,21.419983753046303,0.0161767049983867,5.271122879562447,19.75629569455727,0.0138035346562126,4.497833604090055,4.228196264264285,35.69704012420707,15.613842710227011,0.635424530653597,0.1921005729697742,0.1648568917136523,0.1319790639168481,0.0787252361839543,0.4323382352157708,0.1034029318558081,0.0359623480451796,0.028704589268237,0.3477884756205956,,,,,1.0044956361402888,1.019753326808583,1.019753326808583,1.0398968475371735,1.0952047776101757,1.1250846724796426
tgt,C,target,32000,0,0,600.0,15.990861587743906,31.69772797476407,31.69772797476407,1004.7459587621408,329.40622691109854,648.8631886406249,24.72170700695141,-0.0488104121134262,10.392108455638924,20.599654690498305,29.42926865211277,1.9822401564063696,7859.206399690394,67715426.84584028,8228.938379028019,5948301.612905836,7378.0,7.652766646574871,8.746677390595398,10.804318010862566,,,,,,,,,1.0,0.1309469594546618,91.14870496415614,11.0,0.0835222984225474,58.13765641103592,10.0,0.078029923363841,54.31455982396434,12.0,0.038518592750925,26.81177066584845,21.0,0.0267719128303894,18.63521836677816,9.0,0.0262822998074039,18.29441172900234,2.0,0.0250945111155827,17.467623528028096,22.0,0.0248785727169577,17.317314536748892,3.7716769821618574,33.31094708318808,20.68961959383657,0.7705569966696588,0.2131596977498614,0.0593282493629092,0.0358723922129777,0.3748656395839339,0.3058612372283937,0.1309469594546618,0.0250945111155827,0.0004625581083196,0.1916387460991768,,,,,1.0033902160444095,1.0,1.0,1.0,0.9659082009396532,0.9767364912372513
tgt,C,target,32000,1,8000,600.0,15.487272179730391,31.23185044400236,31.23185044400236,975.4284821565304,347.3810950341448,667.1830305410156,25.94318572076688,0.1683224061682361,11.122654921038896,22.430102022018552,32.21737351656041,2.016614035160841,7774.211461012561,66249024.1066954,8139.3503491799265,5810660.266156344,8310.0,7.58243924949052,10.992367545448433,10.78007314151856,,,,,,,,,1.0,0.1375989230368456,112.02752212056684,11.0,0.0913184529774721,74.34782035474439,10.0,0.0828139269961167,67.42377653613029,12.0,0.0402554216167319,32.774349072729194,2.0,0.026482694336184,21.561147137500747,21.0,0.0251568830778801,20.481724807810263,22.0,0.0239655274971744,19.511770895923664,9.0,0.0228791837813178,18.627313430903573,3.724167069185419,35.49616018644343,21.74062983982162,0.7796444069266002,0.2157959640711416,0.0637954957751499,0.0476184372675394,0.3841924381771092,0.2830783549080656,0.1375989230368456,0.026482694336184,0.0047226883006696,0.1924629477579572,,,,,0.9717911253930566,0.9853024945152973,0.9853024945152973,0.9708210056980673,1.0186153786201313,1.0043134264233822
tgt,C,target,32000,2,16000,600.0,16.253672352140317,32.90967734712184,32.90967734712184,1083.046863091664,347.3472110633487,667.1830305410156,24.71404121882877,0.3513484558446664,10.554561425796413,21.37038347629716,31.05173107996892,2.024753337837907,7808.535862757822,66715119.53791058,8167.932390630482,5741887.217935536,7332.0,7.711612515874224,6.919202599539222,10.812436830934033,,,,,,,,,1.0,0.144989674055519,100.80524382227372,11.0,0.0959521319115276,66.7114959435302,10.0,0.0771997428515626,53.673745746808784,12.0,0.0492116432083429,34.214793052174045,2.0,0.0302749340452557,21.04889281264713,22.0,0.0270800464974807,18.82762139910572,21.0,0.0262039219249572,18.21848870240008,9.0,0.024551312404471,17.069498564027622,3.735582864832536,39.21383030503243,22.908368500772,0.771125361008695,0.2213533447506336,0.0615857957665309,0.0376809126148895,0.3778961783649439,0.2951349323934444,0.144989674055519,0.0302749340452557,0.0001435974515353,0.2088075184820001,,,,,1.0198809941190958,1.0382345817757872,1.0382345817757872,1.0779310467951428,1.0185160216481055,1.0043134264233822
tgt,C,target,32000,3,24000,600.0,15.73581658359226,32.436377227788626,32.436377227788626,1052.1185676634043,341.7674790098098,678.5391316429688,29.79144055186279,0.3993815014999983,10.53654902980358,21.719081256078518,31.432698016339685,2.0613088018328827,7827.775694828306,66423202.30054538,8150.04308580914,5149129.972000618,8344.0,7.6728424597162626,7.500886170548551,10.844224261060049,,,,,,,,,1.0,0.1036816938581378,57.78211240098994,11.0,0.0778842352765125,43.40511299101786,10.0,0.0660873760605009,36.83068871385567,12.0,0.0412051297930139,22.96373981365504,22.0,0.0329126936102601,18.34234078206205,21.0,0.0313731438778429,17.484345196002664,2.0,0.0253629598775759,14.134852006498782,9.0,0.0176020141983203,9.809654192984024,3.993527363962084,26.91615186293627,16.381707629585772,0.7222558686481533,0.1657956502083309,0.053425160147586,0.0474606786355828,0.3392103274381914,0.3811981449710679,0.1036816938581378,0.0253629598775759,0.0068974861531706,0.2446233171309308,,,,,0.9873867217728496,1.0233029084486,1.0233029084486,1.0471488424393636,1.00215473728473,1.021407813250434
tgt,C,target,32000,4,32000,600.0,17.00642659479777,34.3674234163274,34.3674234163274,1181.119792277129,341.74358404651616,678.5391316429688,25.31871230990355,0.2769999914126773,9.943823251065991,20.094967166767105,29.24721583716157,2.02084919043712,7899.626290055954,67834846.38345401,8236.19125466705,5430750.860910808,7262.0,7.634086152674808,10.698823937018206,10.89970919680045,,,,,,,,,1.0,0.1153931217467714,64.69150482146341,11.0,0.0876951299585226,49.16350157317205,10.0,0.0744501260833739,41.73810897542423,12.0,0.0356044652263769,19.96051756804333,21.0,0.0340901483605584,19.111563701960165,22.0,0.0326617644769823,18.310785445054663,2.0,0.02204457861092,12.358595918957908,9.0,0.0201068738735469,11.27228303078225,3.908536375530008,30.820917233950983,18.232113235989885,0.7385925199917611,0.1856656571441101,0.049173621220469,0.0490330785359734,0.3665482063039596,0.3329962561525997,0.1153931217467714,0.02204457861092,0.0045092440092751,0.19103893089144,,,,,1.0671146117715247,1.0842235583474245,1.0842235583474245,1.1755407244755507,1.0020846707859181,1.021407813250434
tgt,C,target,32000,5,40000,600.0,16.123515411231324,31.750867429121566,31.750867429121566,1008.1175825016528,329.4033606403882,656.2127136140625,24.517813493193277,-0.0517402815082779,10.374625555528995,20.42999632765643,29.24946999195849,1.9692273439948813,7757.011487205424,65986531.09972312,8123.209408831162,5815303.887086212,7384.0,7.718806042228621,8.626558911609104,10.794854991190784,,,,,,,,,1.0,0.1013298257817569,48.38636929835737,11.0,0.0796780471723748,38.047350675980056,10.0,0.0696326870744923,33.25055467163289,12.0,0.0353477883502521,16.879049458539576,21.8,0.0293861173257524,14.032270500801628,21.0,0.0293122053052406,13.996976506239998,9.0,0.0197809225770469,9.44565943433734,2.0,0.0183125075337265,8.744471289374019,4.02045702342649,26.449495717491992,16.010112473517587,0.7079363687735858,0.1643333675514439,0.0425228345690075,0.0592182527171638,0.3657767975208934,0.3606687603141456,0.1013298257817569,0.0183125075337265,0.0027273530714367,0.1807217903738146,,,,,1.0117139419348378,1.001676443636585,1.001676443636585,1.0033556977364366,0.9658997962582628,0.9877997621400977
tgt,C,target,32000,6,48000,600.0,15.30364564495162,30.39022347970664,30.39022347970664,923.5656831465126,337.9332636858936,674.3496164343751,27.657692477642893,-0.0811853442751881,11.119801863633567,22.08187980341464,31.47493062483703,1.9858159411662677,7565.856907461995,62893631.66449376,7930.55052720136,5651440.920303378,7154.0,7.679305065849898,8.72724629720648,10.77757448735944,,,,,,,,,1.0,0.1080995657685059,65.53584834090314,11.0,0.0800629136321541,48.538501780516405,10.0,0.0612279512173799,37.1197210338423,12.0,0.0365531805633663,22.16053025512107,21.0,0.0313638622877002,19.01448269157188,22.0,0.0302280047154464,18.325863925503,2.0,0.0240561308436496,14.584137608975109,9.0,0.0231078491190814,14.009237544909745,3.963303127059911,29.018292236911755,17.079731391423945,0.7338616520077972,0.1760956977233522,0.054131494530525,0.0611469243312078,0.3678251607055998,0.327458023067102,0.1080995657685059,0.0240561308436496,0.007960697429144,0.2225367944117653,,,,,0.960268977734398,0.9587508449785931,0.9587508449785931,0.919203182747166,0.9909117803428787,1.0151013183583448
tgt,C,target,32000,7,56000,600.0,16.170539414108294,32.40594845582323,32.40594845582323,1050.1454953214718,347.2948891287808,683.8196927214844,26.10788462273456,0.0849484085943262,10.717010477326808,21.477013242103432,30.93382511932588,2.004011593302079,7776.28085125196,65955318.3018296,8121.287970625694,5484774.424281688,7364.0,7.691376292772761,7.306542715645463,10.80236789139424,,,,,,,,,1.0,0.1152521767461384,66.07883336925983,11.0,0.0772647831393383,44.29909156182075,10.0,0.0732038038747016,41.97076441243402,12.0,0.0323794717028774,18.564488547161325,21.0,0.0270343735700773,15.499923010688953,22.0,0.0236994604950083,13.587879597627508,1.8,0.0204698598302085,11.736216139256362,9.0,0.0196346460566411,11.257353584730916,3.967462278482988,31.84951161672958,18.20984392588988,0.7226522478841322,0.1879194292738863,0.0573423124230452,0.0843330439599393,0.379652007189212,0.2828980355882109,0.1152521767461384,0.0182655362274189,0.0020475622013298,0.1584832212539747,,,,,1.0146645912258152,1.0223429414759002,1.0223429414759002,1.0451850899855957,1.0183625995766346,1.0293566640866156
tgt,C,target,32000,8,64000,600.0,15.42116355753972,30.621506789055164,30.621506789055164,937.6766780321516,347.292907884166,682.2653413652343,27.698577667545383,0.0021936529283308,11.341470237783506,22.5205385176234,32.029069085072464,1.9856806961937516,7651.61439214136,64419655.81543214,8026.185633003522,5872453.00940734,7318.0,7.646939249657623,10.955819377733764,10.755849725573794,,,,,,,,,1.0,0.1325865148755641,93.06805734670442,11.0,0.0957024556689953,67.1775831862071,10.0,0.0738995079661125,51.873176180385215,12.0,0.0454462670908889,31.90064838628638,2.0,0.0304420500376494,21.36855668402041,22.0,0.0263774537781549,18.51544542964532,9.0,0.0233483238154716,16.38917156731313,21.0,0.0232189944969224,16.29838987321217,3.7775503682914544,35.31984359711856,20.94866935033914,0.7690081882294126,0.2021738269500944,0.0629682153060649,0.0467227433725527,0.3795585384655049,0.3015863636049505,0.1325865148755641,0.0304420500376494,0.0050303427276493,0.2296014045319053,,,,,0.9676429596211049,0.9660473713899705,0.9660473713899705,0.9332475237694716,1.0183567900312611,1.0270168924422505
tgt,C,target,32000,9,72000,600.0,16.581630370457532,32.29956350210387,32.29956350210387,1043.2618024264405,334.1558018561147,661.9506924843749,22.372184068658704,0.1072813205389528,10.345520670405923,20.15216805528601,28.819097884762183,1.9479124055043504,7793.4744653588605,66132908.2913542,8132.214230537351,5394664.049153625,7400.0,7.647753190493488,8.711330721335658,10.851198192604802,,,,,,,,,1.0,0.1250511759525745,73.48939141786828,11.0,0.0860143576965169,50.54844748291808,10.0,0.0738371491294567,43.39221212611432,12.0,0.0388861615604644,22.85240683173757,21.0,0.0300631675099064,17.667357924201653,22.0,0.0279805058444127,16.443430702721535,9.0,0.02245164925671,13.194262490012903,2.0,0.021344212468695,12.543450092888005,3.8933847642235047,33.96013939651841,19.758085800506784,0.7338940972760322,0.1991336472058534,0.0432523579647129,0.0455757556866405,0.3503133572189331,0.350789354438291,0.1250511759525745,0.021344212468695,0.006843695869819,0.1706838204913733,,,,,1.0404596142920715,1.018986708694672,1.018986708694672,1.0383339124964002,0.979835240004421,0.9964371659051716
tgt,C,target,32000,10,80000,600.0,15.9368322832402,31.03043349001479,31.03043349001479,962.8878025782316,341.03264325807163,677.8921861605469,23.142743085764607,0.0554790828612286,10.990263586481984,21.399023168280035,30.5517178849514,1.9470891666875147,7701.697984032655,64904797.74015237,8056.35139130316,5588645.902899703,7352.0,7.695086351500757,7.894476437239195,10.768330668484037,,,,,,,,,1.0,0.117486593169043,71.72197536483672,11.0,0.0837142319103897,51.10498072000657,10.0,0.0695630231638367,42.46610016584332,12.0,0.0358507006296498,21.885757327836117,21.0,0.0279824281312498,17.082417380084834,22.0,0.026243745724705,16.021004895767923,2.0,0.0241948525120089,14.770218192686563,9.0,0.0215246781001102,13.140158300538117,3.9106249266034583,31.67406633916144,18.5628817207088,0.7407062257726038,0.196162846264,0.0537048982611929,0.0487768770123257,0.3737211090621077,0.3196268286854221,0.117486593169043,0.0241948525120089,0.0072756049322139,0.2059371359674272,,,,,0.9999999999999999,0.9789481919562013,0.9789481919562013,0.9583395625343156,1.0,1.0204339634904465
tgt,C,target,32000,11,88000,600.0,15.420735955001923,30.69339890135244,30.69339890135244,942.084736117543,348.6944300835344,690.6054008519532,28.33916991747412,-0.1070074535426856,11.360567501964034,22.612048549499228,32.36145850884615,1.990397798841412,7741.254212895688,64953205.57930184,8059.355159024935,5026188.790626589,7322.0,7.609410198154434,8.040515032461967,10.829850283505095,,,,,,,,,1.0,0.1251235469015411,69.46137061214792,10.0,0.0779555144403918,43.276401715703024,11.0,0.0702858655325178,39.01865536461772,9.0,0.0349171015116387,19.38395920561978,21.0,0.0290475804481115,16.12553992319413,2.0,0.0284248050507302,15.779810971635,12.0,0.028044174891888,15.568507078928851,22.0,0.0237523056334054,13.185909010342,3.910176150072819,34.47660962554211,19.769520410443494,0.7329794884793928,0.2019561626030226,0.0656195658612109,0.0541695782867225,0.3631826844747219,0.3044923410822642,0.1251235469015411,0.0284248050507302,0.0086137963100749,0.2271739073451165,,,,,0.967616128533835,0.9683154239252978,0.9683154239252978,0.9376347602116288,1.022466432398569,1.0395712191206274
tgt,C,target,32000,12,96000,600.0,15.87184276405806,32.02511309171937,32.02511309171937,1025.6078685374152,348.6764091991193,690.6054008519532,27.24654342779826,0.0112400120976473,10.887593377125794,21.96823736111338,31.66355766777021,2.0177312469500093,7626.228355094961,62848645.95170164,7927.713790980451,4689287.02764722,7368.0,7.549158098989931,7.952754929988805,10.812681093603304,,,,,,,,,1.0,0.1333744580204633,76.29014116734514,11.0,0.0807493000846628,46.18857009096952,10.0,0.0774112555577477,44.27920984343124,12.0,0.0432315389355978,24.728424446698128,21.0,0.0299084544098209,17.1076249747329,2.0,0.029251328185318,16.731749014851594,9.0,0.0272614518716924,15.593540491831725,22.0,0.0267928560326521,15.32550384342539,3.854877953558008,37.676789611747466,21.073164367233208,0.7486626066554389,0.2132598107274821,0.0572672271601688,0.0556497729324773,0.358728572872396,0.30575042176425,0.1333744580204633,0.029251328185318,0.0100699020002985,0.2193173162181527,,,,,0.9959220553980174,1.0103283464737896,1.0103283464737896,1.0207633676884618,1.0224135902886673,1.0395712191206274
tgt,C,target,32000,13,104000,600.0,15.06342730719335,30.453068457935327,30.453068457935327,927.3893785036954,342.1357697480987,676.8098316492187,27.089592050120324,0.1986838957256071,11.2348537297868,22.7130096471932,32.53844411586789,2.0216560173786498,7774.57289372797,65764787.74737306,8109.549170414657,5320804.067483345,6942.0,7.5900480431796655,9.456666863063,10.817728079410555,,,,,,,,,1.0,0.1205461758919332,72.37949533224638,11.0,0.0802651939423776,48.19360039676659,10.0,0.0766559023068,46.02647476912164,11.8,0.0436618541787511,26.215870784330864,1.8,0.0257394179706537,15.454709111069688,21.8,0.0242381745051989,14.553318058251405,21.0,0.0215979068904837,12.968023161244638,9.0,0.0171602754804505,10.303537792445637,3.843811457947332,29.450110850389205,19.04629579092545,0.7493284714958379,0.2052330381430976,0.0589028174730553,0.0386430890696517,0.3905887593484609,0.2985374316035368,0.1205461758919332,0.0212292944531317,0.0025309384083245,0.1761092319675672,,,,,0.9451958230767504,0.9607334785061039,0.9607334785061039,0.9230088167224383,1.0032346653959232,1.0188046906850585
tgt,C,target,32000,14,112000,600.0,16.78749600652397,33.3165089303527,33.3165089303527,1109.989767306271,339.82705702294567,674.4923229351562,21.5279007413904,0.1308339774441128,10.199959957789549,20.242867482491825,29.34687804516271,1.984602642192929,7749.12642629625,65882940.7856249,8116.8307106668735,5833980.414902017,7156.0,7.702309933077183,8.862805991283736,10.840887922637735,,,,,,,,,1.0,0.1256299569273393,76.65986586090852,11.0,0.0841032123438544,51.320092233099615,10.0,0.0716473537768484,43.71948111865503,12.0,0.0454356186810761,27.72498310584637,22.0,0.0289314138304265,17.654056067930405,21.0,0.0286065843420018,17.455843908829618,2.0,0.0255651847092989,15.599970567988894,9.0,0.0212118799205159,12.94356783314781,3.885829177611216,34.06101561795962,19.849533194519616,0.7393590479972114,0.2034981773636188,0.0465262658348857,0.0467288904782114,0.3712530877354464,0.3239190432329638,0.1256299569273393,0.0255651847092989,0.0029614421288204,0.2034959283149447,,,,,1.053377215005165,1.051069305562765,1.051069305562765,1.1047466850961927,0.9964648949038768,1.0153161350551305
tgt,C,target,32000,15,120000,600.0,16.149248013401355,31.79817092116108,31.79817092116108,1011.123673931374,339.8739096561975,659.8231320105468,23.80968896099346,0.010579962004292,10.688473576007077,21.045804075467423,30.118110025158177,1.9690186747253864,7728.637558761896,65346868.23394553,8083.740980136952,5615029.71924049,7370.0,7.677439834211594,9.16753668577107,10.823606469415177,,,,,,,,,1.0,0.1154162419086446,65.7029537626471,11.0,0.0796625416177797,45.34946037032506,10.0,0.0743946376575739,42.350602977295146,12.0,0.0307092345409487,17.481832571946832,21.0,0.0297430859874911,16.93183360571887,22.0,0.0230896148341023,13.144214980099148,2.0,0.0221772764918057,12.624848529342149,9.0,0.0213203458938684,12.13702402108416,3.928565711539591,30.444712313803173,18.23576622156586,0.7315144247818308,0.1945394113626457,0.0510351743423481,0.0522556176815446,0.3727283430635805,0.3184553480793146,0.1154162419086446,0.0221772764918057,0.0071672683496557,0.1921503951685371,,,,,1.013328604228617,1.0031687743196287,1.0031687743196287,1.006347589769946,0.9966022795037914,0.9932345401614374
tgt,C,target,32000,16,128000,600.0,15.700611350037631,31.1730008577742,31.1730008577742,971.7559824787908,340.82004623218825,649.5583571449218,25.78001312324609,0.0360269945652938,10.933180536168388,21.70743792287742,30.997070393818174,1.9854641429422744,7695.702328860766,64382861.61114281,8023.893170471726,5159027.276709775,7154.0,7.591546759945867,7.37252843333717,10.77447068581291,,,,,,,,,1.0,0.1146722370533557,48.195603459962165,11.0,0.0762699617664569,32.0555081827896,10.0,0.065800630873051,27.655352284593,12.0,0.0316998374411002,13.323127151916136,21.0,0.02753495926265,11.57267017727599,9.0,0.025482678766173,10.71011704725554,2.0,0.0230467722955432,9.68632972662096,22.0,0.0211141005596055,8.87404697190158,4.052633578192303,35.07845879118822,18.11821345443021,0.6980643324960158,0.1899432190356664,0.0468621315478667,0.0683092387977895,0.3632401562676594,0.3242678586850872,0.1146722370533557,0.0230467722955432,0.0117336863447107,0.2009795298980596,,,,,0.9851776733917825,0.983445907624432,0.983445907624432,0.9671658532232424,0.9993766079872815,0.9777829313152099
tgt,C,target,32000,17,136000,600.0,16.08154187216857,31.772511516838318,31.772511516838318,1009.4924880876232,340.8092339374953,649.5583571449218,23.980222467993237,0.084056879803971,10.7265437218228,21.19257199630178,30.293050208538677,1.9757130111897576,7832.149256801091,66507696.51774527,8155.225105277307,5165134.536935395,8104.0,7.58590101458221,8.722555276286396,10.823555905340871,,,,,,,,,1.0,0.1228011891297552,70.54569862896933,10.0,0.0747168173617185,42.92263061513278,11.0,0.0718257314619403,41.26178615555092,1.8,0.0322165011224712,18.507439505852613,11.8,0.0300120366112835,17.241038991764906,9.0,0.0258946459156811,14.875718222413228,21.0,0.0254291609566508,14.608310700802264,21.8,0.0171750080506903,9.866540792319944,3.8874331076387056,31.793179952493045,19.40258788250132,0.7366808307785764,0.2112576533646227,0.0771249384990185,0.0311494894862975,0.3726639721233305,0.3001838075305496,0.1228011891297552,0.027670049305255,0.0029860273014913,0.2253239524887071,,,,,1.0090801977680692,1.0023592713690326,1.0023592713690326,1.0047241088994576,0.9993449034132277,0.9777829313152099
tgt,C,target,32000,18,144000,600.0,14.830236596378253,29.552166086392287,29.552166086392287,873.3305203977144,349.4297112448495,660.6894642058594,29.718879760229257,-0.1144054117104068,11.824165789516782,23.56197819056788,33.22922731085533,1.992696872658616,7679.094183606655,64666388.99639085,8041.54145648649,5697901.515689297,7298.0,7.703934339576344,8.214660814627276,10.753104543477326,,,,,,,,,1.0,0.1288698502820448,87.72563613557764,11.0,0.0858005049670045,58.407019659841794,10.0,0.0764769913713655,52.06021969533452,12.0,0.0447424415610205,30.45754410057157,2.0,0.0371928147187427,25.318282932225724,22.0,0.0261166333746062,17.77838859510338,9.0,0.0258679545069461,17.60910530804123,21.0,0.0236514134440838,16.100238227535907,3.820024301147845,35.24812652440275,20.36143634456309,0.7639796124715179,0.1918490699462368,0.0681454179974337,0.0725481214841107,0.3799845107026535,0.2835418634768708,0.1288698502820448,0.0371928147187427,0.0094459545293947,0.2886075729664761,,,,,0.930563636035394,0.9323118082759762,0.9323118082759762,0.8692053078508205,1.0246224757447149,0.9945386336645197
tgt,C,target,32000,19,152000,600.0,16.14349231669245,32.156461198183926,32.156461198183926,1034.0379967903084,349.4755386149953,678.4850209265625,25.21724663327881,0.0600848690037483,10.867972581346152,21.648075382896817,31.052508738942343,1.9919147955942595,7667.21796415791,64011022.98422463,8000.688906851999,5224791.674318861,7156.0,7.63512574000446,7.934903175312222,10.820647847479908,,,,,,,,,1.0,0.1109820422919018,75.74949378854433,11.0,0.0884258517645607,60.35402999134661,10.0,0.0769132854556101,52.49626262555631,12.0,0.037517822300987,25.607350420471622,21.0,0.0362376668294706,24.73359528914185,22.0,0.0312207250499815,21.309340406866852,1.8,0.0158016742103618,10.785247754750923,9.0,0.0145234849696305,9.912834651226468,3.824051049364724,26.002248563433326,17.535162682120486,0.7590187633300651,0.1977872821235049,0.0357639035666434,0.0463127151317247,0.3801504931251972,0.3293717101941886,0.1109820422919018,0.0137335392746266,0.0039186702650806,0.1237455987553493,,,,,1.0129674473433203,1.0144721168591349,1.0144721168591349,1.0291536758846542,1.0247568539957468,1.021326360161083
tgt,C,target,32000,20,160000,600.0,15.71507720456275,30.54260123496,30.54260123496,932.8504901977798,328.981406619722,619.2050489050781,22.23846023081892,0.2325486656885021,10.771230783157693,20.934126020340766,29.75932916551243,1.9435221881118248,7733.459626156447,66405024.24497519,8148.927797261133,6598626.455583366,7376.0,7.635812696279849,9.655859899560772,10.711869866672709,,,,,,,,,1.0,0.111681434428899,54.33359932476066,11.0,0.0853028213524052,41.50026672144809,10.0,0.0705072568321951,34.30214754850235,12.0,0.0391614957614098,19.052271584256843,21.0,0.0304170971693685,14.798076141070176,22.0,0.0300786392281747,14.633414590480813,9.0,0.0252838640597519,12.300731506800922,2.0,0.0228216959231986,11.1028738889634,3.9802294658080495,31.04623798969626,17.64566663976605,0.7183002617769427,0.1688362221014538,0.0499552387144163,0.069292671141441,0.3597617465225068,0.3409472070173531,0.111681434428899,0.0228216959231986,0.0026872671551933,0.2043463718002616,,,,,0.9860853728811177,0.963558058775578,0.963558058775578,0.9284441326313597,0.964662512880827,0.9320919685565753
tgt,C,target,32000,21,168000,600.0,16.256145317398197,31.81700253501169,31.81700253501169,1012.3216503129404,343.692636682449,664.3175456859375,22.50469526860788,-0.0347096564822369,10.802168944237788,21.142320640711155,30.217262546234146,1.957229214785468,7564.036162610091,62349032.066790566,7896.140327197242,5134388.997517381,7324.0,7.589117406497902,9.123629341024238,10.800872979866782,,,,,,,,,1.0,0.1208241084241622,63.28966178757028,11.0,0.0869280515386135,45.53434785065728,10.0,0.0817002302059678,42.79592876903275,12.0,0.0360623098456043,18.890032984099737,21.0,0.0344123556594156,18.025759754436997,22.0,0.0287145370858239,15.04114836228344,9.0,0.020036551006017,10.49547605274635,1.8,0.0167953731330329,8.797693598152199,3.8477044612861713,30.452901833313827,19.090209131017627,0.7471759352347864,0.1998016261657431,0.0400833554415101,0.0555325049915251,0.3805359199493365,0.3129564203500898,0.1208241084241622,0.0136698962900682,0.0059758839729753,0.1131388136709095,,,,,1.0200361670677678,1.0037628741196396,1.0037628741196396,1.0075399074609197,1.0077998205654597,1.0
tgt,C,target,32000,22,176000,600.0,16.639222326556283,32.744545655824204,32.744545655824204,1072.205270206356,343.6510497585401,664.3175456859375,24.021001725565966,0.0904202806811527,10.494909697957745,20.65307158075836,29.532378931716018,1.9679132241391943,7739.378512417954,65690203.547934085,8104.949324205185,5792223.789457355,7314.0,7.657935837680601,9.878160810750495,10.804657496071814,,,,,,,,,1.0,0.1207537932374768,61.46988453544158,10.0,0.0778941729510644,39.652135878408245,11.0,0.0769001799502119,39.14614237416048,12.0,0.0340387308374318,17.32746275054929,21.0,0.0302071689515252,15.377000902498809,9.0,0.0262685789414155,13.372056240613428,22.0,0.0244142225821157,12.42809358538196,2.0,0.0235106712632958,11.968139543768745,3.9363651355189,34.16605869031753,19.07909933152134,0.7309745284578206,0.1894573777574785,0.0504057222661742,0.0695559520144852,0.3653214055361867,0.3167751418557721,0.1207537932374768,0.0235106712632958,0.0025874269069664,0.1946992357984532,,,,,1.0440733786258605,1.0330250067731526,1.0330250067731526,1.0671406646186723,1.0076778764503405,1.0
tgt,C,target,32000,23,184000,600.0,15.331676233358596,30.47784044683112,30.47784044683112,928.8987583024948,344.672533586113,670.8464381882812,27.694387699472276,0.089278036120073,11.30895524528341,22.481073063371472,31.86617831128501,1.9879000823481765,7463.17220739725,60932957.35227713,7805.956530257975,5234017.955010373,7210.0,7.552716381447368,9.699909139724952,10.73240069500429,,,,,,,,,1.0,0.1331649337296351,87.17479725469381,11.0,0.0993881787738401,65.0632572063873,10.0,0.0917040756449958,60.03295295450991,12.0,0.0359215890183228,23.51562946816408,21.0,0.0308720485811702,20.21000950118485,22.0,0.0290973608416433,19.04823185033756,22.8,0.017173669979607,11.242533275545725,9.0,0.0163386917139194,10.695924953183797,3.720604633236416,33.6324593428765,21.04005952928236,0.7764013037954165,0.2081930390564502,0.0370211697214921,0.0589384685433197,0.3998604669577019,0.2836265558816946,0.1331649337296351,0.0139695038230256,0.0076808305521947,0.1049037718239173,,,,,0.9620278334410276,0.9615149852726304,0.9615149852726304,0.9245110669038265,1.010673143465879,1.0098279693871435
tgt,C,target,32000,24,192000,600.0,16.18966940632449,31.89259619433478,31.89259619433478,1017.1376920148972,344.698722462817,670.8464381882812,24.627565226213854,-0.0826303486309461,10.808111085168932,21.291276171960572,30.435103631882445,1.96993498717608,7732.406412004515,66182996.94117531,8135.293291650603,6392888.02076678,7212.0,7.648484803489987,9.408334868339026,10.717317887567283,,,,,,,,,1.0,0.1198924614049766,63.888753519801455,11.0,0.0913502355952666,48.679063033061766,10.0,0.0758619957209819,40.42563051372022,12.0,0.0400265328052541,21.329491935353484,21.0,0.0311040530667664,16.5748467965558,22.0,0.0250829737297955,13.366311003938112,3.8,0.0200512243351247,10.6849731359661,9.0,0.0192966849805203,10.28289131795692,3.974212752172628,35.40852938839883,18.94300890198631,0.7124803158423678,0.1808027771819517,0.044408165436599,0.0717108580002918,0.3723679630808735,0.3222208853039877,0.1198924614049766,0.0188617711991743,0.0033269698389249,0.1573224119180031,,,,,1.0158649547532845,1.0061477030696286,1.0061477030696286,1.0123332003922894,1.010749936339587,1.0098279693871435
tgt,C,target,32000,25,200000,600.0,15.861210464641449,31.453968986756507,31.453968986756507,989.3521650198402,325.34489798222165,647.9632124765625,24.47568943480993,0.0170196613536675,10.343524472831891,20.51198417091023,29.416602238390944,1.983074939764098,7657.809137556222,63758391.18830013,7984.885170639596,5116350.40106057,7386.0,7.503790039369333,10.78817883457252,10.804171168086413,,,,,,,,,1.0,0.1162131378072992,68.84519246800446,11.0,0.0884732987347069,52.41198537957029,10.0,0.078548460959251,46.532466249831536,12.0,0.0385461015099655,22.834886204906645,21.0,0.0330464947599894,19.57689410225592,22.0,0.0305383824752142,18.091076954258185,7.2,0.0163177971618564,9.66673740558192,1.8,0.0157357605943346,9.321936290402524,3.837583682082588,28.12226656021756,18.361675773553284,0.7509974552557064,0.2047778820572913,0.042419257445988,0.0456955431079542,0.3854458775152841,0.3099003239688549,0.1162131378072992,0.0094849696816606,0.0029959556596969,0.0816170173230042,,,,,0.9952549027777446,0.9923098908476459,0.9923098908476459,0.9846789194740668,0.9539992854467644,0.9753817533262825
tgt,C,target,32000,26,208000,600.0,15.97270362775593,31.819542027699185,31.819542027699185,1012.4832548525148,333.28377894334915,635.5363920691407,23.492859837005295,0.0002995591505266,10.474185286928778,20.865833781838766,30.00738441237011,1.9921199797637297,8021.792296862651,70218455.68811373,8379.645319947243,5869304.03410879,7228.0,7.6470448680437215,9.412822246332226,10.796164383882203,,,,,,,,,1.0,0.1460352255658455,85.77072686352948,11.0,0.0921532646458406,54.12428721149267,10.0,0.0816971919921049,47.98313223895892,12.0,0.0502082549601362,29.488765507049493,22.0,0.0265086216208038,15.569282929901371,2.0,0.0264722901567643,15.547944406496455,21.0,0.0261699885311723,15.370393887033876,9.0,0.0239955917067453,14.093307516959635,3.766325913299863,40.88209489229025,23.0735656394036,0.7621167619127958,0.2150940778829563,0.0580333537069179,0.0468838655325318,0.3637033995366193,0.3076697164282718,0.1460352255658455,0.0264722901567643,9.825770577144728e-05,0.1812733198720404,,,,,1.0022508453297492,1.003842990041182,1.003842990041182,1.0077007486548206,0.9772782328380846,0.9566756082182369
tgt,C,target,32000,27,216000,600.0,16.031112283176967,31.66658795061001,31.66658795061001,1002.772792433719,333.3154915296158,654.4700962160157,23.47073649984716,0.0335883715364681,10.525778528759506,20.791788220420365,29.789580253869477,1.975320700849867,7720.648512967235,65378933.069937214,8085.724028801454,5770519.609154039,7202.0,7.671013929202679,6.985274644886701,10.71411310103369,,,,,,,,,1.0,0.1221019638790249,107.74977999736274,11.0,0.0980134474143072,86.49269070019344,10.0,0.0910826751386838,80.37657950766467,12.0,0.0422331581216881,37.26896236259021,21.0,0.0388082249049588,34.24660474536241,22.0,0.0326765911966633,28.83569928484227,2.0,0.0261184844945659,23.04844958056773,9.0,0.0207657911423442,18.324925791329903,3.69597116822645,29.08876024057371,19.292110292885933,0.7874515044866606,0.182532329503097,0.0485646568296388,0.0420553372511902,0.3961506828823713,0.3206840949450697,0.1221019638790249,0.0261184844945659,0.0007215956570401,0.2139071613969244,,,,,1.0059158556895849,0.9990175944415053,0.9990175944415053,0.9980361540036918,0.9773712227230519,0.9851765928299336
tgt,C,target,32000,28,224000,600.0,15.316220284919256,30.73624169664575,30.73624169664575,944.7165536346248,324.54540743329994,645.6876185402343,27.136457294782723,0.0788966529669173,10.559046569077022,21.189653935235867,30.297199858064204,2.0067772025260977,7980.166359859655,69674939.3682746,8347.15157213972,5991884.237238897,7328.0,7.609139024158631,8.930967056291266,10.787925021339529,,,,,,,,,1.0,0.1250913954612333,58.766405882921504,11.0,0.083547307382788,39.249501997950766,10.0,0.0709768689410015,33.34406393906174,12.0,0.0392494742418597,18.438922401367076,21.0,0.0379013773899058,17.805603007340757,22.0,0.0347563747916542,16.32811929624914,3.8,0.0213016103664139,10.007235718626823,2.0,0.0210179288199963,9.873965601711111,3.9184271744195662,35.26789768460247,19.764440482874868,0.731246541446336,0.1938681669145632,0.0466940361018086,0.0770146711284777,0.3372935235717876,0.3321291450906015,0.1250913954612333,0.0210179288199963,0.0021586748872639,0.168020580011372,,,,,0.9610580078091425,0.9696670285364364,0.9696670285364364,0.940254146230682,0.9516549627998655,0.9719562921878468
tgt,C,target,32000,29,232000,600.0,15.878480841694712,31.267165036403988,31.267165036403988,977.635609413724,320.76920015379824,626.5458825199219,24.185249606602483,0.0795997522412998,10.258979340797934,20.20150437260233,28.849849169570952,1.9691534314982284,7768.610851856475,66091912.44470164,8129.693256495084,5740597.877119435,8376.0,7.638327697804508,8.055503676584308,10.705769431139355,,,,,,,,,1.0,0.124674012344975,61.72711046934134,11.0,0.08565762159931,42.409780286619295,10.0,0.0762136616791889,37.73399945392801,12.0,0.0304646539645829,15.083296232407376,21.0,0.030322355161261,15.012842945574793,22.0,0.0256993056442926,12.723933790637764,9.0,0.0194225434621151,9.6162581385782,3.8,0.0190728278472696,9.44311111311237,3.953418655137661,37.18160015065667,19.69849395050605,0.7210313328517122,0.1917146262293077,0.0335407688738899,0.0582142467337548,0.3798570953039047,0.3284890374124181,0.124674012344975,0.016095873349127,0.0013512087360611,0.1291036764298596,,,,,0.996338579680803,0.9864165993631192,0.9864165993631192,0.9730177074991004,0.9405821011423258,0.9431421563207175
tgt,C,target,32000,30,240000,600.0,15.003730233454696,29.08387548286445,29.08387548286445,845.8718131027637,311.4432892712288,599.8329918820313,24.698626440898877,0.0289719405022918,10.70845216122292,20.75772387434457,29.21775757101727,1.9384429758682604,7881.852087037222,68503975.1525634,8276.712822888287,6380382.830630381,7384.0,7.618006098173694,12.654946587065034,10.753264700627629,,,,,,,,,1.0,0.1382517694272495,98.13820615070124,11.0,0.0858747955178866,60.95834013985928,10.0,0.0741980517450955,52.66958772612541,12.0,0.039925227866789,28.340977184140005,22.0,0.0309936084800296,22.00085504126472,21.0,0.0270756370418719,19.219677698772863,9.0,0.0250611376545126,17.789682574759926,2.0,0.0219237434439826,15.56259903662816,3.779175783795571,37.789376275519125,21.843779569505426,0.7671853364709997,0.2322869278793851,0.0507502223057564,0.0362459626275592,0.3668368915436762,0.3029256076689816,0.1382517694272495,0.0219237434439826,0.0005403955719695,0.1585783931348575,,,,,0.9414499673961687,0.917538175165721,0.917538175165721,0.841876302886441,0.9132360066644661,0.9029311295137884
tgt,D,target,32000,0,0,577.1999999999986,6.508859099549957,8.158909024920261,8.158909024920261,66.5677964769253,33.179321754867615,64.34675371523437,0.0506590564887683,0.0457918840721879,4.066637053253308,5.097563374379488,6.007828378805058,1.2535083184521754,5905.700810199679,39141168.74024831,6256.290333755964,4263866.680655162,6656.0,7.68723389259161,5.039735223396814,6.331212899603884,,,,,,,,,18.716490658001625,0.0287123602377702,5.376585444880996,4.367181153533712,0.0228355494994164,4.276112519057624,1.8716490658001623,0.0221466923280432,4.147119311584045,25.787164906580013,0.0211741398607678,3.9650022234507714,3.7432981316003247,0.0196124707469971,3.672569021955408,23.499593826157597,0.0194129701967273,3.635211182128106,2.9114541023558083,0.0183999739206181,3.4455207147215745,28.69861900893582,0.0180246915107896,3.3752465218062304,4.686435455917545,4.372998056285128,4.335566395903196,0.4478869638166525,0.0440881901596799,0.055640100201422,0.130833978542611,0.1618258557420137,0.607611875354273,0.0138738967678523,0.0017809888706091,0.0183999739206181,0.1283697651987415,,,,,0.9873625729698665,0.983227097004647,0.983227097004647,0.9667355242841862,0.9705152226886811,0.970612179304191
tgt,D,target,32000,1,8000,577.1999999999986,6.592167130633785,8.286680084452017,8.286680084452017,68.6690668220537,36.09303115839942,68.37646007226563,0.0831036452064748,0.0191239151593246,4.355547793635119,5.475138970714155,6.470534235727782,1.2570494528184182,5952.83095425307,39618160.74626033,6294.29588963375,4181964.376346831,6626.0,7.626803798197894,6.958711504108081,6.321104416179237,,,,,,,,,1.0398050365556455,0.0240628149082044,4.437788093513796,19.9642567018684,0.0234351427350015,4.322029562872385,24.12347684809098,0.0217009800296098,4.0022063570022,6.030869212022745,0.0199590822197879,3.680956603387135,4.367181153533712,0.018298154701553,3.3746398074208037,9.358245329000813,0.0178661089845963,3.2949597140535696,7.070674248578391,0.0178375845708926,3.289699094961765,17.26076360682372,0.0174034509626399,3.209633941942579,4.720836385743498,3.898994305854295,3.633485051138765,0.4245419013596552,0.0618729649615774,0.0736104017367667,0.1018145716360493,0.2312406903004592,0.531461371365147,0.0240628149082044,0.0033904201607891,0.0154129764451362,0.1408987341498529,,,,,0.9999999999999999,0.9986247399445185,0.9986247399445185,0.9972513712292577,1.0557429844708797,1.031396629852596
tgt,D,target,32000,2,16000,577.1999999999986,6.77489987303632,8.505537528670178,8.505537528670178,72.34416865161681,36.09715230319706,68.37646007226563,0.0082818593223978,0.004874889190686,4.243958971613229,5.328071702853669,6.299183385370963,1.2554484476619991,5955.772848590459,39358591.81230257,6273.64262707899,3887361.588295264,7386.0,7.622483247912028,5.029575251836331,6.029925622267113,,,,,,,,,3.1194151096669374,0.0406617033755606,9.593210649576909,1.0398050365556455,0.0367714240520292,8.675387097237467,29.114541023558083,0.03379584597865,7.973366648203696,23.499593826157597,0.0206871822814613,4.880673481365623,1.6636880584890332,0.0194616251967769,4.591530963948965,16.428919577579205,0.0188684424366707,4.451582887528326,15.805036555645817,0.0188353887292961,4.443784611724062,6.030869212022745,0.0182643527322012,4.3090615638963445,4.562643909554767,9.073331680022164,6.1399172097092425,0.515044770710781,0.0676679748942152,0.0618135629860074,0.1430826489448694,0.1523631123122053,0.5750727008627023,0.0367714240520292,0.0067235915554476,0.0406617033755606,0.1828482776666822,,,,,1.0277196768196875,1.0249991692805023,1.0249991692805023,1.05062329702572,1.0558635304479964,1.031396629852596
tgt,D,target,32000,3,24000,577.1999999999986,6.737603721882572,8.449012804559969,8.449012804559969,71.38581737161832,31.78661129388316,62.60175320273437,-0.0414357304608135,0.0263390930197498,3.762168673329981,4.717791755938544,5.5768999610712,1.2540085694143428,6009.946167215002,39901763.91406717,6316.784301689205,3782310.981244889,6700.0,7.624795009507023,6.02044723451259,6.498578138616144,,,,,,,,,23.499593826157597,0.0287219550133108,5.870177253466938,17.052802599512592,0.0240672514581637,4.918851519602615,18.924451665312752,0.0238675046689514,4.878027381484444,21.419983753046303,0.0220749972483848,4.511675707930054,3.7432981316003247,0.0213228634629441,4.357955021548776,5.8229082047116165,0.0195598480192456,3.997630901887925,13.101543460601135,0.0185214769234184,3.785409192587244,2.49553208773355,0.0181653277914333,3.712619630301096,4.684442714959667,4.851272903055507,4.337015207009854,0.4463856329073141,0.0378647817161217,0.0622411349038559,0.0993724946650096,0.1830224681660089,0.6174991205490035,0.0075312487654937,0.0048997693513949,0.0053633402647979,0.6505918876553192,,,,,1.02206203034097,1.0181873957668965,1.0181873957668965,1.0367055728985752,0.9297775996242527,0.9442904357424243
tgt,D,target,32000,4,32000,577.1999999999986,6.689042314392424,8.405613652716426,8.405613652716426,70.65434087873278,32.77500093197866,62.791981809375,0.0204524124827076,0.0206788895229256,3.899180034450302,4.899804694231594,5.797050765036764,1.256624380238902,5954.354430246215,39432893.97736152,6279.561607099776,3978557.2963688057,6752.0,7.684633040960248,4.536413197452605,6.365303823663041,,,,,,,,,18.924451665312752,0.025248363575758,5.245672003413135,17.26076360682372,0.024389060811564,5.067140811121697,17.676685621445976,0.0215161624164861,4.470259249491282,5.614947197400487,0.0208544814332714,4.332786521865776,9.358245329000813,0.0172367922363319,3.5811650997290605,28.074735987002438,0.0169887766670028,3.5296366779152577,13.309504467912266,0.0164860010199923,3.4251785760027262,14.34930950446791,0.0164436354553193,3.4163765854956107,4.686462425100708,3.731508175666873,3.812502899939369,0.4493880543035669,0.0433906591753526,0.029713485842558,0.1217469994174141,0.1767834968909,0.628365358673775,0.0118701606732105,0.0016375105054354,0.0050373549819649,0.1379518399437596,,,,,1.0146954987394752,1.0129573800933234,1.0129573800933234,1.02608265388553,0.9586885941529071,0.9471598610326973
tgt,D,target,32000,5,40000,577.1999999999986,6.636301543608834,8.312293092627181,8.312293092627181,69.09421645773756,32.78054655647102,62.86697982304688,-0.0164619948764528,0.0023270794892192,3.943622558923325,4.939580629520333,5.831146480128165,1.2525490347302222,5988.854593500577,39827804.755464025,6310.927408508517,3961425.413371048,6596.0,7.631932926340099,5.767247218461794,6.05654823374188,,,,,,,,,1.0398050365556455,0.0328667299614222,7.208910911283781,23.291632818846463,0.0251790788282315,5.522719671654792,17.26076360682372,0.0226773242445189,4.973990730958582,24.33143785540211,0.0224165411946833,4.916791192834627,20.380178716490654,0.0205872395325437,4.51555648747434,28.69861900893582,0.0203151303828071,4.455872709352845,2.0796100731112914,0.0199145834966879,4.368017701531412,26.61900893582453,0.0195011272833648,4.277331192375765,4.603935343427837,4.610405732132057,4.962876224174448,0.4981728491488348,0.0653661389510788,0.0689174687157205,0.087381058282872,0.1517795156336049,0.6265558184167231,0.0328667299614222,0.0199145834966879,0.0097771609783132,0.6059192234657043,,,,,1.0066949778578818,1.001711354049015,1.001711354049015,1.0034256368307117,0.9588508070223839,0.9482911377683614
tgt,D,target,32000,6,48000,577.1999999999986,6.62905482000294,8.298446568573945,8.298446568573945,68.86421545147668,34.6991290341394,66.63244084218749,0.0004082138110352,0.0066776550831564,4.181400548572566,5.23440067646307,6.171941065792403,1.2518295283261835,5991.120908141116,39711624.156063005,6301.715969167684,3818094.4200973776,7228.0,7.626214725541483,5.267637509867283,6.035633445211427,,,,,,,,,17.26076360682372,0.031912867020846,7.379543979438844,11.021933387489844,0.0258960455345377,5.988211801554574,5.614947197400487,0.0252159475706621,5.8309456796649926,0.8318440292445166,0.0251946467045079,5.826020058959007,31.61007311129163,0.0214887529943846,4.969067733142693,30.154346060113728,0.019146095398593,4.427350665051689,4.159220146222583,0.0188780939139536,4.365377895849863,16.428919577579205,0.016888059648337,3.9052015859584617,4.611058441784941,4.906439308051644,4.818842920147367,0.4922576222669279,0.0652535953663054,0.0273553599330852,0.1260173308493847,0.2017074510195759,0.579666262831648,0.0121901636872243,0.0007950657395388,0.0034787130394066,0.0652219084069283,,,,,1.0055956847935086,1.0000427145768889,1.0000427145768889,1.0000854309783132,1.0149705045351205,1.0050896880425106
tgt,D,target,32000,7,56000,577.1999999999986,6.755410535824065,8.473577785674133,8.473577785674133,71.80152048987014,34.72763153650785,66.63244084218749,0.0645475970462832,0.0228320936941864,4.098343393414772,5.140713706789757,6.058081670702117,1.2543394277427466,5986.642788868468,39837747.38975218,6311.715090983764,3997855.508241349,6580.0,7.639730223164188,5.663254948356123,6.070271596318214,,,,,,,,,0.8318440292445166,0.0429551255753657,12.063787962329924,17.052802599512592,0.02844868595082,7.989708108650665,2.49553208773355,0.0283803193912147,7.9705076135352435,14.76523151909017,0.0258755234902817,7.267044959590669,8.734362307067425,0.0239435769968038,6.724464940566117,12.893582453290009,0.0223548164723348,6.278267430178549,24.9553208773355,0.021565782081786,6.056670043252823,21.00406173842405,0.0189157569964507,5.312420310627807,4.50773896378945,6.894858058013466,6.48622396187978,0.5476713541179459,0.0686456448678269,0.0974613104749027,0.0867976272742177,0.1746310593126166,0.5724643580704354,0.0106370928504397,0.0039277785769385,0.0039708956301258,0.3692530122463807,,,,,1.0247632382425025,1.0211477125194282,1.0211477125194282,1.0427426507836612,1.0158042199629906,1.0050896880425106
tgt,D,target,32000,8,64000,577.1999999999986,6.800465809037938,8.558662656085646,8.558662656085646,73.250706460675,37.81752851524493,71.38969802343749,0.0864658632118176,0.0232691982933146,4.418625903937261,5.561020314958309,6.569554051736215,1.258540649481654,6019.257287044609,40426375.3227702,6358.173898437365,4194917.03513057,6442.0,7.705729035929608,4.799687490513198,6.72221676591665,,,,,,,,,6.654752233956133,0.0310095858735578,6.133995737289582,3.3273761169780665,0.0252284022815992,4.990421758128483,2.49553208773355,0.0232621148835127,4.601471110179521,10.606011372867586,0.0215674592460909,4.266251849319195,4.159220146222583,0.020730631575922,4.100719249735568,9.77416734362307,0.018110966099255,3.5825241041273013,16.428919577579205,0.0162869167131124,3.221709509413709,4.9910641754671,0.0151080551223267,2.988519295193524,4.693113442573276,5.80923806845032,4.682447466907195,0.4420337028910146,0.0346906541768525,0.0579700378473294,0.1502548242641042,0.2637313502177184,0.4933531334939952,0.0026915911444711,0.0011036288057226,0.0100283882741743,0.4100283981018328,,,,,1.0315979061629352,1.0314012586587722,1.0314012586587722,1.0637885563628997,1.1061855748490095,1.0768485801948333
tgt,D,target,32000,9,72000,577.1999999999986,6.62088024029611,8.33283602714339,8.33283602714339,69.43615625525882,37.79616879390966,71.38969802343749,0.0755364565198957,0.0075241204173114,4.535810937691302,5.708631997882741,6.751600359714342,1.258569212055323,5935.825971283039,39196611.49847502,6260.71972687446,3962581.5371167874,6446.0,7.662503090401431,5.388720897384321,6.037188617454292,,,,,,,,,2.49553208773355,0.0342966244326117,7.852937867795233,3.1194151096669374,0.0320330097286915,7.334635384078772,13.101543460601135,0.0278893901758296,6.385866009986523,6.446791226645003,0.0242867610198312,5.560967834413852,7.486596263200649,0.0207615689275602,4.7538005131213135,11.437855402112104,0.020602821268125,4.717451877451577,6.862713241267263,0.0204229285037514,4.6762616225835645,1.6636880584890332,0.0202783667998916,4.643161161612422,4.575101041626326,6.532428122075936,5.178790289324008,0.512402934169836,0.0318196732870079,0.1103845095294599,0.1134162362068322,0.2233613817369795,0.5210181992397201,0.0098678261739077,0.0044460611199296,0.0320330097286915,0.4505613537493406,,,,,1.0043556404280005,1.0041869754595045,1.0041869754595045,1.0083914816825077,1.1055607900851308,1.0768485801948333
tgt,D,target,32000,10,80000,577.1999999999986,6.484181221604293,8.158048122908696,8.158048122908696,66.5537491756941,30.258277415620896,59.09086488046874,0.0302659949728032,-0.0002973030580445,3.7090094296757847,4.666476210566156,5.521327179196059,1.2581462244957125,5881.192817340374,38633241.75590417,6215.564476047543,4044812.801168169,6856.0,7.664791243754725,4.780323303349324,5.993629485473583,,,,,,,,,2.9114541023558083,0.0338649192345401,7.267767452476042,0.8318440292445166,0.028811395115917,6.1832280843097225,15.597075548334686,0.0264050249739801,5.666795770532312,16.220958570268074,0.0241841066627957,5.190163367990773,24.33143785540211,0.0205767469921563,4.41598608376127,1.455727051177904,0.0194535147792526,4.174928650197744,22.04386677497969,0.0185045064621325,3.971261495065131,12.893582453290009,0.0176987634316879,3.798340575597767,4.619366217222671,7.043250059306556,5.113602804415141,0.484381201885623,0.0816637559793756,0.109852779299005,0.0638246930342772,0.124167630957044,0.6204911407302974,0.0280495583982903,0.001754370500497,0.0338649192345401,0.0625453875431219,,,,,0.9836190577560325,0.9831233500229059,0.9831233500229059,0.9665315213602614,0.8850729096018669,0.8913318827616686
tgt,D,target,32000,11,88000,577.1999999999986,6.5753448461389326,8.298092119080092,8.298092119080092,68.85833281673914,31.130178526132006,61.56131346914063,0.098357701827199,-0.0143571001776287,3.751486254840381,4.734379603589465,5.607457396057813,1.262001052910784,6039.966345518784,40149411.34277053,6336.3563143789925,3668217.887771002,7384.0,7.5759523718372925,6.520420066904364,6.210819962307398,,,,,,,,,29.73842404549147,0.0308540567124119,5.829721910207788,10.606011372867586,0.0249928072578711,4.7222677208018125,6.446791226645003,0.021046527578778,3.976637629969635,7.070674248578391,0.0205616717552369,3.885026512373812,9.56620633631194,0.0178700509743262,3.37645803508396,22.66774979691308,0.0177812651795407,3.359682396859129,27.45085296506905,0.0162217471761703,3.0650191582985147,12.26969943135662,0.0156698921717688,2.96074887577444,4.674942036704215,5.1950877579699855,4.658962563574,0.4517294226289248,0.0250602228009711,0.0344026706652009,0.0816840497071702,0.1985772957342668,0.6602757610923906,0.007377095439582,0.006366655989909,0.0093780705589761,0.8630301778238498,,,,,0.9974481404731564,0.9999999999999998,0.9999999999999998,1.0,0.9105765442657087,0.9285963498880355
tgt,D,target,32000,12,96000,577.1999999999986,6.512618523852074,8.211548862388675,8.211548862388675,67.42953471939674,31.589095924440333,62.738291642578126,0.1021554569485374,-0.0124714210196768,3.846910790377672,4.850444688068603,5.742905378398523,1.2608674732464535,5954.30411345386,39446015.27139677,6280.606282151172,3992277.795903204,6404.0,7.662889096635056,5.418721787662911,6.118636249778565,,,,,,,,,2.49553208773355,0.0320688411396394,6.713056722318608,4.783103168155971,0.0309688056411343,6.482783334332009,19.75629569455727,0.0299139447923104,6.261966477200405,15.597075548334686,0.025348222466842,5.306211549363602,3.535337124289196,0.0239738657211382,5.018513757278224,31.194151096669373,0.0228062677015389,4.774097325131319,28.69861900893582,0.020577189813798,4.307478458745947,18.300568643379364,0.0177205141961208,3.709482872462436,4.5827465160024845,5.697152476792562,4.842395012085287,0.507449033370059,0.0167419366904698,0.0917791988614355,0.1269203146576444,0.1325510424759156,0.6320075073145341,0.006953301756096,0.0012402482402214,0.0138946077259608,0.1783682462731878,,,,,0.9879328595277798,0.9895707042715967,0.9895707042715967,0.9792501787525844,0.924000155643466,0.9463499937621191
tgt,D,target,32000,13,104000,577.1999999999986,6.457691086202811,8.148106916341078,8.148106916341078,66.39164632012532,34.2499189864084,66.98752489570312,0.1337345624496833,0.0197341473091118,4.203420418762028,5.303740691402815,6.284163724462037,1.261767837385202,5919.205420191367,39230399.86620012,6263.417586765241,4193407.0597772608,7344.0,7.649221741683381,6.121295473416964,6.030196253306394,,,,,,,,,11.229894394800974,0.0337790702927789,7.814804898705523,28.906580016246952,0.0313933103109839,7.262858127190822,3.9512591389114537,0.0262969859561654,6.083820924916439,22.04386677497969,0.0212066083529744,4.906159506621528,1.8716490658001623,0.0206031595186087,4.7665513153348735,1.455727051177904,0.0197554218527701,4.570426780041528,30.154346060113728,0.0193103384639254,4.4674565142133495,27.45085296506905,0.0185972332385601,4.30247926172609,4.581299897464257,5.850306578011987,5.100639614209201,0.5092325814244751,0.057442538258799,0.0555937356901077,0.1183313091570585,0.2100747625493964,0.5585576543446378,0.0118119984597646,0.0040856239056787,0.0040912538004005,0.345887609048524,,,,,0.9796006318155884,0.9819253389108383,0.9819253389108383,0.9641773711951652,1.0018308390311477,1.0104458076152898
tgt,D,target,32000,14,112000,577.1999999999986,6.60437730294443,8.318775553760641,8.318775553760641,69.20202671384567,34.27403279952096,68.38739436210938,0.115961898242423,0.0218022351896948,4.120081444440785,5.18959339046777,6.142230288335227,1.2595851466648675,5952.850608425605,39444008.99621615,6280.446560254784,4007578.629983048,6866.0,7.656590353977001,5.769004138110809,6.45653691834448,,,,,,,,,19.54833468724614,0.0224676830875115,4.162702976553892,1.8716490658001623,0.0219565577451951,4.0680041606784405,12.26969943135662,0.0202546673310606,3.7526861875215145,4.783103168155971,0.0188153154474931,3.486010075583412,7.9025182778229075,0.01879023924077,3.4813640780428465,3.9512591389114537,0.0160151967926839,2.9672177188602915,30.570268074735985,0.0132458793088325,2.454132053188846,14.34930950446791,0.0122382689320392,2.267446906422838,4.761198519672026,3.887756066367431,3.3926201462141683,0.3955741224943776,0.0271665274800691,0.0746060213712371,0.1382820122988435,0.1537258049119066,0.6062196339379434,0.0004272561144069,0.0161823318442057,0.0050759606122633,37.87501515055476,,,,,1.0018522243245174,1.002492553033123,1.002492553033123,1.0049913188868695,1.0025361826447305,1.0315615636570479
tgt,D,target,32000,15,120000,577.1999999999986,6.610469113618693,8.304857742123739,8.304857742123739,68.9706621169126,34.059976977651445,66.29501987226561,0.063904819712476,-0.0103996830549313,4.101211367521564,5.152429637327392,6.093219014188087,1.256318969105091,5984.6238910457805,39834760.79155223,6311.47849489739,4019037.674276295,6624.0,7.673594332546022,5.357538183508552,6.04638665412914,,,,,,,,,16.63688058489033,0.0364307334490382,8.076242448085196,25.579203899268887,0.0363705483375123,8.062900154191274,18.300568643379364,0.0237649550571567,5.268396231383402,7.694557270511779,0.0201226680601763,4.460946310171381,11.229894394800974,0.0181155844411968,4.016000727532094,6.654752233956133,0.018064201307236,4.004609723060824,24.33143785540211,0.0167226142163078,3.707196479193134,8.734362307067425,0.0160980762248919,3.5687441407638096,4.543157404794911,11.364877041910114,6.776322389200276,0.5203028513221573,0.1028211948660037,0.0481377551588615,0.0577475198927394,0.2113678164517164,0.5799257136306785,0.0128680911841963,0.0068007650053889,0.0089540793518061,0.5284983536029508,,,,,1.002776322660246,1.00081532272076,1.00081532272076,1.0016313101926593,0.9962749204295371,1.0
tgt,D,target,32000,16,128000,577.1999999999986,6.523036062658632,8.191243861549934,8.191243861549934,67.09647599937948,33.24384426263137,64.49450681132812,0.0689342112919026,-0.010703219393285,4.058461062144104,5.096375973288255,6.022114832612222,1.25574100508807,5919.676640255269,39104179.63987204,6253.333482221466,4061608.1146881273,6682.0,7.669018718236149,4.7740827482639725,6.043108521121879,,,,,,,,,3.535337124289196,0.0373508948320469,8.1080265891447,5.614947197400487,0.0302931060860025,6.575941773752405,1.0398050365556455,0.0297716229894758,6.462739698368654,16.844841592201462,0.0281619452963559,6.113315418322457,10.606011372867586,0.0273436445428932,5.935681005630947,17.46872461413485,0.0235874859691999,5.120304728155023,27.658813972380177,0.0173787370434777,3.7725270751311055,18.300568643379364,0.017024347485228,3.6955971923498576,4.585211770360058,7.336835860126896,5.639985119638663,0.5023061260720898,0.060135129453205,0.0419744912902326,0.1934459592790829,0.1929672814482511,0.5114771385292278,0.0297716229894758,0.000672581918744,0.0183496903585999,0.0225913756518808,,,,,0.9895131499846384,0.9871237561602286,0.9871237561602286,0.974413309975879,0.9724025450532977,0.9728409002002467
tgt,D,target,32000,17,136000,577.1999999999986,6.570196503244228,8.2373690960255,8.2373690960255,67.85424962415595,33.49690673081331,64.75791105,0.0432397602121197,0.0178055740075101,4.066456940356281,5.098311247505022,6.009880078099591,1.2537477519822735,5938.329001721896,39145154.22502841,6256.608843856903,3881402.8923370186,6708.0,7.63320235596106,4.89004946259867,6.057045889138663,,,,,,,,,0.8318440292445166,0.0383677078497695,8.263524706759464,17.052802599512592,0.0313486843822269,6.751787960105971,2.0796100731112914,0.0264408327985721,5.694749239486019,20.796100731112915,0.0239155745092323,5.150866494480339,6.862713241267263,0.0227897102687208,4.908381147053492,12.893582453290009,0.0216723459619987,4.667726490507335,30.362307067424855,0.0198896540955298,4.2837755299551326,25.787164906580013,0.0180425884169105,3.885959926009198,4.578194396997772,7.077358171740135,5.793523885314815,0.5087510683048935,0.0719482334637209,0.0633767065993885,0.079126497389222,0.2383428354564141,0.5472057270912541,0.024247548529503,0.0264408327985721,0.0016453930092739,1.090453856203648,,,,,0.9966671616550102,0.9926822910395304,0.9926822910395304,0.9854181309434914,0.9798047752578892,0.9768141132587751
tgt,D,target,32000,18,144000,577.1999999999986,6.606477248021308,8.305175918808226,8.305175918808226,68.97594704235206,35.17089464686772,68.69846088984374,0.0985206808027667,0.0236513086067915,4.234816335101837,5.323698746922402,6.281576859473035,1.2571262424758118,5940.236984002385,39484138.95506145,6283.640581308056,4197723.528951702,6666.0,7.651445796640585,5.2041615996675485,6.027634076365427,,,,,,,,,6.862713241267263,0.0457817048461476,10.415768612086609,17.26076360682372,0.0447267413911504,10.175754499934502,1.0398050365556455,0.0391384929698324,8.904375404312976,12.47766043866775,0.0260078551233826,5.917031748209764,18.716490658001625,0.0221360509104296,5.036159859997126,27.03493095044679,0.0202354157163389,4.603747470284573,31.194151096669373,0.0176779645316259,4.021903262730584,2.0796100731112914,0.0163752351594878,3.72552007320196,4.521289973419817,12.440294171051104,6.913037431767772,0.5288672083926667,0.0629360257232726,0.0435925353583465,0.0446382714215988,0.1972870893855421,0.6515460781112392,0.0391384929698324,0.0163752351594878,0.0050689368587376,0.4183920717563477,,,,,1.002170775877484,1.0008536660748613,1.0008536660748613,1.0017080608954902,1.0287699339531349,1.0362537189401102
tgt,D,target,32000,19,152000,577.1999999999986,6.618358091651744,8.348732641301002,8.348732641301002,69.70133671592481,35.102980940310424,66.56431180546875,0.1449268572523054,0.0307077029619654,4.204587983408706,5.303880577961364,6.276307824966152,1.2614507292723636,5970.17209780365,39402783.68907606,6277.163665946274,3759828.811682811,4824.0,7.617958455735079,5.731648676010188,6.126244097317109,,,,,,,,,1.0398050365556455,0.0610771654947429,16.072964653076813,19.340373679935013,0.0222185693533559,5.84700152611311,5.406986190089358,0.0217721260821685,5.729516262033264,4.159220146222583,0.0216797496493547,5.705206634574839,2.0796100731112914,0.0214982475492389,5.657442845669621,1.6636880584890332,0.0214379717175021,5.641580758667169,4.783103168155971,0.0181358086504642,4.772589052433456,18.09260763606824,0.0172958785291716,4.551554447418052,4.491263420527665,18.524307656723234,9.222651989705652,0.5474197896951407,0.1594018182867221,0.1035376284751471,0.1568158884128255,0.1134631780213497,0.466781486803955,0.0610771654947429,0.0214982475492389,0.0053081653917843,0.3519850237768053,,,,,1.0039730426275524,1.0061026705288638,1.0061026705288638,1.0122425836453122,1.0267834169733718,1.004062023568618
tgt,D,target,32000,20,160000,577.1999999999986,6.646384364260764,8.374354689372414,8.374354689372414,70.12981646341373,34.86887001128399,66.73799879414062,0.1259612922609108,0.0400314608399477,4.163767992240719,5.246291532397252,6.209550852232048,1.2599865175420957,6021.696820876319,40073665.42871751,6330.37640497921,3812832.826165534,6374.0,7.609255610063085,6.641342759234711,6.338679451263369,,,,,,,,,3.7432981316003247,0.0309482363163961,5.852602929166407,17.26076360682372,0.028912576588753,5.467640504717095,6.862713241267263,0.0217023991756268,4.104128057142974,1.247766043866775,0.0216793197073564,4.09976351235205,5.614947197400487,0.0215036829221688,4.066548942289008,16.220958570268074,0.0214445745783665,4.055370997848537,23.291632818846463,0.0192672497950264,3.64361837729704,27.03493095044679,0.0172314681026192,3.258632888162283,4.658788202805716,5.50674747730551,4.673183683775688,0.4626273795337696,0.048173673099259,0.0378969787778888,0.1306302412641349,0.2423062924221748,0.5409928144365421,0.0121931758405091,0.0053146707584798,0.0046764821352444,0.4358725591725781,,,,,1.0082244931829825,1.0091903740279005,1.0091903740279005,1.018465211030574,1.0199355307478308,1.0066819336162585
tgt,D,target,32000,21,168000,577.1999999999986,6.573550636609265,8.273719572355999,8.273719572355999,68.45443556198673,34.528464873902685,66.4047833203125,0.1052586768498775,0.0265296843380995,4.173269902603949,5.252635414657386,6.21576911013155,1.2586378396900046,5970.762864707368,39563985.52466548,6289.9909002053,3913976.338096939,6538.0,7.661711654643977,5.208565429302734,6.427857228143731,,,,,,,,,7.278635255889521,0.0351464181543322,7.275568534824142,14.34930950446791,0.0323875385282988,6.704460044895068,16.428919577579205,0.0247559785919145,5.124670687670402,21.627944760357437,0.0224525023225047,4.647834061165804,5.406986190089358,0.0213006009925887,4.409381965297641,10.606011372867586,0.0188242014103758,3.896748933934854,12.685621445978878,0.0187474688094511,3.880864717954948,26.61900893582453,0.0181631855562291,3.759913762614356,4.614806829235797,6.591621364105814,5.307109141304059,0.4885024786372578,0.0217473296005855,0.0410342558017714,0.111838824216669,0.2131306098588404,0.6122489805221332,0.0039011055713843,0.0097801723503659,0.0040473510263478,2.50702580817064,,,,,0.9971759675300085,0.9970628734443603,0.9970628734443603,0.9941343736011247,1.009978474658777,1.0016556816523832
tgt,D,target,32000,22,176000,577.1999999999986,6.589264134901265,8.282771413295363,8.282771413295363,68.60430228490286,34.18732749286384,65.86493780507811,0.078240749825301,0.0082412420263302,4.12752275620969,5.188337694914838,6.132693850790907,1.2570100763487175,5969.39864281774,39587954.013502605,6291.895899766827,3954233.856628333,6458.0,7.665542459411478,4.799195855594663,6.042845725554952,,,,,,,,,20.588139723801785,0.0412069673997333,9.548131520391705,1.0398050365556455,0.0271208338191118,6.2842112532950685,3.1194151096669374,0.0261482081956917,6.058842633410207,7.486596263200649,0.0207455569806101,4.806985784543031,3.7432981316003247,0.0179050867126323,4.148815931000495,17.052802599512592,0.017555021418526,4.067701748623821,25.787164906580013,0.015499981385734,3.59152517580242,21.627944760357437,0.0154998102741637,3.591485527270132,4.630547063799968,8.637584146068054,6.222252077359288,0.4795392776153893,0.0651415622865547,0.0741418290431263,0.090629141138058,0.1691920927829396,0.600895374749321,0.0271208338191118,0.0035783086715535,0.0261482081956917,0.131939478531078,,,,,0.999559629530776,0.9981537074348086,0.9981537074348086,0.9963108236658538,1.0,0.9935126036915569
tgt,D,target,32000,23,184000,577.1999999999986,6.623890411344613,8.307249336867212,8.307249336867212,69.01039154488075,34.25270893880134,65.86493780507813,0.0395855436212433,0.0049320951222592,4.123231114152934,5.171086296979219,6.103689606546087,1.25413447701947,5923.562279617785,39117115.59231807,6254.367721226349,4028525.511807428,6866.0,7.664209641003906,5.000021489113975,6.074046699929529,,,,,,,,,4.575142160844841,0.0476981624253404,11.064568427794718,8.942323314378553,0.0357580348457615,8.294810602267619,1.0398050365556455,0.0272789487071934,6.327912423911156,24.9553208773355,0.0257922881938315,5.983050983918789,11.021933387489844,0.0174737005074769,4.053383717965938,18.50852965069049,0.0157149195809318,3.64539835916478,1.8716490658001623,0.015238513803854,3.534886254466317,19.9642567018684,0.0138540118226032,3.2137225841898176,4.550910742068128,12.52656835852672,7.202422526225914,0.5153646559029548,0.0601175019337358,0.0554614084436797,0.1974915049914067,0.204584305160005,0.4823452794711723,0.0272789487071934,0.0043108922626855,0.0125288428121887,0.1580299999387724,,,,,1.0048122688764078,1.0011035329152425,1.0011035329152425,1.0022082836153803,1.0019124468255423,0.9935126036915571
tgt,D,target,32000,24,192000,577.1999999999986,6.482694046322573,8.128805750189082,8.128805750189082,66.07748292430708,35.12966106858206,65.79568730273438,0.0830379586589913,0.0258598643553628,4.321626343176007,5.418991057969886,6.392106261135367,1.2539240155563167,5971.221527099908,39785481.500529245,6307.573344839459,4129994.974827889,6674.0,7.668925740498262,7.173148181205793,6.4931823622351015,,,,,,,,,4.9910641754671,0.0309164213572957,6.273737543004129,9.77416734362307,0.0293721809882273,5.960371430319796,25.579203899268887,0.0239078353802965,4.851515078795939,21.21202274573517,0.0215205326594688,4.367069918307188,20.588139723801785,0.0198559350948791,4.029280233198782,16.63688058489033,0.018577343726175,3.769821139298608,4.575142160844841,0.0163518391084998,3.3182089778948507,15.805036555645817,0.01566872785677,3.1795881247082147,4.667902105166066,5.601643238281853,4.668379624951568,0.4590763353434084,0.0553652002837556,0.0348135240311158,0.1392108309742858,0.2155813824208597,0.5550290622899827,0.0051767558585894,0.013533368945254,0.0020228101599098,2.6142567492698823,,,,,0.9833934604293494,0.9795993625448234,0.9795993625448234,0.9596149110982245,1.02756382685704,0.9924680229300281
tgt,D,target,32000,25,200000,577.1999999999986,6.524881668376993,8.17896690142833,8.17896690142833,66.89549957466015,35.13202375133333,67.02130904765625,0.1034264789527839,0.0184284924001651,4.295410921053338,5.384315844622318,6.345371558818905,1.2535042499033586,5987.728821916059,39886248.67341269,6315.556085841744,4033352.228608423,6738.0,7.663667969216096,4.984730803518984,6.256228061844698,,,,,,,,,4.9910641754671,0.0233402285899368,4.781522714947106,1.455727051177904,0.0232878553052626,4.770793426270211,31.61007311129163,0.0223749979872825,4.583783775331787,5.8229082047116165,0.0216168111926057,4.428460215969428,30.98619008935824,0.0193696317041462,3.9680988391633143,30.362307067424855,0.0187240872448717,3.835851398499431,22.04386677497969,0.0180330802950482,3.694290427318885,14.76523151909017,0.0170636199553775,3.495684975897808,4.626665649372651,3.5973532760553057,3.944680087388954,0.4853726988605125,0.0855063412341882,0.0486737330828668,0.1310110146313707,0.2042541448565678,0.5305547661950063,0.0003234923650411,0.014565536226427,0.0046659529463381,45.02590402573892,,,,,0.9897931194820414,0.9856442642546888,0.9856442642546888,0.9714946156581672,1.027632936756074,1.0109554107803274
tgt,D,target,32000,26,208000,577.1999999999986,6.522923235990751,8.164834098533788,8.164834098533788,66.66451585658005,31.87974137522959,63.27379147851562,0.0088809539771843,-0.0090770818393543,3.904517959642381,4.887339651542376,5.757468011919133,1.251713963684627,5939.2710503191975,39247800.90949896,6264.806534083791,3972860.300339277,6446.0,7.656601709516584,5.403748179619003,6.06929856324715,,,,,,,,,10.813972380178717,0.0452239085179828,10.852981105750182,8.526401299756296,0.0378945577606802,9.094059599556386,24.33143785540211,0.0271896253938478,6.5250550061261805,19.9642567018684,0.0221251327989402,5.309661550673575,12.893582453290009,0.0166637341987223,3.999017297190549,28.282696994313564,0.0165119118041352,3.962582463628399,20.588139723801785,0.0139661714985472,3.3516473998068546,11.853777416734362,0.0131718062520413,3.161013036393425,4.495813531737436,10.72726228422268,6.828810186215005,0.5390355532275952,0.0353088877352649,0.0266222342976311,0.0411805466173163,0.3875877594537009,0.5093005718960862,0.0129130854613517,0.0077280270211445,0.0041669572698341,0.5984647932266625,,,,,0.989496034722594,0.9839411254256987,0.9839411254256987,0.9681401383039908,0.9325017108132853,0.9544275211083553
tgt,D,target,32000,27,216000,577.1999999999986,6.437201062426758,8.058274644038288,8.058274644038288,64.93579023875041,32.52890793784467,65.0489313796875,0.017134412494721,0.0028102169279324,4.0367087713877225,5.053268900936979,5.951557448053877,1.2518289495526729,5945.563958386816,39366575.77636784,6274.278904891608,4016844.99309953,4858.0,7.660090039180923,5.134929102294949,6.035173271463454,,,,,,,,,1.0398050365556455,0.0391705041891925,8.017874821376664,15.597075548334686,0.0286148001452404,5.857210427905351,13.933387489845654,0.0281195783505638,5.755842665587145,3.7432981316003247,0.0216703852028171,4.43574673044775,3.1194151096669374,0.0180575308691773,3.696225644503074,2.703493095044679,0.017991212262325,3.68265077996976,14.55727051177904,0.0171427607203801,3.508979840671638,5.406986190089358,0.0164187664671449,3.360784268161316,4.6505525902907126,8.936777197859886,5.9147461325676405,0.465568686703709,0.0761329021263239,0.0478980274488193,0.1377397427647013,0.1385731563612226,0.599656171298932,0.0391705041891925,0.0018824121527248,0.0180575308691773,0.0480568782976301,,,,,0.9764923939068686,0.9710996851323951,0.9710996851323951,0.9430345984642374,0.9514902252782017,0.9812038899003421
tgt,D,target,32000,28,224000,577.1999999999986,6.52422988811354,8.183897275176145,8.183897275176145,66.97617461063552,34.130679142340085,66.611693728125,0.075272161600906,-0.0004201544321953,4.170467687303823,5.231372855900948,6.1664166464860655,1.2543851788676377,5960.189661717388,39436715.94590517,6279.865917828594,3912855.142262338,6660.0,7.649490883837392,5.48179576355299,6.121132267419905,,,,,,,,,10.813972380178717,0.0355920124920943,7.114827343661316,1.455727051177904,0.0309581562403365,6.188521555981417,3.9512591389114537,0.0208705398812185,4.1720115673945255,1.0398050365556455,0.0200420389603524,4.006394604674695,5.406986190089358,0.0196704837474594,3.9321208841606303,20.796100731112915,0.0185092391514197,3.69998860992024,12.26969943135662,0.0166789298150178,3.3341105939782225,29.73842404549147,0.0163641240207641,3.2711810568131967,4.674592220945511,7.558149135824113,5.374393886305953,0.4516785647116692,0.0847235368975318,0.0238251544698447,0.1187941748674946,0.1986729805904285,0.5739841531747001,0.0200420389603524,0.0031681526378608,0.0022920957941176,0.158075365683604,,,,,0.9896942475556268,0.986238421764278,0.986238421764278,0.9726662245640942,0.9983430014956397,1.004776736721243
tgt,D,target,32000,29,232000,577.1999999999986,6.569743436137054,8.263556781556325,8.263556781556325,68.28637068200554,34.137928637836644,66.35613974882813,0.1003377096860629,0.0102285546966458,4.131142259955902,5.196234673344295,6.140200947542596,1.257820318538034,5883.322959349878,38790255.98608282,6228.182398266996,4176766.942069424,6422.0,7.698279845314723,5.041924372726253,6.225638487804283,,,,,,,,,26.203086921202274,0.0243932374792646,4.970391175413209,10.190089358245327,0.0237414215461066,4.8375764899941,16.428919577579205,0.0237153703942752,4.8322682804838895,3.1194151096669374,0.021813854532838,4.444813451430142,11.645816409423231,0.0215544944095324,4.3919659657600745,29.73842404549147,0.0202898682776534,4.134284443517229,14.76523151909017,0.0180705897496498,3.682081966468001,12.26969943135662,0.0176189571252195,3.590056838073085,4.68728778345885,4.088172243792045,3.683378859368814,0.4487390049803463,0.0388715802672839,0.0554932219337616,0.0827941150457563,0.2333303469078907,0.5895107358453072,0.0112708696067652,0.012448705784343,0.021813854532838,1.1045026885739375,,,,,0.9965984335572246,0.995838159298767,0.995838159298767,0.9916936395155569,0.9985550536222083,1.0009219376761676
tgt,D,target,32000,30,240000,577.1999999999986,6.60626946499458,8.314045886673604,8.314045886673604,69.12335900571428,33.72042798627002,64.80094729335937,0.1071169858719307,0.0173756429906066,4.055838570763203,5.104307077533444,6.037667029277967,1.2585084412204135,6078.481682071735,40722755.95617616,6381.438392414061,3774816.396894539,6722.0,7.616628517969924,6.574810098273929,6.360838232465176,,,,,,,,,12.893582453290009,0.022560954471896,4.175028419023127,13.309504467912266,0.021900053554754,4.052725077882857,1.0398050365556455,0.0211767525847044,3.9188742645573127,16.220958570268074,0.0211688431278919,3.9174105761742433,9.77416734362307,0.0189981001442368,3.515702675985689,27.45085296506905,0.0185958340099031,3.441261120556552,24.9553208773355,0.0179584689974351,3.323313227719854,15.181153533712427,0.0171268193035665,3.169411888532341,4.654127536795125,2.926461744949348,3.4067041252562054,0.466446775037836,0.0647698801041449,0.0363251345701337,0.101483686223304,0.164174078825706,0.6332472202767111,0.0211767525847044,0.0006488756284611,0.0069336779102412,0.0306409410902378,,,,,1.0021392561931965,1.001922582608697,1.001922582608697,1.003848861541282,0.9863429071286348,0.9774632757968101
tgt,E,target,32000,0,0,577.1999999999986,6.847764083973226,16.09430600445068,16.09430600445068,259.0266857648972,179.63411741158228,353.69371650703124,40.62251410758188,0.2791227177143448,11.16134596682178,26.232521332324914,39.70724251887377,2.350300887572349,7878.433259962272,70338840.58517946,8386.82541759273,8269129.9534996925,9128.0,7.851812112253049,8.457766410663108,10.343535776044131,,,,,,,,,1.0398050365556455,0.1350706972541932,88.63642606350665,2.0796100731112914,0.0591222433244314,38.7973443216377,10.398050365556458,0.0587805406733709,38.57311136525171,11.437855402112104,0.0526977777725499,34.58146569316476,9.358245329000813,0.0496266967316359,32.566153318596,12.26969943135662,0.0269291945897484,17.67154248646572,8.318440292445166,0.0191541793552052,12.56940281451079,2.9114541023558083,0.0165986568145069,10.892411510423988,3.807310783198683,35.431957266084886,20.395675285383174,0.7548902569587943,0.2200170016884323,0.1255138154637169,0.044417832041646,0.3364171087827232,0.2736342420234816,0.1350706972541932,0.0591222433244314,0.0165986568145069,0.4377133199566593,,,,,1.0062021635284997,1.0323223749936496,1.0323223749936496,1.0656894859125297,1.0036477076070789,0.9981793610277234
tgt,E,target,32000,1,8000,577.1999999999986,6.929175787115297,15.427472868712169,15.427472868712169,238.0069191148501,176.7258115557953,352.53762563085934,36.32497674613826,0.0301180673104648,11.455266397790547,25.50459347335204,38.01360668330249,2.226451361992736,7623.608436384205,65716444.87811426,8106.568008603534,7597039.286805859,9086.0,7.777083673506469,7.285347179626939,10.185996654214152,,,,,,,,,1.0398050365556455,0.1284587642817445,50.11151651170631,2.0796100731112914,0.057920540719052,22.594691369160333,10.398050365556458,0.0530290445256373,20.686528126007588,11.437855402112104,0.0499405996514422,19.48173172948241,9.358245329000813,0.0418564356887683,16.32811493919195,12.26969943135662,0.0318702148509714,12.432509425618417,13.309504467912266,0.0157905954457655,6.159880867876337,2.9114541023558083,0.0157184250768243,6.131727345965442,3.962622736263813,36.78982278258987,19.397273406543427,0.7037203331686277,0.1965340722301802,0.1203655327686245,0.0641014758686078,0.2985319290529171,0.3204669900796703,0.1284587642817445,0.057920540719052,0.0157184250768243,0.4508881977999249,,,,,1.0181647006184984,0.9895503060259242,0.9895503060259242,0.9792098081560006,0.9873984864277138,0.994916690535684
tgt,E,target,32000,2,16000,577.1999999999986,6.995381174884802,15.83568377209128,15.83568377209128,250.7688805296752,176.73864956640386,350.21899545117185,35.781972948297,0.063669132788947,11.160784220626828,25.265049201452427,38.26764802005544,2.263734223510672,7757.229215243346,68616168.14245588,8283.48767986383,8441563.044630982,8162.0,7.819400946330449,9.028145135412574,10.194143266984453,,,,,,,,,1.0398050365556455,0.1354817929535757,83.75305129299178,10.398050365556458,0.0657741561987151,40.660712836535055,2.0796100731112914,0.0589943843415643,36.46954760519433,11.437855402112104,0.0540891694195331,33.43720866125366,9.358245329000813,0.0444197624116691,27.459709224263296,12.47766043866775,0.0293626612612028,18.15160857482112,22.66774979691308,0.0217820068321743,13.465348337281863,21.83590576766856,0.0200212450362056,12.376868698818276,3.82475584310994,36.04348462803295,20.45775073598994,0.7471801500179185,0.2056526174035492,0.1241760910717896,0.0461600763630623,0.3022434216450569,0.3217677935165419,0.1354817929535757,0.0589943843415643,0.0164104206785886,0.4354414202456264,,,,,1.027892840138788,1.0157338052807594,1.0157338052807594,1.0317151631901327,0.9874702146723434,0.988373151074264
tgt,E,target,32000,3,24000,577.1999999999986,6.749066044602554,15.355440777953708,15.355440777953708,235.78956148524352,174.47985436970862,345.3330500894531,37.47526775961166,0.2173858758299039,11.362738256280048,25.852444355500115,38.93291429847285,2.2751949197817782,7674.0018146757775,66577576.77160482,8159.508365802735,7687272.919957681,8152.0,7.841054084481874,6.568203614857962,10.226260913303326,,,,,,,,,1.0398050365556455,0.1416841853290056,92.95527418881802,2.0796100731112914,0.0673481618608723,44.18536082452011,10.398050365556458,0.0593060873821224,38.90916689727835,11.437855402112104,0.0481121650249387,31.5651283262542,9.358245329000813,0.035711220699661,23.42919433136485,12.47766043866775,0.0327299327631551,21.4732495875658,13.309504467912266,0.0206978554444551,13.579319551382383,3.1194151096669374,0.020249760141527,13.28533598751687,3.843496214838182,41.17639641467991,21.39431198467984,0.7401773312932289,0.2150935086746704,0.1253675272169356,0.0771676118488543,0.2738262776762859,0.3085450745832537,0.1416841853290056,0.0673481618608723,0.020249760141527,0.4753400085126475,,,,,0.991699593122603,0.9849300173979479,0.9849300173979479,0.9700871391715222,0.9748499248644625,0.9745842439165655
tgt,E,target,32000,4,32000,577.1999999999986,6.671255859957129,15.232682596513406,15.232682596513406,232.03461908612243,179.54890559244564,355.53376123125,36.33071118759583,-0.5097819348365724,11.78708375591904,26.913808938152844,40.99287675453566,2.283330592661306,7356.073862764601,61860525.95190266,7865.146276573797,7748703.277454154,8634.0,7.836796988981898,7.109918974513953,10.096935368725529,,,,,,,,,1.0398050365556455,0.1449392456610144,93.56836641493236,10.398050365556458,0.0646809302389649,41.75604028471933,2.0796100731112914,0.062165877706922,40.13239890451384,11.437855402112104,0.0514883248056186,33.23929567545027,9.358245329000813,0.0432125273305072,27.89669266275026,12.26969943135662,0.0321392357819853,20.748112605594923,8.318440292445166,0.0170516085007081,11.00799955789606,2.9114541023558083,0.0167057468741616,10.784721816564009,3.80924218761206,41.63134440858314,21.885826094813176,0.7498021156412988,0.2268393624151709,0.1345041500487792,0.0364469139067445,0.3066380836553114,0.2955714899739939,0.1449392456610144,0.062165877706922,0.0167057468741616,0.4289099023730771,,,,,0.9802662587999418,0.9770560514512766,0.9770560514512766,0.9546385276775601,1.003171614044398,1.00337225697516
tgt,E,target,32000,5,40000,577.1999999999986,6.376629099931495,14.984024996148015,14.984024996148015,224.52100508518853,179.55225556703653,355.53376123125,39.56287628071885,-0.542641157008536,11.982912175679267,28.157864092948003,43.03256884510291,2.349834804772735,7772.383508238056,67734520.81525238,8230.098469353352,7324575.416121481,8678.0,7.676155353099842,11.792862183375236,10.278689553514656,,,,,,,,,1.0398050365556455,0.1288421302227296,88.5822182889301,2.0796100731112914,0.063472656452356,43.63905424041933,10.398050365556458,0.0582825165474345,40.07070198473196,11.437855402112104,0.0524488171862568,36.05988635050964,9.358245329000813,0.0470854788868428,32.37245582468106,12.26969943135662,0.0303049727230213,20.83543406454146,3.1194151096669374,0.0221968356762286,15.260885083133484,8.318440292445166,0.0216499376844338,14.884878902490588,3.821693647505235,32.828551286365226,19.45516166363218,0.7562128733315328,0.1913330922250777,0.1371831981210546,0.0614973689335944,0.3135337976826515,0.2964525430376217,0.1288421302227296,0.063472656452356,0.0221968356762286,0.4926389865033906,,,,,0.9369741594028528,0.961106634030082,0.961106634030082,0.9237259619766343,1.0031903309472177,1.00337225697516
tgt,E,target,32000,6,48000,577.1999999999986,6.779353652366396,15.295265071653285,15.295265071653285,233.94513361213689,168.15428752361623,336.29207458710937,32.75134538317193,-0.1568428932589375,10.99387861118181,24.8038819253655,37.66725803171365,2.2561538836835977,7754.379754982909,67359813.00450405,8207.302419461832,7229407.620015271,8664.0,7.719160930278468,8.513989099716591,10.211423688827775,,,,,,,,,1.0398050365556455,0.1230793174233769,65.38142100828064,2.0796100731112914,0.062808266226539,33.36461221044733,10.398050365556458,0.0565278815160945,30.02838573922749,11.437855402112104,0.0521202560142674,27.68699463782497,9.358245329000813,0.0436563853896655,23.190870510298605,12.47766043866775,0.0322062527070706,17.108403031654458,13.309504467912266,0.0219106342175654,11.639229322415764,2.9114541023558083,0.0215000366585619,11.421114269194968,3.855649236007416,30.05254235193888,18.58497693092992,0.7449219661503075,0.1922221385019769,0.1444209516390878,0.0456727950814371,0.2915238225271331,0.3261602922503649,0.1230793174233769,0.062808266226539,0.0215000366585619,0.5103072355363855,,,,,0.9961500175365233,0.981070222012686,0.981070222012686,0.9624987805200209,0.9395078598053525,0.9490691874458992
tgt,E,target,32000,7,56000,577.1999999999986,6.805554919460546,15.590387648577009,15.590387648577009,243.06018703290252,179.52972540758827,355.5909559781249,36.20897172062509,-0.390623826132813,11.515411255599092,26.379880484719184,40.16117611448352,2.2908326849282874,7763.765293964871,66798456.42267455,8173.032266097727,6522404.882901119,8674.0,7.63600916653526,10.262758154530696,10.210733327944103,,,,,,,,,1.0398050365556455,0.1232826855633932,65.44337288604109,10.398050365556458,0.065041883179252,34.526829089242604,11.437855402112104,0.0547197271155675,29.047416427387063,2.0796100731112914,0.0534795983652976,28.389106561247093,9.358245329000813,0.0421333096140124,22.3660433692855,12.26969943135662,0.0329059798575865,17.467808234054505,2.9114541023558083,0.0164362374855503,8.725011251132214,13.309504467912266,0.0163715504010855,8.690672763369724,3.90732966596078,31.31059485118197,18.61568552007237,0.7250705266538793,0.1920824027743417,0.122319736147517,0.0619741974315283,0.3118172922593256,0.3118063713872874,0.1232826855633932,0.0534795983652976,0.0164362374855503,0.4337965069503949,,,,,0.9999999999999999,0.9999999999999999,0.9999999999999999,1.0,1.0030644509462017,1.0035336695567956
tgt,E,target,32000,8,64000,577.1999999999986,7.161793893324699,17.02798567319624,17.02798567319624,289.95229608657644,179.4996361176752,355.5909559781249,36.870157712694976,0.1346352714711313,10.5414486224413,25.063502076617503,38.99681048295262,2.3776145930512125,7681.237230801969,65838018.87741257,8114.063031392631,6836613.481554257,8670.0,7.801370335659858,6.821802715066401,10.304529683308372,,,,,,,,,1.0398050365556455,0.1251486485701143,71.29921853831021,2.0796100731112914,0.063113444179465,35.95675463276007,10.398050365556458,0.0595052166279616,33.90108876924529,11.437855402112104,0.0473515284209374,26.976935121404523,9.358245329000813,0.0393105625957206,22.395866239066432,12.47766043866775,0.0351150904890485,20.005637610769146,13.309504467912266,0.0201687315269044,11.490454057693023,2.9114541023558083,0.0195539426588254,11.14019885029838,3.8710283461526966,32.48022981930136,18.89744593408727,0.7432885226780548,0.1906150461781441,0.1392099004821276,0.0837763481739867,0.2765125968351684,0.309886108330573,0.1251486485701143,0.063113444179465,0.0195539426588254,0.5043078363215525,,,,,1.0523453235011717,1.0922105374814362,1.0922105374814362,1.1929238581854882,1.0028963367411725,1.0035336695567956
tgt,E,target,32000,9,72000,577.1999999999986,7.189888506187739,16.81277524172512,16.81277524172512,282.66941132876514,179.1749454533563,354.9852243574219,36.01117797534094,0.34080072308458,10.657071356588297,24.920406665434435,38.43399873685229,2.338391649224244,7891.206044604891,68334867.67606656,8266.490650576372,6063734.837657774,8676.0,7.624491002451933,7.86983979688674,10.301355728188588,,,,,,,,,1.0398050365556455,0.1131479894280741,61.05443812466368,10.398050365556458,0.0597215467993743,32.22563213188571,2.0796100731112914,0.0581582725610426,31.38209235059092,11.437855402112104,0.0511803284003538,27.616807062274248,9.358245329000813,0.0465091245010209,25.096234395618065,12.26969943135662,0.0343708600618811,18.54645018039465,13.309504467912266,0.0182927287792363,9.870721371439837,22.66774979691308,0.0176487818875322,9.523248863498294,3.9184083377161034,27.085033067815093,17.085346403639193,0.7334315276281862,0.1762323399736156,0.1191217284743714,0.0638017131425184,0.3227829353038089,0.3180612831056855,0.1131479894280741,0.0581582725610426,0.0154053791223605,0.5140018205758637,,,,,1.0564735118995494,1.0784064912753906,1.0784064912753906,1.1629605604248991,1.0010822323515345,1.0018241995439305
tgt,E,target,32000,10,80000,577.1999999999986,6.25017677863805,14.022665024305706,14.022665024305706,196.6351343838865,179.13656644833688,355.13746331601567,46.7724302459725,-0.2230530282597136,12.774787541300022,28.661039966191662,41.88356295013943,2.2435629456482484,7648.5482597744385,66284902.54008302,8141.554061730661,7784612.057984414,8188.0,7.75875052510404,9.211012482737344,10.208466954735409,,,,,,,,,1.0398050365556455,0.1210757078519885,77.5379116744566,2.0796100731112914,0.0559624730684723,35.83884307471425,10.398050365556458,0.0526267931212665,33.70264530466376,11.437855402112104,0.0522390819836202,33.454351799060085,12.47766043866775,0.036475169325572,23.359008240814543,9.358245329000813,0.0355844926624165,22.788611340697475,2.9114541023558083,0.0286582273460415,18.352972203311985,13.309504467912266,0.0200716722070475,12.854069361719104,3.835994583324956,28.702047562746408,18.282431885650272,0.7525920521250791,0.2033340101371173,0.1440321359599481,0.063061968685498,0.2765489595176331,0.3130229256998031,0.1210757078519885,0.0559624730684723,0.0286582273460415,0.4622105793213498,,,,,0.9183934084148836,0.8994429991345086,0.8994429991345086,0.8089977086920799,1.0008678020363861,1.0022538418568145
tgt,E,target,32000,11,88000,577.1999999999986,6.880900809319275,15.45538385107979,15.45538385107979,238.86888998421796,175.99373531211293,348.5231992429688,38.97983225482416,-0.2155447262882484,11.387212184950409,25.577135928732904,38.13396039515091,2.246127982275992,7883.830222449909,69390262.79826312,8330.081800214397,7235483.821848532,8658.0,7.661329014808085,9.328611889996438,10.296266463381674,,,,,,,,,1.0398050365556455,0.120083633097579,67.83145274842295,10.398050365556458,0.0601279107735064,33.96435828336644,2.0796100731112914,0.0597995721708436,33.77889017387057,11.437855402112104,0.0501644321348982,28.33630379291398,9.358245329000813,0.038890987553448,21.968290902954028,12.47766043866775,0.0311219729575182,17.579819860964523,2.9114541023558083,0.0235165858692,13.283776831557512,8.318440292445166,0.0182995329647195,10.336828371989103,3.861601746043225,28.3000818489789,18.13262859773444,0.7408116920447949,0.199055334739178,0.143890605262724,0.0349829959322685,0.3139215174301256,0.3081495466357037,0.120083633097579,0.0597995721708436,0.0235165858692,0.497982702786424,,,,,1.0110712338303636,0.9913405746835587,0.9913405746835587,0.9827561350139289,0.9833082464757901,0.9835873471525716
tgt,E,target,32000,12,96000,577.1999999999986,7.035569378056237,16.050461347374867,16.050461347374867,257.61730946357466,176.92357764541185,351.94086573515625,35.78478605424881,-0.2061563959892256,11.022959017582233,25.14701627379397,37.88967401384539,2.281330832644984,7498.278320332344,63341903.31146232,7958.762674653788,7117725.542296267,1492.0,7.716519438869336,8.578886397938998,10.17822030477316,,,,,,,,,1.0398050365556455,0.1246206030772838,56.17563832080999,2.0796100731112914,0.0634855917206893,28.617608573699265,10.398050365556458,0.0535899168214697,24.156902716465247,11.437855402112104,0.0471270531103082,21.24361642679976,9.358245329000813,0.0376256785555626,16.960650630149466,12.47766043866775,0.029856945510449,13.458713334254822,13.309504467912266,0.0165093977626757,7.441995422180052,5.406986190089358,0.0156427183380765,7.051319493046706,3.978041490735962,35.91470415512393,18.81771106466986,0.706757754279858,0.1940569862173135,0.123889941371229,0.0754406608829699,0.2771095335784618,0.3295028779500255,0.1246206030772838,0.0634855917206893,0.0148383097219018,0.5094309460275127,,,,,1.0337980460546958,1.0295100871875915,1.0295100871875915,1.0598910196210027,0.9885034406833204,0.9932325401434674
tgt,E,target,32000,13,104000,577.1999999999986,7.106394050806623,16.380922719969284,16.380922719969284,268.33462915760595,179.81734422721152,356.77185928125,35.098759011097194,0.0818536425927105,10.977241471751338,25.303598835301816,38.48990780505783,2.3050963122580623,7662.186981025776,65472239.21489152,8091.491779325461,6763129.88269062,8160.0,7.613168517967366,10.293253912318304,10.22371027043872,,,,,,,,,1.0398050365556455,0.1188697075958526,73.77827386734619,2.0796100731112914,0.0607753364610305,37.721127682478325,10.398050365556458,0.0571100369786935,35.446204369525404,11.437855402112104,0.0496486499022076,30.815182132717453,9.358245329000813,0.0393398834328882,24.416891002114077,12.47766043866775,0.0301641377611246,18.721826289663245,2.9114541023558083,0.0219240448758015,13.60748856745156,13.309504467912266,0.0173174057016895,10.74830860083455,3.902684888672593,30.330049472952783,17.949325846973746,0.7386923154616456,0.183625304512196,0.1337011786027977,0.0742289820573455,0.2971888935660167,0.311255641261644,0.1188697075958526,0.0607753364610305,0.0219240448758015,0.5112769072096187,,,,,1.0442049377172498,1.0507065692792077,1.0507065692792077,1.103984294726483,1.0046714283575033,1.006866364624692
tgt,E,target,32000,14,112000,577.1999999999986,7.163853605723127,16.4983141802022,16.4983141802022,272.194370788661,179.79411945482394,356.6644789476562,34.88427697328952,0.34528282906619,10.897726730805264,25.097402787678856,38.36266253301582,2.3029943223601843,7796.372496630766,67190922.99334368,8197.006953354601,6407498.887123017,8726.0,7.632265834853087,10.78174379358999,10.314915266807375,,,,,,,,,1.0398050365556455,0.1092239793360359,56.93789711243331,10.398050365556458,0.0557141273504397,29.04348724586102,11.437855402112104,0.0531130111314448,27.68753877598364,2.0796100731112914,0.0509589780322131,26.564652430637263,9.358245329000813,0.0354969842450567,18.50439481360193,12.47766043866775,0.0323136594372539,16.84494400908129,2.9114541023558083,0.0206908648148386,10.786041116209953,21.83590576766856,0.0190754280610887,9.943922267988242,3.946455088012713,25.72848928075324,16.492820879741426,0.7253189348305524,0.1817105463567315,0.1329190677149091,0.057643829651979,0.3185409826157446,0.3091855736606358,0.1092239793360359,0.0509589780322131,0.0206908648148386,0.4665548567404543,,,,,1.0526479751471878,1.0582363025276065,1.0582363025276065,1.1198640719873,1.0045416674306686,1.006563320415052
tgt,E,target,32000,15,120000,577.1999999999986,6.474591447350847,14.785936322387036,14.785936322387036,218.62391292968425,176.56115324330324,345.8029441863281,41.02581834752485,0.2490335847460408,11.941154715779769,27.269852419107924,40.63897886353662,2.2836863827808918,7682.921748266952,65445202.12261422,8089.820895583179,6417915.53262091,1490.0,7.695935808148119,7.869282425865506,10.249845276546964,,,,,,,,,1.0398050365556455,0.1233919947012259,95.928659792009,2.0796100731112914,0.0681138014017874,52.95372441002942,10.398050365556458,0.0605544931955256,47.07689012319205,11.437855402112104,0.0534491909697374,41.55301378431418,9.358245329000813,0.0437437344498309,34.00769904263591,12.26969943135662,0.0351294739891489,27.310713042098357,2.9114541023558083,0.0239082298384095,18.5869792602936,8.318440292445166,0.0235838491599311,18.334795933294128,3.772257069806548,27.825565895062425,18.63219119988512,0.7692403602340294,0.1879949913922828,0.152143353443595,0.0443649390681065,0.3087723838881007,0.3067243322079147,0.1233919947012259,0.0681138014017874,0.0239082298384095,0.5520115106831857,,,,,0.9513686281241657,0.9484008130956642,0.9484008130956642,0.8994641022805171,0.9864785112011121,0.9759103590480456
tgt,E,target,32000,16,128000,577.1999999999986,6.887682842496972,16.111899953619123,16.111899953619123,259.59332011543194,177.4708227652824,354.0701084074219,37.88810158899441,-0.1247421695365919,11.01489106040577,25.76640458388451,39.4053824990657,2.339233719387664,8004.614034855464,70103637.58187959,8372.791504741987,6029791.7348745335,8704.0,7.571706203581434,11.589020786308884,10.284701946221272,,,,,,,,,1.0398050365556455,0.1098691873728207,50.05473744841199,2.0796100731112914,0.0589973000417957,26.878276197096948,10.398050365556458,0.0521443510867869,23.756176462925342,11.437855402112104,0.0498600554472487,22.71548597248192,9.358245329000813,0.0388183849887389,17.685068172838537,12.26969943135662,0.0263162269040918,11.98927433446196,3.1194151096669374,0.0201348128008204,9.173115706208549,21.83590576766856,0.0163143934756017,7.4325905340530785,4.010155567819201,29.588939477328964,16.590247293295935,0.7100010552359686,0.1679515644979862,0.12850807186265,0.1024535538610436,0.2962887237595442,0.3047980860187759,0.1098691873728207,0.0589973000417957,0.0201348128008204,0.5369776681888286,,,,,1.0120677775741078,1.0334508876108486,1.0334508876108486,1.0680207371036514,0.9915609963301623,0.9992415982377546
tgt,E,target,32000,17,136000,577.1999999999986,6.796542699017367,15.918701345358214,15.918701345358214,253.4050525227094,177.44241505142583,351.07845866953124,39.889691316402704,-0.2873638270520013,11.146789628235329,26.10774667494608,39.78834698367816,2.3421763167407703,7614.430062022651,65931734.75226148,8119.8358821014035,7952189.582827206,1492.0,7.954879208714857,6.392180415747831,10.23298712199962,,,,,,,,,1.0398050365556455,0.1176556073320584,60.04722676419713,2.0796100731112914,0.0572814924257011,29.23443126148826,10.398050365556458,0.0501972814291106,25.61890256885977,11.437855402112104,0.0439462950819292,22.428622027195946,9.358245329000813,0.0369895631820083,18.87815412001573,12.47766043866775,0.0334665238835165,17.08012048224219,3.1194151096669374,0.0187547557192772,9.571758585242618,13.517465475223394,0.0148462883897311,7.577016223534868,4.026908622663337,34.89548331017495,17.76599670714083,0.7006758731869938,0.1871034922833435,0.1199581347721634,0.1057617781734456,0.2687187850322209,0.3184578097388264,0.1176556073320584,0.0572814924257011,0.0187547557192772,0.4868573094314936,,,,,0.998675755239678,1.0210587256828838,1.0210587256828838,1.042560921293155,0.9914022773891207,0.990798691608603
tgt,E,target,32000,18,144000,577.1999999999986,6.654006718827928,15.100083059458033,15.100083059458033,228.01250840253144,179.51546133141758,358.6709211339844,40.3332203687618,-0.2930250752806767,11.888375754262164,26.97855125746122,40.53470654074618,2.269321883419374,7427.274743794898,63781734.42377194,7986.346750784863,8617324.30395837,9108.0,7.853976243457458,9.90952057823194,10.236670620353314,,,,,,,,,1.0398050365556455,0.1203110188862821,51.97954196077253,10.398050365556458,0.056190763001754,24.276829755869706,2.0796100731112914,0.0558583434071093,24.133210173653836,11.437855402112104,0.0444190870276256,19.19095872834413,9.358245329000813,0.0407739032223412,17.616082326203436,12.26969943135662,0.0307888855188306,13.30212462305027,13.309504467912266,0.0153144893306634,6.616518986705952,22.66774979691308,0.0151396874389345,6.540997040752419,4.002233908755201,33.275137802891635,18.16696385182861,0.6955767495923615,0.1924434370280747,0.1297917863242241,0.0718318230592787,0.3094451048182571,0.2964878487701652,0.1203110188862821,0.0558583434071093,0.0140868306226077,0.4642828555831808,,,,,0.9777316908869157,0.9685508404171252,0.9685508404171252,0.9380907304727198,1.0029847550200819,1.0122258162017088
tgt,E,target,32000,19,152000,577.1999999999986,6.753977626890491,15.655582470635109,15.655582470635109,245.09726249485723,179.51157036231487,358.6709211339844,37.56289010577988,-0.1722462726010476,11.466297769438476,26.57864450832284,40.47374162576581,2.3179796166782043,7703.204685615637,66689578.66051385,8166.368756094342,7350216.232023152,9126.0,7.739915898485818,7.982878494181293,10.129806581057858,,,,,,,,,1.0398050365556455,0.1088853737719532,49.90052671486494,2.0796100731112914,0.0653258087933444,29.93783420066748,11.437855402112104,0.0448163175769091,20.53864330017544,10.398050365556458,0.0437934919009599,20.06989769918916,9.358245329000813,0.0387443903756258,17.755970522168255,12.47766043866775,0.0315774546856703,14.47147184735669,3.1194151096669374,0.0274332730949116,12.572255846004502,8.318440292445166,0.0227589929141955,10.43010364547941,4.010889874106463,28.08941914725292,16.441691439564934,0.7051814267655581,0.1696221615584117,0.1457524172074663,0.0571061933571928,0.2817019129664038,0.3458173149105252,0.1088853737719532,0.0653258087933444,0.0274332730949116,0.5999502644823648,,,,,0.9924212950772655,1.004181731944558,1.004181731944558,1.0083809507711725,1.0029630154848723,1.0122258162017088
tgt,E,target,32000,20,160000,577.1999999999986,6.340504127710836,14.778988288486364,14.778988288486364,218.41849483121712,178.98124615844566,357.9304734550781,43.0213860459058,0.0803026283576365,12.110520873601995,28.22823588682632,42.323674876633895,2.3308853666529843,7848.65049936415,68757429.9876503,8292.010008897138,7156115.326481184,8674.0,7.7131952878458625,9.180404024427448,10.3250850797202,,,,,,,,,1.0398050365556455,0.1184754715040288,74.82836717755761,2.0796100731112914,0.0682606002210855,43.11296838291258,10.398050365556458,0.0571915115048928,36.12180114583551,11.437855402112104,0.0541049790454662,34.17236653926745,9.358245329000813,0.0411162466703856,25.968764367483622,12.47766043866775,0.0357821989414491,22.5998131665601,3.1194151096669374,0.0252122900970044,15.923924815961527,8.318440292445166,0.021025873714609,13.279810399338425,3.825858318274913,27.250176923322304,17.88979619710836,0.7572709031077709,0.1946464544401047,0.15133909867591,0.0518839091063564,0.3075228621712189,0.2946076756064099,0.1184754715040288,0.0682606002210855,0.0252122900970044,0.5761580802671723,,,,,0.9316659997232711,0.9479551517011378,0.9479551517011378,0.8986189696367274,1.0,1.0101361562600388
tgt,E,target,32000,21,168000,577.1999999999986,6.763408866834392,15.315524695473265,15.315524695473265,234.56529669765143,178.97253449565164,357.9304734550781,39.44526963046666,0.114553534326239,11.685693964408417,26.4618830562277,39.51039406391256,2.264468258095924,7717.04366826282,67464315.64051463,8213.666394522888,7911552.662639352,8362.0,7.889552877715538,5.3211449900297865,10.203399918666625,,,,,,,,,1.0398050365556455,0.1181260697168552,54.04532931718542,2.0796100731112914,0.0535392446231709,24.49540659389049,10.398050365556458,0.0480910561623427,22.002738038563656,11.437855402112104,0.0471616872558521,21.577530895645644,9.358245329000813,0.0312236005128435,14.285498334362051,12.47766043866775,0.0308167242127448,14.099343291001151,21.83590576766856,0.0161378478424861,7.383427749762395,13.309504467912266,0.0157367325832272,7.19990851194505,4.017638905566689,34.78269499529891,17.837036527245147,0.7024876691359419,0.2040471030466678,0.1052016208041083,0.07618311820934,0.2741073278944027,0.340460830045481,0.1181260697168552,0.0535392446231709,0.0101279293001465,0.4532381780842259,,,,,0.9938071100556932,0.9823697165651405,0.9823697165651405,0.9650502600242747,0.9999513263932339,1.0101361562600388
tgt,E,target,32000,22,176000,577.1999999999986,6.721314355623263,14.85846113146996,14.85846113146996,220.7738671954035,178.44692616660865,354.3388396078125,37.76666322034094,-0.0316983294032599,12.00978517140306,26.54940934540397,39.29503318087359,2.210648147863623,7592.0419102832,64621615.70165469,8038.757099306751,6982515.334158119,8180.0,7.73641950253206,6.8859795451853145,10.22834889448704,,,,,,,,,1.0398050365556455,0.1138584951670305,75.93977589886738,10.398050365556458,0.0538811480394427,35.936908364074355,2.0796100731112914,0.0485756388440621,32.39831268234216,11.437855402112104,0.0483011237293482,32.21522036005521,9.358245329000813,0.0345804469101597,23.06399171171041,12.47766043866775,0.0345741901684282,23.05981867601161,13.309504467912266,0.0209403226790056,13.96648892259492,21.83590576766856,0.0195160328590089,13.016535653083348,3.867139383013818,26.541107448450127,17.192632770221607,0.7508201755360779,0.2107768816023928,0.1218161672457009,0.0423575949464861,0.2922636216010272,0.3327857346043929,0.1138584951670305,0.0485756388440621,0.0180528691086258,0.4266316603989454,,,,,0.9876217935445062,0.9530527057052455,0.9530527057052455,0.9083094598520894,0.9970146593383086,1.0
tgt,E,target,32000,23,184000,577.1999999999986,6.79817260886255,15.042531120888674,15.042531120888674,226.27774252290428,179.15414054017012,348.1961518300781,34.778533154481096,-0.1756336947808063,11.909840112704002,26.353279160135845,39.48191409908214,2.2127315657263567,7551.662465591624,64684574.91621319,8042.672125370596,7656968.921987858,1522.0,7.743639950323566,7.171147156070052,10.152394044566003,,,,,,,,,1.0398050365556455,0.1203698288145325,50.73423831715087,2.0796100731112914,0.0534485630130223,22.52783907992516,10.398050365556458,0.0510635312715362,21.5225807858973,11.437855402112104,0.0424931247852955,17.910271543373117,9.358245329000813,0.0373121120028715,15.726545440109186,12.26969943135662,0.0246780165695069,10.401446825691629,23.707554833468723,0.0165732731157546,6.98540818933532,22.66774979691308,0.0156116426595188,6.58009409011142,4.101593600528531,41.41262582407413,18.17584415099442,0.6733171304533925,0.1881188255798097,0.0978129027528816,0.072952144660437,0.296036498667011,0.3450796283398604,0.1203698288145325,0.0534485630130223,0.0072900028739556,0.4440362135509266,,,,,0.9989152522189062,0.9648593389697824,0.9648593389697824,0.9309535439972058,1.0009659916076985,0.9826643678561087
tgt,E,target,32000,24,192000,577.1999999999986,6.921430981447522,15.862069192349786,15.862069192349786,251.60523906289217,179.14208818272135,354.4400518804688,36.790007104448925,-0.2887462406373119,11.293740180449443,25.882232830591683,39.09024604220863,2.291732625069124,7934.707317148985,70212273.61771357,8379.276437599703,7252693.408895944,8774.0,7.76931874580842,8.831492327883929,10.266691577676443,,,,,,,,,1.0398050365556455,0.1229159681643486,64.38959823519781,2.0796100731112914,0.061796037013987,32.37188833380671,10.398050365556458,0.0531935489042125,27.8654701565458,11.437855402112104,0.0500461610088579,26.216709258358577,9.358245329000813,0.0420011133677088,22.00230658039253,12.26969943135662,0.0291060388406976,15.247214622796,2.9114541023558083,0.0269339678189891,14.109374010914536,13.309504467912266,0.0184323364679269,9.655789702757628,3.878341330196787,30.26664271663501,18.56031119281665,0.7360256423770659,0.2034027694072103,0.1505633542431121,0.0629430128997909,0.3103570613401211,0.2727338021097655,0.1229159681643486,0.061796037013987,0.0269339678189891,0.5027502767651628,,,,,1.0170266882507446,1.0174262212009573,1.0174262212009573,1.0351561155872595,1.0008986529467636,1.0002856369704443
tgt,E,target,32000,25,200000,577.1999999999986,6.595804499910671,15.393638219152155,15.393638219152155,236.96409762214196,175.84029054637082,351.09640211953126,41.8128086139423,-0.009502130637802,11.422919523182369,26.659415170465653,40.12390726803495,2.3338530151035104,7855.035859384996,69303099.48216689,8324.848315865394,7601511.1299427105,8658.0,7.728950353741737,11.486489001354636,10.308976260792171,,,,,,,,,1.0398050365556455,0.1131263262650776,71.35629871803036,2.0796100731112914,0.0660247360603147,41.64619275321869,10.398050365556458,0.0564482990906554,35.60569696747029,11.437855402112104,0.0460958868901976,29.07574198866984,9.358245329000813,0.0434350463037103,27.39737284154888,12.47766043866775,0.0338772860680801,21.368657714259573,3.1194151096669374,0.0259711553707191,16.381735197013132,8.318440292445166,0.0217113372188736,13.694784541377746,3.879545896639188,26.652916398069443,17.082075266026724,0.7482602255418047,0.189636117863691,0.1423666757423245,0.0627663451231534,0.3304492691802112,0.2747815920906198,0.1131263262650776,0.0660247360603147,0.0259711553707191,0.5836372331672994,,,,,0.9691795273078919,0.9873800809922252,0.9873800809922252,0.9749194243402135,0.9824509233258201,0.9908493308499007
tgt,E,target,32000,26,208000,577.1999999999986,7.134640629944977,16.370155322631245,16.370155322631245,267.9819852870721,177.41476073339933,353.65222227890627,36.31211740323515,0.3423998967380452,10.837695625778087,24.86667092785901,38.0678391934621,2.294461090853177,7748.292069345088,68600779.55759779,8282.558756664379,8564749.565721806,8188.0,7.989418089636798,5.7962556742804345,10.195366332861992,,,,,,,,,1.0398050365556455,0.1415155214049077,87.77946177599412,10.398050365556458,0.0665650427954844,41.2890654797178,2.0796100731112914,0.064393274634116,39.94195783799341,11.437855402112104,0.0621722930234549,38.564324003465885,9.358245329000813,0.0420169535484817,26.06233953235301,12.47766043866775,0.0317586239694485,19.699287336885025,5.406986190089358,0.016762626713453,10.397547465120534,21.83590576766856,0.0154339725208671,9.573407831857928,3.8024790438040914,38.76013962582817,21.368843732141062,0.7515179830094114,0.2119940942444694,0.1268795681709338,0.0726630490294999,0.3152352233921683,0.2732280651629283,0.1415155214049077,0.064393274634116,0.0142121131548984,0.4550262331254629,,,,,1.048355455856128,1.0500159259430222,1.0500159259430222,1.1025334447339827,0.9912477678043454,0.9980622577822229
tgt,E,target,32000,27,216000,577.1999999999986,6.95856601992006,15.813795251516694,15.813795251516694,250.07612025689195,177.37551383712784,353.65222227890627,38.31906145674002,0.2068881444112089,11.21650502083645,25.490239415611672,38.28024561344475,2.272565239195085,7932.03650961059,70840228.10816693,8416.663715996197,7923024.918371582,9114.0,7.897978496103076,8.805150861529022,10.253099918022151,,,,,,,,,1.0398050365556455,0.1315031839828979,77.14405620184529,2.0796100731112914,0.068416365109561,40.13527091347344,10.398050365556458,0.0576155958990192,33.79918746845542,11.437855402112104,0.0534787669889054,31.37238872280117,9.358245329000813,0.0392002178723803,22.996126170334914,12.26969943135662,0.0308215359603136,18.080918121791296,3.1194151096669374,0.0160126475243359,9.393541229529156,22.66774979691308,0.0152804691956775,8.964021544719527,3.841958035009212,34.422908937482035,19.856980781417583,0.7454916892956069,0.2009792074177082,0.1451231312535822,0.0802075837314179,0.3215082892304085,0.252181788366883,0.1315031839828979,0.068416365109561,0.0160126475243359,0.5202639437075411,,,,,1.0224832658424337,1.014329829891053,1.014329829891053,1.028865003806813,0.9910284884266796,0.9980622577822229
tgt,E,target,32000,28,224000,577.1999999999986,7.244905255957654,16.78122228802282,16.78122228802282,281.6094214800339,179.90226040978345,356.3385530003906,35.27314520835051,-0.4158735592028055,10.720450353498595,24.83155459649673,37.76096507737477,2.3162790533693887,7787.722085015244,68252492.12376705,8261.506649744164,7603876.850332867,8692.0,7.6595783050565345,12.786880302730268,10.293554012250308,,,,,,,,,1.0398050365556455,0.1245770955474491,70.58145009649162,2.0796100731112914,0.0595313075401446,33.7285597634055,10.398050365556458,0.0568843637763676,32.228884976878746,11.437855402112104,0.0522446356527714,29.60016147375157,9.358245329000813,0.0445754926913368,25.255067146125477,12.26969943135662,0.0345505639800121,19.575258972320817,2.9114541023558083,0.0228199361693484,12.929055528738967,13.309504467912266,0.0210900622864589,11.948963589672346,3.856086023569807,31.26643865559403,18.811141427664825,0.7466319902873086,0.1901548326134611,0.1383247822709291,0.0792964415584238,0.3171396885041453,0.2750842550530404,0.1245770955474491,0.0595313075401446,0.0228199361693484,0.4778671976422214,,,,,1.0645576064988884,1.0763826189757701,1.0763826189757701,1.1585995424331386,1.0051458701462077,1.0056435060711704
tgt,E,target,32000,29,232000,577.1999999999986,7.480621494409654,17.345042287878208,17.345042287878208,300.85049196828334,179.90746775862803,356.3385530003906,32.67119673701216,-0.2649303952844428,10.37227034518954,24.049802264831968,36.97298040795167,2.3186632689326707,7810.230693920779,68358414.31481321,8267.914750093472,7358710.822550943,8652.0,7.817374810495913,8.9227857537148,10.285834233596017,,,,,,,,,1.0398050365556455,0.11709346289412,70.27214166257481,2.0796100731112914,0.0657878741626665,39.48174986522409,10.398050365556458,0.0530262560715827,31.82302825792804,11.437855402112104,0.05158336086076,30.95709318219398,9.358245329000813,0.045316755141452,27.19627004171762,12.47766043866775,0.0332279973344372,19.9413569138409,2.9114541023558083,0.0207968103084167,12.48093927706482,8.318440292445166,0.0200478847869416,12.031481219893823,3.911077887526812,28.76251699355336,17.681112897012127,0.7315863615619507,0.1800933891983695,0.1418147390887993,0.0514793817876464,0.3019810337735407,0.3246314561516439,0.11709346289412,0.0657878741626665,0.0207968103084167,0.5618407085764672,,,,,1.099193465182207,1.112547210425608,1.112547210425608,1.2377612954258028,1.0051749645287553,1.0056435060711704
tgt,E,target,32000,30,240000,577.1999999999986,6.47088420067101,14.356179149082168,14.356179149082168,206.09987976054165,165.73134625804076,331.25529209882814,38.98572349799326,0.0783150419177861,11.544251749507104,25.61185475098277,37.60973977006324,2.2185807540167786,7784.063272266039,68331767.35345581,8266.30312494381,7740126.326814732,8720.0,7.670474015837581,8.01592147264052,10.23726270912107,,,,,,,,,1.0398050365556455,0.1056772901092296,45.53135369849582,2.0796100731112914,0.05309641859316,22.876739293652783,10.398050365556458,0.0496254351460123,21.381256443455214,11.437855402112104,0.0455904093952835,19.64275440153994,12.26969943135662,0.0344173454939739,14.82880881436035,9.358245329000813,0.0344141237137704,14.82742070141922,13.309504467912266,0.0215123548281506,9.268657774585806,3.1194151096669374,0.0177766790915232,7.659131516943665,4.048318116152491,27.41702011843272,15.95727080649368,0.6963516488351811,0.1812463930902824,0.1245385607489885,0.0579983491589722,0.2868038111918151,0.3494128858099418,0.1056772901092296,0.05309641859316,0.0177766790915232,0.5024392519696171,,,,,0.9508238897856011,0.9208352911219951,0.9208352911219951,0.84793763337573,0.925970456766877,0.934854594166043
tgt,F,target,32000,0,0,577.1999999999986,4.552688640477786,5.738986817349175,5.738986817349175,32.935969689707605,23.24750377775153,44.29578943945313,0.1297252560775104,0.0120002649184751,4.050802784120255,5.106324111658708,6.037724255346373,1.2605709000880918,5657.035529481036,37385242.83115077,6114.347293959574,5383191.849340005,2650.0,7.660151771985273,6.233130440215476,6.397757202413076,,,,,,,,,20.172217709179527,0.0313284855743254,6.483375150768535,9.150284321689682,0.0264294166543032,5.4695214289657645,27.24289195775792,0.0259323490614997,5.366654162311942,29.32250203086921,0.0241514782758169,4.99810607621844,9.56620633631194,0.0231220220331083,4.785061912083988,3.535337124289196,0.0215879944225285,4.467597588204367,17.052802599512592,0.0206247100964546,4.26824758617583,12.06173842404549,0.0194707045804432,4.0294281683457545,4.644347696408131,5.480722470104007,4.730601321723012,0.4725018068065119,0.0283531998290851,0.0313959682699149,0.1122318540990222,0.2288188118354919,0.5992001659664855,0.0062517226441411,5.5399789193813865e-05,0.0062420695509253,0.0088615238292554,,,,,0.9899406676527248,0.9927641447972786,0.9927641447972786,0.9855806471950721,1.0052254136056007,0.991173121622088
tgt,F,target,32000,1,8000,577.1999999999986,4.566579571084739,5.739085782266754,5.739085782266754,32.9371056162164,23.23654482842408,44.67680738554688,0.0797665901170652,0.0090521100641533,4.048823403235898,5.088391533906725,5.999245754616551,1.25675808182671,5642.993996292723,36912762.308630094,6075.587404410383,5069381.066434382,7134.0,7.666299562926365,6.35046772704097,6.266004155703516,,,,,,,,,3.7432981316003247,0.043053579221856,8.214422967411055,26.61900893582453,0.0289048931139019,5.514919366909759,25.995125913891144,0.0240052755955784,4.58009509906784,13.517465475223394,0.0214294350677313,4.088636688994589,1.6636880584890332,0.0197758248627568,3.773135541531531,16.844841592201462,0.0183567378591124,3.5023803317167506,24.53939886271324,0.015221157997386,2.90412625626368,11.645816409423231,0.0149166288619991,2.846023511516772,4.6811072698802265,12.13380844917865,6.501090462499965,0.4445199411246097,0.0255942324276202,0.0502195437842585,0.127533278807955,0.1829126069204278,0.6137403380597379,0.0002186501524251,0.0053488518464482,0.0028376882231318,24.463060110672465,,,,,0.9929611239600381,0.9927812643385656,0.9927812643385656,0.9856146388216813,1.0047515470573603,0.9996988698207964
tgt,F,target,32000,2,16000,577.1999999999986,4.532948673544588,5.69926477382145,5.69926477382145,32.48161896212206,21.754286294098588,43.22731306523437,0.0461790869434621,0.0255892236105308,3.8170338030300295,4.799146838140302,5.667670475863478,1.2572974424092895,5625.949415918969,37041495.772705935,6086.172505993068,5390188.942226956,7236.0,7.748587355287858,3.9415323329989898,6.380370996623361,,,,,,,,,26.61900893582453,0.0443212468670219,9.507530854106486,5.199025182778229,0.0336672591936492,7.222100644352394,12.685621445978878,0.0231965073282338,4.975977092711017,8.318440292445166,0.0221205448911376,4.74516801598885,17.884646628757107,0.0196065873751623,4.205888768706839,4.367181153533712,0.0184072211285836,3.948607839112661,23.083671811535336,0.017356731217937,3.7232629775981376,25.995125913891144,0.0161820516835943,3.471277695009865,4.587382065973396,10.326819655357548,6.692508276920095,0.4998614676289279,0.0347563507375379,0.0509120851026295,0.175882937651463,0.1558411998436333,0.5826074266647358,0.0114113580579197,0.0021749955407315,0.0092850178818688,0.1905991845581816,,,,,0.9856483916838499,0.9858927889591383,0.9858927889591383,0.9719845913216285,0.9406584744211598,0.9672646401023842
tgt,F,target,32000,3,24000,577.1999999999986,4.505669437219612,5.6804647065832015,5.6804647065832015,32.267679282737376,21.71929406558668,41.52857300976562,0.1020876481900963,0.0300970542644641,3.823506559315815,4.820436645033717,5.7089662660908855,1.2607371192519794,5612.722392177758,36845066.99044848,6070.013755375558,5342414.338794869,6636.0,7.703191333598146,4.934961689122538,6.34086895879619,,,,,,,,,10.398050365556458,0.034332228390148,7.11690001840971,21.21202274573517,0.0286299425482257,5.9348445528518825,30.778229082047115,0.0285565823156982,5.91963734188111,1.455727051177904,0.0277956603881592,5.761902014637857,19.75629569455727,0.0250836761295836,5.19972117975438,4.9910641754671,0.024080941172191,4.991859215315877,3.9512591389114537,0.0226707787783209,4.699539571718984,11.021933387489844,0.0221826110934999,4.59834484105344,4.586738110593579,6.100070922331879,5.184166486912132,0.5052530534363038,0.0439384943154908,0.0395744405266945,0.0985466658162964,0.2015972873408924,0.6163431120006254,0.0038133340111596,0.0057317642658904,0.0074712311083739,1.5030847671915175,,,,,0.9797167702721625,0.9826406412773404,0.9826406412773404,0.9655826298899431,0.9391454054174878,0.9292532285233015
tgt,F,target,32000,4,32000,577.1999999999986,4.56236055616022,5.731441864608088,5.731441864608088,32.84942584738223,21.787748274767974,42.98703905507813,0.0288998240151645,0.0364492991805141,3.8014427764337113,4.775542837215005,5.648307303209224,1.2562448307309002,5627.602345250859,36969456.05690701,6080.2513152753,5299547.900634054,7288.0,7.663221672641177,7.156352155938219,6.410641728598181,,,,,,,,,11.229894394800974,0.0292302980528641,5.461062816320357,1.455727051177904,0.0281577961496016,5.260688524763442,1.8716490658001623,0.0244410371513864,4.566290734988322,11.853777416734362,0.0223740781911834,4.1801231803499785,17.884646628757107,0.0214463696459322,4.0068004645948525,6.862713241267263,0.018641962580081,3.482856332330168,24.74735987002437,0.017112943840517,3.197191527647414,3.3273761169780665,0.0161857688735976,3.023968499715609,4.662254764503379,5.487287772816849,4.413775005982343,0.4599234952338493,0.0668111158653902,0.0745455578751344,0.0918867858827648,0.2367240471459885,0.5300324932307218,0.0032691240545662,0.0115382163168329,0.0056103964343916,3.5294519634967485,,,,,0.9920437376019899,0.9914589739031937,0.9914589739031937,0.9829908969331739,0.9421053752875934,0.9618882116945161
tgt,F,target,32000,5,40000,577.1999999999986,4.603671951980419,5.775472268448422,5.775472268448422,33.35607992361677,21.89651009077853,43.670992903125,0.0107447227469186,0.0071177286132894,3.7912934342003566,4.756314159473131,5.613924671432188,1.2545360157477468,5623.948767388856,37027400.684293576,6085.014435832801,5398600.946078948,7288.0,7.70685272740788,4.963603592218568,6.4574781947805135,,,,,,,,,7.486596263200649,0.041796663793365,7.622286796438901,25.16328188464663,0.021545218185845,3.9291134076215695,22.875710804224205,0.021520523621733,3.9246099608655087,12.685621445978878,0.0195162054919555,3.5590906531046,3.535337124289196,0.0156318341309581,2.8507137193911443,16.844841592201462,0.0140727346618843,2.5663871196364925,9.77416734362307,0.0135037240224326,2.462618974275217,5.8229082047116165,0.013300144662551,2.425493038231034,4.692173421449406,14.3993845832346,6.311296232797953,0.4279074614681502,0.0263367344202773,0.0540700315800555,0.0834674250543123,0.2151060254572763,0.6210197834880782,0.0050347682163768,0.0068297152211624,0.0057669193955054,1.3565103548541957,,,,,1.0010265242560805,0.9990756155866153,0.9990756155866153,0.9981520856597746,0.9468082518858258,0.9771925256980103
tgt,F,target,32000,6,48000,577.1999999999986,4.580447424846814,5.736732491136574,5.736732491136574,32.91009967486204,21.883886607024152,42.95465673515625,0.0220586583214177,-0.0087173098570522,3.8146953236588255,4.77767444470804,5.626670603886358,1.2524393272186018,5534.1156587698815,36115418.17210441,6009.610484224781,5488982.047462417,6532.0,7.736652956552777,4.296555908364669,6.267117399394798,,,,,,,,,24.33143785540211,0.0319459185131445,8.606699031564508,10.813972380178717,0.0295749314408875,7.96792033655689,1.8716490658001623,0.0274699585164186,7.40080975487048,19.54833468724614,0.0259929610911197,7.002884983832444,6.238830219333875,0.025730317000624,6.932124813377944,12.26969943135662,0.0250820733131133,6.757478455495934,17.46872461413485,0.0248272314999969,6.688820333011557,16.220958570268074,0.02229546103349,6.006724233215196,4.505656880853712,5.072189948501609,4.823833695484641,0.5500145158493603,0.0076168036706219,0.0823801333803598,0.0734862443792913,0.2292266948009931,0.6072901237687335,0.0006603754812022,0.0227438994380537,0.0009918807190709,34.44085986082891,,,,,0.995976562417674,0.9923741780129359,0.9923741780129359,0.9848065091868504,0.9462624106290849,0.9611636172008068
tgt,F,target,32000,7,56000,577.1999999999986,4.573903129780596,5.762442046906427,5.762442046906427,33.20573834395513,21.630183852061943,43.12469896054687,0.1132216514593862,0.0008684737891507,3.753648830823448,4.729042841161961,5.597962771418388,1.2598522276053503,5573.619518441997,36415332.477938384,6034.511784555432,5350097.941580787,7200.0,7.71826506217313,5.042177004696068,6.294981203582665,,,,,,,,,16.844841592201462,0.031029498688314,7.134802976882005,3.7432981316003247,0.0255760219458984,5.880851616372363,4.159220146222583,0.0252002966781358,5.794458800753576,19.75629569455727,0.0249700552408088,5.741517974704686,3.1194151096669374,0.0237398813267743,5.458656540425652,21.627944760357437,0.0193769708845185,4.455465779145354,2.2875710804224205,0.0187444413311986,4.310024378840281,6.446791226645003,0.018185839251452,4.181581576025371,4.632781156220363,5.10313114033955,4.68545430193524,0.4808454048011941,0.0251483909582845,0.0761649611805984,0.1616098768141817,0.1571377414739958,0.5799390295729393,0.0087322593229714,0.0096634561313189,0.0237398813267743,1.106638702860229,,,,,0.9945535650772521,0.9968215702024105,0.9968215702024105,0.9936532428207995,0.9352922669427836,0.9649685224859551
tgt,F,target,32000,8,64000,577.1999999999986,4.588996440242694,5.803798957972353,5.803798957972353,33.68408234456097,24.854396245366736,49.68274956914063,0.2230657748213138,0.012108784735191,4.282435767562445,5.416085318219787,6.422883445886128,1.2647207365591566,5493.924489024025,35627628.85213651,5968.888410092494,5444422.561038617,2652.0,7.6214307613970895,7.412811185635181,6.236558564333369,,,,,,,,,10.398050365556458,0.0312047350233209,6.200045239251409,4.159220146222583,0.0292357608881243,5.808831255091278,21.419983753046303,0.0272480913658815,5.413902698595713,3.3273761169780665,0.0248929214300172,4.945955762415331,8.110479285134037,0.0206833229471129,4.109553818492875,15.389114541023558,0.019957914412226,3.9654229444484046,8.734362307067425,0.019702335712817,3.9146422056489625,19.340373679935013,0.0162603924679226,3.2307651013142418,4.620032932702854,5.559808689268366,4.711914988521252,0.4851663386424754,0.0287272752093143,0.0486093363478368,0.1425632807357678,0.2249758912376895,0.5551242164693913,0.0072768702826311,0.0059925932415581,0.0041481866458995,0.8235124453211905,,,,,0.9978354679297984,1.0039757351713388,1.0039757351713388,1.0079672768128305,1.0747076754785547,1.111713022939219
tgt,F,target,32000,9,72000,577.1999999999986,4.680001867113233,5.87834093531808,5.87834093531808,34.55489215183625,24.854193426556165,49.68274956914063,0.1230983322919061,0.0417170817390938,4.228096617741866,5.310722972399512,6.260574683106206,1.256055254299025,5600.111392296422,36776240.54964773,6064.341724346323,5414992.943519549,1324.0,7.616473329866647,8.050282387422254,6.623662135252309,,,,,,,,,10.606011372867586,0.0264063755141124,4.907779039290035,8.318440292445166,0.0253104588306558,4.704096526140812,6.446791226645003,0.0248699043284327,4.622216900119447,2.703493095044679,0.0221747663555819,4.121309774713952,9.77416734362307,0.0183630186012299,3.4128742030895296,4.575142160844841,0.0166153218390445,3.08805455747385,15.389114541023558,0.0158646209625663,2.94853241728511,1.0398050365556455,0.0147269753979981,2.737094347984575,4.676804258934494,4.778514463166802,3.9873627026309233,0.4540642849182259,0.0477063480156629,0.0878366861181708,0.1094307555332697,0.3270201873822183,0.428006022950678,0.0147269753979981,0.008004148466644,0.0204078125303625,0.5435025352991716,,,,,1.0176237688988687,1.0168704506927992,1.0168704506927992,1.0340255134921772,1.0746989055639569,1.111713022939219
tgt,F,target,32000,10,80000,577.1999999999986,4.619678384791439,5.791783873144987,5.791783873144987,33.54476043322234,22.78200586040808,45.106468903125,0.0469087469047693,0.0186230748633687,3.933504143004792,4.931513400457567,5.814143341226295,1.2537201490499883,5579.3032779947625,36620085.64722402,6051.453184750256,5491460.579380911,1326.0,7.651514985491322,5.904291380597094,6.2873516164945205,,,,,,,,,17.052802599512592,0.0269280212494089,5.229862273007327,8.318440292445166,0.0224173439990888,4.353814955654606,17.884646628757107,0.0202668771996632,3.936159121254305,6.862713241267263,0.0194832509363997,3.783966080688091,16.63688058489033,0.0194205884279891,3.771795996386941,10.190089358245327,0.0174095541703362,3.3812202427356977,25.995125913891144,0.017323189412834,3.364446793888701,30.362307067424855,0.0170841561095654,3.3180226157740704,4.659440299066384,3.405538816807069,4.066131208660575,0.463939420974675,0.0141134872141634,0.0488908521838511,0.1168918076557401,0.2141950644863557,0.6059087884598893,0.0012739164099948,0.0043395440769785,0.0072108049927446,3.4064590419944563,,,,,1.0045069772444088,1.0018972941863817,1.0018972941863817,1.0037981880979934,0.9850972165756067,1.0093130781464184
tgt,F,target,32000,11,88000,577.1999999999986,4.556001951368367,5.723042913440776,5.723042913440776,32.75322018908468,26.659229002975707,49.7510187890625,0.1053475220414372,-0.004891942941194,4.658226297825038,5.851452498821455,6.910998745010338,1.2561546229629337,5556.951270534488,36482071.42283169,6040.039024942777,5602363.999736843,2654.0,7.684343011984423,5.80699254763903,6.364919010925832,,,,,,,,,13.517465475223394,0.0572065480828989,13.515909271421762,22.66774979691308,0.0251238278925737,5.93588303658463,7.070674248578391,0.0211585294560182,4.999021511135992,9.150284321689682,0.02062715498579,4.873476283020736,16.63688058489033,0.0203870100857521,4.816738430630062,28.074735987002438,0.0180745147557649,4.270376552171679,27.45085296506905,0.0180723246434271,4.269859105119824,25.579203899268887,0.0173823452733587,4.106841078730909,4.565363713897352,18.844447576457178,8.638188760517378,0.5090809066407904,0.0157637918106692,0.0254877231418444,0.0474032548676297,0.2206630395912661,0.6906821905885903,0.0003671228507474,0.0028334859698115,0.0050609826186446,7.718086619573171,,,,,0.9906611169199997,0.9900060732713951,0.9900060732713951,0.980112025114247,1.1527489040165069,1.1132406312441383
tgt,F,target,32000,12,96000,577.1999999999986,4.667167461903671,5.8737314090751775,5.8737314090751775,34.500720665956266,26.67632139198809,51.35892012890625,0.113934388255434,0.0137396703889853,4.541631125789551,5.715741209144761,6.759935043772013,1.2585216744457908,5582.526320252841,36577620.59045591,6047.943500931197,5413020.474140175,2650.0,7.638489424764269,8.14897531235562,6.289977017957162,,,,,,,,,22.66774979691308,0.0428108584563845,9.027995865349514,20.796100731112915,0.0268349892946893,5.658988890539852,8.110479285134037,0.0235934128670828,4.975402070727275,26.61900893582453,0.0223546744950593,4.714175706573156,21.83590576766856,0.019584430353034,4.129983901924047,6.446791226645003,0.0189953074768746,4.0057490913661375,28.282696994313564,0.0184508536236459,3.8909341282223866,9.9821283509342,0.0181495553407921,3.827396050502876,4.633147461283877,9.8183054688035,6.464439626913826,0.4763745543649234,0.0187953483808395,0.0341061099260398,0.0429514140209764,0.2338051567783068,0.6703419708938374,0.0035734389521521,0.0048539364521194,0.0040963653237962,1.3583375890156888,,,,,1.0148330444137554,1.0160730673699063,1.0160730673699063,1.0324044782344906,1.1534879813806291,1.1492194141135952
tgt,F,target,32000,13,104000,577.1999999999986,4.619704726183447,5.806925312711458,5.806925312711458,33.720381587409065,24.69053283044876,49.37126249179687,0.1122431030242978,0.0051769920880763,4.251911554019217,5.344612760747029,6.313045369903742,1.2569905777306187,5594.2538100647125,36685652.03443595,6056.868170468625,5389976.343012393,2652.0,7.632576728067455,7.152999942063868,6.256834927533421,,,,,,,,,16.428919577579205,0.0353424127040393,8.266259986586896,17.46872461413485,0.0299144092778728,6.996700720655733,22.459788789601948,0.0284337014460545,6.650376998942561,9.77416734362307,0.0228276796670845,5.339180904224951,17.052802599512592,0.0216236836350682,5.05757748606532,14.141348497156782,0.0208509651515934,4.876845855366168,7.694557270511779,0.0208025140729764,4.865513600948989,4.9910641754671,0.0196337479275968,4.592150123980584,4.563090049864102,6.385262188161339,5.336704318309669,0.5162550342296106,0.0323022611607544,0.0328519235533593,0.0646706860886352,0.1874099700590636,0.682765159138187,0.0123430901900577,0.0042077736679208,0.001301250826681,0.340901152206541,,,,,1.0045127049401181,1.0045165506476035,1.0045165506476035,1.0090535005249595,1.067622197802737,1.1047431139997301
tgt,F,target,32000,14,112000,577.1999999999986,4.556783848299289,5.712149589443354,5.712149589443354,32.62865293217788,24.692090366974277,47.00833441992187,0.1084789517367563,0.0233347594719495,4.322731745786823,5.418753925794525,6.385190687306487,1.253548506930831,5640.21749221872,37041240.82259612,6086.151560928804,5229187.463066092,2654.0,7.682398879862888,5.232623911713153,6.26598696736706,,,,,,,,,4.783103168155971,0.0351379934651648,7.306433372012601,7.694557270511779,0.0279970682805831,5.82158210617701,2.0796100731112914,0.0257301853145553,5.350216848230441,18.50852965069049,0.0205954453449635,4.282522544410104,3.9512591389114537,0.0192957328712027,4.01226628741235,16.844841592201462,0.0179464086294678,3.731693986684612,3.3273761169780665,0.0172317129296575,3.583083437334238,13.725426482534523,0.0168462787992241,3.502938030166838,4.6196476689735135,5.865626599851272,5.305837013239682,0.4881082365320157,0.0414524128365225,0.0706347539601872,0.177195710242426,0.1788471077895452,0.5318700151713185,0.0068022041969413,0.0257301853145553,0.0141582647207614,3.782624656040552,,,,,0.9908311332841653,0.9881216811606469,0.9881216811606469,0.9763844567797436,1.0676895459065607,1.0518696733678587
tgt,F,target,32000,15,120000,577.1999999999986,4.546524697587111,5.692484240879761,5.692484240879761,32.404376832664425,24.1988329256783,46.41297635625,0.0403219756849515,0.028631073268613,4.251014478335064,5.322490151327135,6.269714813187826,1.2520517581042885,5619.727849099218,37074672.280478746,6088.897460171155,5493331.182537423,7272.0,7.69737091890908,5.420441660468764,6.605674646250587,,,,,,,,,2.0796100731112914,0.0323361499298543,6.195310114530455,3.7432981316003247,0.0234309617126406,4.489157627187942,6.238830219333875,0.0230651172127377,4.419065172288068,2.703493095044679,0.022038059903548,4.222290400101878,19.340373679935013,0.0188775068282915,3.616757382809397,11.853777416734362,0.0165227268038951,3.1656031008592094,7.694557270511779,0.016408348225099,3.1436892129152736,17.46872461413485,0.015363410437982,2.9434887049505143,4.701922818037406,6.260294214989467,4.882758639407924,0.4337064814692932,0.0182969152003808,0.1228199825651031,0.1113630154106371,0.2128207613918627,0.5346993254320159,0.0057931637460991,0.0323361499298543,0.0166958318812071,5.581777305370695,,,,,0.9886003744276807,0.984719851957998,0.984719851957998,0.9696731868401818,1.0463610230603653,1.0385477997107897
tgt,F,target,32000,16,128000,577.1999999999986,4.509314976707274,5.655228065912344,5.655228065912344,31.98160447748267,23.68153291253357,44.511251022656246,0.0289201501710629,-0.0089364193421304,4.187546927642589,5.2516918944129065,6.197263086598225,1.2541213233324784,5608.355550334877,36809960.67925272,6067.121284369772,5356308.700280694,2652.0,7.669855233519841,5.633174050186241,6.252638651798746,,,,,,,,,3.3273761169780665,0.0318519181943533,6.973900406457758,1.0398050365556455,0.0304286119931531,6.662270958130743,17.676685621445976,0.0267485817298516,5.856537237718095,30.154346060113728,0.0222213054794295,4.865301058775435,8.734362307067425,0.0215126635283633,4.710145618515337,9.150284321689682,0.019876120616913,4.351828508515589,31.402112103980503,0.0187933664965537,4.114762114146734,11.853777416734362,0.0186380233179063,4.080750101115068,4.614866948953704,5.787383469051136,4.809639647347127,0.4913289818331672,0.0975729018587639,0.0404646666842406,0.1119771155931943,0.1860153254747732,0.5639699903890275,0.0304286119931531,0.0060399563593618,0.0037399513419185,0.1984959537596522,,,,,0.9805094596211078,0.9782750567603277,0.9782750567603277,0.9570220866794226,1.0239928959425948,0.9959943412620491
tgt,F,target,32000,17,136000,577.1999999999986,4.618877787975747,5.803750016614755,5.803750016614755,33.68351425535577,22.101430659954342,43.1478291890625,0.0529624091768372,-0.0235134891576211,3.808129329602309,4.785021746512945,5.6564248055106825,1.2565281618237032,5646.699647802665,37203587.63025899,6099.474373276684,5318370.717764253,7468.0,7.657262377884182,5.967345903463304,6.475255438804061,,,,,,,,,7.278635255889521,0.0344500440609137,7.56161658032964,15.389114541023558,0.0260003216598059,5.706943741757222,6.446791226645003,0.0223685815681745,4.909794511881921,0.8318440292445166,0.0219947198535106,4.82773368968516,16.220958570268074,0.0216601905994697,4.754306150681502,18.09260763606824,0.020042467404661,4.399223802728047,23.91551584077985,0.0187698117100308,4.119882087386522,2.0796100731112914,0.017750219934279,3.896086667471807,4.652697898190679,5.896683841959574,5.2019566531978425,0.468978193386502,0.0376144919416001,0.0391812032896932,0.057455181581533,0.2236206370908423,0.6421284860963311,0.0077960272945054,0.017750219934279,0.0008862743128129,2.276828859297663,,,,,1.0043328947606651,1.0039672690036043,1.0039672690036043,1.0079502772305562,0.9556690468286011,0.9654860899814617
tgt,F,target,32000,18,144000,577.1999999999986,4.624753086752282,5.815505170889593,5.815505170889593,33.8201003926436,23.098520402657226,44.11929878671874,0.0590088237449868,-0.0121667220885451,3.971885455158127,4.99454132347487,5.91067085530148,1.2574736557389392,5644.170071653464,37178710.85398964,6097.434776526079,5322055.056240976,2484.0,7.676711549588085,5.910212728974601,6.354890458983733,,,,,,,,,17.052802599512592,0.0298612710375519,6.205353163322376,3.7432981316003247,0.0285481807539727,5.932485041443392,23.707554833468723,0.0257294638627923,5.346738582252128,1.247766043866775,0.0253999497279128,5.278263547259049,28.906580016246952,0.0209755338088967,4.358843095115725,14.9731925264013,0.0154746861843124,3.215733608408257,8.110479285134037,0.0151334938185618,3.144831766237873,6.862713241267263,0.014121947446911,2.9346262974459782,4.64980170344217,6.295159239191064,4.509051926670205,0.4687700292633769,0.0837226158277777,0.0403158476051657,0.1149660761874177,0.1599612385725192,0.6010342218071195,0.0219514715826965,0.0129866071616061,0.0123207493509481,0.591605310472733,,,,,1.0056104249527784,1.0060007456523643,1.0060007456523643,1.0120375002531135,0.998783350996158,0.9872239247927375
tgt,F,target,32000,19,152000,577.1999999999986,4.493114934923671,5.667410217319507,5.667410217319507,32.11953857137754,23.1171387513271,44.69026497304687,0.1146713342559282,0.0057973589874915,4.078959853775442,5.145013890394653,6.095145095329396,1.2613543831846186,5574.48043146547,36305364.157730274,6025.393278262447,5230532.076938817,2652.0,7.6947832501509055,4.765634611823647,6.232803237752565,,,,,,,,,21.83590576766856,0.045890604095217,10.069853581551882,6.030869212022745,0.0304103126283344,6.672986803598499,6.862713241267263,0.0239567321726677,5.256866629401392,18.09260763606824,0.0233047165595231,5.113793730565085,13.101543460601135,0.0210203211586016,4.612524948791799,0.8318440292445166,0.0184786581478553,4.054803496296701,8.526401299756296,0.0173828310556747,3.8143442871291753,4.367181153533712,0.0163933401138642,3.5972186009292275,4.597238450470993,10.699730645833936,6.929481218377457,0.4965085002651639,0.0438772175582486,0.0522512283380467,0.1227964731969587,0.2395493136155499,0.5415257672911957,0.0095956424738639,0.002946483788927,0.0076211371410735,0.3070647741040179,,,,,0.9769869081255637,0.9803823979179972,0.9803823979179972,0.9611496461474425,0.99958841107578,1.0
tgt,F,target,32000,20,160000,577.1999999999986,4.518661024430518,5.7060734826342525,5.7060734826342525,32.559274589221786,21.984747601932145,43.58842499648438,0.0958491287162419,0.0074225497176297,3.852867943049844,4.865323484781201,5.771771113908216,1.262779715447259,5591.130116475196,36440910.06702542,6036.630688308291,5180174.087669479,7302.0,7.68607535606157,5.946199968488905,6.2369763573611,,,,,,,,,9.150284321689682,0.0385331979467559,8.496604908042517,11.645816409423231,0.0310290251157569,6.841928029295855,28.282696994313564,0.0242600983625275,5.349373573962602,30.98619008935824,0.0228906538237826,5.047409817793958,5.406986190089358,0.0224333311475902,4.946569755142918,19.75629569455727,0.0203626684048021,4.489986752414087,16.012997562956944,0.0195292518000441,4.3062176392401685,7.278635255889521,0.0188961475003365,4.166617570031508,4.5874573141220765,6.832812261186904,5.818512889959887,0.505723664543354,0.0276815186766354,0.0445851233970613,0.0754023627049687,0.2860959467716567,0.5662350484496776,0.0045351288383763,0.0035173391256644,0.008767038450312,0.7755764500282905,,,,,0.9825416725514634,0.9870705999903959,0.9870705999903959,0.9743083693654006,0.9506236545842355,0.975344966577687
tgt,F,target,32000,21,168000,577.1999999999986,4.6209013186663945,5.826625347845583,5.826625347845583,33.94956294415665,24.006866370728336,46.65002615273437,0.0548490167905617,-0.0083368334532421,4.120200791629901,5.195277872251033,6.163314121926893,1.260928322426479,5689.150113706611,37686830.20453547,6138.960026302132,5320401.188247514,7292.0,7.689569243159672,5.702021407521929,6.4122941709315455,,,,,,,,,8.318440292445166,0.0307010753273678,6.503980602154967,3.535337124289196,0.0281626884833322,5.966226838863939,2.9114541023558083,0.0231987208230328,4.914617114186599,5.406986190089358,0.0215873637588976,4.573253335344017,28.282696994313564,0.0206376421411272,4.372056116238174,16.012997562956944,0.0200090868840063,4.238897549116159,26.61900893582453,0.0171872702304088,3.6410995703113263,25.579203899268887,0.0169749974884612,3.596129881749211,4.636894240381432,5.151958510835486,4.635862374432414,0.479089369653296,0.0396697285187718,0.0793506513648585,0.1139140499007446,0.1791243186718468,0.5879412515437781,0.0009910213242916,0.0076593929459896,0.0231987208230328,7.728787212258496,,,,,1.0047728930739925,1.0079243801399596,1.0079243801399596,1.0159115560805216,1.038060361559551,1.043852082346557
tgt,F,target,32000,22,176000,577.1999999999986,4.662048549008238,5.87385162756755,5.87385162756755,34.50213294267795,24.047792195773315,46.65002615273437,0.0614374584975268,-0.0059338921301783,4.094041477470512,5.158202867896746,6.1125407537039695,1.259929313437939,5624.067809467904,36781010.50892915,6064.734990824343,5150871.783436044,2652.0,7.601658683124686,7.484279341376778,6.237113822886163,,,,,,,,,1.8716490658001623,0.0384313602184118,9.328778152099195,9.9821283509342,0.0287811960926584,6.986309924358165,3.1194151096669374,0.02832560465243,6.8757202535858735,18.09260763606824,0.0203712542871966,4.944891641753875,22.875710804224205,0.0192248931823584,4.666625445385744,26.61900893582453,0.0186514165106442,4.527420467590993,23.707554833468723,0.0153981156616271,3.7377184713557385,16.428919577579205,0.0143787031905814,3.490267620440687,4.579602092057064,7.828280853749441,5.803135392979891,0.5079190224322354,0.0342669818183638,0.147523746829561,0.0977250374573974,0.1470244925081113,0.5734597413865661,0.0078302614669421,0.023830617534052,0.02832560465243,3.0433999722253167,,,,,1.0137199834404425,1.0160938634812353,1.0160938634812353,1.0324467394042236,1.0398300001324183,1.043852082346557
tgt,F,target,32000,23,184000,577.1999999999986,4.614654659233885,5.811391876186191,5.811391876186191,33.772275538602855,22.670276968998945,44.61218292890625,0.0609269398351917,0.0192288064834167,3.901006411543656,4.912670317296874,5.818649386542835,1.2593340792157404,5631.4597905904175,37122366.04243302,6092.812654466985,5409026.669396346,7116.0,7.67998914218445,5.382803125527268,6.301853862232631,,,,,,,,,22.459788789601948,0.0517193821723339,12.357066241725104,7.278635255889521,0.0347179480594181,8.294994370147192,4.575142160844841,0.0248668498952067,5.941318292515826,0.8318440292445166,0.0218131115289688,5.211703094276185,12.47766043866775,0.0213677546734039,5.105296096855294,2.2875710804224205,0.0207304343094316,4.953024170470632,24.9553208773355,0.0187935519383216,4.490254068490586,21.627944760357437,0.0178096156692296,4.255166850814772,4.576758894111368,14.475327727034289,7.809626708022118,0.5038357123417294,0.0353312048799839,0.0628368403035713,0.0996690601116477,0.1634993042229574,0.6386635904818391,0.0049304318951261,0.0025272943259992,0.009282461654625,0.5125908600390453,,,,,1.0034146138905145,1.0052892034187808,1.0052892034187808,1.0106063825103673,0.980266043209547,0.9982528176060779
tgt,F,target,32000,24,192000,577.1999999999986,4.5799547878646205,5.770123244979805,5.770123244979805,33.29432226225627,23.350570733986785,45.315061509375,0.0858788422827885,0.0005686703148677,4.046806236642951,5.098428219390516,6.039173418997575,1.259864673832039,5605.749015291635,36664608.78397386,6055.130781739884,5240186.761530725,6704.0,7.634052716638169,6.903781535015387,6.298988069964033,,,,,,,,,2.2875710804224205,0.0361019124081827,7.888008225981188,18.300568643379364,0.031403502936539,6.86143954611942,21.83590576766856,0.0275549206086664,6.020551985444266,5.614947197400487,0.0270877137354236,5.918470643666398,25.579203899268887,0.0253607594869106,5.541143560155008,18.716490658001625,0.0234087738094024,5.114648727773424,4.575142160844841,0.0211712827547129,4.625773023755328,8.734362307067425,0.0207299976188191,4.529355395166091,4.58930632440644,6.761318423404163,5.451388773635365,0.5031129623648112,0.0276601680763079,0.0725615313909259,0.1216448796450401,0.149859736397004,0.6282736844907219,0.0021562220518851,0.0098008012084784,0.0078374275953395,4.545358023476494,,,,,0.9958694429940597,0.9981503096261156,0.9981503096261156,0.9963040406067106,1.0096820436464486,1.0139805959240775
tgt,F,target,32000,25,200000,577.1999999999986,4.624185841871412,5.812833643636972,5.812833643636972,33.78903496859787,23.34614929919292,46.44802215703125,0.098678394832957,-0.0063442755297875,4.016311274406554,5.048704809350754,5.96534391235654,1.2570501797313698,5567.063993664358,36522642.98081975,6043.396642685283,5530441.471265582,2648.0,7.659379544647743,6.955623309860847,6.490056813573573,,,,,,,,,27.866774979691307,0.0376467963870218,8.471726683934675,8.526401299756296,0.0259274625319941,5.834503789404311,17.676685621445976,0.0217198398843091,4.887654854534263,7.278635255889521,0.0205218404481863,4.618066874563715,3.3273761169780665,0.0194232002117004,4.370837875001589,30.154346060113728,0.0189008844517559,4.253300214812096,15.389114541023558,0.0181386025147061,4.081762531754084,6.238830219333875,0.0165894490962494,3.7331537359954976,4.624954954031369,6.518690582450569,5.684666254440151,0.4834357374699094,0.0376965888133847,0.0386701647730501,0.1055962293671308,0.1875620140554786,0.6304750029909556,0.0026686433262539,0.0099822961385421,0.0146753793254135,3.740588349367028,,,,,1.0054870827213116,1.0055386089455445,1.0055386089455445,1.011107894080141,1.009490860168778,1.0393319928857996
tgt,F,target,32000,26,208000,577.1999999999986,4.685396432693559,5.885521714476654,5.885521714476654,34.63936585157621,23.082680098967963,46.04036940234375,0.0806247231923462,0.0351774333647292,3.921942899673181,4.926515916112817,5.816233389371474,1.2561416731800228,5605.64986198289,36778634.17651869,6064.539073706978,5355323.801369905,2654.0,7.664665546630953,5.855850856257991,6.370015766815542,,,,,,,,,12.893582453290009,0.0468686823161578,10.500881497328075,8.526401299756296,0.0352445082546471,7.89649689993655,11.853777416734362,0.0265923809620376,5.957996414972648,6.446791226645003,0.0214099572343091,4.796879550907173,4.367181153533712,0.0208412456935313,4.669460297778062,27.866774979691307,0.0174935054150389,3.919402429473937,7.486596263200649,0.0165668613157342,3.711788743828608,2.2875710804224205,0.0162421556827697,3.6390387708237215,4.61042679305814,12.615080706730849,7.077171029739604,0.4863621132386939,0.0123678125367434,0.0535984010668533,0.107235888740468,0.260156309349373,0.566641588306562,0.003751295554164,0.0129716249735107,0.0075384708052568,3.457905351033718,,,,,1.0187967680371812,1.0181126246700574,1.0181126246700574,1.0365533165125536,0.9980984139818487,1.0302102578740837
tgt,F,target,32000,27,216000,577.1999999999986,4.659198325379906,5.864332796311413,5.864332796311413,34.39039914589364,22.721252431337277,44.455177741406246,0.1004304662625599,0.025259286430381,3.8744820972003433,4.876644187383831,5.76739283394496,1.2586570450039778,5570.972610265034,36279341.17932175,6023.233448848031,5243605.354998548,1324.0,7.646839478191922,5.8090743990848335,6.2936559755306325,,,,,,,,,4.9910641754671,0.0285636214706101,6.1396481963298575,28.074735987002438,0.0284597202036633,6.117314990897102,1.455727051177904,0.026304041717254,5.653959616139469,8.942323314378553,0.0240502591259323,5.169517115178389,2.9114541023558083,0.0235882941418637,5.070219395380399,29.73842404549147,0.0233858794033788,5.026711071853283,30.98619008935824,0.0210728129449067,4.529525715845063,20.796100731112915,0.0205393052036641,4.414850136468061,4.567564847010706,4.876339668896054,4.313106842061913,0.5148021371489402,0.0897287843080047,0.0555117432491777,0.1047690494904157,0.1796960634835457,0.5702943594688554,0.0185153523348151,0.0004044359229063,0.0235882941418637,0.0218432744660238,,,,,1.0131002282793924,1.014447239317036,1.014447239317036,1.0291032013579562,0.9824702295472572,0.9947396321820332
tgt,F,target,32000,28,224000,577.1999999999986,4.598951017208727,5.780815964622764,5.780815964622764,33.41783321683742,23.12665742737844,44.13261619101562,0.1007101710547613,0.0173799196898987,4.000587039771574,5.028680962427348,5.938485013125272,1.2569857654474648,5529.278975654825,36122296.6728864,6010.182748709593,5549370.68226792,1326.0,7.681111026632725,5.378051957940649,6.232779175611969,,,,,,,,,3.535337124289196,0.0414094377473971,8.718258445382594,12.47766043866775,0.0368185205594966,7.751696117499232,21.419983753046303,0.0215307443482821,4.533038938969487,22.459788789601948,0.0196525271414492,4.137602924464244,9.150284321689682,0.0188597405523561,3.970691255247455,18.300568643379364,0.0183572974299292,3.864907906481788,13.725426482534523,0.0175063156753814,3.6857439459926464,17.052802599512592,0.0165860091701102,3.49198449408061,4.589437688003311,14.620685266050774,7.3423673420013955,0.4918765164352476,0.0757545670117907,0.0316528617224387,0.15504133093869,0.168061895554587,0.5694893447724932,0.001757795243363,0.0026698888995111,0.0100393386239644,1.5188850396956437,,,,,0.9999999999999998,0.9999999999999999,0.9999999999999999,1.0,1.0,0.9875219181992415
tgt,F,target,32000,29,232000,577.1999999999986,4.660338624881648,5.851554542202219,5.851554542202219,34.24069056036742,23.14660440200185,45.96242754140624,0.0144945326360801,0.0457280899969749,3.955633368032613,4.966721576500185,5.872402422292549,1.2556071593079927,5537.548335178363,36013516.4968496,6001.126269030639,5349074.9324129205,2652.0,7.601115484879246,9.630832574086352,6.244853322827417,,,,,,,,,12.685621445978878,0.0444612683840847,9.013235995385788,28.282696994313564,0.0243062117798586,4.92738131159822,1.0398050365556455,0.022840418283153,4.630234082414833,18.50852965069049,0.0224402743156229,4.54911646830804,19.54833468724614,0.0220457959381467,4.469147388691265,11.229894394800974,0.021822715854081,4.423924354877084,23.499593826157597,0.0211460151107518,4.286742854673598,24.12347684809098,0.0202965774580207,4.114543942998528,4.634749930210109,13.06346402207646,6.713651525996482,0.4667245942337426,0.038323185800926,0.0212119355134183,0.0827647961995545,0.1786884772203781,0.6790116052657226,0.022840418283153,0.0049419256665324,0.004186263046296,0.2163675640722044,,,,,1.0133481760173602,1.012236780761117,1.012236780761117,1.0246233003256298,1.0008625100573243,1.0284662122528614
tgt,F,target,32000,30,240000,577.1999999999986,4.645024781683448,5.836342798634454,5.836342798634454,34.06289726317225,22.807268704754296,44.99306069179687,-0.0138183086521013,0.0059624963335315,3.9078014249071646,4.910042416713132,5.817624224425498,1.2564718323242168,5644.135183438678,37012034.85415502,6083.751708785872,5155772.885224661,1324.0,7.628186289128105,6.2849027611398185,6.236345494986785,,,,,,,,,18.50852965069049,0.0359011144218871,7.424629480819548,14.34930950446791,0.0330434431617015,6.8336408547971335,4.575142160844841,0.0273132131243334,5.648584748533668,16.220958570268074,0.0218549362686703,4.5197706738283685,31.61007311129163,0.0192236550391008,3.9756012656085833,7.694557270511779,0.0190078440195029,3.930969869503079,1.247766043866775,0.0189019531417925,3.9090708130236815,2.703493095044679,0.0184534152500791,3.8163096910444256,4.61508211912475,7.129181299534943,5.421068277704689,0.4873029681419696,0.0547374670711349,0.0546992197298639,0.1314117802047331,0.1735856447822711,0.5855658882119966,0.0180423803250668,0.0126334770932722,0.0146145456025475,0.7002112174201333,,,,,1.0100183203305095,1.0096053626947303,1.0096053626947303,1.0193029883819582,0.9861895856058284,1.006775429032086
tgt,G,target,32000,0,0,577.1999999999986,1.2628788452984,1.6398175176893914,1.6398175176893914,2.689001491320998,9.345702015160784,17.893404596484373,1.2147429835846282,-0.0411048800555133,5.699232941677425,7.400315596342995,8.875714209032221,1.2984757198150925,5327.818590618969,39119438.65582132,6254.5534337649815,10733787.72127622,276.0,7.776629188367368,19.748174828211432,6.7309764221346144,,,,,,,,,0.8318440292445166,0.0334492878452552,7.120115996804953,2.9114541023558083,0.032130586954486,6.839413359702375,3.9512591389114537,0.0306769440513859,6.529986560068029,9.56620633631194,0.0204800620496522,4.359447593918564,16.220958570268074,0.0199216827958759,4.240589306845608,18.924451665312752,0.0195990134769998,4.171904945323881,14.9731925264013,0.0179698687175689,3.825120292795616,12.685621445978878,0.0168313990644366,3.5827822189136005,4.602389485026226,6.656034036160555,5.050842464633494,0.4951265970769276,0.0778966029481016,0.0647801644264642,0.1335130999314867,0.1782390443818698,0.5455710883120776,0.0200585865544713,0.0044362113047323,0.032130586954486,0.2211627071760083,,,,,1.021729119168989,1.0225982985511919,1.0225982985511919,1.0457072801997938,0.9989224513325644,0.9875896539184661
tgt,G,target,32000,1,8000,577.1999999999986,1.3214737120668167,1.732507945487206,1.732507945487206,3.0015837811762998,9.08746558497858,17.8643866734375,1.5968266334854588,-0.1042045989007726,5.245266325412326,6.876766069571439,8.272622615683769,1.311042308042746,5335.348687747239,39431018.01732973,6279.4122350208645,10965072.397483546,276.0,7.708538237942527,26.468424145631648,6.843157681995447,,,,,,,,,0.8318440292445166,0.0428297364255592,9.497476464611625,2.0796100731112914,0.0302844228370111,6.715558328003514,15.181153533712427,0.0232447244817794,5.154508108537806,21.83590576766856,0.0215256032594827,4.773293683439589,2.9114541023558083,0.0213268126637521,4.729211950468409,4.9910641754671,0.0208983632858074,4.634203476849164,1.6636880584890332,0.0197169199549359,4.372218903380523,3.9512591389114537,0.0191047904322342,4.236479433088482,4.58197260013222,8.42443950874492,6.467290200259406,0.5076752237326627,0.084392429170513,0.105140275287736,0.1315343596304188,0.2021935470282636,0.4767393888830685,0.0152108120644514,0.0302844228370111,0.0213268126637521,1.9909800151825288,,,,,1.0691351564416876,1.0804005068673865,1.0804005068673865,1.167265255239307,0.9713206545448524,0.985988069355575
tgt,G,target,32000,2,16000,577.1999999999986,1.281960558471714,1.6721642102459318,1.6721642102459318,2.7961331460274006,9.091261204667603,17.8643866734375,1.4260990898486785,-0.0308442669069535,5.436823219248951,7.09168557845386,8.505726691402732,1.304380387675962,4874.684889193569,35684750.35532049,5973.671430144153,11922197.586388376,346.0,7.734674560218812,29.150955147706423,6.634265200389887,,,,,,,,,1.0398050365556455,0.0387888961059443,7.802336642051133,21.83590576766856,0.0303856850952008,6.112041537984905,15.597075548334686,0.0228566807690953,4.597591985945908,30.98619008935824,0.0210924054923101,4.24271027956457,14.9731925264013,0.0210707513322457,4.238354573074193,5.614947197400487,0.0203753254252877,4.098470544901022,3.535337124289196,0.0186540770231787,3.752243639109052,6.654752233956133,0.0183730597643865,3.6957173783633386,4.625528478841751,8.008942709706883,5.857123311997521,0.4789688368910225,0.0936897486923639,0.0611952356860479,0.1205170110379796,0.1554798127550932,0.5691181918285152,0.0387888961059443,0.0031345977300572,0.0125870608059536,0.080811728217655,,,,,1.0371671337223158,1.0427698557002367,1.0427698557002367,1.087368971957094,0.9717263522353988,0.985988069355575
tgt,G,target,32000,3,24000,577.1999999999986,1.2504952627095454,1.6161847681318255,1.6161847681318255,2.6120532047413225,8.769598685690697,16.894178724609375,0.960855578775424,0.0099067201593888,5.426111456193337,7.012900366117271,8.393053663133845,1.292435738323886,5069.600950754045,36626693.48918895,6051.999131624933,10925839.689302638,276.0,7.886340558676203,11.790084985172014,6.61878652530915,,,,,,,,,23.707554833468723,0.0321277532360247,7.567500593371975,0.8318440292445166,0.0321067238530642,7.562547247681638,21.627944760357437,0.0310038279911765,7.302766707537796,13.101543460601135,0.0272471705559415,6.417908461728093,17.052802599512592,0.0252777120295531,5.954014256068108,2.9114541023558083,0.0190596585690633,4.489388861749756,25.579203899268887,0.0175626563825361,4.136778928163713,25.995125913891144,0.0173682955211813,4.090998386872019,4.521921631703754,6.440913140201835,4.851290738639666,0.5357321450790891,0.1261134230387253,0.0467089615628138,0.0619700790673519,0.1189603070410445,0.6462472292900643,0.0311294610185489,0.0051983336158962,0.0190596585690633,0.1669908005356012,,,,,1.0117102111971183,1.0078607992703537,1.0078607992703537,1.015783390705877,0.9373452098196688,0.9324394376658646
tgt,G,target,32000,4,32000,577.1999999999986,1.2363564500942454,1.603579352725962,1.603579352725962,2.571466740489015,9.832457261129337,18.70380369375,1.3540987437078114,-0.0712919411619022,6.131568883328899,7.952769009594175,9.521203884735112,1.297020250593934,4947.616077677955,36284152.38319916,6023.632822740705,11805247.531101763,346.0,7.760587057627591,32.95205079497874,6.76518506740366,,,,,,,,,2.9114541023558083,0.036264289029799,8.606378528572558,6.654752233956133,0.0296679637345189,7.040913606810841,10.398050365556458,0.0272882903088251,6.4761604895202485,5.199025182778229,0.023138763505096,5.491379060108959,1.455727051177904,0.0230434462980637,5.468758019246075,6.030869212022745,0.0219495025759734,5.209139148639562,3.7432981316003247,0.0210583445286577,4.9976461430085735,1.8716490658001623,0.0200644974314248,4.761782582819075,4.560548017482991,5.6742549609389314,5.47590764349961,0.5202504245287427,0.0694137703789535,0.1150135623431837,0.1792172396335705,0.298301682125538,0.3380537455187539,0.0158385147590327,0.015618923065048,0.036264289029799,0.986135587944218,,,,,1.0002712385567045,0.9999999999999993,0.9999999999999993,0.9999999999999997,1.050949655143805,1.0323179648270366
tgt,G,target,32000,5,40000,577.1999999999986,1.236021193489666,1.5918009522406158,1.5918009522406158,2.533830271554131,9.841139980933194,18.70380369375,1.038486174468983,-0.087726827403097,6.182393575700933,7.961950840940422,9.505217157234414,1.2878427656609888,5020.17609675906,36635378.29385981,6052.716604456202,11433210.25138878,346.0,7.737184590755405,30.067809091683703,6.672816350041126,,,,,,,,,14.55727051177904,0.0279150262880959,5.852109506651291,18.716490658001625,0.0270005139072549,5.66039101988947,1.247766043866775,0.0245496670919096,5.146595195396739,11.229894394800974,0.0212406819354378,4.452899144685369,1.8716490658001623,0.0206711754404898,4.333507733809055,30.778229082047115,0.0195939766689073,4.107683652302855,11.853777416734362,0.0171353220719697,3.5922510035273767,17.052802599512592,0.0150990979273146,3.165376726153316,4.664269203767082,4.858966991545885,4.215168969502449,0.460966056147541,0.0701891433961105,0.047865344452111,0.056254861228961,0.2327675482908384,0.5929231026319789,0.0079552043255273,0.0101713216278232,0.0080645314733654,1.2785745293689117,,,,,0.9999999999999991,0.9926549313164172,0.9926549313164172,0.9853638126668022,1.051877714238417,1.0323179648270366
tgt,G,target,32000,6,48000,577.1999999999986,1.19934171413172,1.5444302621084065,1.5444302621084065,2.385264834516241,8.53275154154934,15.85107551015625,0.7062583103027933,-0.0453371850364101,5.52485389006505,7.114529112930612,8.522006271457888,1.287731631368488,5002.382623586087,36282956.57052365,6023.5335618325935,11259124.657767637,276.0,7.824249354172011,18.63079997538051,6.580287288559013,,,,,,,,,6.446791226645003,0.0351851332559784,7.625944517668667,13.517465475223394,0.0327197154701078,7.0915955609334125,5.199025182778229,0.0323604381063502,7.013726614906217,28.906580016246952,0.0291785716764299,6.324096233782616,7.278635255889521,0.0266129843576953,5.768036763847838,20.588139723801785,0.0220004786608582,4.768332932243504,1.6636880584890332,0.0165338633199736,3.5835113490557067,18.716490658001625,0.0161577649282086,3.5019966522683306,4.58674970492808,7.497777705298718,5.312955121652689,0.5023195233842299,0.0359627262348984,0.0498139336995576,0.1126886545386525,0.1774659342357663,0.6240687512911248,0.0072468904849425,0.0060551244084876,0.0020811855460871,0.8355479388343536,,,,,0.9703245546669068,0.963114335117244,0.963114335117244,0.927589222508332,0.9120296231004477,0.8748675017601956
tgt,G,target,32000,7,56000,577.1999999999986,1.1886585796129563,1.5332464413054954,1.5332464413054954,2.350844649775966,7.526046773127319,14.69344261875,0.7359441051308866,-0.0027160564366841,4.90856953609773,6.331546250708569,7.59682142768977,1.2898964156750976,5139.772892775733,37740579.20421824,6143.336162397288,11323313.81490601,276.0,7.923782405754995,11.54997606590942,6.708628470849501,,,,,,,,,6.862713241267263,0.0424520595215592,8.975189569554265,2.9114541023558083,0.0285952902504861,6.04559952301493,8.734362307067425,0.0248272465138721,5.248961922304228,3.9512591389114537,0.0246877867293259,5.219477416305278,26.61900893582453,0.0206449861108467,4.364750876493134,1.6636880584890332,0.0176067725699456,3.722413548464888,23.291632818846463,0.0174554821893137,3.690427824767977,28.69861900893582,0.0170798925578925,3.6110208847901495,4.614734046288722,9.14172897400888,6.41026098775537,0.4865759499493332,0.0345301145253486,0.1080289276294173,0.1076840754688233,0.2290829708162223,0.5206739115601883,0.0036596537884858,0.0161618468562652,0.0285952902504861,4.416222895919355,,,,,0.9616813901523875,0.9561400492586118,0.9561400492586118,0.9142037937962618,0.8044272200483313,0.8109743359613762
tgt,G,target,32000,8,64000,577.1999999999986,1.209082774523191,1.561132917190297,1.561132917190297,2.4371359851350864,8.335347648895313,15.62566091953125,0.8196763550082382,0.031412012807607,5.339294019814664,6.893942933043202,8.265152346987314,1.2911712498796022,5017.006478566038,36575493.80204904,6047.767670971582,11405139.79607546,346.0,7.940893532316713,10.031144328159424,6.527905368821609,,,,,,,,,0.8318440292445166,0.0486086937399661,12.299937204084328,3.9512591389114537,0.0366532377901285,9.274730268554343,8.526401299756296,0.0259448131587484,6.5650719669910815,7.070674248578391,0.0213796492977616,5.409903529080035,2.2875710804224205,0.0207177056554494,5.242405400522249,12.47766043866775,0.0195271684573443,4.941152031029245,13.933387489845654,0.01918624033956,4.854883626815644,24.9553208773355,0.0181304858305656,4.587735650508623,4.528585824793629,10.678367224641969,7.339912754734754,0.5323549752882137,0.1020264095805189,0.0536259423221489,0.1466319319473237,0.2222966068147455,0.4754191093352627,0.030015241678672,0.0137725843718231,0.0056741836148639,0.4588530227011551,,,,,0.9782055363545823,0.9735301932744953,0.9735301932744953,0.9477610372170772,0.890929958245666,0.8624262071846929
tgt,G,target,32000,9,72000,577.1999999999986,1.2582331155205353,1.6330686517110469,1.6330686517110469,2.6669132212013364,8.730786442607886,17.143144093359375,1.036186812043784,-0.0040382008321412,5.346245813643451,6.938925970795953,8.326086875814616,1.2979062715529808,4981.74455886719,36007283.02903792,6000.6068883937,11189504.179235078,346.0,7.754014248433981,22.435035690478703,6.66369850059435,,,,,,,,,14.9731925264013,0.0525851240197867,12.625141542102249,7.278635255889521,0.0495149092967805,11.888014908569648,22.875710804224205,0.0216623473724632,5.2009043776073725,4.783103168155971,0.019966117469568,4.793657213866913,8.318440292445166,0.0180015226362086,4.321978420550528,29.73842404549147,0.0157244705714103,3.775281894628153,11.853777416734362,0.0151913388085852,3.647282501420981,25.579203899268887,0.0150545555385887,3.6144422604500126,4.49689260021893,15.951761972625398,7.9403537269877,0.5362767281867831,0.0365758998189499,0.031500672874027,0.0871299726872669,0.2122155974642657,0.6325778571554901,0.0049416732932353,0.0036875404491307,0.0055645759863143,0.7462129180883728,,,,,1.01797050256732,1.0183896724131263,1.0183896724131263,1.037117524877716,0.9331967337673506,0.9461805689880616
tgt,G,target,32000,10,80000,577.1999999999986,1.2901244015941973,1.6964130971013385,1.6964130971013385,2.877817396016954,10.555047128489832,20.078860733203125,1.9430416123974477,-0.0009883587922739,6.22197927292534,8.181418098470857,9.84551892366324,1.314922107514421,5270.286401430406,38818390.99345039,6230.440674097651,11042472.240348129,276.0,7.868867139879605,16.939890849838985,6.8107862958414085,,,,,,,,,3.1194151096669374,0.0498363328764685,13.562200222995424,4.9910641754671,0.0356961011113148,9.714151152572642,9.9821283509342,0.03258020774813,8.866208151434043,8.734362307067425,0.0249597280599543,6.7924104748977925,12.06173842404549,0.0229127292667751,6.235350878274972,3.9512591389114537,0.022417953771406,6.100705250350046,8.110479285134037,0.0172384780550337,4.691189688888018,7.070674248578391,0.0164804212548157,4.484896057082425,4.5051354265869925,10.805562133484877,7.525286264346706,0.544665397305492,0.0287766073272832,0.0524158149207963,0.1834456537155286,0.3097818999490942,0.4255800240872976,0.0018849026504363,0.0149377219784099,0.0498363328764685,7.924930216967615,,,,,1.0437720715384986,1.0578915812414054,1.0578915812414054,1.119134597661442,1.1281842214119016,1.1082114091623017
tgt,G,target,32000,11,88000,577.1999999999986,1.2055713251466345,1.5884120278969234,1.5884120278969234,2.523052770367616,10.557966294750257,20.078860733203125,2.262919862634368,-0.0226451737829142,6.646868765355853,8.757645503435747,10.552028513570324,1.317559562643385,5294.337350714781,40287321.20851028,6347.229411996252,12257313.225336686,276.0,7.899715515067797,18.26125018740118,6.870608427596731,,,,,,,,,3.1194151096669374,0.032338607078723,7.157865624432809,6.030869212022745,0.0246095014017045,5.447096211932694,1.455727051177904,0.0236443011865147,5.233457652170846,3.7432981316003247,0.0223620641266233,4.949645781392755,0.8318440292445166,0.020388799867945,4.512881131303407,4.783103168155971,0.0176992767740065,3.917578901576677,4.159220146222583,0.0167802742729441,3.7141657986217793,18.924451665312752,0.0157493870523241,3.485987999213763,4.624596342780191,5.917717106494496,4.883129668887162,0.4836719463937524,0.0736694998010044,0.0760625799351582,0.1777202447267808,0.2370635341758144,0.4354841413612421,0.0035975590086152,0.0024484275097701,0.032338607078723,0.6805802220967431,,,,,0.9753646066075425,0.9905415813671731,0.9905415813671731,0.9811726244173811,1.1284962387126865,1.1082114091623017
tgt,G,target,32000,12,96000,577.1999999999986,1.1655367778634151,1.5120876021424423,1.5120876021424423,2.2864089165528814,8.269347758472877,16.3638656671875,1.0399212931207469,-0.0501639815563625,5.468828490327384,7.094883589709286,8.511424921814355,1.2973315221446755,4835.179642167528,35238454.365852065,5936.198646090953,11859492.193820767,348.0,7.761410358356785,37.54875717402884,6.559850800525501,,,,,,,,,0.8318440292445166,0.0494426235591873,10.31367540068226,15.597075548334686,0.02074124566147,4.326600405865016,22.04386677497969,0.0198051511846718,4.131332155859831,3.7432981316003247,0.0192811866814841,4.022033752612895,2.0796100731112914,0.0183886698129946,3.8358557424550273,7.694557270511779,0.0181112825336462,3.777993069450783,6.862713241267263,0.0168021908270746,3.504918018828874,14.9731925264013,0.0152334484367106,3.1776801289920478,4.612933368922863,14.429200563736613,7.465836157437183,0.4842268416015882,0.1192988830603409,0.0582819619518725,0.0743286197101369,0.2268820399829561,0.521208495294693,0.024641521974997,0.0183886698129946,0.0030106239516681,0.7462473231526351,,,,,0.9429747515677681,0.9429452927115881,0.9429452927115881,0.8891458250469438,0.8838755098776879,0.9031698994947659
tgt,G,target,32000,13,104000,577.1999999999986,1.195745171824356,1.5508615080874752,1.5508615080874752,2.405171417267358,8.667979487480126,17.242954533984374,1.070962963713337,0.0106495812047981,5.589138322327635,7.249019014852543,8.693165740798422,1.2969832909465309,4930.155109350275,36401637.92441919,6033.376991736815,12095208.52216656,276.0,7.833856537000161,17.968249596457188,6.661716144471321,,,,,,,,,3.535337124289196,0.0390014548108223,10.33710733032283,9.358245329000813,0.0353262146462693,9.36300643511325,2.703493095044679,0.0240524045351548,6.3749490483941615,1.247766043866775,0.0235113393820923,6.231542896315119,6.238830219333875,0.022072616312748,5.8502177673279485,11.021933387489844,0.0215398743411609,5.709017625785155,5.406986190089358,0.0206090584693918,5.46231032684164,8.318440292445166,0.0186277883443384,4.937186276152237,4.522902845570908,6.643303468528302,5.889219676434103,0.539378821888044,0.0633369030323409,0.058969937965908,0.1783616755078415,0.3351584780780566,0.3641730054158527,0.0223980675931912,0.0004720515309955,0.0164206698006468,0.0210755472100623,,,,,0.967414780687053,0.967124891855915,0.967124891855915,0.9353305564473163,0.926483564711117,0.9516894009145279
tgt,G,target,32000,14,112000,577.1999999999986,1.2372323381898336,1.6013099428443462,1.6013099428443462,2.564193533052164,9.284419133575708,17.857097146875,1.115426100279132,-0.0108016033261845,5.798015040784889,7.504184013773861,8.984096862052255,1.294267772846846,4980.070025731986,36802194.25042808,6066.48120828113,12001096.789233912,276.0,7.8882760724930465,20.03886552081574,6.677691971156315,,,,,,,,,8.734362307067425,0.031272597103562,7.075159267400303,3.1194151096669374,0.0295646501168013,6.688750779752447,11.437855402112104,0.0241030234930623,5.453104181740107,27.658813972380177,0.0212245515866765,4.801874380870841,5.8229082047116165,0.0204373489406221,4.623776473680422,12.893582453290009,0.0185942314390975,4.206786806060712,1.8716490658001623,0.0183400113901681,4.149271680943805,17.052802599512592,0.0180986818314243,4.094672919658035,4.631434396436188,5.991130012104516,4.722162162637815,0.480031108565641,0.0376907205559987,0.0627477313895583,0.1310184437197224,0.239531757142234,0.5290113471924862,0.0064968820916871,0.003451424003874,0.0295646501168013,0.5312431339578947,,,,,1.0009798737323807,0.9985847847954895,0.9985847847954895,0.9971715724250555,0.9923721840333952,0.985585738933979
tgt,G,target,32000,15,120000,577.1999999999986,1.2476282297084085,1.6290594258841848,1.6290594258841848,2.65383461306211,9.911086887867846,19.19374398867188,1.380247643191321,-0.0513734665801841,6.083932071712142,7.9439424756975,9.546027125475565,1.305725044602123,5045.644395179418,36680140.35255769,6056.413159004072,11221612.989952212,276.0,7.8010835316418525,20.272211648545248,6.814683766644516,,,,,,,,,1.0398050365556455,0.0586657669711362,13.939474140073138,14.55727051177904,0.0266317278276052,6.327920020904472,3.1194151096669374,0.0261738224315358,6.219117890519824,29.32250203086921,0.0217507660956006,5.168162919707123,9.77416734362307,0.0185059141528292,4.397159111525722,6.446791226645003,0.0177600256586987,4.219929801962177,30.154346060113728,0.0162789061869729,3.868003497399621,4.159220146222583,0.0142843813748867,3.3940878141104416,4.520209195436832,18.8068720434587,8.858530812641508,0.5275445659885998,0.1549996408265055,0.0532432317457536,0.1269670613429417,0.2051635028787142,0.4596265632060849,0.0586657669711362,0.0057550490785168,0.0261738224315358,0.0980989318907276,,,,,1.0093906449823655,1.0158894993970256,1.0158894993970256,1.0320314749851403,1.059354042461267,1.059359211432374
tgt,G,target,32000,16,128000,577.1999999999986,1.209010961586888,1.569217054786647,1.569217054786647,2.462442165033279,9.925327626355005,18.378438479296875,1.218960953754591,-0.0942493754061426,6.325018961572617,8.20946041160727,9.8394843433753,1.2979345139482212,4706.911465197687,34318013.55607559,5858.157863703878,12162998.01486615,276.0,7.813859888864105,23.199860867698508,6.544133233121692,,,,,,,,,2.703493095044679,0.041555046002055,8.600142925318227,7.694557270511779,0.0389595379799753,8.062982168653637,1.247766043866775,0.0318667461316444,6.59507322608717,10.813972380178717,0.0289963809948659,6.001028632250714,13.101543460601135,0.025817982921945,5.3432342046059,4.9910641754671,0.0199445902772092,4.127689497983684,6.446791226645003,0.0179743035406706,3.719923193567796,0.8318440292445166,0.0155652457499143,3.22134977567696,4.609783155221306,11.401713965693771,6.274811946310231,0.4793825129285731,0.0729720190774011,0.0923475957356343,0.0913184182098791,0.2895235979040733,0.4538383690730119,0.003505606484746,0.005319967811261,0.0328392826858808,1.517559895239911,,,,,0.9781474362696638,0.9785715013847598,0.9785715013847598,0.9576021833224241,1.0608761746002227,1.0143601012015753
tgt,G,target,32000,17,136000,577.1999999999986,1.1842820248933112,1.5185523217608623,1.5185523217608623,2.3060011539253056,8.664523962761644,16.434938551171875,0.7110097647829585,-0.0776605897955265,5.705779009780082,7.31626739292517,8.730715538560966,1.2822556535014389,4907.016036128563,35962250.90311679,5996.853416844269,11883444.524293916,70.0,7.813230775937248,20.141068390110377,6.591364176149508,,,,,,,,,3.1194151096669374,0.0373612991804773,7.973622430442117,7.486596263200649,0.0309340239002718,6.601917819922264,25.787164906580013,0.0279778308465981,5.9710091588603,1.455727051177904,0.027285924608035,5.823343011681664,11.437855402112104,0.0239128518016907,5.103464164368043,6.030869212022745,0.0196080244199515,4.184730905002347,14.34930950446791,0.0189942182174302,4.0537328130803845,17.676685621445976,0.0184271140855455,3.932701844522533,4.531986485613265,7.334017140051151,5.641556176252007,0.5326513100748955,0.0382336745741117,0.1023950217637108,0.1077806626213154,0.2837986778412751,0.4677919631995866,0.0010314464692655,0.0047957841365594,0.0373612991804773,4.649571523885911,,,,,0.9581405489898758,0.9469767237769922,0.9469767237769922,0.8967649153754068,0.9261142183295582,0.9070926211053255
tgt,G,target,32000,18,144000,577.1999999999986,1.2558150614154284,1.6367460258437756,1.6367460258437756,2.6789375531153934,9.971542952803604,18.118258454296875,1.3265758013729787,-0.0336584116074035,6.09229703041862,7.940295716438329,9.550452341067146,1.3033336485052955,4889.364631230496,34843300.80207104,5902.821427255872,10937414.304943316,276.0,7.780098653817546,18.225099822270103,6.454171946316311,,,,,,,,,1.0398050365556455,0.0474238671780201,9.757712080393247,10.190089358245327,0.0324099697549018,6.6685230922955805,6.030869212022745,0.0255417642615619,5.255353401569738,27.45085296506905,0.0231120279202312,4.755422268560799,8.942323314378553,0.0229460814900568,4.721277910819307,29.73842404549147,0.0198752437133959,4.089436758815167,1.6636880584890332,0.0177052038946312,3.6429395620553695,15.597075548334686,0.0176428344171464,3.6301067114230783,4.607908289603289,12.450864521581682,7.161003943880889,0.4886551915383044,0.0927607264660716,0.0410656286950704,0.0736728380070902,0.2535363280298519,0.5389644788019159,0.0474238671780201,0.0064596654246086,0.00082193805542,0.136211275226124,,,,,1.0160141816580646,1.0206829010746687,1.0206829010746687,1.0417935845462032,1.065815934835492,1.0
tgt,G,target,32000,19,152000,577.1999999999986,1.2762394835986437,1.6599843844817972,1.6599843844817972,2.755548156723411,9.966707263120206,18.118258454296875,1.2090844238535468,-0.0473779898614984,6.004097000120601,7.809433410576695,9.384401873296154,1.300684084620073,5041.488470912876,36737428.00659475,6061.140817255012,11320822.004247297,276.0,7.832064020838271,23.76248720112573,6.831285322149109,,,,,,,,,9.9821283509342,0.0407040479277436,11.028615663725295,11.021933387489844,0.0275805523536404,7.47285164958325,1.6636880584890332,0.0256824953472799,6.958579917490399,14.9731925264013,0.0237176883293352,6.426222509382763,13.309504467912266,0.0219869372196132,5.957281709377483,3.9512591389114537,0.0193789555943704,5.2506584503365366,29.73842404549147,0.0188732575255837,5.113641373989807,30.570268074735985,0.0162941905658482,4.414852439768159,4.531189681447753,6.727048748136233,6.146311237089252,0.536124034564994,0.0695939851420649,0.0704593463433876,0.1468912121416311,0.2530084894235923,0.4600469669493238,0.0109709267842515,0.0094749516445423,0.0117366475009839,0.8636418627166228,,,,,1.0325385117349226,1.035174456231274,1.035174456231274,1.0715861548337149,1.0652990684744004,1.0
tgt,G,target,32000,20,160000,577.1999999999986,1.245751480088915,1.6115139628991733,1.6115139628991733,2.596977252618998,9.281508676196776,18.2524137796875,0.9699647817781644,0.0156466240942819,5.759496281058118,7.450529920724527,8.922683428105705,1.293607905473135,4874.814499839451,34604760.25667106,5882.581087980944,10840943.848826105,346.0,7.638861541984667,27.38596057441992,6.52413520370057,,,,,,,,,0.8318440292445166,0.0368230876179002,7.813789105006912,14.55727051177904,0.0239355497752256,5.079078104387208,8.526401299756296,0.0234644710116612,4.979116087390292,3.1194151096669374,0.0202950747538403,4.306576233975835,2.2875710804224205,0.020284167475994,4.3042617303772985,9.9821283509342,0.0188413505684744,3.998098728798475,13.101543460601135,0.0171236604420409,3.633608153348212,8.110479285134037,0.0161236384959467,3.4214053997866047,4.612106252011201,7.80594671992246,5.560286230302807,0.4889788554514864,0.1229194606890965,0.0661480526709098,0.0810292180803109,0.2323681954532395,0.4975350731064428,0.0352574812942312,0.0080704535341387,0.0202950747538403,0.2289004556667037,,,,,1.0078722651767613,1.0049480620710922,1.0049480620710922,1.0099206074604452,0.9920610975880169,1.0074044271820624
tgt,G,target,32000,21,168000,577.1999999999986,1.2457370076440206,1.6208252004997776,1.6208252004997776,2.627074330575144,9.282880289986304,18.2524137796875,1.2609507238493416,0.003515345763604,5.727255651700271,7.451717523857579,8.94465544146583,1.301097415066632,5043.75363635722,36932725.47161089,6077.230082168265,11493274.727344198,348.0,7.849900312241372,13.941904031361643,6.69388934305994,,,,,,,,,7.070674248578391,0.0362189240796367,9.07026716298533,3.9512591389114537,0.0348312524277671,8.722754006899216,2.49553208773355,0.034521020987828,8.645063072833416,15.389114541023558,0.0242669504345419,6.077146940871409,8.734362307067425,0.0238640880428172,5.976258534721436,6.238830219333875,0.0211834063775784,5.304938237377128,9.9821283509342,0.0182983143282594,4.582427661977648,8.110479285134037,0.0182474708162619,4.569694974603834,4.517620458030344,7.635880595971629,5.469057536025066,0.5368496330856591,0.0669924213690556,0.0734386313284385,0.1101963949277888,0.2705709651492339,0.4788015872254829,0.0044826150333067,0.0019300738599753,0.0123451724065289,0.4305687294590178,,,,,1.007860556279721,1.0107545958012603,1.0107545958012603,1.0216248529333702,0.9922077035686798,1.0074044271820624
tgt,G,target,32000,22,176000,577.1999999999986,1.2331642125915565,1.6159755693494289,1.6159755693494289,2.6113770407342107,9.603649454030435,18.441520920703127,1.5186191557894064,-0.0759285272641761,5.942942230179135,7.787810703523495,9.378657811084544,1.3104301542712342,5032.9376218989455,37342223.20621513,6110.8283567954295,12011762.10028931,348.0,7.85839935227486,19.34468559939058,6.646223891580279,,,,,,,,,29.32250203086921,0.0338818545250081,6.756369108398972,14.9731925264013,0.0334757997309481,6.675397859765606,0.8318440292445166,0.0259965138108647,5.18395599355852,2.0796100731112914,0.0229359487580215,4.57364975539165,3.1194151096669374,0.022594528149236,4.505567187701421,6.862713241267263,0.0214595465352713,4.279240889371675,27.45085296506905,0.0213459261784164,4.256583892583813,11.645816409423231,0.0203054909087455,4.049111048672488,4.620171018110078,6.771725242437476,5.116160033276159,0.4853249872514962,0.0648841873556289,0.0929131001031752,0.0740441889705317,0.2276869618489676,0.5404715617216964,0.0062242388380559,0.0229359487580215,0.022594528149236,3.684940335853216,,,,,0.9976885664152372,1.0077303418769972,1.0077303418769972,1.015520441939531,1.02649335906455,1.0178418067730781
tgt,G,target,32000,23,184000,577.1999999999986,1.2263297813856229,1.5970078155963454,1.5970078155963454,2.5504339630758106,9.597444936698674,17.313887234765623,1.2592880285414685,-0.0693092065953097,6.009641808239267,7.826153358068781,9.398313879542249,1.3022661928593084,5034.575741239074,37309168.573895,6108.123162960535,11962215.679622024,346.0,7.780409830193991,30.46429892810525,6.825296583001736,,,,,,,,,0.8318440292445166,0.0512708378378572,12.929151356739805,3.7432981316003247,0.0469183027891962,11.83155695799756,1.6636880584890332,0.0288250998719535,7.268928982518923,7.9025182778229075,0.0248371384702212,6.263270429973068,3.1194151096669374,0.0244168832093808,6.15729315117269,5.406986190089358,0.0227659719703011,5.740976933479737,4.783103168155971,0.0178889442182545,4.511119325600514,14.55727051177904,0.0176928281420306,4.4616640301554265,4.421672091990954,11.622871554389452,7.741896513516392,0.5774026531983107,0.1583265420844115,0.0677308772130349,0.2202162585865175,0.1609959388679475,0.3927303832480884,0.0350492634857678,0.0051012877156433,0.0244168832093808,0.1455462171856844,,,,,0.9921591861409087,0.995901957007337,0.995901957007337,0.9918207079710447,1.0258301845216076,0.9556043854015953
tgt,G,target,32000,24,192000,577.1999999999986,1.211584028549264,1.5611381091105878,1.5611381091105878,2.4371521957173816,10.252996541476683,20.20684799765625,1.177744063956678,-0.0464224289170551,6.5676422102791765,8.4624725152122,10.102799571884148,1.2885099772886466,4968.335433078746,36123867.597541854,6010.313435881847,11439510.621956091,276.0,7.821318748917841,25.48095383273253,6.575186978197558,,,,,,,,,1.0398050365556455,0.0364474859771454,7.030750383068025,13.517465475223394,0.0334023292543986,6.443337116529452,10.813972380178717,0.0321439107054913,6.200587130965616,14.9731925264013,0.0253429587829921,4.888677844154399,21.627944760357437,0.0185347304759939,3.5753649367166283,11.645816409423231,0.01793855221763,3.4603616544327096,8.526401299756296,0.0168811525398774,3.2563883764382684,2.9114541023558083,0.0166319787401937,3.2083225430725584,4.607771848407551,8.48440725422721,5.503570382548896,0.4855836311700361,0.0740381486635873,0.0462195614856861,0.0741275560629537,0.2447720925987219,0.5608426411890505,0.0364474859771454,0.005626801711172,0.0166319787401937,0.154381065254979,,,,,0.9802291699615525,0.9735334309816172,0.9735334309816172,0.9477673412388403,1.095899315225491,1.115275402910706
tgt,G,target,32000,25,200000,577.1999999999986,1.1996813758359584,1.560226658716516,1.560226658716516,2.434307226569704,10.261660941088182,20.2508655234375,1.6958796433177472,-0.0040631136922302,6.577032179108592,8.553655285287002,10.252832787490712,1.3005342002813232,5268.553360009655,40016643.94553319,6325.8710029159765,12258989.438264173,276.0,7.949559066328998,12.547701487920694,6.984731363685691,,,,,,,,,1.8716490658001623,0.0316124787923817,6.327828443608016,3.9512591389114537,0.0278030912865429,5.565308339743816,4.9910641754671,0.0250065958147076,5.005537506671245,3.1194151096669374,0.0236919269658744,4.742381966411095,6.862713241267263,0.0222186587724165,4.447479803222528,7.278635255889521,0.0181122664006608,3.6255086246488046,10.813972380178717,0.0162581185754431,3.2543662848113564,8.734362307067425,0.0148564148960654,2.973789096602565,4.6025246079425655,5.78716823255505,4.773484297649619,0.4950911131363775,0.0404672194094624,0.1148546354459452,0.1786999427977644,0.3001051013874834,0.3658731009593443,0.0123757602425214,0.0302281734823886,0.0236919269658744,2.4425306314585984,,,,,0.9705993571589898,0.972965046016743,0.972965046016743,0.9466609807703644,1.0968254161524413,1.1177048596872654
tgt,G,target,32000,26,208000,577.1999999999986,1.2321289082799516,1.6168767701413167,1.6168767701413167,2.614290489822616,10.454411951564245,20.431281305859372,1.9064202282323135,-0.004535576589211,6.465806265893751,8.484836189867574,10.226119874404777,1.3122626693315391,5426.609237427432,40882313.89938973,6393.9278928831945,11434226.083656996,276.0,7.95333848258162,9.25447433698597,6.916957991199205,,,,,,,,,1.247766043866775,0.0596328188979198,16.135927902867465,8.110479285134037,0.0390084368797028,10.555216686501437,7.278635255889521,0.029763354711,8.053607973593891,6.446791226645003,0.0223584379399421,6.049926018711608,21.419983753046303,0.0192867798151785,5.218772050822098,2.0796100731112914,0.0186700575460712,5.05189437751536,9.358245329000813,0.0165053279371045,4.466144423965735,4.9910641754671,0.0153619811276013,4.156768445652537,4.329163310194996,16.087997145650768,9.004555653585841,0.6080409525327486,0.2236753033776062,0.0830570712130931,0.0793435054121186,0.2851920974880875,0.3287320225090944,0.0595644215458094,0.0186700575460712,0.0038958420761942,0.3134431101861566,,,,,0.9968509559300301,1.008292335139355,1.008292335139355,1.0166534331007742,1.1174277541650626,1.1276625376217628
tgt,G,target,32000,27,216000,577.1999999999986,1.2465473008010977,1.6228497990754942,1.6228497990754942,2.633641470359372,10.449390843157463,18.73660656328125,1.610389200419989,-0.0465703877068269,6.438914340134151,8.382666936452187,10.059933232528628,1.3018758277614195,4943.667794121483,36410743.66582471,6034.131558544668,11970892.407190744,346.0,7.79353061249131,24.390480739542973,6.758631091533176,,,,,,,,,13.101543460601135,0.0293641030049914,6.052439239161917,2.0796100731112914,0.0289873410740675,5.97478222051712,9.150284321689682,0.0212496301461267,4.379908873505637,10.190089358245327,0.0208847496768881,4.304700825459751,16.012997562956944,0.0201684433414211,4.157057951052744,10.813972380178717,0.0192168237050907,3.9609130176725382,8.110479285134037,0.0182305357198966,3.7576223500949264,26.203086921202274,0.0162065455828521,3.3404436839172904,4.605945043356177,5.070907320713907,4.433979553753667,0.4952738914462493,0.0182399895496954,0.1196282656442211,0.0902939490745067,0.2647107122673672,0.5071270834642095,0.0021773174162509,0.0289873410740675,0.0146322700014735,13.31332806342359,,,,,1.0085161220267689,1.012017145466966,1.012017145466966,1.0241787027191074,1.1168910691830278,1.034128451724218
tgt,G,target,32000,28,224000,577.1999999999986,1.2180068405250175,1.5686015592268028,1.5686015592268028,2.4605108516087566,10.08380691893602,18.159892865625,0.9367504270874968,-0.0335273413673954,6.428533020138087,8.278941122022886,9.885904450993314,1.287842980052045,4874.08186306522,35594528.245694384,5966.115004397282,11837854.237833058,276.0,7.84209708943713,26.384427241517383,6.590205054425732,,,,,,,,,2.0796100731112914,0.0723962437492426,18.20864864850048,4.9910641754671,0.0414888385347154,10.435012157946453,2.9114541023558083,0.026732258530581,6.723529812543925,10.813972380178717,0.0235962564625462,5.934782263491503,7.070674248578391,0.0234725126443852,5.903658995340713,22.875710804224205,0.0225297769231199,5.666548026208573,23.91551584077985,0.0209867757867025,5.278462068951211,3.9512591389114537,0.0193499045267004,4.866766487624633,4.480188822542393,26.92018269870164,10.931832806135464,0.5441151971854936,0.0309209844662456,0.1700585361633133,0.1375899943429876,0.2170268364541397,0.4444036485733135,0.0017544716135828,0.0723962437492426,0.026732258530581,41.26384442329935,,,,,0.9854255306789768,0.9781876753154118,0.9781876753154118,0.9568511281389707,1.0778153540405329,1.0022979256771918
tgt,G,target,32000,29,232000,577.1999999999986,1.2139868692432263,1.5674259226347038,1.5674259226347038,2.4568240229472527,7.808561925037719,15.13950557109375,0.807813471193287,-0.0056707922633228,4.981774138268198,6.432163413677594,7.711274978632594,1.2911391073039469,4862.32200573214,35202405.325685106,5933.161494994478,11560230.038258083,276.0,7.837966913381541,17.617346807349353,6.575030312608426,,,,,,,,,4.575142160844841,0.0467430868775794,10.589496437847435,1.0398050365556455,0.0429869532517139,9.738556409959358,8.942323314378553,0.0296541542005464,6.718053540120118,15.597075548334686,0.0222695653066328,5.04509860687257,11.229894394800974,0.0191994036550848,4.349563330012664,10.813972380178717,0.0189967043077206,4.30364244287722,6.862713241267263,0.0166573056972702,3.7736591895899423,30.154346060113728,0.016392596909367,3.713690262550323,4.510976112411484,12.997912284665109,7.058206118514391,0.5359422415443942,0.0858070483099875,0.0499248275587107,0.1907520401693066,0.2495903983478865,0.4239256856141085,0.0429869532517139,0.0087319146315635,0.0159966371149703,0.2031294141789932,,,,,0.9821731824967893,0.9774545425333637,0.9774545425333637,0.9554173827191086,0.8346240664304566,0.835593862913646
tgt,G,target,32000,30,240000,577.1999999999986,1.2685331715074464,1.6418693245072682,1.6418693245072682,2.695734878757953,9.355783327017626,17.20678726757812,0.9312820602319444,-0.0532400452388014,5.698250882310403,7.375276845060674,8.852736647049982,1.2943053925463202,5142.2810463089245,37315928.24933366,6108.6764727994605,10872873.890105646,346.0,7.800788031536999,18.57658510160206,6.760983440490754,,,,,,,,,0.8318440292445166,0.0406694847959322,8.170703788841543,11.021933387489844,0.0331639235172722,6.662798825583606,7.694557270511779,0.0315238109748152,6.333291977094576,8.526401299756296,0.0233183393132655,4.684771502083252,3.1194151096669374,0.0212637730384688,4.271998816858918,7.070674248578391,0.0202415307888173,4.066625213916771,2.2875710804224205,0.0200719216910231,4.032549894179557,22.875710804224205,0.0178038121970568,3.576875303541234,4.569376655574692,8.4410233034254,6.141092204185712,0.5106295307068018,0.0723034949697643,0.0835468461583915,0.093615537123786,0.2865681590631033,0.4639659626849545,0.0040256684338949,0.0133182555623099,0.0212637730384688,3.308333951913649,,,,,1.026303738308878,1.0238778154110146,1.0238778154110146,1.048325780890833,0.9999999999999998,0.949693223053533
tgt,H,target,32000,0,0,577.1999999999986,8.343225047124122,10.910335805100392,10.910335805100392,119.0354273800556,58.83811730664879,117.02942383125,1.6557207500121631,-0.238453617135346,5.392878675570884,7.052203071871232,8.466804654758116,1.3076880634856944,6616.1921985529525,59150309.202109,7690.92381980923,15376309.993916055,1982.0,7.759496018087049,47.23211036593649,8.837890274850624,,,,,,,,,8.526401299756296,0.162224511425415,98.02468968598576,17.26076360682372,0.1132034147402174,68.40353226402308,25.787164906580013,0.0877119467619116,53.000229666545216,1.0398050365556455,0.0249556564499789,15.079536735383916,7.486596263200649,0.0144692105450658,8.743067624114108,5.614947197400487,0.0141490262252788,8.549595205466227,1.8716490658001623,0.0112030668852944,6.769489673989468,9.56620633631194,0.010510551513765,6.351035003973979,3.5304294242830414,35.21888947634244,24.49590122523768,0.7754957748976432,0.0453207103107775,0.0354552089312417,0.0475718559635323,0.3648264896951126,0.5068257350993356,0.0249556564499789,0.0100080828533519,0.0084063103256641,0.4010346461136411,,,,,1.0080795479980054,1.0050290916553855,1.0050290916553855,1.0100834750736492,0.8728931565626499,0.945268685834761
tgt,H,target,32000,1,8000,577.1999999999986,8.303427442163402,10.909160116338567,10.909160116338567,119.00977444391216,65.06386545042172,123.9024660972656,1.916212953848869,-0.2657036222091923,5.964149829735296,7.835784187145486,9.429182217461417,1.3138141077674002,6798.708256074309,61861383.51289332,7865.200792916435,15638949.56168036,1984.0,7.830929221414591,32.7324151863032,8.883566029050531,,,,,,,,,8.526401299756296,0.1634467152013189,105.0519968838554,17.26076360682372,0.1206412681123894,77.53968078340942,25.787164906580013,0.098634437486594,63.39524539676335,1.0398050365556455,0.020571233534924,13.221735037905866,7.694557270511779,0.0190407541681232,12.238051068032709,9.56620633631194,0.0185950736211314,11.95159911103801,5.614947197400487,0.0172576010240372,11.091966251918604,2.9114541023558083,0.0117367591702534,7.543559295525533,3.474713507220331,35.334479726746814,24.680453995399155,0.7910162689647231,0.0409245839709725,0.0274049139002543,0.0624961197628838,0.3644145762215833,0.5047598061443058,0.020571233534924,0.007599652779392,0.0117367591702534,0.3694310682011635,,,,,1.0032709576275425,1.004920790551783,1.004920790551783,1.0098657952832213,0.965255271428754,1.0007835419947937
tgt,H,target,32000,2,16000,577.1999999999986,8.25589559244965,10.857149167373205,10.857149167373205,117.87768804259264,66.51263855428526,124.22516783085938,2.0108340448712863,-0.2307603859552662,6.126160516810079,8.05638077776876,9.708390342737047,1.3150783032311102,6643.62663739832,59825122.94698569,7734.670189929606,15687348.049837174,1984.0,7.755648785748351,47.369279720670754,8.858745212654481,,,,,,,,,8.526401299756296,0.1817715377008541,109.492053349156,17.26076360682372,0.110310370206033,66.44664556582758,25.787164906580013,0.0876547659468966,52.799797101129386,1.0398050365556455,0.0199209263397851,11.99958561801894,5.614947197400487,0.0164837463706827,9.929163057326528,9.56620633631194,0.0110943765294281,6.682817795352055,2.9114541023558083,0.0105759238165961,6.370522191703484,7.694557270511779,0.0085990860274092,5.179752550790332,3.455843516688602,39.60520930784988,27.44750219282897,0.7753293245411073,0.0381528632642066,0.0228529069961617,0.0651448998538068,0.391625864006508,0.4822234658793165,0.0199209263397851,0.0058426568244137,0.0105759238165961,0.2932924264898148,,,,,0.9975278684378935,1.0001296899176157,1.0001296899176157,1.0002593966547064,0.986748551391871,1.0033900646422147
tgt,H,target,32000,3,24000,577.1999999999986,8.364011461289666,10.980055913546744,10.980055913546744,120.56162786461284,66.49088605201706,122.38007651132811,1.93822978198855,-0.2670475592485312,6.055605415449412,7.949640714834307,9.56955271578687,1.3127738961577644,6739.796419595084,60986149.44717215,7809.362934783615,15561293.669585455,1982.0,7.737042937217122,46.83956554234808,8.87893405821915,,,,,,,,,8.526401299756296,0.1811601044317808,137.71501400732382,17.26076360682372,0.1010764208103834,76.83667853566428,25.787164906580013,0.0886168864326538,67.36513977311124,1.0398050365556455,0.0299760365666009,22.78730357658872,2.9114541023558083,0.0167637062159866,12.743501355281106,9.56620633631194,0.0163222567814054,12.407918555428113,5.614947197400487,0.0134695178683471,10.23931205896298,11.645816409423231,0.0110944948223691,8.433857524309918,3.441410339922473,41.05536745786748,27.3551757691989,0.8010326080744821,0.0587637865503483,0.0329457791140292,0.0603529732114468,0.390440745307119,0.4574967158170565,0.0299760365666009,0.0035260295934487,0.0167637062159866,0.1176282790253789,,,,,1.0105910898631891,1.0114515096738295,1.0114515096738295,1.0230341564214693,0.9864258420456649,0.9884869147354582
tgt,H,target,32000,4,32000,577.1999999999986,8.301515759129195,10.916855636167671,10.916855636167671,119.17773698092589,64.47909158368563,123.00543378046876,2.0405043391239417,-0.318022152894967,5.906379431276871,7.767146802410157,9.341984213149557,1.31504365623363,6731.315531048402,60906421.8391507,7804.256648723868,15595813.060617268,1984.0,7.802408147306668,36.20467359486244,8.89729657325247,,,,,,,,,8.526401299756296,0.15011273089223,81.56566977148162,17.26076360682372,0.1067625530435892,58.01079691079311,25.787164906580013,0.0743299307588726,40.38811731942927,1.0398050365556455,0.0215277959971914,11.697402936965908,7.694557270511779,0.0206560780060184,11.223743831710369,16.220958570268074,0.0170470363336702,9.262724939517868,5.614947197400487,0.0159886422778763,8.687633010073473,9.56620633631194,0.0144227334337179,7.836776437711425,3.7460534868710944,37.597009085072685,22.66702236472673,0.7308839578411894,0.040188097923314,0.028025989513249,0.0762423954020639,0.3593135857049085,0.4962299314564644,0.0215277959971914,0.007586715741123,0.0119134015393046,0.3524148845409154,,,,,1.0030399763753106,1.0056296799427076,1.0056296799427076,1.011291053181673,0.9565798560725777,0.993538043115191
tgt,H,target,32000,5,40000,577.1999999999986,8.260938330597051,10.83851464013496,10.83851464013496,117.47339960441984,67.40586389558413,125.91493616132811,2.020593131014227,-0.288775583401297,6.219105304888768,8.159589286112523,9.810713507563475,1.31201979804034,6636.533079380821,59436615.41690971,7709.514603197124,15393044.103193814,1984.0,7.801672083651157,42.94284150947016,8.819750881039225,,,,,,,,,8.526401299756296,0.180823877962627,151.03584703051524,17.26076360682372,0.1135013002499573,94.80365765554612,25.787164906580013,0.089653482397994,74.88441131660205,5.614947197400487,0.0212641366246969,17.761187972904196,2.9114541023558083,0.0190316481568343,15.8964686087991,9.56620633631194,0.0164498079386742,13.739947973134688,1.0398050365556455,0.0151505168732841,12.654695688915208,14.141348497156782,0.0107488406500537,8.978129827037797,3.3737552652126004,38.69813196051479,27.30440557235668,0.8113757127717194,0.0301231464686564,0.0275105728987024,0.0729653564791141,0.3745688145037539,0.4948321096497731,0.0151505168732841,0.0014631336078532,0.0190316481568343,0.0965731809676217,,,,,0.9981371629449447,0.9984131302884498,0.9984131302884498,0.996828778732381,1.0,1.017038641528405
tgt,H,target,32000,6,48000,577.1999999999986,8.181657037399974,10.70782393680032,10.70782393680032,114.65749346151392,67.4055325988679,116.8916237425781,1.8000262338645,-0.257229126564953,6.294979539886189,8.238616247385538,9.909450782837002,1.308759813305719,6637.7469815523045,59456394.55786388,7710.797271220654,15396709.56675716,1984.0,7.7852062656584495,51.67756525127659,8.85189087868951,,,,,,,,,8.526401299756296,0.1741464406731933,132.38766175883663,17.26076360682372,0.0958560362312977,72.8706050670679,25.787164906580013,0.084323270578936,64.10329479402009,5.614947197400487,0.0262869149895772,19.983544865290693,2.9114541023558083,0.0215616220490847,16.39133545177015,1.0398050365556455,0.013679420806292,10.399216474132322,11.645816409423231,0.0136181920674249,10.352669846249997,20.172217709179527,0.0133756596828235,10.168294586129468,3.479572100159848,40.11158822984193,26.296112541652192,0.800095108260878,0.0243371212950866,0.0340096346756569,0.0831006313480896,0.3804945207035071,0.4780580919776598,0.013679420806292,0.0034157863058665,0.0215616220490847,0.2497025534915683,,,,,0.988557911545229,0.9863742745459149,0.9863742745459149,0.9729342094859803,0.9999950850460614,0.9441556485791506
tgt,H,target,32000,7,56000,577.1999999999986,8.1622999360847,10.692668467523095,10.692668467523095,114.33315895636277,66.89802669179218,122.60170615546872,1.922499923034974,-0.2824353018220403,6.256438876317515,8.195977508255313,9.854756133589172,1.3100068058330696,6627.751558831193,59194386.480096005,7693.7888247661185,15267295.754506696,1984.0,7.79161178123559,40.25742608624654,8.787093296766445,,,,,,,,,8.526401299756296,0.1750757885177427,120.8459373662104,17.26076360682372,0.1096930134215507,75.7155237836224,25.787164906580013,0.0865226364226164,59.72218769031717,5.614947197400487,0.0229209121903486,15.821143188228891,1.0398050365556455,0.013488229843088,9.31024096820608,9.56620633631194,0.0132313107075336,9.132902719289692,2.9114541023558083,0.0123368318098698,8.51548930217682,11.645816409423231,0.0114996457543673,7.93762222824461,3.4750639797571807,38.90130659658945,26.436444066179146,0.7853930715985864,0.0261976825487693,0.0252556742450782,0.0574739186354859,0.4018124915446792,0.4892602330259872,0.013488229843088,0.0038733061826129,0.0123368318098698,0.2871619350637528,,,,,0.986219068012394,0.9849781958373036,0.9849781958373036,0.9701820462749103,0.9924659788564001,0.9902770590906155
tgt,H,target,32000,8,64000,577.1999999999986,8.268322497780172,10.855059972064131,10.855059972064131,117.83232699710896,69.90446487062623,129.28886549414062,2.0776602581677857,-0.2649953748578306,6.439804575057283,8.45449181371255,10.172897465372332,1.312849126890868,6614.333129558003,58642717.612599686,7657.853329269221,14893314.863831118,1984.0,7.832045858385137,34.61229137686138,8.763405345377892,,,,,,,,,8.526401299756296,0.1634684254964556,139.2957389624453,17.26076360682372,0.1136982228660151,96.88524205661832,25.787164906580013,0.0853830799735192,72.75716508359473,5.614947197400487,0.0280512472729509,23.903204584231496,9.56620633631194,0.0184188669974171,15.69520035116416,11.645816409423231,0.0164443638185596,14.012674330941229,1.0398050365556455,0.0158462351964171,13.50299322180411,4.575142160844841,0.0138535405749237,11.804965795501944,3.5097676050428426,36.384640231958734,24.683732249964795,0.7904814218594711,0.0295922293568033,0.018186608092445,0.1081267136782538,0.3642244641632023,0.4798699847092952,0.0158462351964171,0.002286695263229,0.0118951219702916,0.1443052709202352,,,,,0.9990293632480958,0.9999372391900417,0.9999372391900417,0.9998744823190033,1.0370680061146103,1.0442905038560004
tgt,H,target,32000,9,72000,577.1999999999986,8.221231177670806,10.783173243922144,10.783173243922144,116.2768252084384,69.90216521774767,129.28886549414062,1.7941458731878033,-0.2488460230292977,6.482522689426419,8.502639532579531,10.245792438032682,1.3116251095344895,6548.708304985661,58093036.152834326,7621.878781037804,15207455.68904616,1984.0,7.727349067842664,52.33725726224312,8.790844759088106,,,,,,,,,8.526401299756296,0.1636989040259232,96.35913524089942,17.26076360682372,0.0949936494335038,55.916720806756544,25.787164906580013,0.0841615893710986,49.54057585513517,1.0398050365556455,0.0249810270761393,14.704742104474237,9.56620633631194,0.0227682662751806,13.402230529677285,2.9114541023558083,0.0136558361654545,8.038322380498153,16.220958570268074,0.0136258928491331,8.020696654265338,11.645816409423231,0.0135966826720087,8.003502480457731,3.59792148352147,38.77751127917234,24.7185345079144,0.7716840804811018,0.0460741047551229,0.0346374570332585,0.0562817514077044,0.3989362397469301,0.4640704470569838,0.0249810270761393,0.004771170739072,0.0136558361654545,0.190991776452549,,,,,0.9933395015432575,0.9933152383298259,0.9933152383298259,0.9866751626982389,1.0370338896038847,1.0442905038560004
tgt,H,target,32000,10,80000,577.1999999999986,8.252846498403555,10.820322047535717,10.820322047535717,117.0793692123875,69.651135776225,126.66043043554686,1.737227019177066,-0.2288322650425392,6.4370667961848085,8.439649978912124,10.166640527271372,1.3111018179760772,6546.26952940756,58114458.02673325,7623.283939794795,15260813.27508336,1984.0,7.8033014442113,43.35291216326334,8.7706788745587,,,,,,,,,8.526401299756296,0.1646070664883966,108.30473056108885,17.26076360682372,0.1155758864797588,76.04421554667363,25.787164906580013,0.0879996637735402,57.90018665530086,5.614947197400487,0.0212495645195842,13.98134605598042,2.9114541023558083,0.0209742827438926,13.800221884456722,1.0398050365556455,0.0178378647281533,11.736586857308348,16.220958570268074,0.0143347712309858,9.431694330912618,9.56620633631194,0.0142465442266729,9.373644563462353,3.481966936471061,35.734601848243386,24.855667039747885,0.7919440442668051,0.0338767382627563,0.0380876794583924,0.0682076924746602,0.3675333649047832,0.4922945248994075,0.0178378647281533,0.0019048326236087,0.0209742827438926,0.1067859103391216,,,,,0.9971594582211691,0.9967372804208108,0.9967372804208108,0.9934852061806742,1.0333097411839263,1.0230601391126726
tgt,H,target,32000,11,88000,577.1999999999986,8.201921458711272,10.752087305459735,10.752087305459735,115.6073814242284,69.65324056553654,126.66043043554689,1.8778101086682248,-0.2076062285738929,6.478113373406229,8.492307676459061,10.206414631443543,1.3109229781807552,6608.117591517466,59068153.93905835,7685.580910969473,15400935.835735764,1984.0,7.781135835577085,46.04451451302364,8.818806850667002,,,,,,,,,8.526401299756296,0.1606224536625207,107.76407396335884,17.26076360682372,0.1098372573606146,73.69150486899619,25.787164906580013,0.0881500739228939,59.14124002900141,5.614947197400487,0.0240792102463594,16.155112406762008,2.9114541023558083,0.0186600135596006,12.519290021674552,1.0398050365556455,0.0159556169220141,10.704868733530992,11.645816409423231,0.0117931173182524,7.912183744950887,3.7432981316003247,0.0109780791142931,7.365362081530343,3.519724855136917,35.45492005559681,24.253990503040622,0.786141110971313,0.0267688163043459,0.0236741610654062,0.1195712671277232,0.3389312776857194,0.4910544778168053,0.0159556169220141,0.0017785860880828,0.0186600135596006,0.1114708441964092,,,,,0.9910063830368346,0.9904516901261561,0.9904516901261561,0.9809945504737594,1.0333409667953182,1.0230601391126728
tgt,H,target,32000,12,96000,577.1999999999986,8.088060214103104,10.6042063954867,10.6042063954867,112.44919327808104,69.04464244319036,123.14617771640624,1.9942810012073613,-0.2698142163214202,6.511061730425222,8.53661330596786,10.251960713622674,1.3110938982618967,6599.982860252903,58888707.02366929,7673.897772557912,15328933.26803718,1984.0,7.799051904559504,41.35131767475004,8.795473626666707,,,,,,,,,8.526401299756296,0.1882783965541889,162.09420617491924,17.26076360682372,0.0996608356967026,85.8008371891813,25.787164906580013,0.0968169598321476,83.35246388049751,1.0398050365556455,0.0226379437477411,19.489647184064765,7.694557270511779,0.0161230231246853,13.880767429329344,2.9114541023558083,0.0135336217851309,11.651478449366367,5.614947197400487,0.0130412143863884,11.227550968175771,9.56620633631194,0.0117698780695578,10.133021511639388,3.4104709236764323,42.70241955052386,28.430037879682526,0.8009774757835202,0.0439351264239204,0.0285158378565591,0.0425711862545704,0.3990615803799309,0.4859162690850191,0.0226379437477411,0.0045578920268242,0.0135336217851309,0.2013386055470557,,,,,0.977248970123868,0.9768293214586499,0.9768293214586499,0.9541955232613665,1.0243121065868215,0.9946748583793136
tgt,H,target,32000,13,104000,577.1999999999986,8.276355832923443,10.815458132935545,10.815458132935545,116.9741346252816,69.03088547647744,119.49216234375,1.8516024131393944,-0.3001046317080179,6.3826131660808905,8.340734360630485,9.997100154349749,1.30678989053494,6697.555088806921,60732514.98724453,7793.106889247992,15875270.819641046,1902.0,7.819151580792277,31.14150482794335,8.891917182177796,,,,,,,,,8.526401299756296,0.1498986527081244,79.87313840129427,17.26076360682372,0.0959376379997046,51.12014083785258,25.787164906580013,0.0821633321867861,43.78053494613557,3.1194151096669374,0.0235688448974948,12.558602605466978,5.614947197400487,0.0182541759783397,9.726693989428304,1.0398050365556455,0.0138052443187741,7.356091400529059,7.486596263200649,0.0123591930341899,6.585566433811348,20.172217709179527,0.0123445071780841,6.577741110527332,3.6668375693949886,35.409057941951495,22.63469655892679,0.756328967019938,0.0253290770961735,0.0465168302982902,0.0897318286741327,0.3793251569316897,0.4590971069997137,0.0138052443187741,0.0055491230404556,0.0235688448974948,0.401957612043656,,,,,0.9999999999999998,0.9962892304469305,0.9962892304469305,0.9925922307045371,1.0241080150446638,0.9651606883846693
tgt,H,target,32000,14,112000,577.1999999999986,8.375600284060306,10.961158654842286,10.961158654842286,120.14699905662395,69.54854430175037,119.03642675039065,1.8682992355603083,-0.3306557315315006,6.344999328243436,8.303708623022596,9.97062676519444,1.308701261174232,6701.115652135582,60327509.68787153,7767.078581285987,15422558.70457504,1984.0,7.778945463935986,40.88873535188689,8.877300072534805,,,,,,,,,8.526401299756296,0.1731338617962712,110.8091502628007,17.26076360682372,0.1040130950143908,66.57047070497924,25.787164906580013,0.0884771368602048,56.62714532817037,2.9114541023558083,0.0219548257163356,14.05152958846226,1.0398050365556455,0.0161676937565951,10.34764885557517,5.614947197400487,0.0124425136257602,7.963458723205717,11.437855402112104,0.0086890007992693,5.561135096338298,9.56620633631194,0.0086449228501621,5.53292432326818,3.4826252011108774,37.93103035914754,26.14321313123696,0.7802645449749599,0.0269974353329791,0.0490136332644236,0.061636792039105,0.3723088750714784,0.4900432642920137,0.0161676937565951,0.0074699238501728,0.0219548257163356,0.4620277921001342,,,,,1.0119913224056978,1.0097107479695344,1.0097107479695344,1.019515794565197,1.0317877448983575,0.9614796262097064
tgt,H,target,32000,15,120000,577.1999999999986,8.27962086001623,10.882728369192613,10.882728369192613,118.43377675762972,69.54266125109422,125.9860090453125,2.0497431591362787,-0.3335392909908097,6.390186255861423,8.399256732505684,10.105556155172302,1.3143993611767828,6665.300003168916,60313574.213993706,7766.181443540558,15887350.081750153,1984.0,7.75956449550424,48.70368070324261,8.899429273069211,,,,,,,,,8.526401299756296,0.1695964182290157,98.9391393532283,17.26076360682372,0.1050244669849657,61.26916171361858,25.787164906580013,0.082778767305368,48.291467941585694,1.0398050365556455,0.0216044707463394,12.603613709214086,2.9114541023558083,0.0200436089793212,11.69303834747732,11.645816409423231,0.0151344949378398,8.829159951206359,5.614947197400487,0.0146512058120253,8.54721879545451,9.56620633631194,0.0117515693110464,6.8556291802973215,3.5524474405637174,39.58470537192869,25.609059152581366,0.7741619446534214,0.04041890344136,0.0494110966307147,0.0561801872822783,0.3844666699726179,0.4695231426730289,0.0216044707463394,0.0081744670241785,0.0200436089793212,0.3783692329137592,,,,,1.0003945005699002,1.002485973209814,1.002485973209814,1.0049781264824282,1.0317004668736256,1.0176127105910646
tgt,H,target,32000,16,128000,577.1999999999986,8.261412028171598,10.781421590266332,10.781421590266332,116.239051507061,67.46171560294627,123.92293284492187,1.8756912444163696,-0.3161903844138318,6.257218961166096,8.16588197912078,9.77886649714634,1.3050337585754277,6614.0786724058025,59229121.62379287,7696.045843405097,15483084.939019576,1984.0,7.760948885346441,51.37493936215837,8.827376172237626,,,,,,,,,8.526401299756296,0.1474882514246124,116.10968095480204,17.26076360682372,0.106758270421051,84.04512629408094,25.787164906580013,0.0851337626086631,67.02129776096986,2.9114541023558083,0.0239308886346664,18.83951987698688,1.0398050365556455,0.0223579269625195,17.601210546291,9.56620633631194,0.0206258873874436,16.237667616460143,5.614947197400487,0.0178452577521087,14.048625325337532,18.09260763606824,0.0129302066870142,10.179266203289869,3.549018645087729,31.393151848206312,22.27072596511648,0.7873769563160908,0.0433379131838467,0.042238087132662,0.0612142978667851,0.350434213143488,0.5027754886732181,0.0223579269625195,0.0024956514691185,0.0239308886346664,0.1116226684696916,,,,,0.9981943979870465,0.9931538809789575,0.9931538809789575,0.9863546313035656,1.0008285882582657,1.0009488557682618
tgt,H,target,32000,17,136000,577.1999999999986,8.318915589139998,10.85686085535577,10.85686085535577,117.8714276325564,66.46164254279788,122.29007889492186,1.913331481313902,-0.2904759477113378,6.121626078500006,7.989219487880467,9.567263683079023,1.3050812619769396,6741.871510900313,60679977.90025753,7789.735419143421,15227146.430768255,1984.0,7.832967511408224,41.49522726164094,8.857061833051981,,,,,,,,,8.526401299756296,0.1666750606777849,121.53279885807176,17.26076360682372,0.1067403807537886,77.83082346831988,25.787164906580013,0.0796229199433139,58.05785385415423,5.614947197400487,0.0233848888153525,17.05132715810919,3.1194151096669374,0.0191911564513169,13.993424975321172,11.645816409423231,0.016942409613842,12.353728574610722,1.0398050365556455,0.0162392095763097,11.840983186243225,9.56620633631194,0.0125821230255273,9.174381702041517,3.549654195923412,38.68628434337408,25.16793416234552,0.7805887129904439,0.0260713276971422,0.0437647153103934,0.0877327320396928,0.36782642214753,0.4746048028052416,0.0162392095763097,0.0097217187687797,0.0191911564513169,0.5986571404536487,,,,,1.0051423304018963,1.0001031314348916,1.0001031314348916,1.000206273505876,0.9859919998318112,0.9877599870466467
tgt,H,target,32000,18,144000,577.1999999999986,8.292312145080691,10.88887664635296,10.88887664635296,118.56763461949087,67.34695535663548,123.17295270820313,1.9635776162608265,-0.2600146196891749,6.184931425335412,8.121613631799917,9.764020301097185,1.313129131639278,6550.645940671526,57683493.23539106,7594.964992374294,14772530.995354716,1982.0,7.726200966574664,39.18318738604142,8.780806414431426,,,,,,,,,8.526401299756296,0.1773217140426284,123.9376166985432,17.26076360682372,0.1077124914196722,75.28479829609134,25.787164906580013,0.0838960174198297,58.63846120398709,1.0398050365556455,0.018529014063084,12.950708575941013,9.56620633631194,0.0176403688913215,12.329597025821212,7.694557270511779,0.0160792114215074,11.238438296928235,5.614947197400487,0.0151924765601929,10.618661943263998,11.645816409423231,0.0116548889026123,8.146092887015657,3.448556382346857,39.58136953964197,26.775578820436884,0.7964371349762487,0.0342890686552225,0.0347625573039814,0.0448355130387736,0.4104815286137708,0.4756313323882516,0.018529014063084,0.0108407480596448,0.0111002960930949,0.5850688019422577,,,,,1.001927939358742,1.003052335008396,1.003052335008396,1.0061139867657956,0.9991260621028475,0.9948911250281657
tgt,H,target,32000,19,152000,577.1999999999986,8.222041893607484,10.834676743885622,10.834676743885622,117.39022014449594,68.29617918525862,124.10615229140625,1.999474640763319,-0.280433765925912,6.303481017446523,8.306474239489047,10.005796776978308,1.3177598562600497,6644.300160418697,59912046.414777294,7740.28723076717,15765321.79303738,1984.0,7.812126082334409,47.21726585791594,8.868472102779537,,,,,,,,,8.526401299756296,0.1397358297639257,81.49720370099692,17.26076360682372,0.1041117788320301,60.72042411371245,25.787164906580013,0.0855461623021789,49.89252238854961,5.614947197400487,0.0277690414926094,16.195554389507574,3.1194151096669374,0.0215972114321719,12.595998767351292,11.645816409423231,0.0172945149696231,10.086565569979422,1.0398050365556455,0.0172242513364195,10.045586175949715,9.56620633631194,0.0119246226957697,6.9547188186201705,3.6793543965308735,32.50398819929981,21.10011029435279,0.7630032885579427,0.0267503643792608,0.037936804823597,0.1098624994300366,0.3248462807788557,0.5006040505882495,0.0172242513364195,0.0073212693838284,0.0215972114321719,0.4250558843113841,,,,,0.9934374572079298,0.9980595942057623,0.9980595942057623,0.9961229535861711,1.013208276524037,1.0024287537266368
tgt,H,target,32000,20,160000,577.1999999999986,8.236958024532727,10.81693963970496,10.81693963970496,117.0061831690205,68.29597368559753,123.80545932070312,1.932089349162026,-0.2961433289510837,6.313798168467365,8.291407274649016,9.966141743352198,1.3132201970055903,6685.673959764866,60720900.45124093,7792.36167353909,16022664.1549629,1984.0,7.753490682776874,52.74708636483573,8.897003382872938,,,,,,,,,8.526401299756296,0.1611073438999082,97.65672400178194,17.26076360682372,0.1015522886107654,61.55686997590972,25.787164906580013,0.0862543963063824,52.28390941176403,1.0398050365556455,0.0228657730996976,13.860302321611377,5.614947197400487,0.0166965541035683,10.12077250113438,3.1194151096669374,0.0165646822899276,10.040837167358916,11.645816409423231,0.0141968410246929,8.605548028319287,9.56620633631194,0.0138002575549198,8.365155247246799,3.561294167570666,36.25069634438676,24.327208928886137,0.7764106505346791,0.04130988957988,0.0344385682353641,0.0608942122099889,0.3866776890490654,0.4766796409257012,0.0228657730996976,0.0073907815439009,0.0165646822899276,0.3232246515940239,,,,,0.9952397154996656,0.9964257026352614,0.9964257026352614,0.9928641808721749,1.0132052278328816,1.0
tgt,H,target,32000,21,168000,577.1999999999986,8.278073794234993,10.840938759528242,10.840938759528242,117.52595318784176,66.36977613216175,121.98195621445312,1.8424823498728264,-0.2148072174462137,6.122142888578018,8.017538594349677,9.616533810819217,1.3095967768584966,6645.506211378792,59561680.30235469,7717.621414811347,15398927.4968806,1984.0,7.786301523919458,49.219606715765295,8.796041220993946,,,,,,,,,8.526401299756296,0.1706904059512831,115.54364675183486,17.26076360682372,0.1138981371557412,77.09985837734233,25.787164906580013,0.0896674660341197,60.6976470812043,2.9114541023558083,0.0187199570403305,12.6719020405565,1.0398050365556455,0.0175652223626593,11.890239738300208,5.614947197400487,0.0161963757081717,10.963640885704544,7.694557270511779,0.0114685037639412,7.763252657862405,9.56620633631194,0.0108062099486064,7.314933127432502,3.4515141835474488,36.23597937142301,25.774251298643744,0.7914974420958496,0.0305115133709237,0.0356287738752128,0.0637530657227119,0.3598108103680946,0.5102958366630569,0.0175652223626593,0.0042028962401698,0.0187199570403305,0.2392737281177379,,,,,1.0002075746072583,0.998636433269716,0.998636433269716,0.9972747258536603,0.9846291152795349,0.985271222155669
tgt,H,target,32000,22,176000,577.1999999999986,8.263991223440396,10.85574128718001,10.85574128718001,117.8471188941847,64.83074278788212,122.91501561445313,1.893549796399542,-0.1759632451320033,5.97202356548764,7.844967526585111,9.442341397634411,1.3136196534656197,6722.998829985633,60640966.78804232,7787.231009032821,15442253.520054134,1984.0,7.791329044367438,46.75713291765728,8.897136395941816,,,,,,,,,8.526401299756296,0.1587487998412715,98.98668259233855,17.26076360682372,0.1131162815422313,70.53285107189491,25.787164906580013,0.0833637591327748,51.98087779706678,1.0398050365556455,0.022349800132034,13.936058564750786,5.614947197400487,0.0203201382137552,12.670477342875037,11.645816409423231,0.0160567904148241,10.01209721165201,3.1194151096669374,0.014810221419305,9.234807999939743,9.56620633631194,0.0140894007651331,8.785345418982507,3.540853668576956,35.50036089971179,23.971068776032,0.7822417536630439,0.0363649475997966,0.0249220237833923,0.0718039241219746,0.3737784297034617,0.4931306747913743,0.022349800132034,0.0046981256379076,0.014810221419305,0.2102088434770216,,,,,0.9985060321556183,0.9999999999999999,0.9999999999999999,1.0,0.9617967791097368,0.9928077185680204
tgt,H,target,32000,23,184000,577.1999999999986,8.253153037417185,10.806922969051277,10.806922969051277,116.78958405900808,61.01584035347123,119.22679554023438,1.6791958425906497,-0.1633761563989743,5.64599567593865,7.393033920107542,8.8937438411228,1.3094296107263246,6619.4533681214525,58903431.24085061,7674.857082763861,15086268.348116163,1984.0,7.818234703187487,31.12941183736318,8.812947759965388,,,,,,,,,8.526401299756296,0.1709994482057365,100.3289663588675,17.26076360682372,0.1066722176977518,62.586829683491935,25.787164906580013,0.0697035196617815,40.89651839594029,1.0398050365556455,0.0226006115170929,13.260253272046452,2.9114541023558083,0.0196169474612324,11.509674929089238,5.614947197400487,0.0182217997049712,10.691112449664349,9.56620633631194,0.014692906776443,8.620636880150347,11.645816409423231,0.0138177269159384,8.10715048177972,3.573610207851427,41.284047836620914,25.82091667906621,0.7709600397282548,0.0348227674465343,0.0373977867722033,0.0609250374470248,0.3916302619344535,0.4752241463997837,0.0226006115170929,0.0070477881022169,0.0196169474612324,0.3118405931881444,,,,,0.997196496142184,0.9955029954346475,0.9955029954346475,0.9910262139193561,0.9052007767156365,0.963017270760183
tgt,H,target,32000,24,192000,577.1999999999986,8.23492155682466,10.80177513417727,10.80177513417727,116.67834604933036,68.14217244668835,126.34235474765624,1.827009994809668,-0.1860527195853998,6.308423532265299,8.274781001430124,9.946645245428767,1.3117034642818215,6709.548308010266,60217809.56623716,7760.01350296745,15199771.06871372,1982.0,7.811993958613026,41.65679537449301,8.836248932862782,,,,,,,,,8.526401299756296,0.1539879518672874,79.6388022344482,17.26076360682372,0.0858694506530099,44.40957955223325,25.787164906580013,0.0853209968385464,44.12593265430949,2.9114541023558083,0.019748505474502,10.213443992457517,1.0398050365556455,0.0191272225647873,9.892131667834542,5.614947197400487,0.0173673571921698,8.981972342578196,11.645816409423231,0.013700334610482,7.085477956939647,2.0796100731112914,0.0117990123156024,6.102160571457655,3.695838338785567,37.09300299582045,23.252180731960404,0.7445993350181934,0.0357280274854713,0.0521277895515782,0.0825209931720738,0.3695394340543704,0.4600837557365061,0.0191272225647873,0.0117990123156024,0.019748505474502,0.6168701323477664,,,,,0.9949936569988981,0.9950287915329676,0.9950287915329676,0.9900822959795581,1.0109235088544344,1.0204909819072001
tgt,H,target,32000,25,200000,577.1999999999986,8.330502033499673,10.90855338415212,10.90855338415212,118.99653693489668,69.45728887449093,126.62692665,1.883819657858714,-0.2790258010883562,6.367231880204362,8.337707450904173,10.006810612591057,1.309471306805274,6595.4299582838285,58934716.89675149,7676.895003629495,15435020.562123667,1984.0,7.7527520825124,48.60648927393396,8.78759743705627,,,,,,,,,8.526401299756296,0.1539051652141152,149.06507666680702,17.26076360682372,0.1102096161721046,106.74368765504845,25.787164906580013,0.1037546179820646,100.49168955775416,1.0398050365556455,0.0279751051478245,27.09532969748568,5.614947197400487,0.0219000238219955,21.21130064406219,3.1194151096669374,0.0197997240291422,19.17705215597933,7.486596263200649,0.014193986459652,13.747606695799222,9.56620633631194,0.0123529624518791,11.964480154969314,3.4741170617385864,32.21609270278602,23.2396799473314,0.802651425714449,0.0436498258795773,0.0341122825154239,0.0765513484189173,0.3392103224877336,0.5064762206983481,0.0279751051478245,0.0063268949061646,0.0197997240291422,0.2261616130665533,,,,,1.0065422755702256,1.0048649001090764,1.0048649001090764,1.0097534674712247,1.0304339245927414,1.0227895227300778
tgt,H,target,32000,26,208000,577.1999999999986,8.34263192894838,10.936498551296122,10.936498551296122,119.60700056250217,69.47758241657851,128.15814777773437,1.963701559112974,-0.2845929871981288,6.352817777161241,8.328017226252973,9.997954551075953,1.310917063636223,6795.933680529884,61975959.82711592,7872.481173500253,15791245.236955468,1984.0,7.8200012875634,37.66219183072861,8.939930206588523,,,,,,,,,8.526401299756296,0.1656935656577256,98.88272053692404,17.26076360682372,0.1027129976288782,61.2971336559112,25.787164906580013,0.0721615302086559,43.06460783081487,1.0398050365556455,0.0307138131129549,18.329410599717068,9.56620633631194,0.016354620664642,9.76012181432466,5.614947197400487,0.0148723746243493,8.875545998797886,3.1194151096669374,0.0147161184168874,8.782295311402205,11.645816409423231,0.0130980810674629,7.816681864637782,3.600718552563796,40.13667149339026,25.019728414316575,0.76734204318338,0.0565025017596214,0.0296870852426782,0.0723443409663431,0.4033871083986083,0.4380789636327488,0.0307138131129549,0.0082568627806081,0.0147161184168874,0.2688322270495491,,,,,1.0080078838274797,1.0074391293951965,1.0074391293951965,1.0149335994365518,1.030734989528561,1.0351574840149507
tgt,H,target,32000,27,216000,577.1999999999986,8.289554901657755,10.930609566518584,10.930609566518584,119.4782254956676,68.82561828787026,127.505034234375,2.075490803141971,-0.2728004512021273,6.296594702154843,8.302691652853174,10.011974006164635,1.318600298350319,6571.674892772158,58151611.83352328,7625.720414067335,14964700.937231315,1984.0,7.721994414134711,52.83307837099655,8.824632547116268,,,,,,,,,8.526401299756296,0.1919352683068508,116.68695414792931,17.26076360682372,0.1014113479875749,61.652980283892376,25.787164906580013,0.0896578635982649,54.507455096613015,2.9114541023558083,0.02046260689109,12.440232027760684,1.0398050365556455,0.0174835600974687,10.629121960922504,5.614947197400487,0.0165599054154992,10.067586540807923,11.645816409423231,0.0113755775747528,6.915776920942347,9.56620633631194,0.0112107468048171,6.815568133556256,3.4004553411877865,44.15709546107379,28.98222551433447,0.80153459347197,0.0354735125332007,0.0278599879358967,0.0609816266284656,0.4112391804727789,0.4644456924296581,0.0174835600974687,0.0017239239674332,0.02046260689109,0.0986025705133289,,,,,1.0015947923217372,1.0068966528731655,1.0068966528731655,1.0138408695671846,1.0210627727356987,1.0298821629835286
tgt,H,target,32000,28,224000,577.1999999999986,8.354803681602522,10.942793879923007,10.942793879923007,119.74473789848044,66.88509589494014,124.03676160585935,1.8426037015420051,-0.264889251207608,6.112250365754364,8.00558558212621,9.623695354915592,1.309760743273716,6666.915889051975,59579452.68464127,7718.77274472058,15131685.212947588,1984.0,7.774469562631919,39.04580861662419,8.878444252876339,,,,,,,,,8.526401299756296,0.1402561717888957,78.79335089777284,17.26076360682372,0.0986178548862869,55.40170636153096,25.787164906580013,0.0718863786865477,40.38445216617396,5.614947197400487,0.0286492084543394,16.09460108524738,2.9114541023558083,0.0236514901405152,13.286974384997258,1.0398050365556455,0.0202387049384346,11.369734105753082,11.645816409423231,0.0169508595575492,9.52268273190231,9.56620633631194,0.013042859915268,7.327240041607768,3.7304610423111,33.41170481144112,21.178681940123266,0.747677759390933,0.0384646537656856,0.0479521618729739,0.0959973393928517,0.3518484007689627,0.4657374441995258,0.0202387049384346,0.0075168757717029,0.0236514901405152,0.3714109076740631,,,,,1.0094785495286478,1.0080190371564768,1.0080190371564768,1.016102379269871,0.992274143960966,1.0018682720974128
tgt,H,target,32000,29,232000,577.1999999999986,8.458834082833029,11.007964216069396,11.007964216069396,121.17527618226428,64.5649653169067,123.36262058203124,1.6587421240266558,-0.2341418428386254,5.865295712230703,7.632844513161912,9.133981151395224,1.3013571502021128,6607.155692677435,58274213.53056241,7633.754877552881,14619707.183282573,1984.0,7.758929923105736,40.85662039846901,8.814148350276907,,,,,,,,,8.526401299756296,0.1692049135574423,125.61717284244293,17.26076360682372,0.1194178219961585,88.65539936620672,25.787164906580013,0.0861221211587829,63.9367802725656,5.614947197400487,0.0215044133273004,15.96480592092134,3.1194151096669374,0.0186234143815384,13.825961753102126,1.0398050365556455,0.0171531281803848,12.734426099821752,9.56620633631194,0.0136606062541812,10.141589277083776,11.645816409423231,0.013088642553023,9.716965301352692,3.458659776814636,36.85406184872984,25.549941947173785,0.7944783414195178,0.0298883525070727,0.0252758609071571,0.0747670987409935,0.396769878184506,0.4732988096602705,0.0171531281803848,0.0051770129547356,0.0186234143815384,0.3018115937799553,,,,,1.022048139736052,1.0140223430959203,1.0140223430959203,1.02824131229774,0.9578538362318423,0.9964231081480441
tgt,H,target,32000,30,240000,577.1999999999986,8.38591632408659,10.91969333942628,10.91969333942628,119.23970262711066,61.10634092846141,119.92224441093752,1.512533625256807,-0.2039777159379823,5.595975915168542,7.2867816189556285,8.7296092409296,1.3021467085309095,6575.939490949524,58647566.5163331,7658.169919526016,15404586.32770362,1984.0,7.735279119086996,64.15519351642807,8.833708094777446,,,,,,,,,8.526401299756296,0.1603526663636619,117.68465571564757,25.787164906580013,0.0918089587751541,67.37964481714754,17.26076360682372,0.0910993261695335,66.8588373321777,5.614947197400487,0.027426820820222,20.128857466470112,1.0398050365556455,0.0222974753681301,16.36437217748176,9.56620633631194,0.019196728578204,14.088698646701346,7.486596263200649,0.0147394950570083,10.81748399039786,2.9114541023558083,0.0146949616532271,10.784800416057072,3.57197852536862,36.82407433557472,24.213252620912943,0.7823773713173585,0.0401343581233094,0.0234890797481431,0.0907531214892165,0.3791028975256407,0.4665205431136901,0.0222974753681301,0.0046957791123911,0.0146949616532271,0.2105968964940403,,,,,1.0132377695419175,1.0058910810928952,1.0058910810928952,1.0118168670222338,0.9065433984069832,0.9686345421997378
tgt,I,target,32000,0,0,575.9999999999986,18.628608498871557,30.025538006104927,30.025538006104927,901.5329325560516,287.93150437359617,573.4709798015625,16.544331060556686,0.0293263464305055,9.589553543221877,15.456415029121604,19.934561995489723,1.6117971456602431,7138.063415124821,56501559.00061102,7516.751891649146,5549609.6822676025,6820.0,7.640250626676629,9.105770795172884,10.68143184034749,,,,,,,,,1.0423452768729642,0.0979334892927548,36.23283149603285,11.465798045602606,0.0692701287905978,25.62813724195471,10.423452768729645,0.0582398639681595,21.54722753931645,12.50814332247557,0.0326496650380288,12.079522748224294,22.72312703583062,0.0246146617380189,9.106781526178784,21.680781758957657,0.0179398236623874,6.637265888533132,23.765472312703583,0.013556272329164,5.015466461616947,2.0846905537459284,0.0127467676961158,4.71597090421046,4.14290700870296,26.82503862311317,14.78795688320599,0.6570988944037828,0.1677612185487357,0.039340722871244,0.0924055419704289,0.3242960647372936,0.3761964518722978,0.0979334892927548,0.0127467676961158,0.010136364292443,0.1301573934313872,,,,,1.0204918529985025,1.0135972536722997,1.0135972536722997,1.0273793926520287,0.9743788000969146,0.98679542619673
tgt,I,target,32000,1,8000,575.9999999999986,18.15429016656633,29.27081206377989,29.27081206377989,856.7804388731221,296.7868594554618,587.7763953140625,19.14711341581611,-0.0311716161562908,10.13934491495369,16.34802885336823,20.996155740221724,1.6123358057636743,7199.239476812305,57233404.65531376,7565.276244481345,5404355.610821047,6284.0,7.671911252899697,7.551474153764492,10.619960076567898,,,,,,,,,1.0423452768729642,0.1009316380435978,32.48978061623496,10.423452768729645,0.0620067164451345,19.95989219124038,11.465798045602606,0.0600294892783247,19.323424993013,12.50814332247557,0.0308557350385284,9.932426358932462,22.72312703583062,0.0284494340561023,9.157840782684469,17.302931596091206,0.0209880682953636,6.756035547351111,21.680781758957657,0.0161589591668547,5.2015507574644975,6.045602605863192,0.0143636964601553,4.623657714016841,4.207850856103855,31.216439795284906,15.24067734458328,0.6324275395619319,0.163992799247841,0.0302465873472695,0.0693156716580034,0.3013176181344263,0.4351273236124597,0.1009316380435978,0.0016429026264598,0.0128522910033073,0.0162773799998565,,,,,0.9945082700661197,0.9881193374311201,0.9881193374311201,0.9763798250053156,1.0043458934091656,1.0114113511428597
tgt,I,target,32000,2,16000,575.9999999999986,18.25453916573197,30.60128932895901,30.60128932895901,936.4389085946608,296.7879361362585,587.7763953140625,20.2024390268144,0.0686367844988311,9.698543513831249,16.25830887549232,21.25792811877253,1.676366028806857,7144.49717358092,56645739.97054743,7526.336424220447,5601900.107241661,6872.0,7.6366377402681245,8.440036830429499,10.661907244007567,,,,,,,,,1.0423452768729642,0.1020420855316962,35.59373620766124,11.465798045602606,0.0845850077787876,29.50445826654492,10.423452768729645,0.0642244117882509,22.40239171290888,22.72312703583062,0.0314692520885547,10.97692439012807,12.50814332247557,0.0261521302087723,9.122236370113304,6.045602605863192,0.0208367821361906,7.268167079373391,21.680781758957657,0.0205733709004115,7.176285479819611,9.381107491856678,0.0159993961403265,5.580817784479387,4.071487570919305,28.396411010498262,15.40835491528614,0.6740878832818928,0.1674256240843336,0.0266353134936026,0.0732046962617208,0.3650252050119461,0.3677091611483967,0.1020420855316962,0.0067018221427018,0.0083895485768576,0.0656770400929765,,,,,1.0,1.0330333736686985,1.0330333736686985,1.0671579511133336,1.0043495369664939,1.0114113511428597
tgt,I,target,32000,3,24000,575.9999999999986,18.732267201969567,31.0148284504144,31.0148284504144,961.9195838086345,288.00364720688094,569.3355753093749,17.929328142319655,-0.0917376579402957,9.28599839484276,15.374735161613756,20.12583180455172,1.655690051610611,7097.837686934931,56465901.83965492,7514.379670981159,6086602.009581095,6930.0,7.757977912141216,7.033461945198546,10.614103916213743,,,,,,,,,1.0423452768729642,0.1269245003542956,55.96093695807496,11.465798045602606,0.0917223339376867,40.44032265485825,10.423452768729645,0.0656372634043045,28.93943052141814,22.72312703583062,0.0312020580278416,13.75696888610321,12.299674267100976,0.0257556695725175,11.355659445082749,5.420195439739414,0.0238681658971411,10.523460193629887,21.88925081433225,0.0189150723141888,8.339644169384565,23.765472312703583,0.0142695718234277,6.2914457571274935,3.976171965894943,37.636396876664016,19.16559955349864,0.6942756921963997,0.1901793134005144,0.0246391101019793,0.0960126633797992,0.3146192600108271,0.3745496531068797,0.1269245003542956,0.0065107528681105,0.0050826352524483,0.0512962654955131,,,,,1.0261703695667324,1.0469935604173262,1.0469935604173262,1.0961955155553493,0.9746229361024016,0.9796794632585946
tgt,I,target,32000,4,32000,575.9999999999986,17.81556033284803,29.191735717137774,29.191735717137774,852.1574341792175,287.9653644391127,574.9400997703125,19.707329794078248,-0.2923256810368502,9.864619467284545,16.163699544613866,20.93478376395972,1.6385527691381625,7035.182003021811,55645198.81408322,7459.570953753521,6151412.998441214,6904.0,7.775276560758397,8.636129563742957,10.671920317088816,,,,,,,,,1.0423452768729642,0.1333196839705116,68.96720510766576,11.465798045602606,0.0882303387693517,45.64217142886888,10.423452768729645,0.0671293933843665,34.72650477717019,21.88925081433225,0.0297218445866008,15.375318113082692,12.50814332247557,0.0245509168264744,12.700361011410894,22.72312703583062,0.018401867964254,9.51941502153277,2.0846905537459284,0.0160195585208254,8.287029681861503,6.045602605863192,0.015502289833817,8.019442971705681,3.859586022256628,35.95291304372034,20.13127227954725,0.731361697292211,0.2283841302588088,0.0409316834204088,0.0582849392672475,0.3409493763353439,0.3314498707181907,0.1333196839705116,0.0160195585208254,0.0006859123671093,0.1201589896076306,,,,,0.975952346487716,0.9854498909162703,0.9854498909162703,0.9711114875068895,0.97449338474468,0.9893234021828878
tgt,I,target,32000,5,40000,575.9999999999986,18.390405643768155,30.0951048555337,30.0951048555337,905.715336265568,299.8501896509107,589.9353568253906,18.501092834477813,-0.0194758911785838,9.963420665595924,16.304707762251173,21.163404984700843,1.63645682637404,7101.475183584301,56175238.42646943,7495.014237909721,5744288.6434057485,6450.0,7.717319816841682,8.37731817810041,10.61222570856908,,,,,,,,,1.0423452768729642,0.099019239432334,37.22789404248142,11.465798045602606,0.0829593570619489,31.189919981612377,10.423452768729645,0.0510665109293414,19.19928560242961,12.50814332247557,0.0311704396708446,11.719033916805044,22.72312703583062,0.0258926119524656,9.734748719294984,5.420195439739414,0.0235079942261043,8.838212888907536,21.680781758957657,0.0189331043020929,7.118208591525527,2.2931596091205213,0.0146786977610447,5.518695236022393,4.095597556220044,28.253518011963813,14.951905154282445,0.6759309139890004,0.1642495988372631,0.037521457324792,0.0901783955821029,0.3198749875656688,0.3881755606901732,0.099019239432334,0.0071456210207734,0.0060653823645135,0.0721639659289073,,,,,1.0074428873171029,1.0159456801189233,1.0159456801189233,1.0321456249523018,1.01471240056383,1.0151263662347316
tgt,I,target,32000,6,48000,575.9999999999986,18.042453969251078,29.47539432695955,29.47539432695955,868.7988707297591,299.8306491095004,597.7268794382812,18.98233036683092,-0.0076876896164628,10.172235383302452,16.61806368581965,21.54356774870988,1.633668811193393,7109.232925098768,56241815.68160794,7499.454358925584,5700622.898299552,7334.0,7.723478001562722,8.246061582892002,10.6073234845725,,,,,,,,,1.0423452768729642,0.1052434034993804,36.955274276458766,11.465798045602606,0.0708665324373335,24.88414528762975,10.423452768729645,0.0482060696108226,16.927127639581727,12.50814332247557,0.0352982836969873,12.394674745748786,6.045602605863192,0.0259304546259667,9.105245848700728,21.88925081433225,0.025073905898285,8.804476469242054,2.9185667752443,0.021902021309129,7.690697732827246,23.765472312703583,0.0164821364758211,5.787553935668593,4.131134874726907,31.746183968369877,15.891753928406445,0.6640551711681597,0.1689037579974039,0.0399260697884976,0.0821716306310663,0.3071056438179076,0.4018928977651245,0.1052434034993804,0.0025119150231079,0.021902021309129,0.0238676718878523,,,,,0.9883817830428157,0.995025592368727,0.995025592368727,0.9900759294687361,1.0146462741101303,1.0285335640674265
tgt,I,target,32000,7,56000,575.9999999999986,17.30969915709388,28.28043936063656,28.28043936063656,799.7832504306414,298.1125144595075,590.1938546519531,20.53895432315312,0.1260973199103087,10.541297136791966,17.222281667288105,22.249857158525597,1.633791500590292,7119.829127871424,56290356.15639103,7502.689928045209,5598389.346304631,6490.0,7.671563339204639,8.526925546895166,10.576592111998291,,,,,,,,,1.0423452768729642,0.1003092204098165,28.583406682226904,11.465798045602606,0.0512992503017199,14.617871895293051,10.423452768729645,0.0459530510350732,13.094456727490256,12.50814332247557,0.0267909929812771,7.634172059915545,23.765472312703583,0.018936229842069,5.395934256019924,6.045602605863192,0.0184345611700041,5.252982295923124,21.88925081433225,0.0179651695230127,5.119227768828002,17.302931596091206,0.0170228589662545,4.850713610760247,4.299204933347962,38.1810546291329,15.1466922818823,0.6056531292009244,0.170196144068931,0.0347294185026819,0.0720451574379686,0.2799470904319337,0.4430821895584846,0.1003092204098165,0.0089761048844812,0.0046918394467309,0.0894843449856314,,,,,0.9482408183487988,0.9546864959674972,0.9546864959674972,0.9114263055826979,1.0088319955291634,1.0155711742231357
tgt,I,target,32000,8,64000,575.9999999999986,17.653823112686055,28.714806590161984,28.714806590161984,824.5401175104101,298.12045029196656,575.3743873335937,17.984774213051505,0.1002224913497787,10.382115907898736,16.887019224618832,21.89731668761861,1.6265489014402703,7059.847817135552,55509489.34086849,7450.469068512968,5668038.139754874,6892.0,7.730756083475298,8.196461976787646,10.594718948597984,,,,,,,,,1.0423452768729642,0.0867335556174126,31.604296287846417,11.465798045602606,0.0770926956451249,28.091323795656216,10.423452768729645,0.0487636417618905,17.76867754753721,12.50814332247557,0.0350193167863154,12.760469182131304,22.93159609120521,0.0270757378359556,9.86595827518228,21.680781758957657,0.026749628409748,9.74712930691553,6.045602605863192,0.0252161182486625,9.188343158390108,5.420195439739414,0.0173976622332127,6.339425012848725,4.129010817575524,23.04228417842689,13.096766898229314,0.6726188941834579,0.1414691074550612,0.0397760237006714,0.0864021596287747,0.3175805061110227,0.41477220310447,0.0867335556174126,0.00905121062459,0.0073830904717593,0.1043565037782055,,,,,0.9670922367531688,0.9693497946182223,0.9693497946182223,0.93963902432639,1.008858850898554,0.9900706989009334
tgt,I,target,32000,9,72000,575.9999999999986,17.437756689284775,28.461887937125077,28.461887937125077,810.0790649454658,299.7687170390946,590.7226256941406,18.928864433189315,-0.0506540644501673,10.532285057874612,17.190784478790242,22.254404034735018,1.6321989372986734,7163.563633754064,57034833.74941485,7552.14100433876,5718189.814571125,6852.0,7.683586218505219,8.447385933384327,10.602121748736216,,,,,,,,,1.0423452768729642,0.117354805633417,47.861815975196215,11.465798045602606,0.0835690087326445,34.08266492030607,10.423452768729645,0.0657333362579579,26.808589784057475,22.72312703583062,0.0276609784024147,11.281213844158652,21.680781758957657,0.0225371051323927,9.191500702831693,12.299674267100976,0.0224761193728706,9.16662835794905,5.420195439739414,0.018869938535725,7.695888726374932,2.0846905537459284,0.0178866373299544,7.294860569881785,3.9801234782230215,32.011842964848285,17.720575650645973,0.6995448434034468,0.1994627169563969,0.0548539469692709,0.0718755777565261,0.3466199123335391,0.3271878459842667,0.117354805633417,0.0178866373299544,0.0022100245151187,0.1524150394460606,,,,,0.9552559246206288,0.9608118076529736,0.9608118076529736,0.9231593297253745,1.0144366919854482,1.0164810526028865
tgt,I,target,32000,10,80000,575.9999999999986,18.04068834198326,29.19375758511299,29.19375758511299,852.2754819383423,299.7556374242611,590.7226256941406,18.19759983116725,0.162561823730956,10.267799085140986,16.615532164960154,21.44320016632706,1.6182174998929133,7195.330334067913,57992729.453845054,7615.295756163713,6219950.837487223,7902.0,7.742280235625959,9.052098823536303,10.622755831166057,,,,,,,,,1.0423452768729642,0.1049908747102746,43.16014428946147,10.423452768729645,0.0780375950835322,32.080062892153514,11.465798045602606,0.0656425877348791,26.984664771954336,21.88925081433225,0.0328752543219086,13.514514704271352,12.50814332247557,0.0328486167508791,13.503564405854238,22.93159609120521,0.0268913002606397,11.05460262697347,6.045602605863192,0.0190446058604096,7.828946459770403,4.37785016286645,0.0178104607824482,7.32160827646705,4.017341526858447,27.60682428586742,15.853622081251467,0.7007365940378831,0.1749914813131891,0.0188206512789726,0.0877545255632946,0.3199945867630228,0.3984387550815208,0.1049908747102746,0.0069091605704097,0.0033045965470647,0.0658072483862046,,,,,0.9882850604002013,0.9855181448082255,0.9855181448082255,0.9712460137462468,1.0143924297244118,1.0164810526028865
tgt,I,target,32000,11,88000,575.9999999999986,18.16710073361455,29.314100050154384,29.314100050154384,859.3164617504613,285.5763431686106,561.5827432605469,17.57953859027901,0.2396649040008821,9.741944752866356,15.719423113022849,20.22473905342118,1.6135816319834102,7180.624398794052,57712137.1167911,7596.8504735048655,6150770.360234676,6700.0,7.711174279950462,7.738550124517401,10.55952067166186,,,,,,,,,1.0423452768729642,0.1203965283595346,47.78651228571298,11.465798045602606,0.0626202719844291,24.854573776268115,10.423452768729645,0.0527624514863813,20.941912283790725,12.50814332247557,0.0506005622410635,20.083838148353657,21.680781758957657,0.0274673723347147,10.9020579198881,22.72312703583062,0.0267404302757249,10.613527792763673,23.765472312703583,0.0192561293825945,7.642938512053536,2.0846905537459284,0.0168783440513068,6.699173193446921,3.9928497038449455,34.24587569023721,18.179875782289734,0.7050332101145615,0.1970219681890855,0.0493566673555327,0.0543587933600479,0.2639114287719609,0.4353511423233728,0.1203965283595346,0.0168783440513068,0.0038930558098832,0.140189624079223,,,,,0.9952100443991727,0.9895806462708575,0.9895806462708575,0.979269855473848,0.9664087825264474,0.9663388418927109
tgt,I,target,32000,12,96000,575.9999999999986,18.04059538018813,29.583132872958977,29.583132872958977,875.161750579146,296.3423026479727,563.2326995613281,17.962651722942496,0.0289576247474411,10.01727247484461,16.426414783039494,21.278628963425337,1.6398091221227111,7125.950946302662,55971193.03366558,7481.389779557378,5192016.144553807,6386.0,7.641096050320959,8.138335154179396,10.710952491561324,,,,,,,,,1.0423452768729642,0.0840117895306943,28.50689687331716,11.465798045602606,0.0763120298189021,25.894212900275637,10.423452768729645,0.0495763879842522,16.82226967802288,22.72312703583062,0.0247337152843363,8.392649113217127,12.299674267100976,0.0242638602650004,8.233217816057028,21.88925081433225,0.0231869764274879,7.867809381455194,5.420195439739414,0.0168706659278997,5.72455766598225,3.960912052117264,0.0163862717595895,5.560192941945399,4.197968240526,24.30526430484428,12.685780219134848,0.6444068411752859,0.1409286149085849,0.0429992797748178,0.1030766725545978,0.3283537697985823,0.3846416629634172,0.0840117895306943,0.0026231352224384,0.0143336193027104,0.0312234180114544,,,,,0.9882799678698292,0.9986626127717407,0.9986626127717407,0.9973270141480798,1.0028414844713576,0.9691779904954856
tgt,I,target,32000,13,104000,575.9999999999986,18.576232259225097,30.672110197276503,30.672110197276503,940.7783439538732,296.2961794141257,586.9941730406249,18.491536277656014,-0.1031575052973909,9.66011720447018,15.950283958522688,20.779829291235774,1.6511480783215795,7141.090700944596,56814731.32979741,7537.554731462811,5819554.930680048,6966.0,7.6885122718199455,8.207343450481456,10.63388753959548,,,,,,,,,1.0423452768729642,0.1028299014952851,37.4267557178063,11.465798045602606,0.0793468052891895,28.879668806091416,10.423452768729645,0.0579525892062903,21.092866645774784,22.72312703583062,0.0316703721470187,11.526990346215952,12.299674267100976,0.0278624991962089,10.141047846398084,21.88925081433225,0.0269403686189569,9.80542216405398,9.381107491856678,0.0236039652005568,8.591079313377989,23.765472312703583,0.0196689001089111,7.158842991285984,4.073027380137722,27.772849931706737,15.527315125788054,0.6771599854100752,0.1722171958616946,0.0441745348355882,0.0493984008957517,0.3359409606885882,0.3982689077183772,0.1028299014952851,0.0157270156653603,0.0063564771869293,0.1529420473667234,,,,,1.0176226356947438,1.0354241330820588,1.0354241330820588,1.0721031353687331,1.002685400470233,1.01006534866168
tgt,I,target,32000,14,112000,575.9999999999986,17.803776058137583,28.64590879348009,28.64590879348009,820.5880906043798,296.26334292691007,587.6685944308595,18.9033939638854,-0.0558154435570127,10.342256727226976,16.64047795026495,21.35576602952445,1.6089793929072298,7111.426993437025,56442951.83089673,7512.852443040309,5870557.947911973,6668.0,7.714487830030057,7.831198045063797,10.600252490572442,,,,,,,,,1.0423452768729642,0.1393129918126679,84.833432138319,11.465798045602606,0.0769535938445564,46.86022025849795,10.423452768729645,0.0631692211375184,38.46634664056396,22.72312703583062,0.0324623019555501,19.76763584047421,12.299674267100976,0.0314094491831726,19.126510321202968,21.88925081433225,0.0293470868639582,17.870652762081974,23.765472312703583,0.0256547696205975,15.62224835828462,9.381107491856678,0.023121369331919,14.079556333137376,3.7562005993136776,35.75059101094424,21.036261763712854,0.7627781358757142,0.2382251513212332,0.0486354814864825,0.0221126447579149,0.3183846408001056,0.3726420816342636,0.1393129918126679,0.017260151940237,0.0002723133845285,0.1238947761837074,,,,,0.975306793367834,0.9670239539459705,0.9670239539459705,0.9351353275052985,1.0025742796775217,1.011225853668303
tgt,I,target,32000,15,120000,575.9999999999986,18.32800218593192,29.356361661661584,29.356361661661584,861.7959700102741,294.5328602067779,567.1934357824218,16.090487352987484,-0.0532140613533673,10.033016475315394,16.070101761163983,20.678707100230994,1.601721855107216,7118.158827169486,56445221.15321299,7513.003470863899,5777036.064402106,6226.0,7.734715642328709,7.467461116088533,10.59050106746477,,,,,,,,,1.0423452768729642,0.1239163729180398,56.23394236059021,11.465798045602606,0.0770538194267536,34.96745376152453,10.423452768729645,0.0642542501030049,29.15893769022112,12.50814332247557,0.038613917098228,17.523211318124773,22.72312703583062,0.0380684570654519,17.27567850772346,21.680781758957657,0.0253418735888532,11.500283821634309,2.0846905537459284,0.0219677997015885,9.969110240381152,23.765472312703583,0.0148842458784493,6.754553939076143,3.926316841078763,33.13045191182682,18.71137231062402,0.717153009592705,0.1996043397688798,0.0478042835043927,0.040261645882804,0.2993847190970512,0.4129450117468723,0.1239163729180398,0.0219677997015885,0.0040210463827984,0.1772792342456722,,,,,1.004024370022874,0.9910073069138992,0.9910073069138992,0.9820954823567394,0.9967182144299932,0.9759933944566406
tgt,I,target,32000,16,128000,575.9999999999986,18.64354532774388,30.27617994857049,30.27617994857049,916.6470722782218,294.45475333874634,567.808139128125,17.121153903303966,-0.0419258037953804,9.725624363407825,15.793924822900816,20.40007777351928,1.623949705720092,7209.567803912332,57932031.10351295,7611.30942108603,5954163.1843036655,7308.0,7.735131182442557,8.340426262748029,10.65549662953532,,,,,,,,,1.0423452768729642,0.0958011673404482,38.70200164998269,11.465798045602606,0.0793062653354156,32.038348770405086,10.423452768729645,0.0529745491990772,21.400794451949764,12.299674267100976,0.0330615969367243,13.356308850068986,22.72312703583062,0.0243414883916893,9.8335370022203,1.876221498371336,0.017049255428485,6.887601999455089,21.88925081433225,0.0167604463045187,6.770928147741453,15.843648208469055,0.0162471576401567,6.5635684747172345,4.082566020004788,25.60470723378104,14.465976268407688,0.6837367170575879,0.1871903864054911,0.0428155705171568,0.0733690372776955,0.3261911678964543,0.3704338379032021,0.0958011673404482,0.008751587628579,0.0013697290312711,0.0913515760970557,,,,,1.0213101058580631,1.0220583838104684,1.0220583838104684,1.044603339917267,0.996453895745876,0.977051140134055
tgt,I,target,32000,17,136000,575.9999999999986,17.92520587126674,29.551017052821848,29.551017052821848,873.2626088561676,289.06875613018366,569.2960436460937,19.99490834009561,0.0028631011517925,9.782023935537287,16.12638416574792,20.823676106918697,1.648573370093846,7065.913700711855,55601023.61439985,7456.609391298423,5673887.188492358,6802.0,7.753782276852551,7.855043346511049,10.604035414483269,,,,,,,,,1.0423452768729642,0.1252394772066499,59.10236361219271,11.465798045602606,0.0807666947955585,38.11499912033032,10.423452768729645,0.0769368778177275,36.30765178352832,22.72312703583062,0.0355252465762368,16.76488985255896,12.50814332247557,0.0309630568994333,14.611924995469028,21.88925081433225,0.0234969146908112,11.08854194216693,6.045602605863192,0.0216805404685952,10.23136805313762,9.381107491856678,0.0159437865129169,7.524108922035293,3.897176232849304,33.78195613964578,18.91116105820414,0.7279674646642045,0.1927592812442601,0.0288208524573237,0.0732646174245436,0.3335631848647284,0.3715920640091438,0.1252394772066499,0.0085514104320682,0.0030289020004713,0.0682804705251988,,,,,0.9819588272552251,0.9975784521121113,0.9975784521121113,0.995162768118396,0.978227333463913,0.9796114394772878
tgt,I,target,32000,18,144000,575.9999999999986,18.286666707925555,30.3575811512348,30.3575811512348,921.5827333538062,298.858563194343,591.1360259601563,19.78638793583476,0.0182967616233716,9.844610534201836,16.342976441124698,21.221838228510663,1.6600937522460546,7179.566957437393,57158149.27690493,7560.300872115139,5611967.580578109,6888.0,7.696200415499559,8.708862600159199,10.704043570826322,,,,,,,,,1.0423452768729642,0.0945930673667091,38.31738376603141,10.423452768729645,0.070322317614916,28.485884921370133,11.465798045602606,0.0677363343386645,27.438365093891303,22.72312703583062,0.0377890712828048,15.307446801484616,12.299674267100976,0.0346481306949446,14.035127071913186,23.765472312703583,0.0247771542860364,10.036631180673163,21.680781758957657,0.0196837386983167,7.973410638326856,1.876221498371336,0.0174180352901933,7.055628506867756,4.088722623106709,23.61809730556397,14.28355317237308,0.672800585160485,0.1665014760749111,0.0558211279578876,0.0724841241245917,0.3198672610120319,0.3853260108305775,0.0945930673667091,0.0094734877342209,0.0032382281745307,0.1001499158220006,,,,,1.0017599755272868,1.0248063124387379,1.0248063124387379,1.050227978014284,1.0113566726138896,1.0171924076776175
tgt,I,target,32000,19,152000,575.9999999999986,17.209002353088326,27.53611211099296,27.53611211099296,758.2374701891731,298.8804265410909,591.1360259601563,18.638160048667388,0.0251998096906761,10.8541258597564,17.3676788699745,22.279197763032563,1.6000992704873291,7083.343846806277,56045108.98479569,7486.328137665066,5871348.932707367,6798.0,7.71641102914981,9.62191254293898,10.553107230008766,,,,,,,,,1.0423452768729642,0.0863517971396773,29.06265522199972,11.465798045602606,0.0599464499248161,20.175642704108643,10.423452768729645,0.0577952549097352,19.45163415872248,21.88925081433225,0.0268202035319228,9.026637013371188,22.93159609120521,0.0253690739003308,8.538243238576126,12.50814332247557,0.0242716650403222,8.16889811325802,6.045602605863192,0.0204715235346052,6.889918334796416,5.420195439739414,0.0180952334541611,6.090151548197949,4.226972264064948,23.90706380921178,13.039121368091283,0.6391142858074348,0.1575533722942032,0.0307205748316438,0.129347632786937,0.2980662773115692,0.3843121427756467,0.0863517971396773,0.0030089100619898,0.0047187709300808,0.0348447879676204,,,,,0.9427245572648385,0.9295596171112778,0.9295596171112778,0.8640810817640654,1.0114306595908156,1.0171924076776175
tgt,I,target,32000,20,160000,575.9999999999986,18.065152175714363,29.214784252213832,29.214784252213832,853.5036189034013,286.0902749520177,570.9710927402343,17.1391035129486,0.0028805203554293,9.79265403715342,15.836582618805911,20.50322511001741,1.6171900445702698,7120.866702842263,56741341.76453577,7532.684897467554,6034599.16488814,6914.0,7.773080806905163,7.326918921401759,10.606440497514155,,,,,,,,,1.0423452768729642,0.1061078911366804,42.554577437623806,10.423452768729645,0.0635480559562421,25.48595245114168,11.465798045602606,0.0598176496971624,23.98987275032736,22.72312703583062,0.0284240308517538,11.399459635026432,12.299674267100976,0.0234289271394601,9.396172928857174,23.765472312703583,0.0181702180382787,7.28716726235214,2.0846905537459284,0.0176554610282261,7.080723926129127,21.88925081433225,0.0171705238221213,6.886239824442593,4.075422452670455,29.22172912416243,16.022291561638745,0.6814820228935048,0.2014597316565551,0.0468709806591765,0.0570860959424134,0.3257510224011934,0.3688321693406613,0.1061078911366804,0.0176554610282261,0.0019107955263954,0.1663915929241987,,,,,0.9896252111160861,0.9862279596339569,0.9862279596339569,0.9726455883637579,0.968147960861716,0.9824937662958565
tgt,I,target,32000,21,168000,575.9999999999986,18.388806184134467,30.234461453374507,30.234461453374507,914.1226593755888,286.02236957254314,570.9710927402343,18.37225230019127,-0.1237687964801311,9.460144346001254,15.554156518290055,20.15483798186564,1.6441775040001574,7204.479816172403,57875788.58032939,7607.613855889992,5971259.158693838,7190.0,7.760538541176729,8.251812029027903,10.64210175606944,,,,,,,,,1.0423452768729642,0.0997124903744191,39.88489009666489,11.465798045602606,0.0764601431528463,30.58397593897529,10.423452768729645,0.0587274387044197,23.49091301991312,22.72312703583062,0.0406729978455413,16.269155878865522,21.88925081433225,0.0362010635281973,14.480386908227842,12.50814332247557,0.0267891339111376,10.715625071828285,6.045602605863192,0.0251951382772718,10.078028513638117,5.420195439739414,0.0192977102679017,7.719063582329331,4.034688026136971,24.382457331420948,15.056586046537292,0.6924519809125858,0.1619298986060893,0.0244280765546069,0.0932546370817487,0.2970724723371897,0.4233149154203652,0.0997124903744191,0.0054281653905327,0.0049341379716208,0.0544381688803034,,,,,1.0073552674862671,1.0206500575999808,1.0206500575999808,1.0417265400788442,0.9679181646734993,0.9824937662958565
tgt,I,target,32000,22,176000,575.9999999999986,17.700864063039013,28.9363038750804,28.9363038750804,837.3096819509929,280.0954998143799,551.502028940625,18.592364993263224,-0.1314874719313724,9.679726236756352,15.823832035365356,20.398665222250955,1.634739624688738,7161.888987648441,57153862.14574692,7560.017337661794,5861208.274346891,6670.0,7.7391475910259615,7.455974361942896,10.586578024133445,,,,,,,,,1.0423452768729642,0.0846837027162054,35.787124358759336,11.465798045602606,0.0711666622370686,30.07485631811444,10.423452768729645,0.0630886386915223,26.6611034480226,22.72312703583062,0.029319185922832,12.390215815600948,12.299674267100976,0.0274116383933219,11.584090924161146,21.88925081433225,0.0225108941481748,9.513048467039194,23.765472312703583,0.0215507445870483,9.107291625463732,17.302931596091206,0.0184396459250894,7.792548987426186,4.160633790455064,22.406121851432264,12.787239110147018,0.6560486865778821,0.1581468032034478,0.0336336036073004,0.0874816004825435,0.3370714311928456,0.3836665615138626,0.0846837027162054,0.0066658672977144,0.0041470767392972,0.0787148776426859,,,,,0.9696691821323907,0.9768270641227198,0.9768270641227198,0.9541911132026121,0.9478612547641321,0.9489925364403636
tgt,I,target,32000,23,184000,575.9999999999986,18.528660581521816,30.20828292739477,30.20828292739477,912.5403574215304,298.5871763953905,596.3090665218749,18.204291317958525,0.2692439389608556,9.884281642655134,16.11488186540306,20.821133035421617,1.6303543796101014,7190.507963964,57357856.14303669,7573.496956032708,5654451.363206994,6284.0,7.692969608563942,8.743126143864368,10.693697814945638,,,,,,,,,1.0423452768729642,0.064844639213279,20.995733844288583,11.465798045602606,0.0591158113345673,19.140824219677068,10.423452768729645,0.055936424686079,18.11138590882169,22.72312703583062,0.0319709031538032,10.351704960081245,5.420195439739414,0.0259541416573259,8.403566694262468,21.88925081433225,0.0249336535126062,8.073147746177746,6.045602605863192,0.0246506490806595,7.981515102338611,23.765472312703583,0.0206957752322932,6.700985520935183,4.264927376442228,15.9382945273504,9.79154052120514,0.6317831789835635,0.1172654629869333,0.0358534558678711,0.1303347267391443,0.2910050442760159,0.4255413101300352,0.064844639213279,0.0025509351469459,0.0065797305181995,0.039339183282621,,,,,1.015016616596076,1.0197663271558217,1.0197663271558217,1.0399233620008748,1.0104382821650892,1.0260938742655177
tgt,I,target,32000,24,192000,575.9999999999986,18.284415175458093,29.85649679650091,29.85649679650091,891.4104009594691,298.5727799147159,596.3090665218749,19.49440126747557,0.2683328165480408,10.000261649909904,16.329359022401395,21.071172741152026,1.6328931776048048,7135.141056511105,57047338.996241495,7552.968886222258,6137101.099931087,6632.0,7.7387667841802195,7.565190281505592,10.584198984898611,,,,,,,,,1.0423452768729642,0.1241046865879764,56.26586746905859,11.465798045602606,0.0728536604379845,33.02997264276217,10.423452768729645,0.0558915553058805,25.33979118710337,21.88925081433225,0.0475016732050256,21.53603479928084,22.72312703583062,0.0357559474799264,16.210825372094153,12.299674267100976,0.0275574840138269,12.49385326156495,17.302931596091206,0.0162143563345074,7.351171415809175,6.045602605863192,0.0160121413437782,7.259492348874303,3.936055940138045,32.80463075680219,18.73980767478444,0.712195155696218,0.2009859798526594,0.0281022027810395,0.0701359871982299,0.3031606295366792,0.3976152006313919,0.1241046865879764,0.0028603265078726,0.0104379311996344,0.0230476913200371,,,,,1.0016366345627727,1.0078907878705132,1.0078907878705132,1.0158438402742442,1.0103895635450277,1.0260938742655177
tgt,I,target,32000,25,200000,575.9999999999986,18.8348531743567,30.753543101312687,30.753543101312687,945.7804132842972,295.159880244162,588.1843284351562,17.082161568464436,-0.0365554337422293,9.597589431298855,15.670941393161538,20.32182799046524,1.6327997259453784,7050.2147479127725,55170505.841057226,7427.685093019038,5464977.849370478,6812.0,7.616589413573992,8.597205514778187,10.71681012797688,,,,,,,,,1.0423452768729642,0.0888181084660122,35.05602460046611,11.465798045602606,0.0722386913744535,28.512218799361044,10.423452768729645,0.0643490458128125,25.398218583924304,12.299674267100976,0.0394479253276292,15.569881689744657,22.72312703583062,0.0343187378303059,13.54541926657368,21.88925081433225,0.0206539899653257,8.152017565194015,6.045602605863192,0.0201210973483713,7.941687746061359,7.504885993485343,0.0130681675122976,5.157934679158631,4.0755234221612335,21.2290878920919,13.411534378367856,0.6799156652269769,0.1621603987995403,0.0204002300647239,0.0873465560014777,0.3508899684447238,0.3792028466895343,0.0888181084660122,0.0017514700333152,0.0120844504328164,0.0197197403045999,,,,,1.0317901209861333,1.0381731318801104,1.0381731318801104,1.0778034517577573,0.99884009071787,1.0121132986733672
tgt,I,target,32000,26,208000,575.9999999999986,18.524297390845398,30.09076336968589,30.09076336968589,905.4540401704304,293.023846870088,585.3845895023437,17.72838734557643,-0.001960434005488,9.737999773222006,15.818351470371177,20.43239032625106,1.62439431492581,7074.476276328277,55203379.67482587,7429.897689391549,5155165.090494282,7010.0,7.624206473178712,8.459245291646994,10.578869156730248,,,,,,,,,1.0423452768729642,0.114812430935641,57.59295119349654,10.423452768729645,0.0699991029827153,35.11340095160885,11.465798045602606,0.0686573011503509,34.44031767296955,22.72312703583062,0.0306304270801912,15.365032144074087,12.299674267100976,0.0252819915614468,12.682115466129334,21.88925081433225,0.025067493424429,12.574517528905208,9.381107491856678,0.0215869098207011,10.828564760717988,6.045602605863192,0.0183908385465718,9.225330900047924,3.97938917324162,30.56370629377884,17.336677071281798,0.708045236088348,0.2008828300649129,0.0381811806007908,0.0747664503485495,0.342223424634646,0.3439461143511007,0.114812430935641,0.0072169334490033,0.0114347374529868,0.0628584674161808,,,,,1.0147775971041673,1.015799120942155,1.015799120942155,1.0318478541068554,0.9916116158744341,1.0072956711547083
tgt,I,target,32000,27,216000,575.9999999999986,18.197841886637804,29.81339295949755,29.81339295949755,888.8383997574181,285.8082581557968,564.2270190210937,17.27069891113145,-0.0326901809383695,9.586572670345404,15.705612782889526,20.374654415831987,1.6382927791776838,7116.777016696512,56018726.81264532,7484.565906760747,5370211.707265619,6886.0,7.660461392596061,8.033349765524108,10.71795916963562,,,,,,,,,11.465798045602606,0.0933399358327283,35.411887339717616,1.0423452768729642,0.0757830633859976,28.75105150803685,10.423452768729645,0.0717010930158473,27.20240811566436,22.72312703583062,0.036336909017213,13.785723301728837,12.299674267100976,0.0318371260335885,12.078567552716436,21.88925081433225,0.0234083641363411,8.880811264844937,23.765472312703583,0.0146542582674293,5.55962395070961,6.045602605863192,0.0146213088882122,5.547123409603159,4.069358767161039,23.364346167642204,14.094330310741984,0.6737438235969511,0.1441849054874801,0.0345872424185681,0.076891530703093,0.3720231689132609,0.3723131524775979,0.0757830633859976,0.0009897520471135,0.0050004280563789,0.0130603330464379,,,,,0.9968940722863823,1.00643569551545,1.00643569551545,1.0129128092076678,0.9671935978158704,0.9708889574487125
tgt,I,target,32000,28,224000,575.9999999999986,18.742380088348103,30.33961238144297,30.33961238144297,920.4920794562078,287.93631754600386,573.7820463292969,15.060752462691106,-0.1007596731954588,9.490441536494671,15.362846991081714,19.92288675076829,1.6187705210558128,7000.473228570932,54862218.166893005,7406.90341282327,5855592.742954669,6624.0,7.769183553219234,7.756516871293222,10.572192478620432,,,,,,,,,1.0423452768729642,0.1004849691286441,41.48185800483688,11.465798045602606,0.0807531926999694,33.33625418871201,10.423452768729645,0.0681443299936277,28.13110702170302,12.299674267100976,0.0358326911494347,14.792327838495748,21.88925081433225,0.0332818655403425,13.73930481794824,22.72312703583062,0.0311523750658812,12.860215912908476,6.045602605863192,0.0238345421292188,9.839293386743146,17.302931596091206,0.0150748436648081,6.223144911833663,3.993071670207676,24.469880468684032,15.173230338425268,0.7030968364348915,0.1642211683271529,0.0220620326860029,0.0700873211525939,0.3622079511234457,0.3814215267108043,0.1004849691286441,0.0036671524268164,0.0082007203844291,0.036494537029565,,,,,1.0267243625372875,1.0241997256155753,1.0241997256155753,1.0489850779510201,0.974395088183088,0.9873306913411274
tgt,I,target,32000,29,232000,575.9999999999986,18.26937912697516,29.622749960421963,29.622749960421963,877.5073152176793,295.5026364951266,564.4238362382812,16.470604238063103,-0.2120867746252863,9.97553018845072,16.174749806291665,20.93428470963609,1.6214426201644516,7157.249926079228,57116486.04039544,7557.544974420955,5890259.536034321,6586.0,7.726687812186519,8.109454421884166,10.612190963599216,,,,,,,,,1.0423452768729642,0.1168675976392443,42.20598176485745,11.465798045602606,0.0740144312550862,26.729836147838032,10.423452768729645,0.0688956075297702,24.881205858755624,21.88925081433225,0.0330675970110876,11.942150131003968,22.72312703583062,0.032694898279211,11.807552379367744,12.299674267100976,0.0316288652608059,11.422561406297246,6.879478827361564,0.0154696860805471,5.58677770239707,6.045602605863192,0.015058256799659,5.438192661911366,3.9865379084212273,30.28624198366796,17.647007243525888,0.6896622745574024,0.2039382479485191,0.0385516323554867,0.0672362948962505,0.3327506925987402,0.3575231322010032,0.1168675976392443,0.0031346215208569,0.0044275335557156,0.0268219898770082,,,,,1.000812946364105,1.0,1.0,1.0,1.0,0.9712276290407511
tgt,I,target,32000,30,240000,575.9999999999986,18.40162276572321,30.03475073242107,30.03475073242107,902.086251558668,295.4894624820749,581.1447485238282,18.041315694572894,-0.2163535202381313,9.83825253335958,16.057793719827167,20.804467480374598,1.6321794612791056,7113.445944790916,56557600.39350721,7520.47873432983,5956487.184044892,6610.0,7.752455978099036,7.919787092651546,10.627857621271708,,,,,,,,,1.0423452768729642,0.0897707712811685,33.802319477331075,11.465798045602606,0.0744737687206896,28.042380465830924,10.423452768729645,0.0682989009636892,25.717293472886908,22.72312703583062,0.030736566619171,11.573558182355027,21.680781758957657,0.0241966842063489,9.111028435673816,12.299674267100976,0.0231527269139627,8.7179363700236,2.9185667752443,0.0213143470719297,8.025712143204236,5.420195439739414,0.0167943808534669,6.323762388704642,4.1417441274789,24.35083530666529,13.555386463456452,0.65716498345474,0.1411586555756208,0.043132234195618,0.1032075835465152,0.3223806860334409,0.390120840648805,0.0897707712811685,0.0014850628624555,0.0213143470719297,0.0165428328312753,,,,,1.008057371301235,1.013908255396598,1.013908255396598,1.0280099503613727,0.9999554182892987,1.0
tgt,J,target,32000,0,0,575.9999999999986,15.682414749665076,31.686327957498857,31.686327957498857,1004.0233794301736,432.44704525706186,817.982588005078,35.86580327453493,0.4512988393400065,13.647748828361973,27.57528430156267,39.055922927917806,2.020500571072676,8086.556110205014,72560618.18619773,8518.252061673084,7168228.462703701,7944.0,7.845332314668302,6.897238443584488,10.76736689157328,,,,,,,,,1.0423452768729642,0.1049387844578951,48.84193904552146,11.465798045602606,0.0744290639236716,34.64171823749087,10.423452768729645,0.0741298809676056,34.5024687142653,22.72312703583062,0.0434356440331534,20.21636794469877,12.299674267100976,0.0356148994128337,16.57633786421402,21.680781758957657,0.0290361648850612,13.514379862108015,23.765472312703583,0.0163238025932584,7.597631089113205,6.045602605863192,0.0160847494790962,7.4863679589857615,3.941969523898632,24.18699153783431,15.845756453142174,0.7171719981708986,0.1824423736687537,0.0423760447054215,0.0586888762995839,0.339808008604304,0.3766846967219367,0.1049387844578951,0.0105839901632547,0.0045903823088368,0.1008587074629263,,,,,1.0199221830782335,1.050410921361624,1.050410921361624,1.1033631037157756,1.097304171110121,1.0801580577248342
tgt,J,target,32000,1,8000,575.9999999999986,15.077555100438182,29.64006851711147,29.64006851711147,878.5336616990626,399.4044969760303,757.3878377214844,32.61701128129805,0.1924626595989725,13.47515430827824,26.49000413630698,36.99947474966287,1.965840503958636,8001.823486518124,70886119.59245695,8419.389502360427,6856940.483063894,7868.0,7.767677374245165,9.394687369432956,10.677564308008616,,,,,,,,,1.0423452768729642,0.1132139064023342,52.53374702485911,10.423452768729645,0.0684001290974379,31.73916696861209,11.465798045602606,0.0673585333308679,31.255843583332087,22.72312703583062,0.040100094900014,18.607327563310232,21.680781758957657,0.0321056882645756,14.897746742845616,12.299674267100976,0.0298400987454806,13.846463288008014,6.045602605863192,0.0228016943253491,10.580488559145431,5.420195439739414,0.0168520935439549,7.819742708384585,3.9657326484351776,28.823884543813456,17.095299866752473,0.7132477440529839,0.1730461000806065,0.0353449542950745,0.0778292089493704,0.3211891211406655,0.3925906155342831,0.1132139064023342,0.0127344933583533,0.003729318327409,0.1124817062047623,,,,,0.9805845055749266,0.9825768300461121,0.9825768300461121,0.9654572269434663,1.0134610128539916,1.000141797312404
tgt,J,target,32000,2,16000,575.9999999999986,15.80819437661471,30.95145743741072,30.95145743741072,957.9927174998472,396.4581316640727,757.2804573878907,29.838022030745392,0.0482743059600756,12.809029509055197,25.07927991134356,35.12431223889481,1.9579375544113815,8203.823444301735,73748268.56286654,8587.681209899825,6445549.457591738,7840.0,7.759078344057297,7.752682219352277,10.761360940313155,,,,,,,,,1.0423452768729642,0.0942382463524401,32.13221117227624,11.465798045602606,0.0662560790288059,22.5911920605841,10.423452768729645,0.0631624586679545,21.536367012694665,22.72312703583062,0.0339160992390643,11.56429905129781,21.680781758957657,0.0261850729776029,8.928267736765,12.50814332247557,0.0252747946411611,8.61789209986374,23.765472312703583,0.0194500495994852,6.631841372605535,7.29641693811075,0.0147204538603882,5.019201335992344,4.112803830736966,23.789072042950995,14.229975199218469,0.6696128507285093,0.1692062799993192,0.0332657035790959,0.0696299600325534,0.3416124776794129,0.3862855787096185,0.0942382463524401,0.0070187780331053,0.0065249121505875,0.0744790815268511,,,,,1.0281023921693095,1.0260497514235154,1.0260497514235154,1.0527780923962573,1.0059848166771777,1.0
tgt,J,target,32000,3,24000,575.9999999999986,15.765813593259889,30.88872428570058,30.88872428570058,954.1132879980288,396.4194206585282,757.3006437691406,31.08553900953964,0.241220419053657,12.833790641267472,25.144241260595525,35.30158384284894,1.9592217111398549,8072.07083957573,72582222.57788217,8519.520090819797,7423894.93875332,7878.0,7.857853050675542,7.017751850249869,10.616687915851518,,,,,,,,,1.0423452768729642,0.1324034388028265,68.26045431707014,11.465798045602606,0.0925679881568741,47.72332942360485,10.423452768729645,0.0903630729410665,46.58658769149787,22.72312703583062,0.0327644701220338,16.891688284008197,21.88925081433225,0.0313736459898106,16.174650358111997,12.299674267100976,0.0310904042588638,16.028625380129593,9.381107491856678,0.0155638819078142,8.023943030261776,23.765472312703583,0.0143757797347916,7.411418198286674,3.744345751389798,31.147756835208305,19.992919259226813,0.7535143191840519,0.2142919367122929,0.0366395566603483,0.0416170111355413,0.3631361488042968,0.3443153466875204,0.1324034388028265,0.0110347596107077,0.002875859614533,0.0833419411942707,,,,,1.0253461137664102,1.0239701293298429,1.0239701293298429,1.048514825759775,1.0058865902045548,1.00002665641382
tgt,J,target,32000,4,32000,575.9999999999986,15.354208543856023,30.12123782608247,30.12123782608247,907.2889681754216,360.8956907759117,715.3743710121093,29.650455487195806,0.2904610904143949,11.98143624972126,23.50467559073895,32.91903204122772,1.961757764331884,8251.194227612721,75402844.20082045,8683.481110753937,7320638.019030947,7860.0,7.8632342883698785,6.836419660293078,10.753151854345148,,,,,,,,,1.0423452768729642,0.1181905915476546,50.555037337080485,11.465798045602606,0.0790121363493705,33.79678069903177,10.423452768729645,0.0649045278441318,27.76236911533402,12.50814332247557,0.040007978639978,17.11307835454645,22.72312703583062,0.0323297746478532,13.828790794761485,21.680781758957657,0.0204028710809809,8.727157515467225,6.045602605863192,0.0169208206932493,7.237739575711924,23.765472312703583,0.0131928759060048,5.643142362500362,3.9586025228321833,30.788894921534474,17.84677932369585,0.7051258080481397,0.1925709455311389,0.0277543894004706,0.045943059425029,0.3379608184928334,0.3957707871505281,0.1181905915476546,0.0114330241678747,0.0016783478956744,0.0967337925808431,,,,,0.9985769505185766,0.9985277315783154,0.9985277315783154,0.9970576307309363,0.9157476069438111,0.9446623955933985
tgt,J,target,32000,5,40000,575.9999999999986,15.54355327107845,30.426639210270324,30.426639210270324,925.7803736319596,375.93972920154425,743.7138073558593,31.59591515312385,0.14580964537336,12.355611364223092,24.18621550974596,33.70632548948606,1.9575086004872868,8100.081574991778,72606685.5045223,8520.955668498827,6995363.983001021,7908.0,7.747527722669101,9.452460052720014,10.677690763244502,,,,,,,,,1.0423452768729642,0.1036125673960772,45.43401754054865,11.465798045602606,0.0834100023168955,36.575210937843366,10.423452768729645,0.0629147577313449,27.58806463503882,22.72312703583062,0.0403491216483132,17.693053524167375,21.680781758957657,0.0292500858751591,12.826136327984193,12.50814332247557,0.0255990174853352,11.225146125406868,6.045602605863192,0.0139232039554901,6.105312402077628,5.420195439739414,0.0121594936446478,5.331927018305274,3.989413721644783,25.272157561474085,15.645497676807668,0.6982119687946735,0.164837193900034,0.0247708190464685,0.0696881336202719,0.3501608357012295,0.390543017731996,0.1036125673960772,0.0074444509995133,0.0072195176860689,0.0718489193592103,,,,,1.0108911821356925,1.008651875650174,1.008651875650174,1.017378606252614,0.9539208036296034,0.9820850387730495
tgt,J,target,32000,6,48000,575.9999999999986,14.807234139307065,29.41263699693988,29.41263699693988,865.1032151137565,404.8274062505693,772.5827156578125,39.27884842959463,0.1673253206692224,13.763723609436116,27.339839597450084,37.96782958506738,1.9863694137759016,8151.004702178845,73240628.12870537,8558.073856231049,6801750.473763726,7920.0,7.7660900334240734,7.788545544751049,10.718463971964455,,,,,,,,,1.0423452768729642,0.0946193892850619,44.254780546347085,11.465798045602606,0.0770621361869421,36.04301350023879,10.423452768729645,0.0572853861577314,26.79315742871101,22.72312703583062,0.0422043894014548,19.739569290887754,12.299674267100976,0.0326977222779191,15.293171248603333,21.680781758957657,0.0275015922274071,12.862870262587665,23.765472312703583,0.0196954494511956,9.211830680901937,9.381107491856678,0.0121017657955976,5.660161131393137,4.010468614836594,21.794762486773667,14.287527782044346,0.7021913101738304,0.1778909175019097,0.0381790512905176,0.05536203459652,0.3412282375982303,0.3873397590128222,0.0946193892850619,0.0070873624879787,0.0088681391623632,0.0749039128391712,,,,,0.9630039002147385,0.9750374094805436,0.9750374094805436,0.9506979498865291,1.0272212663503848,1.0202068574735235
tgt,J,target,32000,7,56000,575.9999999999986,15.64599498637695,31.01501082934358,31.01501082934358,961.9308967442996,404.8242127720648,757.9442248546875,34.77685293825205,0.2587536002044087,13.052525275568948,25.873983286107496,36.23798169303823,1.9822971218095449,8054.696723223968,71412817.2966779,8450.610468876073,6534677.993562985,7912.0,7.757986506095108,9.644723048402938,10.7436063520199,,,,,,,,,1.0423452768729642,0.1059907189869199,52.86797988518285,11.465798045602606,0.0763969243921992,38.10664839961189,10.423452768729645,0.0635079385631636,31.677645463666597,12.50814332247557,0.0306778653861242,15.302064045382258,22.72312703583062,0.0256229506595427,12.7806816768071,21.680781758957657,0.0249578898289138,12.448950531361714,5.420195439739414,0.0214943624456228,10.721349305690168,6.045602605863192,0.0188923560250769,9.423473185805458,3.999864853139744,27.13645060527788,16.00459856702491,0.7067030508573613,0.1798854295155701,0.0254324420437771,0.096734537616653,0.3293566094630664,0.3685909813609334,0.1059907189869199,0.0046133966227241,0.009356264510961,0.0435264206788706,,,,,1.017553585826282,1.0281565647174191,1.0281565647174191,1.0571059215715242,1.0272131631217425,1.0008765147183203
tgt,J,target,32000,8,64000,575.9999999999986,15.500793471531557,30.497593501024888,30.497593501024888,930.1032093537556,419.55680933570727,826.1252695417968,36.62425780769102,0.2474346059656653,13.75704641487841,27.066795651863224,37.71021353550849,1.967485958511361,8025.768511759994,71421697.29760678,8451.135858427953,7008737.093248552,7824.0,7.808272689070351,7.144144185543809,10.651371010271363,,,,,,,,,1.0423452768729642,0.1154935119189281,62.78966326105758,10.423452768729645,0.0730106445696112,39.693258182474,11.465798045602606,0.0728219367549303,39.59066453940541,12.299674267100976,0.0408040550854285,22.183695308340543,22.72312703583062,0.0374199443725209,20.343876182823266,1.876221498371336,0.0222926941581852,12.11973500603886,9.381107491856678,0.0212439431872822,11.549566870932416,23.765472312703583,0.0197429938299054,10.733554757734703,3.8903274116586144,27.39503675478556,17.439520299758154,0.7315607554120624,0.193663695292458,0.0492214108123312,0.0570804527477213,0.3191559548932218,0.3808784862542676,0.1154935119189281,0.0183304407535902,0.0003980915662001,0.1587140303283768,,,,,1.0081102540198368,1.0110040308770603,1.0110040308770603,1.0221291504496637,1.0645960978368076,1.0909105886495136
tgt,J,target,32000,9,72000,575.9999999999986,14.673543107846786,29.419210539553543,29.419210539553543,865.4899487705784,419.53484381057336,826.1252695417968,43.61736843526083,0.3029355551300528,14.26057450612085,28.591243486802817,39.719344874089074,2.004915263023244,7907.893661292336,68279946.57117364,8263.168071095592,5745164.412866123,7992.0,7.657755914603598,9.201335630943518,10.744160133479346,,,,,,,,,1.0423452768729642,0.1072308705098308,47.15979869645161,11.465798045602606,0.0877876920888365,38.608750141183016,10.423452768729645,0.0769209578944593,33.82959471086601,22.72312703583062,0.0409913830000163,18.027880976613844,12.50814332247557,0.0294274935068244,12.942118844365288,21.680781758957657,0.023567748718417,10.365021565195686,23.765472312703583,0.0210890459707355,9.274895913382707,27.72638436482085,0.0108388917973329,4.7669104318982525,3.9244751433993663,25.83657072901709,16.19186144698446,0.7136151349071003,0.1750882441313379,0.0265660781309217,0.0511888912970578,0.3386298008517981,0.4085269855888843,0.1072308705098308,0.0051093380119452,0.0094131155145374,0.0476480139311114,,,,,0.9543091646882558,0.9752553243163267,0.9752553243163267,0.9511229476073436,1.0645403618510623,1.0909105886495136
tgt,J,target,32000,10,80000,575.9999999999986,15.420027296283305,30.38245460169695,30.38245460169695,923.093547624176,386.976182112722,748.9856770757813,35.66800223549197,0.2332182432379131,12.736830752677092,25.095687230461,35.03668344777719,1.970324307338812,8042.69728987463,71482671.33485647,8454.742535101614,6797691.638299761,7852.0,7.717822143258546,12.382884843246863,10.66208976577967,,,,,,,,,1.0423452768729642,0.1140306998449271,54.586088554869725,10.423452768729645,0.0695543270285761,33.295407813154185,11.465798045602606,0.0672320071778677,32.18372159886369,12.299674267100976,0.0416744375014216,19.94940431849141,22.72312703583062,0.0331504628022293,15.869008088332857,9.381107491856678,0.023758087769142,11.372911721355624,1.876221498371336,0.0227969344538326,10.91281106376398,21.88925081433225,0.0223303506481952,10.689459063228805,3.929660247282696,26.821980119687364,17.218635676584004,0.7129157865978237,0.2017598390491297,0.0584473739969253,0.0419796287325147,0.3162057257394653,0.3816074324819648,0.1140306998449271,0.0162612694197047,0.0007298323851961,0.1426043113098157,,,,,1.0028575416606107,1.007187143117461,1.007187143117461,1.0144259412611127,0.9819250320004943,0.9890466204017454
tgt,J,target,32000,11,88000,575.9999999999986,14.69085215512709,28.74259454265656,28.74259454265656,826.1367410435508,370.0388666532512,731.8060853496094,35.812649709810714,0.2713735586901341,12.874233260468808,25.18838681009276,34.85114224193152,1.956496072463943,8001.298248957764,70423163.08904716,8391.850993019785,6402389.42027259,7904.0,7.726723967566224,8.933521243354814,10.738496148661014,,,,,,,,,11.465798045602606,0.0817842316510963,27.058014207180094,1.0423452768729642,0.0791861068246655,26.19843410174483,10.423452768729645,0.057452537480299,19.00796209729555,22.72312703583062,0.042805052095117,14.161895078624676,21.680781758957657,0.0264540179387963,8.752215173685684,12.299674267100976,0.0257289823389598,8.512339794715544,5.420195439739414,0.0162222859279883,5.367084024033421,23.765472312703583,0.0160212571798702,5.300574397265281,4.1448325033901146,21.490728764589267,12.34941897931554,0.6492999797086918,0.1397220988858924,0.0339414211442574,0.0746961569020308,0.3249431748484199,0.4266971482193994,0.0791861068246655,0.0029843835942425,0.0077737461522316,0.0376882222636967,,,,,0.9554348766127864,0.9528253086432618,0.9528253086432618,0.9078760687911273,0.9389477770858783,0.9663607164429532
tgt,J,target,32000,12,96000,575.9999999999986,15.619158637241071,31.049663431084465,31.049663431084465,964.081599183624,407.0924418891423,777.1639027359374,32.652360451438064,0.134910186188759,13.11100981151314,26.06366010768836,36.69819016389019,1.9879216385606169,8069.746029216762,71208826.92813739,8438.532273336246,6088025.952077669,7948.0,7.698173935510134,10.69358263803644,10.788002370784575,,,,,,,,,1.0423452768729642,0.0951703184408319,46.94287712591838,11.465798045602606,0.0807491400921508,39.82961309230091,10.423452768729645,0.0737857215071234,36.39489827397755,22.72312703583062,0.0404777007551716,19.96567589579985,12.299674267100976,0.0396946654789705,19.57944277860357,21.88925081433225,0.0217184672983688,10.712660821708305,23.765472312703583,0.0208318759705411,10.275348554134078,9.381107491856678,0.0157804681035869,7.783735384228086,3.90071345141416,20.70313778051769,14.370718084565633,0.7314492687602601,0.17429130492593,0.0249771648589214,0.075522892464262,0.3507432712764654,0.374465366474421,0.0951703184408319,0.008003802550057,0.0011293192256042,0.0840997769167805,,,,,1.0158082558988806,1.029305308471225,1.029305308471225,1.0594694180470434,1.0329686360715533,1.0262563824988054
tgt,J,target,32000,13,104000,575.9999999999986,15.969397117503505,31.676354069292785,31.676354069292785,1003.3914071232016,407.089197602988,765.4515961148437,30.703688119440187,-0.0419827602049673,12.851516835316898,25.49183257248742,36.09001830059626,1.9835660567656277,7946.021040626612,69288935.19882704,8323.997549184349,6149684.820746223,7802.0,7.68447426124444,10.358218672260392,10.70853535327102,,,,,,,,,1.0423452768729642,0.1000066361695169,35.294213038660416,11.465798045602606,0.0818021551319498,28.86951107279236,10.423452768729645,0.0716738547472482,25.29504436549036,22.72312703583062,0.0344286100199659,12.150500638876828,21.88925081433225,0.0275008264155481,9.705556185334755,12.299674267100976,0.0261400462252192,9.225311395830492,23.765472312703583,0.0157768832403872,5.56795728263909,6.045602605863192,0.0156235536410864,5.513844398233283,4.059650646060639,26.09319333578724,15.101002061597056,0.6718201894917835,0.1630706710447782,0.0387666699610972,0.0547253606440292,0.3304727138416305,0.4129645845084646,0.1000066361695169,0.003557144362307,0.0100610816903225,0.0355690831980586,,,,,1.0385863803834974,1.0500802840875874,1.0500802840875874,1.1026686030294681,1.0329604039220486,1.0107901090636062
tgt,J,target,32000,14,112000,575.9999999999986,14.863652953785044,29.66907221223304,29.66907221223304,880.2538459346987,384.4552860631316,739.2074781082031,36.48445126265624,0.2330684175011035,12.958116226654418,25.86546438203832,36.1881187165027,1.9960821410779632,8176.227713953961,73910133.58987883,8597.100301257327,7059433.959450002,7912.0,7.840118456638232,8.363259043214475,10.701830001346377,,,,,,,,,1.0423452768729642,0.1031702979910879,42.33816978629663,11.465798045602606,0.0688273596410933,28.244800055524014,10.423452768729645,0.0666249237190423,27.34098269891147,12.299674267100976,0.0330241991239589,13.552196482823174,22.72312703583062,0.0326742811350629,13.408600045538142,4.37785016286645,0.0231610349710731,9.504633117531103,23.765472312703583,0.0221494770508768,9.089518381915608,21.680781758957657,0.0179277660766321,7.357047704825145,4.057155040656152,27.11156254107627,15.578714996654282,0.6866205720501619,0.1668872181412305,0.0374124039521382,0.0987650747286475,0.322158190300859,0.3747771128771247,0.1031702979910879,0.0150884263486373,0.0019947705645227,0.1462477732670163,,,,,0.9666731565982488,0.9835383109143403,0.9835383109143403,0.9673476090362334,0.9755284343581027,0.9761343646156838
tgt,J,target,32000,15,120000,575.9999999999986,15.287728202524892,29.7077264281988,29.7077264281988,882.5490095327012,409.9880307026063,794.4398003226562,35.29183518621294,0.440812100376298,13.800720553068942,26.818113539908868,37.18086644168003,1.9432400965429504,7808.686055840296,67401804.9841786,8209.860229271788,6426227.065503912,8036.0,7.734006571080589,6.574533206540087,10.636521114456562,,,,,,,,,1.0423452768729642,0.1043393741179204,44.50305311084611,11.465798045602606,0.0850747585436884,36.286268054313645,10.423452768729645,0.0691439022385203,29.491405134694254,12.299674267100976,0.0355302423713021,15.15443500268916,22.72312703583062,0.0347233399591358,14.810273259267907,21.88925081433225,0.0313638944815131,13.377395385717818,23.765472312703583,0.0146531123040204,6.24987681417399,9.381107491856678,0.0125996424733907,5.37402646806444,3.9347695621994023,23.808714453327116,15.75524549180598,0.7082505065031697,0.1798126174181112,0.0282402223544609,0.0537943631167788,0.3454959821492898,0.3926568149613592,0.1043393741179204,0.0042205552566961,0.0032089643778627,0.0404502642682695,,,,,0.9942533322528576,0.9848197093351849,0.9848197093351849,0.9698698598950379,1.0403159904301549,1.0490694597651975
tgt,J,target,32000,16,128000,575.9999999999986,14.676875807619208,27.975496357530744,27.975496357530744,782.628396450216,409.96043619074806,776.951385,33.53945322668029,0.258957305722971,14.654268540989651,27.93240479543319,38.37918355888574,1.9060934168977512,8025.798474794505,71523439.3836924,8457.153148884818,7109998.225678611,7950.0,7.862342523434298,7.492460175563741,10.704985244405004,,,,,,,,,1.0423452768729642,0.0875976059978126,29.35243626819421,11.465798045602606,0.0638909045351349,21.40873237485117,10.423452768729645,0.0592776265897819,19.862903064380948,22.72312703583062,0.0368508342959234,12.348074502491412,12.299674267100976,0.0328209264491312,10.99772237936812,21.88925081433225,0.0174467747339168,5.846111176550002,23.765472312703583,0.0147465374423723,4.941308561156147,6.045602605863192,0.0147067809147561,4.927986839291621,4.170583793604352,22.561348420529583,13.227238505669716,0.6431584487796038,0.170115893941993,0.0334719258814913,0.0788303572971209,0.3339478544343887,0.383633968445006,0.0875976059978126,0.004708289077777,0.0054657773049964,0.0537490611083699,,,,,0.9545259102903644,0.9273957823032699,0.9273957823032699,0.860062937033894,1.0402459712837786,1.025975749697755
tgt,J,target,32000,17,136000,575.9999999999986,15.447579342743731,29.98443467617303,29.98443467617303,899.0663228496877,349.15710451556055,686.1622942289061,29.536794685908404,-0.0675216696067897,11.644611889014694,22.602706661581205,31.50505543355122,1.941044225175372,8157.01732911013,74170014.87054995,8612.201511260053,7633083.163146988,7866.0,7.769154580333197,9.360034930914678,10.60242231463802,,,,,,,,,1.0423452768729642,0.1118322297972634,49.51002406751719,11.465798045602606,0.0818435122154349,36.233510383385685,10.423452768729645,0.0715707086540463,31.68556608783459,12.299674267100976,0.0397650211174055,17.604649000893414,22.72312703583062,0.0345349687693767,15.289216159263558,21.680781758957657,0.0298309189319202,13.206653546593827,23.765472312703583,0.0263034267602083,11.644972959199244,2.0846905537459284,0.0158551330371452,7.019336193920325,3.942173444924481,27.028347547705803,16.886666699386787,0.7074359362776883,0.1728135997982541,0.0410689972409717,0.0726250390008912,0.3354100379702056,0.3780823259896771,0.1118322297972634,0.0158551330371452,0.003666389517797,0.1417760610313022,,,,,1.0046494177092142,0.993992667656289,0.993992667656289,0.9880214233544659,0.8859617642430881,0.906087417857983
tgt,J,target,32000,18,144000,575.9999999999986,15.542205895613304,30.33199520010744,30.33199520010744,920.0299328193408,352.42870104362794,701.574315946875,30.816323123037517,0.2083666628992679,11.619041171494317,22.675590801629784,31.59652140678456,1.951588815887873,7986.142794841024,69935770.22326379,8362.760921087232,6157293.483672584,7972.0,7.69386850592002,8.966922193955114,10.730614625261454,,,,,,,,,1.0423452768729642,0.0871590416371158,30.260982752520068,11.465798045602606,0.0753382322204226,26.156884047893527,10.423452768729645,0.0606395728345508,21.05361685029249,22.72312703583062,0.0355988214077171,12.359650822161328,12.299674267100976,0.0330129419266668,11.461852350466812,21.680781758957657,0.021335516595389,7.4075355531931075,23.765472312703583,0.0183877201604191,6.384082158100038,6.045602605863192,0.0145320067929869,5.04540663437973,4.154250195737374,22.801949426315392,13.16101528720449,0.6484726648095582,0.1593591824259517,0.0372382140441763,0.0713565404353425,0.3235453305965052,0.4085007324980241,0.0871590416371158,0.0084212993247372,0.0070497776960727,0.0966199164936037,,,,,1.0108035541684584,1.0055143993843882,1.0055143993843882,1.0110592073693472,0.8942632119135278,0.9264392195816534
tgt,J,target,32000,19,152000,575.9999999999986,14.963935660025896,29.510994763229704,29.510994763229704,870.898811915371,364.94835768547136,720.6498854953124,33.62689367336641,0.7279249473347308,12.366521718887622,24.38852758905911,34.094284196471506,1.9721412490473555,8063.49403610529,72296957.94488981,8502.761783378963,7277021.874584222,7878.0,7.779158075290381,8.048925272390425,10.639729534327564,,,,,,,,,1.0423452768729642,0.1137905432258124,52.711699062657736,11.465798045602606,0.0859486958384609,39.814396358705054,10.423452768729645,0.0796726852854144,36.90713209747596,12.299674267100976,0.0404574845796466,18.74130038875401,22.72312703583062,0.0306958894383126,14.21939328756025,21.680781758957657,0.0202430739315599,9.377289104473403,23.765472312703583,0.0177746226254739,8.233817435311751,5.420195439739414,0.0173395475517364,8.032275675281626,3.910786442765409,28.023284147099,17.182372027097674,0.717584062768865,0.1749838091889145,0.0362633503351591,0.0753162432452495,0.3500132217131988,0.3634233755174779,0.1137905432258124,0.0100716271992732,0.0052512179372073,0.0885102304081455,,,,,0.9731951468852579,0.9782979978343013,0.9782979978343013,0.9570669725666023,0.926030966149876,0.9516287901857007
tgt,J,target,32000,20,160000,575.9999999999986,15.376089480016878,30.16564975964319,30.16564975964319,909.9664254214614,367.4056899392873,732.3592482691406,31.56173445966573,0.2156472196656929,12.179604711541971,23.894611852822027,33.56173481555845,1.961854462335512,8111.62742483005,72886431.1076712,8537.355041678376,7087931.628416226,7546.0,7.805725764691253,7.94519408098936,10.715294475266097,,,,,,,,,1.0423452768729642,0.0842009280945562,24.668606326814388,11.465798045602606,0.0719669869632765,21.08439075553171,10.423452768729645,0.0538483579214734,15.776119966498422,22.72312703583062,0.0379214360485055,11.109960405395237,12.50814332247557,0.0229174243155369,6.714188682453424,21.680781758957657,0.0222916383475454,6.530850231933128,6.045602605863192,0.0180405897448263,5.28540737483223,23.765472312703583,0.0131187364232364,3.843436784528557,4.21131404258144,22.95798272246684,12.714340142277992,0.6305253228414853,0.1517902841187547,0.0422024272001526,0.061627734531123,0.3454718333622321,0.3989077207877377,0.0842009280945562,0.0070266072540278,0.0088443797976023,0.0834504727317684,,,,,0.9999999999999999,1.0,1.0,1.0,0.9322662751003923,0.9670911762272176
tgt,J,target,32000,21,168000,575.9999999999986,14.480488986941866,28.496083630466757,28.496083630466757,812.0267822745553,369.17944021765607,699.5045109527343,36.2280973524734,-0.1936659485005052,12.955444860602976,25.494956734579,35.31419416974436,1.9678951212325648,8098.819499589418,72456647.68717597,8512.147066820215,6865770.400246175,7874.0,7.81344504277676,7.061043380189684,10.672892350320703,,,,,,,,,1.0423452768729642,0.109907093939447,36.82817473400912,11.465798045602606,0.0700512072906472,23.47308085363091,10.423452768729645,0.056391465020034,18.89591156334985,22.72312703583062,0.034061749138717,11.41356762392226,12.50814332247557,0.0313882476819347,10.51771845465705,21.680781758957657,0.0307202643580456,10.293887529010489,23.765472312703583,0.0172072506928432,5.765884734947786,6.045602605863192,0.0171015112515799,5.730453076448399,4.146558178109845,33.89999573578721,16.595971184856502,0.6469250325006208,0.1746275304304888,0.0377091513601184,0.0588482730513327,0.3076488965980974,0.4211661485599625,0.109907093939447,0.0116760954216921,0.0040631853578785,0.1062360490399172,,,,,0.9417536887881046,0.9446534007230288,0.9446534007230288,0.892370047497583,0.9367670425361018,0.9237060115951696
tgt,J,target,32000,22,176000,575.9999999999986,15.575405182717306,31.001316164522404,31.001316164522404,961.081603932678,369.178305856195,732.8798886855468,32.20982765155671,0.104745018786692,11.908472011219544,23.70264539029885,33.24464722461885,1.9904019061359584,8110.145888829491,72422923.86038148,8510.165912623648,6648457.522283571,7842.0,7.805185270104799,8.138135075525373,10.723682460817177,,,,,,,,,1.0423452768729642,0.1023786256691065,43.66148501138541,11.465798045602606,0.0707806207893,30.185861487112376,10.423452768729645,0.0597727874774143,25.49134301693765,22.72312703583062,0.0360924301499128,15.392364252945994,12.299674267100976,0.0291609911345896,12.436308546035006,23.765472312703583,0.0210486003250644,8.976611490896026,21.680781758957657,0.0202787141273731,8.648277578799794,6.045602605863192,0.0140928217774347,6.010175686400783,4.010436661944353,24.46559213452432,15.459172476035093,0.6998770889673183,0.1913850476146963,0.0383436434017549,0.0537234794634477,0.324336994730754,0.3922108347893472,0.1023786256691065,0.0138069838009927,0.0036231030942858,0.1348619764195975,,,,,1.012962704396294,1.0277025826242006,1.0277025826242006,1.0561725983324517,0.9367641641731289,0.9677786895669941
tgt,J,target,32000,23,184000,575.9999999999986,15.64692126368948,30.88001108048256,30.88001108048256,953.5750843307256,363.7174530661536,706.8018877746093,31.541228482184508,0.2466062808322515,11.77841070452291,23.245304743124095,32.56482835854229,1.973551893057792,8021.968685765711,70492695.11016312,8395.992800745074,6140713.514757499,7894.0,7.6837264743405616,8.620710462230573,10.730706542958302,,,,,,,,,1.0423452768729642,0.1029877015336453,36.62300648621306,11.465798045602606,0.0702000886206846,24.96354674007514,10.423452768729645,0.0622293985487834,22.12912447551508,22.72312703583062,0.0408751251985781,14.535424647604623,12.50814332247557,0.0279026683205322,9.922345946828049,21.680781758957657,0.0275216831278021,9.786865467346267,23.765472312703583,0.0202006502237996,7.183464949261407,6.045602605863192,0.0156964538621361,5.581747364424447,4.0802130805439045,27.1420809302496,15.551142931580449,0.675329990095092,0.157747649079613,0.0300486064452648,0.0714990678415628,0.317306573734648,0.4233981028989113,0.1029877015336453,0.0077327670143954,0.0055776208261515,0.0750843731743455,,,,,1.0176138272364101,1.023681284060888,1.023681284060888,1.0479233713365483,0.9229076316564857,0.9333423051911328
tgt,J,target,32000,24,192000,575.9999999999986,14.482575589617102,28.190830240591666,28.190830240591666,794.7229096538573,389.3861133696159,744.5268699339844,34.60953052925459,0.2809187068998319,13.812509601399729,26.886523806493997,37.30656581867834,1.9465343071159515,8201.642127840918,74403824.08632924,8625.765130487222,7136890.493154373,7874.0,7.836638690489394,7.297011697159526,10.647925301594173,,,,,,,,,1.0423452768729642,0.0980001698278013,58.508959831137325,11.465798045602606,0.0765065286004076,45.676629097342015,10.423452768729645,0.0699604858054667,41.768450615456906,22.72312703583062,0.04554070653028,27.18913011828142,12.299674267100976,0.0352683743141413,21.05624816448245,21.680781758957657,0.0304881255221105,18.202300206563432,23.765472312703583,0.0203868373522968,12.171536537389589,2.0846905537459284,0.0189873120390373,11.335979104376529,3.898458967959298,20.242895659464217,14.798025643997995,0.7316279715646521,0.1714676199169771,0.0411644133381093,0.0461891683333845,0.3319330156277917,0.4092457827837373,0.0980001698278013,0.0189873120390373,0.001931219716295,0.193747746276427,,,,,0.9418893931671632,0.9345341627053724,0.9345341627053724,0.8733541012634309,0.988040064232259,0.9831586998852477
tgt,J,target,32000,25,200000,575.9999999999986,15.354710369822616,30.236341616974524,30.236341616974524,914.2363543783856,408.2454596802284,777.0810544628906,35.773591498171974,0.4573082973870427,13.501813971139551,26.587636617525988,37.22112147187758,1.969189967685588,7985.124932887138,70117248.43007156,8373.604267582243,6355028.236255743,7858.0,7.714362005397129,8.825671132940037,10.718402554736294,,,,,,,,,1.0423452768729642,0.0925344587035752,30.51425353655704,11.465798045602606,0.077270373263661,25.48075380421125,10.423452768729645,0.0606359110817882,19.995357298159984,21.680781758957657,0.0318764316345105,10.511603248818702,22.72312703583062,0.0303889084644546,10.02107615449601,12.50814332247557,0.0300444131116051,9.907475030263036,23.765472312703583,0.0148590119954413,4.899922317415794,6.045602605863192,0.0142378806059913,4.695097423395431,4.118550799811441,24.57147434336531,13.972703264239856,0.6638736458197227,0.1470032494795053,0.031880671869347,0.0710196034924842,0.3281583967228371,0.4219380784358262,0.0925344587035752,0.0065622201494571,0.0067922025216116,0.070916502255745,,,,,0.998609587293177,1.0023434554831272,1.0023434554831272,1.0046924027498558,1.0358943381786652,1.0261469801337522
tgt,J,target,32000,26,208000,575.9999999999986,14.84724938338666,29.60439670008189,29.60439670008189,876.4203039758197,408.2329547196616,777.0810544628906,41.59682203051596,0.6046274990827681,13.789605606741466,27.495527567309985,38.0985451987963,1.9939313966939736,8132.5184400019425,73898316.52607992,8596.41300346138,7760460.349108302,7828.0,7.844023745505942,8.621498071150027,10.681191982094646,,,,,,,,,1.0423452768729642,0.1052973092131883,34.84882041826282,11.465798045602606,0.0702268206596718,23.242017103775414,10.423452768729645,0.064446784582088,21.3290770601606,22.72312703583062,0.0380253197821733,12.58472367753537,12.299674267100976,0.0287741326426526,9.52298390764085,21.680781758957657,0.0222881458956886,7.376404958291315,5.420195439739414,0.0169211138838432,5.600151261426261,4.37785016286645,0.0165740837832879,5.485299421959996,4.043554978894311,27.15398838635976,15.899893691191448,0.6879144733995635,0.1836791736709131,0.0377018889293801,0.0719543184896373,0.3335462647240396,0.3731183541860298,0.1052973092131883,0.0128613413135278,0.0038267318417839,0.1221431146675007,,,,,0.9656063333061692,0.9813942990111829,0.9813942990111829,0.9631347701316514,1.0358626077146929,1.0261469801337522
tgt,J,target,32000,27,216000,575.9999999999986,15.462824430152835,30.461895513407097,30.461895513407097,927.9270782697314,394.11452778016616,772.3715997539061,36.268256109119086,0.2787879129146099,12.937951533800412,25.487874454010417,35.45262373082859,1.9700084968955465,8051.95805379247,71055849.9079809,8429.46320402319,6221821.407947494,7898.0,7.717845825402335,9.003158812143807,10.739491703176792,,,,,,,,,1.0423452768729642,0.1056368164096948,50.25132569850852,11.465798045602606,0.0914135924104762,43.48535256566068,10.423452768729645,0.0651925743196596,31.01204103459504,12.50814332247557,0.0287149856085486,13.659689332617338,22.72312703583062,0.02634399344246,12.531810780270158,21.88925081433225,0.0208733547484006,9.929433539670065,5.420195439739414,0.0178299452993165,8.481686772418824,6.045602605863192,0.0171712138924885,8.168328914832815,3.988960134056868,28.215954180343797,15.95115927786392,0.7009921362225289,0.1757379739819483,0.0306639659677465,0.0717966547940483,0.3578760770391085,0.3639253282171484,0.1056368164096948,0.0067158686880053,0.0078823472708367,0.0635750765329329,,,,,1.0056408978530385,1.009820632279575,1.009820632279575,1.0197377093775206,1.0000380855214315,1.0199280758123215
tgt,J,target,32000,28,224000,575.9999999999986,15.582539243106178,30.47926979663012,30.47926979663012,928.9858873357692,394.099518294516,772.3715997539061,33.406216326311544,0.3227280803662114,12.930083985741543,25.291097435794555,35.23130744720273,1.95598864351408,8043.873583458633,71930477.81531438,8481.183750828322,7226575.588650753,7568.0,7.87853068764508,6.061673252188399,10.642886312016095,,,,,,,,,1.0423452768729642,0.0942414095267832,42.071231560962254,11.465798045602606,0.0823140754216589,36.74663340860722,10.423452768729645,0.0738311648506675,32.95969413493592,22.72312703583062,0.0380979802945805,17.00769289239837,12.299674267100976,0.0344007896748613,15.357193780932754,21.88925081433225,0.0268190892782726,11.972572576598251,23.765472312703583,0.014283049364052,6.376236096308721,9.381107491856678,0.0109779283510776,4.90076462180442,4.003844041927546,22.93241799801168,14.230452838544268,0.6972010206951991,0.1812786582225302,0.0472861300244935,0.0474352122057316,0.3461511568515814,0.3778488426956631,0.0942414095267832,0.0103054875243466,0.004043330058514,0.1093520096524928,,,,,1.0134266754468102,1.010396594785321,1.010396594785321,1.0209012787537723,1.0,1.0199280758123215
tgt,J,target,32000,29,232000,575.9999999999986,14.46124805335064,28.094346854653967,28.094346854653967,789.2923251896053,356.6776721583966,669.8664174152343,34.19279030918877,0.4759079675450308,12.695709709987383,24.664376881062523,34.048517745315266,1.942733210232337,8115.091295944608,72328000.61449136,8504.58703374193,6473293.872975441,7852.0,7.646683590219615,11.450149480895456,10.692478615068376,,,,,,,,,1.0423452768729642,0.1020755755477025,35.42347572217402,11.465798045602606,0.0876572069249621,30.419842599161985,10.423452768729645,0.0649391044106399,22.53593747737437,22.72312703583062,0.0369857580676371,12.835236009645334,21.680781758957657,0.0350187253180237,12.15261299746267,12.299674267100976,0.0310802885271455,10.785849995672958,23.765472312703583,0.0147430200036018,5.116297491999491,5.420195439739414,0.0132164632058424,4.586533663837896,4.008273234445866,25.4732882651712,15.413411907703088,0.684972684971578,0.1713916959506201,0.0262771483362016,0.065834018437082,0.3458291915038181,0.3906679457722781,0.1020755755477025,0.0040076258240259,0.0083208048599051,0.0392613590712877,,,,,0.9405023346244707,0.9313357106015234,0.9313357106015234,0.8673862058416447,0.9050446793285509,0.8845684724597593
tgt,J,target,32000,30,240000,575.9999999999986,15.282106889588922,29.77646646276128,29.77646646276128,886.6379550079472,368.12854597254426,681.3311604996093,31.17493787300992,0.3590434004782736,12.363070226378838,24.088860824766986,33.58607270575719,1.948452963841316,7940.3621490982205,69668840.81520367,8346.786256710044,6619489.756371964,7804.0,7.811565912695816,9.5295689472707,10.714476115284857,,,,,,,,,1.0423452768729642,0.1093763975570553,45.67103677576152,11.465798045602606,0.0765513910239157,31.96467860321693,10.423452768729645,0.0704449293443038,29.414874055175797,22.72312703583062,0.0323043672808824,13.48896086409568,12.50814332247557,0.0242793779518358,10.138058924024074,23.765472312703583,0.0185939507901712,7.764060888014054,21.88925081433225,0.0173221278700851,7.233000507046523,6.045602605863192,0.0142004279032954,5.929508371901207,4.050973051050979,29.81408947727598,16.515836031115363,0.6781798790680937,0.1835461683056923,0.0311347462635103,0.0730493485789217,0.3483724383188132,0.3638972985330624,0.1093763975570553,0.006246579405849,0.0075616717468208,0.0571108533953445,,,,,0.9938877443091041,0.9870984613299272,0.9870984613299272,0.9743633723599094,0.9341004717936162,0.8997078345976924
tgt,K,target,32000,0,0,577.1999999999986,8.07526253581211,10.345423361124396,10.345423361124396,107.02778452089836,54.74972576420826,101.16320853515626,0.5585611834551152,-0.0469152519704571,5.292168706206769,6.779931367110089,8.093254653443815,1.281125327534964,5158.565706348383,40080737.70150833,6330.93497846158,13469937.554794732,1984.0,7.452971557709917,72.41417587645995,9.103855287913555,,,,,,,,,8.526401299756296,0.1001447438883392,26.60085083678939,17.052802599512592,0.0479825260450026,12.745312120610429,2.9114541023558083,0.0348653624910779,9.261078225232234,1.6636880584890332,0.0200760727714767,5.3326874326827785,5.199025182778229,0.0192002268555885,5.1000417075059215,22.25182778229082,0.0163383548142975,4.339859711641592,4.575142160844841,0.0160696215029483,4.2684776854610975,6.862713241267263,0.015957664359329,4.238739177358767,4.333615627932267,40.175174907235885,15.121856327139222,0.5867895811109534,0.0280366188929665,0.071390065908453,0.1338102536107013,0.2770998698077127,0.4896631917801665,0.005362145519419,0.0089540823602101,0.0348653624910779,1.669869332362034,,,,,1.0006283358198529,1.0032885233649502,1.0032885233649502,1.006587861115822,0.9840537746252263,0.9662130046794352
tgt,K,target,32000,1,8000,577.1999999999986,8.104021205609307,10.382052690184716,10.382052690184716,107.78701806177168,51.29079320071863,102.33387846445312,0.5898453225703117,-0.062669497778309,4.940332584634681,6.329054663036999,7.553666117147112,1.2810989047014532,5118.033949909885,39400147.07947534,6276.953646433542,13205875.567045162,1982.0,7.202143370229584,135.0829061190462,9.1148958941438,,,,,,,,,2.9114541023558083,0.0672763194480747,20.858791219562395,8.526401299756296,0.05749120104635,17.82494894824423,17.26076360682372,0.0393297802185253,12.194062948444657,19.9642567018684,0.0332584892706452,10.31168009287254,3.9512591389114537,0.0313593041891967,9.7228442970645,15.597075548334686,0.0255890381396552,7.933793174825087,14.34930950446791,0.0241074490426952,7.474431576268549,25.787164906580013,0.0207267679369892,6.426263038774947,4.338496887290605,17.14017530708326,10.158724236659282,0.604401743610961,0.0343150163817439,0.112825557931655,0.1193739463328271,0.1867284936155626,0.5467569857382112,0.0171342071933625,0.0005399928827335,0.0672763194480747,0.0315154869208805,,,,,1.0041919029202342,1.0068407980454503,1.0068407980454503,1.0137283926087992,0.9218840450463935,0.977394110204382
tgt,K,target,32000,2,16000,577.1999999999986,8.170026540344947,10.435839623990184,10.435839623990184,108.90674865764362,51.052558021069146,100.38435065859376,0.4872838905260752,-0.0546104539280712,4.892041259785487,6.248762812330766,7.445377888185883,1.2773324018538983,5090.172346539584,38848095.584870175,6232.824045717172,12938241.067393892,1982.0,7.21229474665584,133.1287406522768,9.085206086509174,,,,,,,,,8.526401299756296,0.0857171375235185,22.268580122976125,19.54833468724614,0.0393649843863733,10.226686683361804,2.0796100731112914,0.0324017326466231,8.417693362270843,10.813972380178717,0.0248015526787548,6.443231528228872,17.26076360682372,0.0221709437490484,5.759821799254771,14.141348497156782,0.0218350273347613,5.6725535842596,3.1194151096669374,0.0217493640271062,5.650298988676603,4.783103168155971,0.0192925653172859,5.012043670122044,4.353109836380755,31.751473852346876,12.943287766051291,0.5861250491895171,0.0161349513594271,0.0926324080333627,0.1132439521928063,0.3003894203517393,0.4775992680626645,0.0012212873788822,0.0324017326466231,0.0217493640271062,26.530801169621217,,,,,1.012370808306759,1.012056999597607,1.012056999597607,1.0242593704345115,0.9176020833651196,0.9587741084638197
tgt,K,target,32000,3,24000,577.1999999999986,8.086516267586932,10.305427203785577,10.305427203785577,106.20182985252376,45.68185334249926,91.2362751890625,0.4311681981443303,-0.0356809045997026,4.432795694846512,5.649138866584556,6.721702516239928,1.2743963980003847,5042.444374632556,38527624.15939762,6207.062442041132,13101378.888134118,1984.0,7.406053273705157,66.8236876785873,9.038756437879105,,,,,,,,,8.526401299756296,0.1039618619169353,24.049606006694617,17.052802599512592,0.0390045118426286,9.022954427731984,1.6636880584890332,0.0241081287236812,5.57695857569827,2.9114541023558083,0.0231901048827777,5.364591162577837,15.181153533712427,0.0227584413966006,5.264733997857866,25.787164906580013,0.0208039091293034,4.812590008810922,22.25182778229082,0.0161700701779571,3.740639208551185,18.50852965069049,0.0155198525398785,3.5902236837995223,4.351854164239581,47.4823699242465,15.69824114945724,0.5792725624137682,0.0310949941573229,0.0889508708895325,0.0552290066440542,0.2638314899301617,0.5608936383789285,0.0036287427767593,0.0113294927105,0.0231901048827777,3.1221537056687443,,,,,1.0020228171568575,0.9994097371388082,0.9994097371388082,0.9988198226878614,0.8210707832065519,0.871400550285519
tgt,K,target,32000,4,32000,577.1999999999986,8.013753773345664,10.252762683691843,10.252762683691843,105.119142648104,58.21018241467873,110.55758589257812,0.646461644690036,-0.0248522506097109,5.677511926347695,7.263784745705916,8.652839537687168,1.279395770530411,5260.044981040504,41512040.46476779,6442.983816894762,13843967.262198389,1984.0,7.463008479431461,67.52525638715008,9.108067337680431,,,,,,,,,8.526401299756296,0.0898372133828356,24.317307848454057,25.787164906580013,0.0482698981529689,13.065787873419673,17.26076360682372,0.032000085626117,8.66184406267274,24.53939886271324,0.0237015051701807,6.415568515453648,14.76523151909017,0.0214126281823147,5.796010937415328,6.654752233956133,0.0180831608095564,4.894784374101031,3.1194151096669374,0.0180093740941997,4.874811645596984,6.238830219333875,0.0173546594932878,4.697592251720574,4.355795149753229,33.69776979690105,13.565419220808185,0.5786748450055152,0.010346025929994,0.0298774828663418,0.0798749217759007,0.3248962719026032,0.5550052975251604,0.0020651385057435,0.0011313965307928,0.0180093740941997,0.5478550359205167,,,,,0.9930066132625752,0.9943023861146716,0.9943023861146716,0.98863723503333,1.046250897648052,1.0559389999799162
tgt,K,target,32000,5,40000,577.1999999999986,8.070191745265477,10.31989148740078,10.31989148740078,106.50016031172711,58.22309670561101,114.4567816875,0.7141470067409377,0.0003303719125571,5.64183225925273,7.214586535662107,8.581631088187116,1.2787665786818327,5166.11215535273,40078373.96488345,6330.748294229004,13389659.163200218,1982.0,7.299335583315717,119.59063492884066,9.108996694653255,,,,,,,,,8.526401299756296,0.1051654465053007,30.9893191058886,17.26076360682372,0.036610750981534,10.788165529405129,10.190089358245327,0.0301115383511777,8.873029134020895,20.172217709179527,0.0266233034689057,7.845143764109294,3.1194151096669374,0.0260552485398119,7.677753846105448,3.9512591389114537,0.0223340190623004,6.581211478085081,27.24289195775792,0.0181306862660247,5.3426067304176215,1.455727051177904,0.0173920726945515,5.124957945356173,4.284975943510436,46.3760356890943,15.87998242230041,0.6192642147230507,0.0224371918416583,0.0481206347033393,0.1359516618704312,0.3130669482267058,0.4804235633578652,0.0018475874393035,0.0022259064302888,0.0260552485398119,1.2047637809894771,,,,,0.9999999999999998,1.0008124684957829,1.0008124684957829,1.0016255970966232,1.046483014915511,1.0931803423552486
tgt,K,target,32000,6,48000,577.1999999999986,8.03443639288836,10.221629557210369,10.221629557210369,104.4817108048366,56.21275985565102,107.6399528859375,0.5020497562129971,0.0270416327593893,5.4993931780664935,6.99647829751947,8.297306111683723,1.2722273296303297,5061.725070340691,38642343.1784038,6216.296580634148,13021282.49068834,1984.0,7.304268038042604,90.8418551887322,9.062509234467736,,,,,,,,,8.526401299756296,0.0591728344185732,17.644604470588376,25.787164906580013,0.0524729421956543,15.646779802722396,3.1194151096669374,0.0434993509621959,12.97096632258573,17.26076360682372,0.0430524222365049,12.837697726128464,4.159220146222583,0.031201469896133,9.30389089229489,22.66774979691308,0.0220727815888913,6.581829390606782,14.141348497156782,0.0188773124313079,5.62898016616897,5.614947197400487,0.0171306332754435,5.108142130521754,4.323081992370621,13.373250778425056,8.935097997204558,0.6151386856006937,0.0235361419710578,0.0582940808115674,0.194790958384652,0.1833645314924142,0.5400142873403083,0.0071651906955371,0.0001761283022907,0.0434993509621959,0.0245811046419052,,,,,0.9955694544187137,0.9912831275106488,0.9912831275106488,0.9826422388872931,1.0103498738292669,1.0280725948439182
tgt,K,target,32000,7,56000,577.1999999999986,8.01440196679443,10.18355608273496,10.18355608273496,103.70481449020824,53.7156975343708,99.8681961046875,0.3950724082274495,-0.0374144995817282,5.274748535576316,6.702396230800624,7.947504959102789,1.2706570153239856,5110.541194559482,39102811.92624319,6253.224122502183,12985180.624953736,1982.0,7.272143756709326,105.77494060101364,9.070994506128375,,,,,,,,,8.526401299756296,0.064873943421858,15.74483866467229,2.9114541023558083,0.0315337039096835,7.6531971754661186,24.12347684809098,0.0312282325855446,7.579059602481306,25.787164906580013,0.0307095222828873,7.453169150964678,1.0398050365556455,0.0214836144844891,5.214050913981117,17.26076360682372,0.0210589420672624,5.110983359553437,15.805036555645817,0.0176311992457951,4.2790737381967645,7.070674248578391,0.0172464139390612,4.185686744043129,4.486376000929596,20.101640353438285,9.795965456700568,0.547150125459027,0.0469966381481308,0.0847232876691164,0.0845976983131571,0.2732676102216869,0.5104147656479089,0.0214836144844891,0.0135724109938554,0.0315337039096835,0.6317564022116853,,,,,0.9930869327232803,0.9875908010922494,0.9875908010922494,0.9753355904020314,0.9654684873304031,0.9538442999926359
tgt,K,target,32000,8,64000,577.1999999999986,8.106781019073836,10.332051978949588,10.332051978949588,106.75129809571608,55.01428891800045,104.70073166601564,0.5337964981363026,-0.0773904391381266,5.324623707863709,6.786206360891541,8.05977493467205,1.27449501283417,5007.714905608902,37605152.50459678,6132.304012734266,12527943.928739209,1982.0,7.200433372313471,110.48157714545223,9.068702085290443,,,,,,,,,8.526401299756296,0.0778196150934545,23.58476998674634,17.052802599512592,0.0664544000393858,20.140317292162617,25.787164906580013,0.0342445421405728,10.378484251264116,7.070674248578391,0.0236937568039464,7.180860553883464,23.707554833468723,0.023066969460971,6.990900281053468,3.1194151096669374,0.0211980316942372,6.424481810658492,10.190089358245327,0.0202579334054411,6.139566473059327,2.0796100731112914,0.0189278055095253,5.736444966477015,4.356243339174071,24.87599095034004,11.750761879111645,0.5811316065331729,0.0368161936090058,0.0639195811425535,0.0642585023791641,0.2546689781954266,0.5803367446738499,0.007223354925286,0.0189278055095253,0.0211980316942372,2.620362103576872,,,,,1.004533879115056,1.001991780466257,1.001991780466257,1.00398752812194,0.9888089467558995,1.0
tgt,K,target,32000,9,72000,577.1999999999986,8.063791304075561,10.320635335328916,10.320635335328916,106.5155137248398,55.00215780521976,104.85226970859377,0.6634349586052801,-0.0477967386872975,5.329338361266839,6.820880616964135,8.123008608679214,1.2798738144564124,5115.364058722808,39307346.61186222,6269.557130440891,13140397.15858914,1240.0,7.4026376499628626,69.69963586254337,9.103562773240554,,,,,,,,,8.526401299756296,0.1108334384388263,29.69472483322231,17.26076360682372,0.0437218290283,11.714043166829596,9.9821283509342,0.0219199057672371,5.872826642363286,26.4110479285134,0.0208210576444126,5.578420972915549,14.34930950446791,0.018366113110136,4.920687138677409,2.9114541023558083,0.016109959424562,4.316213761163638,11.853777416734362,0.016038573748878,4.297087962791517,4.9910641754671,0.0117210791736986,3.140335856344467,4.297095124321205,48.51182446983069,16.735849204262777,0.5828196737500309,0.0155757771555123,0.0442102942552229,0.0674103448635185,0.3517155306497132,0.5210880530760328,0.0025732572854683,0.0005270688188515,0.016109959424562,0.204825542173011,,,,,0.9992069034550917,1.0008846061032426,1.0008846061032426,1.0017699947344432,0.988590906077967,1.0014473446380634
tgt,K,target,32000,10,80000,577.1999999999986,8.054267379871492,10.299992585478762,10.299992585478762,106.08984726091748,53.98129104150439,103.82318481445311,0.590612908956333,-0.0386751277233461,5.24090581556375,6.702197542684381,7.985173387654953,1.2788242678928574,5056.929162798369,38607417.39811556,6213.486734363852,13034884.840554949,1984.0,7.320156241298831,95.1558466652912,9.101997760332765,,,,,,,,,8.526401299756296,0.1094020542588595,32.310266351086455,3.1194151096669374,0.0438036927054592,12.936767851961203,3.9512591389114537,0.023531427961622,6.949656569175822,4.9910641754671,0.0217360221444041,6.41941021726233,12.685621445978878,0.0212436705710565,6.2740015173891495,0.8318440292445166,0.0190346125221923,5.621589143349712,27.24289195775792,0.016933866313246,5.00116505710277,13.309504467912266,0.0157135694397552,4.640768561104695,4.293673644881868,48.66038752067324,16.5197101930878,0.6084976011453951,0.0426759246073713,0.071182208809261,0.1761292679369591,0.2888759486030226,0.4211366500433858,0.0027886916260512,0.006466869514189,0.0438036927054592,2.3189618570437496,,,,,0.9980267674057026,0.998882693441729,0.998882693441729,0.9977666352574035,0.9702421786971208,0.9916185222624632
tgt,K,target,32000,11,88000,577.1999999999986,8.124573877521229,10.359497535455947,10.359497535455947,107.31918918711789,53.98634841350229,101.44413567421874,0.4170411021751325,-0.0353342591395844,5.211290241512761,6.644822144194304,7.912519094816652,1.2750819540353924,5023.7067850099165,37820074.08018234,6149.802767583879,12582444.21842767,1982.0,7.238493774081531,111.54986272204764,9.0786681519897,,,,,,,,,8.526401299756296,0.1054407534997101,30.650132669057665,17.052802599512592,0.0442527112278426,12.86363597641214,25.787164906580013,0.0401416471091095,11.668607901707428,2.9114541023558083,0.0290254661715144,8.437291648722972,9.9821283509342,0.0228580536992033,6.644512251507704,3.7432981316003247,0.0159454854746268,4.635126637929328,6.446791226645003,0.015779303878698,4.586820003223896,0.8318440292445166,0.015436518599704,4.48717718079098,4.300529009373383,42.14675713926025,15.921553778456229,0.5988771547661931,0.0348863647589691,0.057181077756324,0.0873028188434953,0.3232685934484404,0.4973611451927711,0.0067232601118365,0.0046957933703919,0.0290254661715144,0.6984399371112219,,,,,1.0067386419024869,1.0046534223245949,1.0046534223245949,1.0093284989885214,0.970333078257525,0.9688961486708125
tgt,K,target,32000,12,96000,577.1999999999986,8.122661738748153,10.343733157458342,10.343733157458342,106.9928156327031,49.9234493686281,99.30073449843748,0.3932922344474412,-0.0174901847706427,4.826444051548836,6.146193326070481,7.313368867567576,1.273441328735083,5065.4389210897625,38769402.2446329,6226.508029757361,13110730.781341884,1984.0,7.369365532848082,78.29775269719809,9.061879495478202,,,,,,,,,8.526401299756296,0.1202592657422994,39.181906768144565,17.26076360682372,0.0330095849395281,10.754917482427407,1.455727051177904,0.0248729679142153,8.10391036271766,25.787164906580013,0.0237719125920224,7.745173372977689,23.91551584077985,0.0210056436997881,6.843889890477423,10.606011372867586,0.0182435888659384,5.943979398588111,1.8716490658001623,0.017293916429703,5.634564763240283,7.9025182778229075,0.0169273044868048,5.515118208514855,4.213152125920484,51.44870472890918,18.15914912708722,0.6217767999813326,0.0617970276657009,0.0714720016111776,0.0990982102446816,0.3584259878775654,0.4092067726008744,0.0038280956885559,0.0133100356066367,0.0138450065572007,3.476933882021318,,,,,1.0065017034463224,1.0031246091507988,1.0031246091507988,1.0062589814839429,0.8973078514600719,0.9484244562415897
tgt,K,target,32000,13,104000,577.1999999999986,8.156245134780507,10.377995241524143,10.377995241524143,107.7027852330978,49.918665938307655,99.30073449843748,0.3716707739555764,-0.0108204469166546,4.810049029370304,6.120299857765971,7.284115937011382,1.272398643006474,5038.605607242576,38511867.468637645,6205.793057187586,13124321.003301308,1984.0,7.297753204467284,89.83888918791743,9.084789857751527,,,,,,,,,17.26076360682372,0.0401428684847108,8.099991818352509,8.526401299756296,0.0389939134174586,7.868156700542195,14.141348497156782,0.0300774250117604,6.068995707298813,1.6636880584890332,0.029145165166979,5.880885156151136,21.83590576766856,0.0221247248739449,4.464307041997019,2.9114541023558083,0.0201847987640924,4.072870500186392,10.813972380178717,0.0174604006894443,3.523143912436686,6.238830219333875,0.0158558781919709,3.199384809201528,4.571986937996141,10.056985202989395,6.061573141191332,0.5050052976381691,0.0260344466960995,0.0952398097955852,0.0632029862430746,0.2229245591839763,0.5925981980812645,0.011324385259605,0.0003785207234779,0.0201847987640924,0.0334252778201291,,,,,1.0106631158504398,1.006447310845053,1.006447310845053,1.012936189507239,0.8972218756383341,0.9484244562415897
tgt,K,target,32000,14,112000,577.1999999999986,8.158950847990159,10.399456507429372,10.399456507429372,108.1486956499151,59.75752795180596,112.98135347460936,0.4933833095958717,-0.0176526269772262,5.746216440167756,7.324168151658745,8.718310645452611,1.2746070789223904,4932.752603805775,37155286.62169647,6095.513647076551,12823238.371343814,1982.0,7.280399651966933,81.07490818650747,9.054003774580794,,,,,,,,,8.526401299756296,0.0791417368952995,22.34106786029368,17.052802599512592,0.0453570748424936,12.803932877302746,23.707554833468723,0.0327387417376648,9.24188019514191,3.1194151096669374,0.0305537474697987,8.625074106120518,15.181153533712427,0.0274686556145976,7.754177797849299,25.787164906580013,0.0264906720784562,7.478101009490605,24.33143785540211,0.0179518948635882,5.067673734515975,31.194151096669373,0.0173543676804626,4.898996676489802,4.372161904585352,24.752792472588887,11.950402271190224,0.5841287384136078,0.0247451974857546,0.0632490937734224,0.0918694161784546,0.2497203478784093,0.5704159446839587,0.0064722145641213,0.0056072305585613,0.0305537474697987,0.8663542443074418,,,,,1.0109983883315725,1.0085286023522242,1.0085286023522242,1.0171299417625308,1.074062383371602,1.0790884808236874
tgt,K,target,32000,15,120000,577.1999999999986,8.040315263720089,10.252944123076004,10.252944123076004,105.12286319091878,59.73976857757584,112.98135347460936,0.5452152204919689,-0.0321621189246299,5.826596522955338,7.430028129261196,8.846659260023644,1.2751918036520995,5120.382659939824,39464723.13641295,6282.095441523707,13246404.55220051,1240.0,7.417878379668422,67.18411398750284,9.11234336801689,,,,,,,,,8.526401299756296,0.1082023139459245,30.524773646716405,17.26076360682372,0.0369622699093787,10.42736408591491,2.0796100731112914,0.0297435527655145,8.390903877252011,8.110479285134037,0.0287706263680104,8.116433240019875,4.783103168155971,0.0242078974762948,6.829249430803411,25.787164906580013,0.0206258969515361,5.818737259360191,24.12347684809098,0.0203662916268675,5.74550043582098,29.32250203086921,0.0174717035956946,4.928913052151849,4.319586582312327,48.686763716674825,16.33854940583461,0.5936963514381068,0.0155244202102607,0.0704387932784235,0.1157368065592763,0.309164050762385,0.4891359291896544,0.0086150146481431,0.0297435527655145,0.0163336329018152,3.452524920369461,,,,,0.9962979217237412,0.9943199819196435,0.9943199819196435,0.9886722264446806,1.0737431821518297,1.0790884808236874
tgt,K,target,32000,16,128000,577.1999999999986,7.951059921317618,10.137870254087495,10.137870254087495,102.77641328871208,57.92623878399745,114.43673548945311,0.4949994945514921,-0.012741147539524,5.713846925653482,7.285348036264184,8.671790616545607,1.2750338136561563,5113.29670695698,39386575.04144928,6275.872452611611,13240771.828072185,1984.0,7.308592460654399,95.81651495234948,9.101311385157835,,,,,,,,,8.526401299756296,0.0594251036401686,16.48381449637107,7.070674248578391,0.0318364678060474,8.83105619322544,17.26076360682372,0.0317520244712657,8.807632620009226,4.575142160844841,0.0311258784397249,8.633947184068647,25.787164906580013,0.0307426660227708,8.527648633341219,3.535337124289196,0.0271080732611365,7.519455981033657,6.446791226645003,0.02426575098291,6.7310297048779,2.9114541023558083,0.0188057902097611,5.216501752398034,4.391119570776956,13.181411636687828,8.973190649665467,0.5924965869466967,0.0130054694362321,0.0552707647771079,0.1692434098414209,0.3625958329201632,0.3998845230250757,0.0068967191060699,0.0146103504362861,0.0188057902097611,2.118449397382142,,,,,0.9852380429476472,0.9831602363910831,0.9831602363910831,0.9666040504205708,1.0411473871253496,1.0929888804836083
tgt,K,target,32000,17,136000,577.1999999999986,8.128355614880933,10.34822360693177,10.34822360693177,107.08573181905996,57.92972487692526,114.43673548945311,0.5872680634546508,0.0067077542583845,5.598035670403892,7.126868904562158,8.460471397714942,1.2731017314234574,5259.300621497046,41410776.652499616,6435.120562390391,13750533.62522039,1238.0,7.373128413481444,63.36327915022062,9.142747269825014,,,,,,,,,8.526401299756296,0.0673968129429173,17.70189734366498,2.9114541023558083,0.0378429706572376,9.93952610668878,7.486596263200649,0.0368077713045419,9.6676290855764,17.052802599512592,0.0348027188644421,9.14099836056906,10.606011372867586,0.0203524266655993,5.345602437225782,16.012997562956944,0.0202254386912334,5.312248811320524,6.654752233956133,0.0189738346524253,4.98351269988655,25.787164906580013,0.0180741090776367,4.747198116645547,4.368012054077697,16.93961525889317,10.176918754380514,0.5972867650687552,0.0232433648298419,0.0870884050932376,0.0830654841806403,0.3456849287207893,0.4609178171754907,0.0102391061508924,0.0106861674315691,0.0378429706572376,1.0436621393552097,,,,,1.0072072475414946,1.0035600883249396,1.0035600883249396,1.007132850878761,1.0412100450264885,1.0929888804836083
tgt,K,target,32000,18,144000,577.1999999999986,8.097127686872424,10.311513707369706,10.311513707369706,106.32731493727334,54.85073154161195,105.10333782539062,0.5447884779530048,-0.0132575457493813,5.319367563115827,6.774097391416051,8.050154344870341,1.2734779672656158,5202.2024557621535,40324503.95271078,6350.1577895915925,13261593.561972983,1982.0,7.339323006170028,78.77999155222643,9.087704829781512,,,,,,,,,8.526401299756296,0.0577150504914367,12.38616271822992,14.55727051177904,0.0300355463270897,6.4458951516201966,2.703493095044679,0.0268479135209362,5.76180082463275,15.389114541023558,0.0260320276978062,5.586704476648369,5.614947197400487,0.0238562527985743,5.119763848326026,24.12347684809098,0.0238495922550304,5.118334436492828,26.203086921202274,0.0229760436100647,4.930863134523863,30.362307067424855,0.0194633513214802,4.177008153977071,4.509888267229734,15.247425544985928,8.714972624206949,0.53754727799652,0.0288056822721095,0.1123438318097223,0.0620156539616134,0.2178625237114917,0.5789723082450628,0.007742299234401,0.0182436548204531,0.0245869900980015,2.3563613683433147,,,,,1.0033377077592671,0.9999999999999998,0.9999999999999998,1.0,0.9858692196366063,1.0038453041632913
tgt,K,target,32000,19,152000,577.1999999999986,7.93453271698287,10.163325020969856,10.163325020969856,103.2931754818719,55.97900787115983,99.61516542304688,0.6210961780590747,-0.0372740721253898,5.50794230782284,7.055110851246066,8.418199365004735,1.2808977394743428,5244.9467152488805,41490607.707876965,6441.320338865081,13981141.662076946,1240.0,7.409356817615658,70.6562775326587,9.099410700503125,,,,,,,,,8.526401299756296,0.0532473930627548,11.63578555776361,3.1194151096669374,0.0298509224619839,6.52311620326119,25.787164906580013,0.0292658805830698,6.3952710365065935,17.052802599512592,0.027903863260721,6.0976387849120135,10.398050365556458,0.0259952320821324,5.680558777319053,19.340373679935013,0.0228730641009028,4.998292942030399,5.614947197400487,0.0195382705085622,4.269563498428379,6.654752233956133,0.0171672074303519,3.751431437212348,4.575087361114612,14.750046064204817,8.040356352475989,0.4976514794260955,0.0189705396500199,0.0683476562101107,0.1105044944085561,0.2525935994620277,0.5495837102692857,0.001566490508401,0.0132689276040066,0.0298509224619839,8.470480685567944,,,,,0.9831901108964114,0.9856288135180443,0.9856288135180443,0.9714641580369879,1.0061484916405168,0.951427595948506
tgt,K,target,32000,20,160000,577.1999999999986,7.991811064432741,10.191634535239526,10.191634535239526,103.869414499887,58.165633441953,102.906807215625,0.5633160470710101,-0.0417642544089116,5.707193801036378,7.278154222240027,8.661008199022419,1.2752596943383387,5194.152248461305,40866416.988903575,6392.684646445778,13887199.408707924,1982.0,7.31606836866718,81.01028460260466,9.102057177247666,,,,,,,,,8.526401299756296,0.0728084466386057,18.203671875144,2.9114541023558083,0.0513336877141273,12.834521960445148,14.141348497156782,0.0308882026428811,7.722712565410277,5.614947197400487,0.023235888159294,5.809469962720691,17.26076360682372,0.0229721136540238,5.743520683967349,25.787164906580013,0.0211635782966472,5.291348089437307,9.77416734362307,0.0193256398007258,4.83182408018989,5.199025182778229,0.0150153346813859,3.754155434631773,4.395883079778877,21.87308185780952,10.994075442429477,0.5723154609079462,0.0265839728934379,0.0802606853893397,0.1441227414532321,0.2867400172978868,0.4622925829661033,0.0140888791757868,0.0061350985108223,0.0513336877141273,0.4354568190868356,,,,,0.9902876309130175,0.9883742411121945,0.9883742411121945,0.9768836404941068,1.0454501888928114,0.9828661708295117
tgt,K,target,32000,21,168000,577.1999999999986,8.015468191030156,10.199221230120669,10.199221230120669,104.02411370094416,58.15878646500132,102.906807215625,0.4383150435601037,-0.0196164616746994,5.702277179088852,7.255819008810693,8.625236271434929,1.2724423560850764,5196.661987761838,40578619.12293914,6370.1349375770005,13573323.307890318,1982.0,7.274061838456848,104.10494282349389,9.116213105073054,,,,,,,,,8.526401299756296,0.091938704044242,28.563343187113563,5.406986190089358,0.0466530176546713,14.494071542966246,2.9114541023558083,0.0274012533536787,8.512969716448687,17.26076360682372,0.0255595610951442,7.940796238777573,25.579203899268887,0.0193164776087938,6.0012068349437095,7.070674248578391,0.0181914948427909,5.651699310784287,14.141348497156782,0.0177087136845445,5.501709771007589,1.8716490658001623,0.0157580491554168,4.8956809938171615,4.256766013844894,30.59104392349251,13.882744310680554,0.6262006597783385,0.0384698873086396,0.0595365035082307,0.1604761056110492,0.3118517213523891,0.4296657822196911,0.0154731763707598,0.0039619368699879,0.0274012533536787,0.2560519427167458,,,,,0.9932190515463988,0.9891099909833042,0.9891099909833042,0.9783385742629922,1.0453271235546744,0.9828661708295117
tgt,K,target,32000,22,176000,577.1999999999986,8.042353288268336,10.250563590593258,10.250563590593258,105.07405392479616,61.70476203220338,103.14259536328126,0.55111315580992,-0.0592889123045123,6.019645796726984,7.672475930920197,9.12252997423314,1.2745726559345312,5112.216479863932,39796685.07602599,6308.461387376957,13661927.739033611,1240.0,7.402067539249927,71.04501632013772,9.072272708344013,,,,,,,,,8.526401299756296,0.1102177754434331,35.15435390471238,17.052802599512592,0.0537853761151826,17.15503818911316,25.787164906580013,0.031555898709885,10.064866819943148,2.0796100731112914,0.0213099245064286,6.796876681349589,6.446791226645003,0.0209242759690557,6.67387270026671,2.9114541023558083,0.0205848154202644,6.565600543430984,19.54833468724614,0.0171975385378351,5.485216460018919,7.070674248578391,0.01434690516426,4.575996744196621,4.1778326826582,37.96466233387005,16.6428840919584,0.6455291397127361,0.0301913447635816,0.0721698037094569,0.0478379313921179,0.3929224470284398,0.4568784731064038,0.0086853745730422,0.0213099245064286,0.0205848154202644,2.453541217452724,,,,,0.9965504590379187,0.9940891203264475,0.9940891203264475,0.9882131791514106,1.109061335789125,0.985118190886147
tgt,K,target,32000,23,184000,577.1999999999986,8.031396827431278,10.253199408306784,10.253199408306784,105.1280981065026,61.70180143304498,112.99971747421876,0.5881110671652845,-0.0768841396917316,6.017809561281947,7.682574122386093,9.14178755392085,1.2766396218009863,5131.60560832452,39890486.04734951,6315.891548099089,13557109.927961838,1982.0,7.329356556737366,80.57713954403552,9.093251740403746,,,,,,,,,8.526401299756296,0.0966878628989065,26.55113403041681,25.787164906580013,0.0437016481754092,12.00076496952478,17.052802599512592,0.0396485349827586,10.88775296996247,15.181153533712427,0.0249870945793658,6.8616233446085175,1.8716490658001623,0.0178914096701439,4.913100795720046,19.13241267262388,0.0145906461667223,4.006689054324029,20.172217709179527,0.0139266878306997,3.8243616531198175,13.101543460601135,0.012757895813151,3.503403545440207,4.351773416196039,38.33351819047186,14.599867297734887,0.5770497169435662,0.0304568296096922,0.0497133557011241,0.0553620414442141,0.2945114164272085,0.5699563568177609,0.0074149415946176,0.0097898195292143,0.0105873488193594,1.3202827565088662,,,,,0.9951928133731196,0.9943447392189135,0.9943447392189135,0.9887214604123296,1.1090081229421873,1.0792638759648405
tgt,K,target,32000,24,192000,577.1999999999986,7.982397867892671,10.21625818856736,10.21625818856736,104.37193137546964,51.29489242640259,102.27402023671874,0.5514155319006862,-0.0251095671337656,5.020907995825693,6.42600046694213,7.660600603190599,1.2798482808854452,5218.923700822106,41045024.39338706,6406.63908718035,13807859.798384365,1984.0,7.286049854863951,116.08920691541783,9.102518189840714,,,,,,,,,8.526401299756296,0.0768547432083286,25.824600356629805,10.398050365556458,0.037166019046022,12.48846263279685,17.26076360682372,0.0357037975715667,11.997129454982026,7.070674248578391,0.0271520929870336,9.123600196483466,25.787164906580013,0.0235621941457125,7.917328481456803,11.021933387489844,0.0231435309935151,7.776649999710554,24.12347684809098,0.0212734965485552,7.148284199784391,1.6636880584890332,0.0199358233689863,6.698801528604186,4.340421652668892,22.02037890617144,11.60506622445763,0.6081872186722372,0.0250690505620252,0.0647294111405098,0.0396924288229006,0.3732751008004339,0.4972340086741302,0.0044401270962075,0.0080779620647343,0.0044020849679552,1.8193087467731923,,,,,0.989121215437748,0.9907622177009504,0.9907622177009504,0.9816097720237057,0.921957723196394,0.9768224023778759
tgt,K,target,32000,25,200000,577.1999999999986,8.049063352436876,10.2574543589752,10.2574543589752,105.21536992645936,54.01146494899256,104.9944154765625,0.4884162653082331,-0.0219844075381355,5.2655817962989655,6.710279517508546,7.976835760521728,1.274366210059516,5139.62465094847,40245200.662663884,6343.9105181791365,13829459.1100267,1240.0,7.37180998434163,81.90107618282772,9.086309431701126,,,,,,,,,8.526401299756296,0.0952117054398515,30.51296360081183,17.26076360682372,0.0561191533835959,17.984781142102293,25.579203899268887,0.0256799626458767,8.22978395213027,0.8318440292445166,0.0215355758307418,6.901611922717542,14.55727051177904,0.0193093538620373,6.188163617337458,22.25182778229082,0.0177229846742469,5.679772080174236,4.367181153533712,0.0169958282840202,5.446736694823411,8.110479285134037,0.0155059286123912,4.969261218050289,4.25505885027186,34.62368403361466,14.376967521417582,0.6153414514408808,0.0530168763630167,0.0236899237010727,0.0927369923901,0.3145156756023988,0.5160405319434117,0.0147138686058787,0.0028894743655914,0.0055821487384321,0.1963776110003223,,,,,0.9973819218309159,0.9947573799610168,0.9947573799610168,0.989542244986907,0.9707845147023605,1.0028049833642392
tgt,K,target,32000,26,208000,577.1999999999986,8.074500214404244,10.323089760756393,10.323089760756393,106.56618220863346,55.64267516858974,110.853512634375,0.5971659704316412,0.0008246907052183,5.390118313231377,6.891160281266807,8.21792642225756,1.2784803376857394,5234.5051320343,41290526.81036104,6425.770522696951,13890482.833067626,1982.0,7.383725051707291,83.92144900656346,9.10274650984753,,,,,,,,,8.526401299756296,0.0949201480866465,22.266947868437803,17.052802599512592,0.0448882337078332,10.530155926075604,6.654752233956133,0.0229239065635596,5.377629962458222,0.8318440292445166,0.02189856746608,5.137099656814277,2.9114541023558083,0.0217727727117242,5.107589955303843,23.707554833468723,0.019059875521639,4.471181968993954,5.614947197400487,0.0145392479479726,3.410705552295102,13.517465475223394,0.0141125870437345,3.3106168324218714,4.43418156622936,45.90784085839166,14.332942361083626,0.5447381489274192,0.0483019172985927,0.0427876773654806,0.0834317877523652,0.2788576613431913,0.5466209562403702,0.0110479208560052,0.0016352747306243,0.0217727727117242,0.1480165138572147,,,,,1.000533874444965,1.001122633758263,1.001122633758263,1.0022465278230814,1.000103356968621,1.0587654056514721
tgt,K,target,32000,27,216000,577.1999999999986,8.0261146111282,10.293580700352887,10.293580700352887,105.95780363467746,55.63692470470886,110.853512634375,0.6588133192674639,0.0150925967120608,5.405011756773432,6.931987318940274,8.280484760442944,1.2825110528672947,5198.732568595216,40592720.17432189,6371.241650912472,13565899.85454927,1240.0,7.39688953433395,76.00639691585442,9.094349147138775,,,,,,,,,8.526401299756296,0.0512582349626909,13.925652470697672,2.9114541023558083,0.0449454256850194,12.210611206037754,17.676685621445976,0.0348010606263862,9.454626680912424,20.172217709179527,0.0235477248905724,6.397361000439996,17.26076360682372,0.0229125212868997,6.224791175526615,19.13241267262388,0.0228254423359564,6.201133880084595,25.787164906580013,0.0203050853262284,5.516412374455205,20.796100731112915,0.0197949491336473,5.377820412875183,4.485815836220615,12.338145459937373,7.739993479366328,0.5489810429904343,0.0379676077623306,0.0847282660688135,0.0980673571248578,0.1723704850527773,0.6068662839912208,0.0182265241025084,0.010152383715054,0.0449454256850194,0.557011510115622,,,,,0.9945382791972524,0.9982608754130828,0.9982608754130828,0.9965247753804949,1.0,1.0587654056514721
tgt,K,target,32000,28,224000,577.1999999999986,8.13744211307208,10.33910671826579,10.33910671826579,106.89712773168878,50.58541530865364,98.75486110546876,0.4047677421648985,-0.0009273428636161,4.892629188098137,6.216377899313893,7.377479373139464,1.2705597870436045,5146.098066228671,39829481.65131217,6311.060263641298,13347156.3440697,1240.0,7.382984274992409,69.50862580496046,9.091420325738609,,,,,,,,,8.526401299756296,0.0475934039186306,16.39823065324059,17.052802599512592,0.0432643712304453,14.906669414047714,6.654752233956133,0.029874838621944,10.29332752262352,23.707554833468723,0.0283978087985886,9.784419276293702,10.606011372867586,0.0253250420630637,8.725702447405205,3.1194151096669374,0.0248777572476514,8.571591184773878,7.486596263200649,0.0231361446118079,7.971521356610563,24.53939886271324,0.0208755345710621,7.192631808626999,4.385912920561371,8.083109385094872,7.186603991713222,0.6006528212416029,0.0508551647492125,0.0294591861377419,0.0535393680597073,0.3360884723264117,0.5300578087269266,0.0144464041840386,0.0005401100266628,0.0248777572476514,0.0373871601365142,,,,,1.008333180911848,1.0026759418334827,1.0026759418334827,1.005359044331662,0.909205812095727,0.9432108021984642
tgt,K,target,32000,29,232000,577.1999999999986,8.214402878604673,10.43272842279196,10.43272842279196,108.84182234373124,64.04417374140358,113.12420015859374,0.4548730591764602,0.0267185761510929,6.138775126311418,7.796570814441786,9.255673211196548,1.2700531708718468,5222.748570444057,40577002.195466325,6370.00802161711,13299899.565390876,1982.0,7.291981463586644,107.50660145930983,9.141308053808968,,,,,,,,,8.526401299756296,0.0613691202150216,19.644410812262475,2.9114541023558083,0.0423504937315222,13.556500305841602,17.052802599512592,0.0404490020779487,12.947828011567085,1.455727051177904,0.038135927659828,12.207407031932837,15.597075548334686,0.0245206944274065,7.849136390520118,7.070674248578391,0.0218255026724047,6.986398683550049,25.787164906580013,0.0201720096983215,6.457111394694167,3.535337124289196,0.0199719385535882,6.393068114538776,4.340319013528831,13.132094415373668,9.26673715246826,0.6102185207352981,0.0970367918348414,0.1043431027112064,0.1065515371271499,0.2500649299266165,0.4420036384001855,0.0134790528741449,0.0108045034706431,0.0423504937315222,0.801577348996558,,,,,1.0178696043280258,1.011755278503448,1.011755278503448,1.02364874357959,1.1511091614303974,1.0804528140208998
tgt,K,target,32000,30,240000,577.1999999999986,8.113458348020101,10.375350353045144,10.375350353045144,107.647894948434,64.03065982475384,113.65142918554687,0.5951559234098163,0.0199363830163065,6.171421460091206,7.891907134812755,9.41111413708725,1.278782722237765,5068.835756389621,39268231.45265599,6266.436902471451,13575135.527402043,1984.0,7.3101577262999955,89.4209168104133,9.066493911061851,,,,,,,,,8.526401299756296,0.0729891324820311,21.59433019172072,9.150284321689682,0.0382708146211043,11.322680233769267,25.787164906580013,0.0355280189324567,10.5112055150683,3.1194151096669374,0.0293683911713905,8.688837839122865,9.56620633631194,0.0259518783979228,7.67803934863995,17.052802599512592,0.0252494422903038,7.470218859058921,24.74735987002437,0.0241912729744829,7.15715228561786,18.300568643379364,0.0203353491973419,6.01635106759834,4.397423019184459,21.641761719804624,11.0213590047867,0.5856343022257984,0.0214080483677973,0.0525170239464056,0.0807344622499101,0.3245209232753336,0.5208195421605532,0.0001243637501819,0.0023461245482265,0.0293683911713905,18.86501915493786,,,,,1.0053612855952283,1.0061908122790753,1.0061908122790753,1.0124199507148255,1.1508662666851996,1.0854883951344583
tgt,L,target,32000,0,0,577.7999999999986,1.436327426485834,1.8489291249810564,1.8489291249810564,3.418538909203215,9.798356648799272,19.368832809375,0.970838268419392,-0.0018367468661065,5.299476608598701,6.82181267871869,8.14972945151255,1.2872615887475043,5970.644861303719,44343773.83523578,6659.112090604556,8695173.775423259,7094.0,7.859178948572592,7.563740056079627,7.940131549585539,,,,,,,,,2.909090909090909,0.0635074264746939,17.393492410764352,1.4545454545454546,0.0575827275374089,15.770828547305891,14.961038961038962,0.0292799122421455,8.019218533040997,4.987012987012987,0.0209627367785705,5.741300243243307,6.441558441558442,0.0183474035646023,5.025009551997898,7.688311688311689,0.0168196860436658,4.606596390242892,30.545454545454547,0.0153504128234335,4.204190025758373,8.51948051948052,0.0151078441714276,4.137755023712825,4.383757359246576,17.70768620821771,9.653128824153477,0.5871534429365706,0.1188797699870724,0.1368927290410143,0.1593825734692873,0.1393315771323499,0.4450876924478321,0.0080651421243065,0.0024752133234785,0.0635074264746939,0.3069026292434283,,,,,0.9999999999999992,1.0024486374073305,1.0024486374073305,1.004903270639814,1.0146604510329713,1.0607093505297098
tgt,L,target,32000,1,8000,577.7999999999986,1.4453577891617015,1.8585027292602585,1.8585027292602585,3.454032394667829,9.80265225201223,19.368832809375,0.8604333612744579,0.0065912471598482,5.274489026932296,6.78216309173587,8.105477181420513,1.2858426772909235,5912.876456024533,43111648.10064132,6565.946093339582,8149540.116432078,7060.0,7.758576591362909,10.775056673957152,7.834743481410275,,,,,,,,,2.909090909090909,0.039449715892459,8.473407608416139,9.55844155844156,0.0303978715403074,6.52916124140031,31.792207792207797,0.0248272398497162,5.332644818331153,1.2467532467532467,0.0222775382307343,4.784994205171682,6.64935064935065,0.0222284383088145,4.774448029044524,10.805194805194803,0.0219838341412417,4.721909480472672,3.948051948051949,0.0207524760511319,4.457425978541676,17.454545454545457,0.0187411993039991,4.0254236863517,4.584816982787352,7.226770874059357,5.996356815653772,0.5089304845826834,0.0488662387293474,0.0966365119495189,0.1154205585563446,0.2820530619788873,0.4485749056753968,0.0140368321452359,0.003937948431046,0.039449715892459,0.2805439567860091,,,,,1.0062871198511891,1.0076392347293675,1.0076392347293675,1.015336827365986,1.015105278553518,1.0607093505297098
tgt,L,target,32000,2,16000,577.7999999999986,1.4038853947425831,1.77994419205835,1.77994419205835,3.168201326842252,8.033874475448345,15.063806641406249,0.2838300822071389,0.0318201667994129,4.513554139106663,5.722599939801863,6.791868197956177,1.2678700118419943,5766.78084348493,41450228.37944455,6438.185177473893,8194467.082659774,7096.0,7.760196363509795,11.453206374145,7.818865339802499,,,,,,,,,2.7012987012987013,0.0315338520903895,5.9232398201544605,27.22077922077922,0.0305712888933365,5.7424343593482,3.324675324675325,0.023269453857465,4.370875949018287,29.922077922077925,0.022655688047589,4.25558771607783,6.025974025974026,0.0212802022087279,3.9972199001368263,4.363636363636364,0.0199410982273906,3.745685961217838,18.49350649350649,0.0164203689170214,3.084360982988507,4.987012987012987,0.0164037201725191,3.0812337245073995,4.630976385503655,6.280553463150879,4.793145517739202,0.4821608475920937,0.0465132234307373,0.0847145285904026,0.1422936380054986,0.1826335007484573,0.5433309449114869,0.0053580397727833,0.0006537664705217,0.0124938757222401,0.1220159793737716,,,,,0.9774132059689025,0.9650465265986148,0.9650465265986148,0.9313147985000515,0.8319410071483393,0.8249500998003992
tgt,L,target,32000,3,24000,577.7999999999986,1.3907711799309186,1.7629818994932178,1.7629818994932178,3.1081051779407143,8.646539964770142,17.074454323828125,0.3946276723133102,0.0049539935081871,4.904497299292039,6.217083075587897,7.368134056736312,1.2676290139831052,5602.702864840783,40195620.44465528,6340.001612354313,8805341.052960157,7152.0,7.78244817076372,9.523284822623854,7.794920928871525,,,,,,,,,1.4545454545454546,0.0362509238718529,8.020155697322103,6.857142857142858,0.033543174234024,7.42109307035228,5.818181818181818,0.0284464170928161,6.293486337668036,2.285714285714286,0.0264319506195074,5.847805702876936,1.038961038961039,0.0247117197510908,5.467221763863102,4.571428571428572,0.0231458378881263,5.120786004350227,21.81818181818182,0.0201606875452629,4.460351235451322,25.350649350649352,0.0190022629037202,4.204061326216752,4.602036381737537,7.404426054225055,5.5101404285216375,0.4984813248942374,0.0931638320288271,0.0695913997102743,0.1449803630802097,0.173937686183041,0.506480003613923,0.0247117197510908,0.0002998510744342,0.0049900780830102,0.0121339622431127,,,,,0.9682828262450047,0.9558499452697358,0.9558499452697358,0.9136491178721576,0.8953850584325687,0.9350606479348995
tgt,L,target,32000,4,32000,577.7999999999986,1.3633134686593351,1.747879907418311,1.747879907418311,3.0550841707566434,9.667810495197216,18.09386657695313,0.6792446204128098,-0.0412012632233144,5.531164042884062,7.09140686822182,8.462889547419149,1.2820821825635385,5667.698074320153,40713971.20327763,6380.75005021178,8591169.741625259,6982.0,7.792315029168787,7.871342725619876,7.847199533316672,,,,,,,,,2.7012987012987013,0.0388180189037257,9.582344671877545,6.025974025974026,0.0271311979349305,6.697417779568463,4.987012987012987,0.024585841784816,6.069088961357178,12.467532467532468,0.0203819830633912,5.031353797167638,22.025974025974023,0.0202871348274228,5.007940224959775,1.2467532467532467,0.0189078988536708,4.667471678197434,20.98701298701299,0.0185801997330494,4.586578165052074,1.8701298701298703,0.0157816521915738,3.895748290669156,4.39087819228247,38.04838353688021,13.811454587314904,0.5732045550811982,0.1792047274617613,0.1111876249327768,0.128407756388751,0.165783793140445,0.4095742169937807,0.0064623952513962,0.0088357258083687,0.0278812055566448,1.3672524603152942,,,,,0.9491662162261023,0.9476619778819746,0.9476619778819746,0.8980632243231769,1.0011418556355773,0.990887455857516
tgt,L,target,32000,5,40000,577.7999999999986,1.374873339528712,1.7559351448828102,1.7559351448828102,3.083308233034616,9.656783842145508,18.761559173437497,0.560230483845984,-0.0064403999667275,5.4995105430186575,7.023762527425761,8.364131212851575,1.277161389632767,5664.739568873885,41271451.81338526,6424.286093674943,9182177.430219777,7012.0,7.817674296696453,8.34731348318893,7.825429412589041,,,,,,,,,1.8701298701298703,0.0338101815417532,7.300466549534045,14.33766233766234,0.0326801407677321,7.056462391787582,6.025974025974026,0.0282849949601408,6.107440130282709,12.675324675324676,0.0266312256733906,5.750349845403381,7.896103896103897,0.0240806448035236,5.199615437208887,2.285714285714286,0.0240803819087742,5.199558671636015,2.7012987012987013,0.0188326901045833,4.066450337643545,9.55844155844156,0.0181507794824989,3.9192087240440463,4.571900365200039,6.251919520064411,5.139147594346483,0.5143380093436849,0.0409878020522619,0.1478562761283794,0.0765846804455413,0.2595318940189649,0.4722917183464217,0.0092695562421597,0.0195942867715715,0.0130699623868303,2.1138322329109056,,,,,0.9572144304815801,0.9520293501685475,0.9520293501685475,0.9063598835823478,0.9999999999999998,1.0274527867342238
tgt,L,target,32000,6,48000,577.7999999999986,1.4223642845240911,1.808020841035821,1.808020841035821,3.268939361619877,9.85378455332355,19.056364449609376,0.5880642940415237,0.0776124350916948,5.4500392526851815,6.927750268007888,8.213389713396353,1.2711376830159198,5888.524453775252,43363604.128686205,6585.1047166074895,8688883.885977075,6978.0,7.806400412404074,9.211921934064618,7.851328027118037,,,,,,,,,7.272727272727273,0.0309199378716985,6.966519174304316,13.922077922077923,0.0254494261206531,5.733967376656691,2.077922077922078,0.0252940117661313,5.698951229948028,1.2467532467532467,0.0234401357147702,5.281257536248457,5.402597402597403,0.0222026839617541,5.002449363979977,12.883116883116884,0.0196226036302745,4.421135805877716,8.311688311688313,0.019197698401103,4.32540112366173,23.480519480519483,0.0175604362261468,3.9565123379686655,4.5975184247549805,4.963351049329658,4.699830556498176,0.506086019053416,0.0833267894430733,0.1007589156190602,0.1224014618079765,0.2243849177870648,0.467725592712213,0.0076225703310862,0.0252940117661313,0.0048743937483551,3.318304805881495,,,,,0.9902785801452622,0.9802690671114741,0.9802690671114741,0.9609274439356004,1.0204002403282821,1.0435974205435286
tgt,L,target,32000,7,56000,577.7999999999986,1.469068894269843,1.8757528217353208,1.8757528217353208,3.5184486482480177,9.85938284888116,19.056364449609376,0.630523849978299,0.0551932165666246,5.256227118322906,6.711314144170728,7.977950482891225,1.2768310792301751,5922.38945433876,42901685.56719582,6549.937829261879,7826988.718332872,6958.0,7.698417230363969,9.626201250685936,7.91306436121473,,,,,,,,,8.103896103896105,0.0446065015203031,12.082466752451383,6.233766233766234,0.032781671860841,8.879500674763792,2.909090909090909,0.0261369270414478,7.079652992867024,4.571428571428572,0.024080083893249,6.522520330449915,0.8311688311688312,0.0235621156236442,6.382219383659086,1.4545454545454546,0.0182458440995521,4.942212394821149,1.8701298701298703,0.0178969882163258,4.847718554981207,16.623376623376625,0.0146464884786941,3.967262709527581,4.495357146633423,9.13105959699089,6.780188231086068,0.5475469368647614,0.0815683630602886,0.0984729017664325,0.1376612663015885,0.3397291263459076,0.3391593044828729,0.0076962525464274,0.0073514453111419,0.0261369270414478,0.9551980351267454,,,,,1.0227952674162286,1.0169918548288284,1.0169918548288284,1.0342724327881816,1.0209799670415567,1.0435974205435286
tgt,L,target,32000,8,64000,577.7999999999986,1.4620195550860242,1.865569955113047,1.865569955113047,3.480351257420496,9.46248079367092,18.013681784765623,0.4702677805270765,0.0083974393251095,5.072166159050548,6.472198515229627,7.701272149258317,1.2760225734477275,5964.945396113421,43702521.32920427,6610.78825324214,8121947.750589564,7102.0,7.736896292507909,10.47270919744293,7.888029524835907,,,,,,,,,4.571428571428572,0.0341585386697206,7.272557374190912,17.246753246753247,0.0272041970041124,5.791936401148686,27.844155844155846,0.0258440919865567,5.502361900590011,25.766233766233768,0.0250172318955739,5.326318437189992,25.142857142857142,0.0222544867995137,4.738113466958838,15.792207792207794,0.0219738396228163,4.67836200293483,28.67532467532468,0.021937155035696,4.6705516347232345,0.8311688311688312,0.0213859800185556,4.55320317394358,4.625452732489267,6.0331935873075055,5.192097877797537,0.4870553599001412,0.0501628084166398,0.0151408948586049,0.0836617417393789,0.1698826287238712,0.6782552237489662,0.0070614518246431,0.0027909233204929,0.0040105516066287,0.3952336416652895,,,,,1.0178873759049831,1.0114709288871682,1.0114709288871682,1.0230734399838717,0.9798791138280859,0.9864962382926454
tgt,L,target,32000,9,72000,577.7999999999986,1.4076762333729862,1.798636019159774,1.798636019159774,3.235091529418919,8.521752574680248,16.868385015234374,0.4867119150681702,0.000323677556,4.73789720871731,6.053773142319026,7.21308450872723,1.2777341667897004,5748.801123660775,41245444.3497085,6422.261622645756,8196729.990305109,7142.0,7.748214476124657,11.457907744551186,7.843581662830301,,,,,,,,,30.96103896103896,0.0378898247361516,8.37934929380968,1.038961038961039,0.0323028639860976,7.143790777994221,4.77922077922078,0.0276203480310022,6.108250575979389,7.480519480519481,0.022595882113406,4.997088008415168,16.415584415584416,0.021940705967201,4.852195552030008,12.25974025974026,0.0210491190317318,4.655020758794152,9.142857142857144,0.0187998474558843,4.157593485854535,10.805194805194803,0.0178928602225411,3.9570129108286056,4.587752842186299,7.200032013063079,5.759253359895048,0.5076458176149634,0.0877517521906073,0.0182891114894617,0.0991392396941013,0.2036459339849643,0.5908880624608316,0.0323028639860976,0.005475842849402,0.0025025369749406,0.1695157076966675,,,,,0.9800524639545819,0.9751808234493217,0.9751808234493217,0.9509776384232979,0.8824628068703788,0.9237755258713343
tgt,L,target,32000,10,80000,577.7999999999986,1.450343674667541,1.84909441911462,1.84909441911462,3.419150170800833,9.885668969835008,18.96202115390625,0.4935917925427118,0.0147288035843459,5.346221841155684,6.816087209188029,8.114918809774093,1.274935349055946,5863.505568274069,42638988.61031216,6529.85364386616,8258291.061131131,7112.0,7.805323876423825,7.43236372514168,7.899371104078299,,,,,,,,,2.909090909090909,0.0430465995118684,10.448087607568626,11.428571428571429,0.0265162750373318,6.435917534904078,20.77922077922078,0.0227018805274204,5.510103917538217,18.07792207792208,0.0169486895383826,4.113713862152585,15.584415584415586,0.0156065189899662,3.787947933294796,29.50649350649351,0.0154404672194838,3.747644553583836,28.467532467532468,0.0151777560783418,3.683880422403647,31.584415584415588,0.0151561533212298,3.678637093048229,4.582375037266891,18.274731426285776,8.295368878202849,0.4980157399017242,0.0923941779844131,0.0784038355515558,0.1137730756877194,0.2170500794176847,0.4978607048376094,0.0008138745986464,0.0092946891500295,0.0430465995118684,11.42029638726556,,,,,1.0097583934716046,1.0025382562449177,1.0025382562449177,1.005082955234601,1.0237020038380238,1.0384308306463996
tgt,L,target,32000,11,88000,577.7999999999986,1.502305975836551,1.9243330052769232,1.9243330052769232,3.703057515198114,9.869797436369296,18.96202115390625,0.6849487065468778,0.0266681060117235,5.128944631360123,6.569765144458528,7.83850975705968,1.2809194905878531,5851.0430148551095,42342266.01260826,6507.093514973352,8107561.650923487,7042.0,7.796739168345356,8.649186720486549,7.8964581124524,,,,,,,,,1.038961038961039,0.0348573735104368,7.644003448566108,9.55844155844156,0.034807747077911,7.6331206830802625,18.28571428571429,0.0249444014750868,5.470150837408636,3.116883116883117,0.023307954796371,5.111288341594005,8.51948051948052,0.0232380039653021,5.095948562945427,1.8701298701298703,0.0205529607334624,4.507135417927874,15.16883116883117,0.0183680531606084,4.0279988869814565,4.155844155844156,0.0165250826140179,3.623847001885312,4.602341338515892,7.365909914116654,5.298320773586389,0.4970870032374095,0.0839919434004859,0.056451751410081,0.1174315621205667,0.2281573016920735,0.5009787981775949,0.0348573735104368,0.0103657268731402,0.023307954796371,0.2973754425226326,,,,,1.0459355911013557,1.043330960064556,1.043330960064556,1.0885394922292284,1.0220584407506486,1.0384308306463996
tgt,L,target,32000,12,96000,577.7999999999986,1.497339277520235,1.926499891213637,1.926499891213637,3.7114018308461554,9.59852075911014,18.2888614125,0.7367417850409073,0.0284244024683553,4.982362471382429,6.410384675809732,7.66404964339135,1.2866154786260964,5578.06702996567,39447544.87140922,6280.728052655139,8332713.08061919,6560.0,7.796733144558093,6.855595470901925,7.932462475627092,,,,,,,,,1.4545454545454546,0.0488636092956612,13.461229283517168,7.480519480519481,0.0270973496427232,7.464934370877891,6.441558441558442,0.0218660027918035,6.023772728565702,20.15584415584416,0.020271012207749,5.584375511158062,24.72727272727273,0.0167120995545702,4.603945700200465,6.025974025974026,0.016598276949674,4.5725891916608665,13.2987012987013,0.0165316957577702,4.554247020398731,2.7012987012987013,0.0164140654081825,4.521841532361218,4.3125084720691,28.25583295283448,13.091959685901152,0.607007098667121,0.2544983591421192,0.1007009239253564,0.0839337090320698,0.215114425621561,0.3425001574521746,0.0368837250663777,0.0131827563168251,0.0156181120630271,0.3574139079700705,,,,,1.0424776759876218,1.0445057978803094,1.0445057978803094,1.0909923618055826,0.9939666162163546,1.0015660985720867
tgt,L,target,32000,13,104000,577.7999999999986,1.482768148988384,1.894758980672074,1.894758980672074,3.5901115948374764,10.000734505355766,18.397223028515626,0.6126522770033187,0.0137524957806369,5.278103762729343,6.7446380691222725,8.02040625986081,1.2778524963349749,5965.810845628588,43991599.6567137,6632.616350785993,8400700.610894008,7064.0,7.741438443137746,11.212518204880311,7.902851196635274,,,,,,,,,10.181818181818182,0.0384362616245766,9.148819527875125,4.987012987012987,0.0293305862203347,6.981434422463279,8.727272727272728,0.0248643952884572,5.918366031164456,21.402597402597404,0.0242102021067633,5.7626512164891,7.272727272727273,0.0215295689160897,5.124591523758128,13.714285714285715,0.0210332586615694,5.006456909294569,24.935064935064936,0.0199699757691113,4.753368214426388,14.545454545454549,0.0192832959462917,4.589920743031481,4.58211442800159,7.026910924512578,5.842311766935639,0.51027627203751,0.0666475945247317,0.0389723218267461,0.0862380727334574,0.2444040921432576,0.5539217669069573,0.016046538762442,0.0117659646991908,0.0005472236782086,0.733240038406074,,,,,1.0323329636726162,1.0272965754755383,1.0272965754755383,1.055338253983769,1.0356175170566766,1.0075003838476895
tgt,L,target,32000,14,112000,577.7999999999986,1.4142715498935805,1.80915291867174,1.80915291867174,3.273034283138476,9.99120000612537,18.2602640390625,0.6875000322123541,0.034504772087557,5.522584577015897,7.064555605937285,8.41492618740205,1.2792118450000596,5729.365135644961,42358071.15883952,6508.307856796536,9532446.301295504,7088.0,7.939370259878598,5.485998046778359,7.845549881335357,,,,,,,,,23.68831168831169,0.0331423071124795,6.532854024009677,1.038961038961039,0.0311759554198524,6.145256126126454,13.714285714285715,0.0250010335158717,4.928084875149308,6.025974025974026,0.0210045571081367,4.140318444359684,14.33766233766234,0.0209164636348391,4.1229538776876,9.55844155844156,0.0204321227252731,4.0274829000844985,1.8701298701298703,0.0196446778596193,3.872265511572183,2.493506493506493,0.0188872642974261,3.7229677508333,4.624086619229994,6.040593033651246,5.037630681096886,0.4850372276495265,0.0501431331291994,0.0821932729913342,0.0938713936797724,0.2132225659792476,0.5499721935841153,0.0311759554198524,0.0154411651055822,0.0041448123181627,0.4952908386331023,,,,,0.9846442557695796,0.9808828546646222,0.9808828546646222,0.9621311745750192,1.034630180135166,1.0
tgt,L,target,32000,15,120000,577.7999999999986,1.3849606737802698,1.7854243010329247,1.7854243010329247,3.187739934718908,8.687349240241772,17.348372302734376,0.8639569946123125,0.0721635189261376,4.865705723401994,6.27263243260421,7.499895080107006,1.2891516234596716,5710.674855798599,41356284.29898709,6430.885187825008,8744476.99033673,7020.0,7.760890362223346,9.668355305043312,7.846129000467663,,,,,,,,,18.49350649350649,0.0318224781095558,8.272429404249934,3.324675324675325,0.0263078141346706,6.838861966059139,1.8701298701298703,0.026301904564015,6.837325740442464,16.623376623376625,0.0256618041141275,6.670928083883704,14.545454545454549,0.0243703291476467,6.335202014694884,7.0649350649350655,0.0227671164484412,5.9184379956101445,1.2467532467532467,0.0198800019252002,5.167916587652179,25.974025974025977,0.016251579374441,4.224688052884771,4.526108502459132,12.348807205166608,8.084017400004011,0.5346739902773165,0.1184371117591153,0.0814478228924042,0.1155126634804098,0.1560836068373873,0.5259380964712512,0.0160856111643757,0.0110890722828807,0.0219343989406394,0.68937836236835,,,,,0.9642374351708644,0.9680177209511632,0.9680177209511632,0.9370583080754848,0.8996110280865154,0.950061415630278
tgt,L,target,32000,16,128000,577.7999999999986,1.4136754716733733,1.815316705683125,1.815316705683125,3.2953747419322337,8.663432655578715,17.034642294140625,0.7072262415758548,0.0081278485370673,4.772408378357203,6.128303722577606,7.3095327802251955,1.284111341008869,5718.929618268956,41504238.53610889,6442.378329166092,8798082.557394993,7020.0,7.803600433237825,9.270690359577875,7.912654391271718,,,,,,,,,1.038961038961039,0.0590251209590964,14.805339572113116,28.67532467532468,0.0202931698339117,5.090159333918714,6.441558441558442,0.0192509483285494,4.828737704525684,2.077922077922078,0.0163471625022922,4.10037773670419,16.623376623376625,0.0158521748814559,3.9762194174768175,4.77922077922078,0.0146554384990628,3.6760406422073726,8.311688311688313,0.0140447525659378,3.5228615810735056,19.74025974025974,0.0137921504334254,3.459501095102145,4.383416056018692,38.8996800053177,14.26159392323252,0.5673847453863972,0.2593273399322652,0.0585989225647113,0.0599837306186269,0.1637468422743231,0.4452365425545669,0.0590251209590964,0.0163471625022922,0.0062089167470712,0.2769526302765839,,,,,0.9842292541416668,0.9842247241864704,0.9842247241864704,0.9686983076999347,0.8971343665961052,0.9328803930600338
tgt,L,target,32000,17,136000,577.7999999999986,1.4324525297255148,1.8444128267389424,1.8444128267389424,3.4018586754391364,10.293612186935423,19.841670753515626,0.7730279779556151,-0.0179488678619945,5.580969746957196,7.186005800067029,8.598599491912221,1.2875908893756356,5772.546186317235,42304488.456530064,6504.190069219231,8982198.983364403,7088.0,7.827936775357472,8.431341459053566,7.825642563623375,,,,,,,,,1.038961038961039,0.0529522042536614,12.24786636066358,6.441558441558442,0.0446721175839496,10.33267894939864,10.805194805194803,0.0297455656110896,6.880161412766588,26.181818181818183,0.0220793230031039,5.106956382410531,2.909090909090909,0.0202121468160665,4.675077771633603,4.155844155844156,0.0186372838876504,4.310811336355418,30.12987012987013,0.0182391695673282,4.218727332293662,17.662337662337663,0.017807775677968,4.118945750390503,4.533912568408876,15.088348720543964,8.048735046556521,0.5271198697632993,0.0817173438084583,0.0528508493744365,0.0787365874586591,0.2594971087229742,0.5243821443086533,0.0529522042536614,0.0080164666631144,0.0202121468160665,0.151390613024551,,,,,0.9973022190561378,0.9999999999999994,0.9999999999999994,0.9999999999999998,1.0659462151374433,1.0866037156456319
tgt,L,target,32000,18,144000,577.7999999999986,1.4608569197972787,1.8779368133850536,1.8779368133850536,3.526646675066809,10.29026457197443,19.841670753515626,0.7430784160022714,0.0099606210516346,5.479558470031987,7.043992079248494,8.425801900839287,1.285503588978698,5861.7183666668425,42959909.07783358,6554.380907288924,8600166.867714172,7088.0,7.806125955523679,8.363577457720366,7.892806428803752,,,,,,,,,0.8311688311688312,0.0705976259746861,17.435251775971413,1.2467532467532467,0.0700799614772058,17.30740596353166,14.129870129870133,0.0266440956539611,6.580200249742786,11.428571428571429,0.0236306671180963,5.835984215473622,3.948051948051949,0.0197861214882036,4.886510063957176,15.376623376623378,0.0190515204195362,4.70508817603553,25.974025974025977,0.0184582884395553,4.558579723524212,8.51948051948052,0.0179724582366234,4.438595916823303,4.384021968703911,27.27817054533673,10.730839148152286,0.5681816653692144,0.2480834847687664,0.0245663499135095,0.089351567954579,0.1566204974661675,0.480167625394821,0.0642331577248595,0.0035349653888066,0.0041197437731038,0.0550333428086092,,,,,1.0170779258678213,1.0181759669853212,1.0181759669853212,1.0366822997464946,1.0655995557303657,1.0866037156456319
tgt,L,target,32000,19,152000,577.7999999999986,1.4777968022974943,1.890644002844254,1.890644002844254,3.5745347454909435,9.531323711143054,19.05398133515625,0.6778247693362474,0.0411600626391482,5.041310631086151,6.449684893294185,7.68583319837888,1.2793666895906368,5839.187302607008,42302586.79516047,6504.043880168742,8206478.440233549,6950.0,7.77110426711072,9.399522488528978,7.879283802756376,,,,,,,,,1.8701298701298703,0.0486257809190022,13.055579014107652,1.038961038961039,0.0395873222766684,10.6288352427882,19.74025974025974,0.0320089755867623,8.594118223617288,31.792207792207797,0.0258742342069579,6.946996073567586,12.051948051948052,0.021890509813834,5.8774023806356,7.480519480519481,0.0204094351475334,5.479747330860877,17.870129870129873,0.0197021045161303,5.289835502755466,14.753246753246756,0.0176749832371289,4.74557191399652,4.5242020009300745,11.14362574144725,7.391118699688333,0.5379093214091146,0.0832983640577259,0.0991144377414265,0.0921462440154217,0.1696561304822684,0.5389516456178383,0.0395873222766684,0.01674921249779,0.0044325978693543,0.4230953632152699,,,,,1.0288718122671512,1.0250655251552607,1.0250655251552607,1.0507593308618313,0.987008083327401,1.043466912329188
tgt,L,target,32000,20,160000,577.7999999999986,1.4959779155993282,1.924284150710076,1.924284150710076,3.702869492673999,9.833264319532402,19.361963832421875,0.764132601037435,0.0483430758785674,5.110089544674958,6.573134681327407,7.848315008528499,1.2863051858207883,5968.538480877477,43720154.89843747,6612.121815154154,8096703.300722256,7066.0,7.741718102328733,9.55640633890376,7.920673728698535,,,,,,,,,3.948051948051949,0.0581939582011829,15.691821434982495,3.116883116883117,0.0387834708273515,10.457843351155365,1.2467532467532467,0.0286065650136295,7.71367207073685,11.012987012987011,0.0214130492753618,5.773962727296151,2.077922077922078,0.0202890524879613,5.470880458507902,16.83116883116883,0.0193239776731701,5.21065100972649,8.103896103896105,0.0184951539316479,4.987161242832156,21.61038961038961,0.0167196720174614,4.508408017933129,4.5218333803619135,17.485113224039853,8.845481646579795,0.5312911730210501,0.0530299942872499,0.096450668510604,0.2018564135276922,0.180597503266913,0.466910065395987,0.0064659674269951,0.0202890524879613,0.0387834708273515,3.137821635184482,,,,,1.0415298684781338,1.0433044721947369,1.0433044721947369,1.0884842217015394,1.0182752850505643,1.0603331797942577
tgt,L,target,32000,21,168000,577.7999999999986,1.446622525424207,1.85440225542412,1.85440225542412,3.438807724922063,9.822345915971162,17.934618458203126,0.6023723648833386,0.0099372401590594,5.296771985277487,6.789847208472072,8.096266572028199,1.2818839903512862,5764.793753564586,41619095.6503642,6451.286356252077,8386248.629226931,7042.0,7.8063443980132625,7.53371650062997,7.90692763837172,,,,,,,,,1.2467532467532467,0.0998945369124095,23.856304444469536,3.116883116883117,0.0420420705318841,10.040273122882812,4.987012987012987,0.0239106690628179,5.710224185069347,7.0649350649350655,0.021386625970284,5.107445071139949,15.16883116883117,0.0185182686270533,4.422438581789686,18.07792207792208,0.0168297651317958,4.019198778258343,8.311688311688313,0.016622371542907,3.9696700978190975,23.064935064935067,0.0138145120975851,3.2991114082722004,4.423832373610091,51.08968684085389,15.18396961068624,0.5513493460712657,0.1769890419037717,0.0685395357152463,0.1354918263318008,0.1743256985610288,0.4415654084585792,0.0140357520628354,0.0033789710698918,0.0420420705318841,0.2407402933967536,,,,,1.0071676546367707,1.005416048153839,1.005416048153839,1.0108614298852836,1.0171446390984835,0.9821664363580532
tgt,L,target,32000,22,176000,577.7999999999986,1.3744919145817571,1.7455663518949007,1.7455663518949007,3.047001888867672,7.983150899739824,15.862430349609376,0.450337245670775,-0.0088227095307329,4.573387251117172,5.808074107269812,6.889953476605547,1.2699720772273784,5874.333305663744,43124667.57252222,6566.937457637481,8616875.786491897,7048.0,7.732049101715122,12.468376563923902,7.812104316463717,,,,,,,,,0.8311688311688312,0.0427901318176953,9.335421800987222,4.571428571428572,0.0274041633217297,5.978701463258757,13.922077922077923,0.0233976843962255,5.104617436930029,6.025974025974026,0.021005201888126,4.582655189658898,9.55844155844156,0.0204280820438553,4.45674631891876,8.51948051948052,0.0198239517560273,4.324944643624713,20.363636363636363,0.0183982992753003,4.013913415538921,19.11688311688312,0.0170652679006903,3.7230891149980136,4.645462851004401,10.206982827677963,6.504100036289692,0.4720823687563686,0.0980887914495731,0.0430233988341798,0.0883359666077856,0.2389571633741336,0.5288374827345541,0.0282340374263958,0.0036860800833921,0.0022261277065699,0.130554480310192,,,,,0.9569488747733749,0.9464076190476237,0.9464076190476237,0.8956873813913926,0.8266883706041572,0.8686857055120529
tgt,L,target,32000,23,184000,577.7999999999986,1.3776244222175416,1.7428640517498597,1.7428640517498597,3.037575102881937,7.983015412674003,15.862430349609376,0.3177720489853266,0.0070776163181408,4.580400522148795,5.794769085044287,6.866176270382127,1.2651227893761727,5736.203747341073,41806155.28206864,6465.767957641895,8902121.851058874,6982.0,7.804736039989051,7.685912122672839,7.791371129257401,,,,,,,,,1.038961038961039,0.0263449667692649,5.433745117914035,3.5324675324675328,0.0262637860276631,5.417001294996693,3.116883116883117,0.0217329376986772,4.482497364767494,26.805194805194805,0.0186202966785687,3.8405038449060265,4.77922077922078,0.0185767939481981,3.831531248704347,13.714285714285715,0.0174337311730366,3.5957703981251345,18.28571428571429,0.017176867837855,3.54279140195718,15.792207792207794,0.0170763927410564,3.522068048176423,4.651928999131634,3.616270268770757,4.004434948928274,0.4740839179353175,0.067611210379027,0.0523361890892129,0.1539963554705818,0.1472932017128202,0.5739409379643403,0.0263449667692649,0.0116449040861225,0.0217329376986772,0.4420162753541954,,,,,0.9591297894993775,0.9449424914439413,0.9449424914439413,0.8929163121362836,0.8266743403568165,0.8686857055120529
tgt,L,target,32000,24,192000,577.7999999999986,1.3905516445853878,1.7657830209742047,1.7657830209742047,3.1179896771607885,8.367741255095536,16.489610000390623,0.3577696559050052,-0.0146316065109489,4.738827565843401,6.017569565051628,7.148588601793666,1.269843538604729,5586.251203453216,40614247.87668991,6372.930870226815,9408045.368607417,7148.0,7.809024102125732,9.055742081845713,7.792770266253849,,,,,,,,,4.155844155844156,0.0291470699622965,6.97311591682975,4.571428571428572,0.0290254588701903,6.944021800572911,1.038961038961039,0.0276847474201906,6.623271331864999,7.896103896103897,0.0264878577120225,6.336928633078725,3.116883116883117,0.0258864041371749,6.193037480334072,25.142857142857142,0.022288323803167,5.332236333613064,5.194805194805195,0.0193476218118681,4.628705725263576,2.285714285714286,0.0175690145465026,4.203193498890474,4.587322616789759,5.143242603820897,4.430354634269076,0.5099772106191383,0.0566689008285781,0.0679700968203125,0.2207412843517032,0.1959068411989049,0.4577191807001751,0.0276847474201906,0.0089255050254955,0.0258864041371749,0.3223979214874022,,,,,0.9681299813285306,0.9573686516246138,0.9573686516246138,0.9165547351135317,0.8665142962583309,0.9030323967449716
tgt,L,target,32000,25,200000,577.7999999999986,1.4560501047978929,1.8560815242207147,1.8560815242207147,3.445038624553492,9.257018552151145,18.222554757421875,0.5135611654563164,-0.0177826389190843,4.98739868445852,6.3576236296001,7.567236783042018,1.2747373995602118,5936.913589371261,43206218.053291805,6573.14369638241,7959275.085630657,7024.0,7.771008268637069,7.333396650481964,7.88529107420877,,,,,,,,,1.2467532467532467,0.0394351964787684,8.880783539663947,14.545454545454549,0.0269369806258253,6.066192526234046,8.311688311688313,0.0207627747523615,4.675764918726763,16.83116883116883,0.0205651781426289,4.631266275993973,21.194805194805195,0.0190764487123386,4.2960052655244665,22.23376623376624,0.0173593138532935,3.909307484018502,29.090909090909093,0.0171124037939153,3.853703480820919,6.025974025974026,0.0168044592557093,3.7843545481358136,4.578922137707744,18.987566554911805,8.500512959052307,0.5030501693320546,0.1329259291873305,0.0476150521855602,0.0529775497904166,0.1909394327589379,0.5704954964546224,0.003300139350385,0.0119838333870342,0.0124034592032034,3.6313113208401,,,,,1.0137313247302615,1.0063265106990187,1.0063265106990187,1.0126930461356631,0.958602646954812,0.9979348994319055
tgt,L,target,32000,26,208000,577.7999999999986,1.4869874064330586,1.8907339783396968,1.8907339783396968,3.574874976848257,9.25692788143357,18.222554757421875,0.4122160613348868,0.0172847641895207,4.895944108201528,6.225290033647688,7.397714776482299,1.2715198327562585,5929.728291921947,43101592.15219013,6565.180283296882,7939914.536170573,7186.0,7.722967166367409,10.467597401525756,7.895524919860123,,,,,,,,,14.753246753246756,0.0492409321813179,11.81440587352948,4.155844155844156,0.0329619612452615,7.908582784442445,8.727272727272728,0.0325465161076771,7.80890478778038,16.83116883116883,0.0280547755615493,6.731198831785586,6.64935064935065,0.0197320591081569,4.734324568954605,22.23376623376624,0.0175751100472623,4.216806509789876,0.8311688311688312,0.0175011198536269,4.199053999032135,7.272727272727273,0.0170799460720369,4.0980015254382,4.5059250417427945,10.498268990863435,7.484621691560317,0.5451603509218779,0.0361425725372943,0.0369712597677274,0.1605681383499966,0.2027740339201686,0.5611722370557964,0.0014246365452672,0.0052043009898072,0.0075787099738446,3.6530727808739454,,,,,1.0352704954407017,1.0251143078866203,1.0251143078866203,1.0508593442338652,0.9585932576261228,0.9979348994319055
tgt,L,target,32000,27,216000,577.7999999999986,1.4536049742609525,1.8427050352070815,1.8427050352070815,3.395561846777532,8.411169457921801,16.699464255468747,0.2886559437353577,-0.0085107088722755,4.564577236840293,5.786420387142975,6.858915649071698,1.267679368077761,5846.868555857331,42239418.243387744,6499.185967749172,8053546.333914546,7174.0,7.692312003596718,10.74240703848694,7.865699078929144,,,,,,,,,12.051948051948052,0.0448933757267849,10.281930643226156,14.961038961038962,0.0340162849004054,7.790750337304536,6.64935064935065,0.0335004451439556,7.672607548686598,7.480519480519481,0.0229733502288607,5.261586812567512,27.844155844155846,0.0227091002713502,5.201065640086866,9.55844155844156,0.0220621894100593,5.05290363398996,27.01298701298701,0.0162878434670165,3.730405079689072,8.51948051948052,0.0150664664375869,3.450673076859707,4.551255196654561,9.778713406395038,6.823793110471311,0.5246522005531049,0.0323927689121418,0.0479801670014832,0.0678665369848517,0.268473237794854,0.5802164961422376,0.0094282753837549,0.0054617553909866,0.0020164536736687,0.5792952759757181,,,,,1.0120289757450287,0.999074073056149,0.999074073056149,0.9981490034530043,0.8710114666968706,0.9145247965607246
tgt,L,target,32000,28,224000,577.7999999999986,1.4338592597731383,1.820162567088885,1.820162567088885,3.3129917706316,8.977765288776977,17.646682158984376,0.3958263741214951,-0.0352456234961086,4.932397496302114,6.26125976282439,7.434425448793014,1.2694150800934236,5833.409429989447,42640725.52080452,6529.986640170447,8612059.942914702,68.0,7.841730427480211,6.737478670054147,7.818968592521968,,,,,,,,,2.909090909090909,0.0457118816202884,10.89400503896173,6.857142857142858,0.0305557196971947,7.282005302590765,1.8701298701298703,0.0259457858598991,6.183370972244394,3.7402597402597406,0.0214950057044972,5.122665971233469,18.90909090909091,0.0211411688931945,5.038339973950721,13.714285714285715,0.0197067663497623,4.6964947472358745,7.688311688311689,0.0195857963612323,4.6676653134454265,6.025974025974026,0.0191358838493934,4.560442661536703,4.57855358698906,9.874836212022888,6.9482060062838285,0.512388652318803,0.0282788206236379,0.1072037201865812,0.1293009936124063,0.2333344215888284,0.5000915882342842,0.0130542773624846,0.0211420114754305,0.0457118816202884,1.6195466732282606,,,,,0.9982816127665713,0.986852043480453,0.986852043480453,0.9738769557215466,0.9296848138605875,0.966397973284201
tgt,L,target,32000,29,232000,577.7999999999986,1.4227253006949625,1.8095986212955053,1.8095986212955053,3.2746471701945943,9.701389537668948,18.371148952734373,0.4539677615028892,0.0069804583871343,5.361072573496042,6.818877497239464,8.103010904287416,1.2719241166304516,5776.578814823536,41622977.44524899,6451.587203568513,8254114.641380896,7110.0,7.775265421586939,9.241383426285244,7.841828740465676,,,,,,,,,13.714285714285715,0.037843772181223,9.375031468764783,8.727272727272728,0.0256023032586582,6.342454382543622,5.818181818181818,0.0253397722768872,6.277417625535289,30.75324675324676,0.0241785820184768,5.9897561534788055,19.11688311688312,0.0231803530795541,5.742465062341893,2.493506493506493,0.0231058419632655,5.72400643573793,3.116883116883117,0.020032408871598,4.962625360575904,9.142857142857144,0.0190316390063486,4.7147048061772825,4.610615151189672,6.60398256140889,5.75225337154589,0.4965041583276979,0.0347827372603763,0.05599042138489,0.1239849756444892,0.2317176053883901,0.5421514048154781,0.003497873913875,0.0037920850377818,0.020032408871598,1.0841114145525996,,,,,0.9905299268536897,0.9811245048078568,0.9811245048078568,0.9626052939344631,1.0046191046887436,1.0060724704437278
tgt,L,target,32000,30,240000,577.7999999999986,1.4608246864184449,1.8723377137438475,1.8723377137438475,3.505648514307537,9.70483501900415,19.320890153906248,0.8911132832683273,0.0153935838081996,5.183271665021151,6.643394727118961,7.90674384909972,1.2816991191003495,5936.3474241738,43722597.04451095,6612.306484465988,8482376.304016039,7074.0,7.774067988764125,11.21278609668786,7.928328302886966,,,,,,,,,2.7012987012987013,0.0407944256028778,9.390955770743878,1.038961038961039,0.0397816608324434,9.15781535940673,2.077922077922078,0.0241212851806892,5.552766558609713,3.5324675324675328,0.0196158238768775,4.515600641805909,6.025974025974026,0.0194018103645265,4.466334316833115,13.714285714285715,0.0189473601419526,4.3617189955698255,4.155844155844156,0.0150048425846606,3.454143819335496,4.571428571428572,0.0142223326323684,3.2740085130150014,4.565438704661114,9.21647343008356,6.200752691637432,0.515710457275959,0.1211538799323177,0.1397356911002108,0.1721844356304817,0.1434139284397609,0.423056291816003,0.0397816608324434,0.0241212851806892,0.0246334220136667,0.6063418337831457,,,,,1.0170554843421362,1.0151402585148344,1.0151402585148344,1.0305097444575653,1.0049758985645851,1.0580838323353294
tgt,M,target,32000,0,0,575.9999999999986,7.894051735992923,10.059004294867494,10.059004294867494,101.18356740416267,54.2848896886802,101.24619699140624,0.4438390856794241,-0.104164881768709,5.396646437100452,6.876682786503845,8.178912697740374,1.274251123665962,4635.248618087946,31763741.32064845,5635.933047921032,10278211.569162237,1238.0,7.330423958081251,59.102119576218094,8.062211451414258,,,,,,,,,8.547231270358306,0.141930093206448,43.91921053808064,17.302931596091206,0.0570029414746662,17.639135798172077,25.850162866449512,0.0486360792459598,15.050072580753035,2.9185667752443,0.0215559523849793,6.670328960946105,5.628664495114006,0.0205763656848084,6.367203150533722,14.384364820846908,0.0130401683400054,4.035182996347776,2.0846905537459284,0.0118312826134276,3.661102309563298,4.37785016286645,0.011528301868082,3.5673471738961715,4.086517452250378,52.73400812548816,21.43144407417364,0.64569848896957,0.0257997335975519,0.0750938758286468,0.0887768120595147,0.328562827889371,0.4817667506249156,0.0085992577788835,0.0118312826134276,0.0215559523849793,1.3758492786557583,,,,,1.006923964861639,1.0079094459436804,1.0079094459436804,1.015881451222497,1.230479867211775,1.1850581747358713
tgt,M,target,32000,1,8000,575.9999999999986,7.869014050861306,9.987319820868914,9.987319820868914,99.74655720432106,46.97413108691891,88.72993970039062,0.3479935099677655,-0.0507999940660343,4.70337707507472,5.969506571381883,7.082301199871992,1.2691958301655946,4677.58853505175,32227038.381954923,5676.886328081171,10347203.878707344,1238.0,7.418726377783551,38.69871161518917,7.994982123592941,,,,,,,,,8.547231270358306,0.1523822017850576,75.02605862378411,17.094462540716613,0.095725574454232,47.130914743764194,25.850162866449512,0.047444048094781,23.359289287141127,2.9185667752443,0.0282021017828934,13.885430955131207,31.270358306188925,0.0193141421626166,9.509404282033891,3.960912052117264,0.0174823304940818,8.60750361370594,14.175895765472314,0.0149336262171135,7.352637663099474,5.628664495114006,0.0133087523589751,6.552623751311378,3.79844780284388,42.04708922771636,23.009712469543683,0.7289664520823176,0.0195076325798991,0.0551105285680421,0.0905747182277792,0.3251603604661721,0.5096467601581074,0.0067717942770073,0.008557262015652,0.0282021017828934,1.2636624304201678,,,,,1.0037302886574744,1.0007266814917815,1.0007266814917815,1.0014538910495536,1.064766326572704,1.0385589139184552
tgt,M,target,32000,2,16000,575.9999999999986,7.8178774374523,9.981004342707898,9.981004342707898,99.62044768915392,43.44926261099115,85.22017284374999,0.4386574449359792,-0.0514035470299088,4.353195441972805,5.5576801962688345,6.622165451965078,1.2766897949680884,4592.506511247964,31538140.262492884,5615.882856906194,10447024.206637934,1238.0,7.300253874757786,71.07526062415253,8.009026714485532,,,,,,,,,8.547231270358306,0.1691809230704173,76.79251219629298,17.094462540716613,0.078743774190885,35.742400089747704,25.850162866449512,0.0485814221332077,22.05147828709273,5.628664495114006,0.0241646216402309,10.96850619058193,2.9185667752443,0.0158173334111513,7.179608355624711,1.4592833876221498,0.0157395654041636,7.144308863715694,13.342019543973942,0.0120741896268284,5.4805668236757965,10.21498371335505,0.0117118525187191,5.31609924489288,3.749214956407446,48.15465727359129,25.546319383633,0.7304921943509244,0.0182330181532279,0.0310129730466054,0.0866076907402562,0.3732400997896042,0.4909062182703059,0.0013164559199762,0.0025423802201766,0.0158173334111513,1.931230799046589,,,,,0.9972075696222519,1.0000938723282158,1.0000938723282158,1.0001877534684458,0.9848678553945819,0.9974780829492481
tgt,M,target,32000,3,24000,575.9999999999986,7.8144285399775475,9.98006749053681,9.98006749053681,99.60174711566968,43.43947470120172,83.45652796523437,0.4089927055957805,-0.0999380805257951,4.352623340712582,5.55888053476537,6.626539603977786,1.2771333744340834,4541.280288917684,30842407.5567402,5553.594111630791,10219180.894227922,1238.0,7.242982718983212,66.69009424478025,8.01525789670079,,,,,,,,,8.547231270358306,0.1674612472765,75.14401446021752,17.302931596091206,0.0848582860505474,38.07801731897431,25.850162866449512,0.0604472784678265,27.124192857391744,5.420195439739414,0.0233338905678445,10.470495345995772,2.2931596091205213,0.0159113308704507,7.139808740563727,11.6742671009772,0.0157773487556681,7.0796876430896685,21.26384364820847,0.0154619515747612,6.938161106603003,2.9185667752443,0.015196084725675,6.818860058287983,3.740680890298944,46.664507630089545,25.28664833875149,0.7352031485017192,0.0053868475334294,0.0575319231502862,0.0747424166219011,0.3497764739327221,0.512562338761661,0.0004717087059576,0.014826219853749,0.015196084725675,31.43088019165994,,,,,0.9967676462931653,0.9999999999999998,0.9999999999999998,1.0,0.9846459920730011,0.97683511716167
tgt,M,target,32000,4,32000,575.9999999999986,7.828975115007179,9.952431765982082,9.952431765982082,99.05089805652923,40.86716442188892,80.88598856953125,0.2660803911411413,-0.0860784809193726,4.106249144211253,5.219989056236287,6.208572294924363,1.2712304765030136,4524.255057828227,30687062.638672188,5539.590475718596,10218178.81038789,1980.0,7.314758112628324,58.38752980665792,7.994077419200216,,,,,,,,,8.547231270358306,0.1853975010417096,81.77870941900424,17.094462540716613,0.0778927639706009,34.358444287562314,25.850162866449512,0.0746268718976384,32.91786155409527,20.221498371335507,0.0193974507441887,8.556202100704585,3.127035830618893,0.0183456206367742,8.092240568164527,10.423452768729645,0.0129283529505245,5.702687540375277,5.628664495114006,0.0106126371322401,4.68122689534821,12.925081433224756,0.0090101701668126,3.9743798257657343,3.716731092092825,55.91237768151072,27.995022657298136,0.7293759217101268,0.0186837471673878,0.0260529984014769,0.0598794793107323,0.3884631911419733,0.5069205839784294,0.0044102028624397,0.0008981478987751,0.0183456206367742,0.2036522868870148,,,,,0.998623131346197,0.9972309080493761,0.9972309080493761,0.9944694839689837,0.9263392325112089,0.9467476786713418
tgt,M,target,32000,5,40000,575.9999999999986,7.825387580227078,9.948270740421847,9.948270740421847,98.96809072473344,40.90330863828142,78.87604180312499,0.2753463636623019,-0.0624144754228409,4.111599865500127,5.227000991187872,6.220217404558294,1.2712815356976728,4580.834538536466,31438246.11961389,5606.981908265256,10454201.050165292,1238.0,7.332519580271288,67.46465067888404,8.04235457735977,,,,,,,,,8.547231270358306,0.1696806388217346,75.82421098670703,17.094462540716613,0.0777990138900609,34.76559780020178,25.850162866449512,0.063507726171212,28.37933226754909,3.127035830618893,0.0230626101392956,10.305855925868496,5.628664495114006,0.0154611994957466,6.909057278507218,20.221498371335507,0.0150184448193544,6.711206043202891,14.175895765472314,0.0149501774591452,6.680699800652424,0.8338762214983714,0.0147070915156474,6.572073383427302,3.823795919437776,52.9979579621692,25.62177646208191,0.7111807289174614,0.035820280344442,0.0369552075141545,0.0808985138661048,0.3528660931537475,0.4934599051215508,0.0098305952342822,0.0058309826355955,0.0230626101392956,0.5931464469890886,,,,,0.9981655241673147,0.9968139744400413,0.9968139744400413,0.9936380996389516,0.9271585163090056,0.9232218187665412
tgt,M,target,32000,6,48000,575.9999999999986,7.882620273803687,9.99389879116308,9.99389879116308,99.87801304801091,40.728650688176,80.71047919921875,0.2818567919881332,-0.0639518070269318,4.075351525891524,5.166892387741213,6.129933262608047,1.267839683255394,4552.313681071715,30916529.730729327,5560.263458751691,10192969.879856618,1238.0,7.383630008105557,44.934916675446544,8.003180863407726,,,,,,,,,8.547231270358306,0.189086177602746,78.95909103572802,17.094462540716613,0.0997191611307334,41.64098307740957,25.850162866449512,0.0426537661912728,17.81146908997784,2.5016286644951142,0.0167982348696661,7.014650003132985,10.21498371335505,0.0138774502914797,5.794981287372685,15.635179153094462,0.0121964182216598,5.0930116039315685,2.0846905537459284,0.0109947271029835,4.591206344343896,27.309446254071663,0.0106834407011316,4.461218570231458,3.655085217940632,53.0764275230314,28.55201281801464,0.7396267035332251,0.0230476271113063,0.0591293586182704,0.0236589609109593,0.4060430967566987,0.4881209566027651,0.0012855266986438,0.0109947271029835,0.0106406540697221,8.552702255059552,,,,,1.0054658273149506,1.0013858924941523,1.0013858924941523,1.0027737056863109,0.9231995308070416,0.9446933910021543
tgt,M,target,32000,7,56000,575.9999999999986,7.911938490479075,10.050071378131475,10.050071378131475,101.00393470553752,41.22976009910308,81.99063221015625,0.2858463829725366,-0.0701658133708484,4.10243455472497,5.211081980567997,6.195037582284095,1.2702413435372482,4673.505303765272,31939585.630444665,5651.511800433992,10097933.80612253,1980.0,7.317805644044319,61.99963617192489,7.988129773355521,,,,,,,,,8.547231270358306,0.1475254821080143,53.09311394534819,17.302931596091206,0.0801949582796148,28.861454963181096,25.850162866449512,0.0358778420294369,12.912117471254264,3.127035830618893,0.0279577320603656,10.061740064999052,5.628664495114006,0.0218611548955841,7.867635958636203,22.72312703583062,0.0145169523864015,5.224522544695624,15.218241042345278,0.0117588534179023,4.231907162494343,27.72638436482085,0.0110030848430121,3.959912748447419,3.938459264602213,44.63190952971837,22.27634779831015,0.6798588487162991,0.0063204556135106,0.0339944895830306,0.086478606623371,0.3278748936702921,0.5453315545097956,0.000582509669053,0.0025014032294142,0.0279577320603656,4.294183183579645,,,,,1.009205505741791,1.0070143701594245,1.0070143701594245,1.0140779417075831,0.9345582172656917,0.9596772208703813
tgt,M,target,32000,8,64000,575.9999999999986,7.94889549118427,10.108443705149666,10.108443705149666,102.18063414017992,41.21173257600031,81.6724163390625,0.2758039816423112,-0.0857743446728916,4.0769611799886905,5.184586037355886,6.170265610938941,1.2716790296663445,4457.802778074583,29765169.427782696,5455.74645926501,9893163.819573224,1238.0,7.304601370950759,54.33579182358186,7.93149850973319,,,,,,,,,8.547231270358306,0.1507018741231816,72.58678008233771,17.302931596091206,0.1009675827229225,48.63185521212211,25.850162866449512,0.0731233791127396,35.22046868637697,3.127035830618893,0.0229117773290522,11.035643398303186,5.628664495114006,0.0185736306938249,8.946139882780942,14.175895765472314,0.0149786549129361,7.214590637445025,8.13029315960912,0.0133839236941444,6.4464754103294295,2.0846905537459284,0.0116391951719207,5.606112765320035,3.706379742541357,35.98871344751659,22.755982992600405,0.7389588203969819,0.0216901371904988,0.0427146164500139,0.074655760300781,0.3108492370618609,0.5500902489968453,0.0092890054267985,0.0116391951719207,0.0229117773290522,1.2530076833725323,,,,,1.0139195475195764,1.012863261168783,1.012863261168783,1.0258919858254627,0.9341495859806163,0.9559525938663432
tgt,M,target,32000,9,72000,575.9999999999986,7.894079779490767,10.017268774150368,10.017268774150368,100.345673693568,39.08724655804408,77.18052596132813,0.2468254734962509,-0.0931711939076237,3.901986403609844,4.951463330734235,5.878251655485155,1.268959657612593,4510.839702057092,30242262.255619865,5499.296523703724,9894587.437965356,1238.0,7.294875385654002,54.6099906371443,7.977934017113548,,,,,,,,,8.547231270358306,0.1812102639266567,83.81576556721971,17.094462540716613,0.0881129044260499,40.75514477375162,25.850162866449512,0.0711310390412645,32.900468017906576,2.9185667752443,0.0201534114090822,9.321622128021644,14.175895765472314,0.0163771807199582,7.574990015088678,5.628664495114006,0.0154993377397821,7.168958481129606,20.221498371335507,0.0115657783666262,5.34955662650499,28.768729641693813,0.0109290056473586,5.055028094835627,3.680409221398072,51.01207880412652,27.36274985292516,0.741624636319312,0.0102508805913386,0.0385484309651198,0.0638446072936369,0.354311795306181,0.5330442858437235,0.0050634539111609,0.0029449064894251,0.0201534114090822,0.5816003345764323,,,,,1.0069275419435966,1.0037275583205054,1.0037275583205054,1.0074690113320441,0.8859936941982081,0.9033762841348939
tgt,M,target,32000,10,80000,575.9999999999986,7.901790748239753,10.051578809095917,10.051578809095917,101.03423655546608,44.11684509043443,87.92542829765625,0.3413377273431188,-0.0957219130478889,4.389046330762252,5.583145200378352,6.635723279401374,1.272063400480934,4581.566833246481,30953589.434247352,5563.595009905677,9962834.786743157,1980.0,7.293102323115829,65.08357923971595,7.95124295524585,,,,,,,,,8.547231270358306,0.2042477138843357,101.22534277985044,17.094462540716613,0.0750062301361879,37.17315220702826,25.850162866449512,0.0678743010195748,33.6385619989852,3.127035830618893,0.0228502044381437,11.32458098478696,14.175895765472314,0.0140988345892409,6.987394556105141,20.221498371335507,0.0109252418707922,5.414559273598485,5.628664495114006,0.0092133216536235,4.566130140664416,2.0846905537459284,0.0090696516040181,4.494927140435246,3.561350949234488,57.77302199963066,30.84140479653468,0.75835981569688,0.0116057929914964,0.0398663058198162,0.0594094906110856,0.3952198501013148,0.4938985604762871,0.0013968071578436,0.0090696516040181,0.0228502044381437,6.493130813795535,,,,,1.0079111127998974,1.0071654143247941,1.0071654143247941,1.0143821718120347,1.0,1.0291423348981141
tgt,M,target,32000,11,88000,575.9999999999986,7.948963619199154,10.117493006741874,10.117493006741874,102.36366474147071,44.128863405091465,87.92542829765625,0.3550713818469071,-0.0395232811105381,4.361640119314288,5.551524138128063,6.604822136197957,1.2728065558513555,4575.554903729027,30917401.470689874,5560.341848365969,9981698.793651136,1238.0,7.417288872161023,40.47811313771072,7.955935062470941,,,,,,,,,8.547231270358306,0.1283851036383345,47.59381060624023,17.094462540716613,0.0763049539300666,28.28710981840969,25.850162866449512,0.0600599689386775,22.26491006882339,2.9185667752443,0.0260961985530354,9.674156084142124,14.175895765472314,0.0181170569256186,6.71619799824585,20.221498371335507,0.0147303728265514,5.460715882125635,6.254071661237785,0.0140666043755756,5.214649406756847,5.628664495114006,0.0138549406288831,5.136183260866044,3.992997067762991,37.18755465199351,19.386150649388505,0.6831439918362439,0.0197609013698788,0.0560223521358753,0.0849987667673313,0.3171575815941762,0.5220603981327383,0.0011919235392436,0.0118970635497571,0.0260961985530354,9.981398259258471,,,,,1.013928237572943,1.0137699986834128,1.0137699986834128,1.027729610230567,1.0002724200842648,1.0291423348981141
tgt,M,target,32000,12,96000,575.9999999999986,7.983984004799661,10.13752634443641,10.13752634443641,102.7694403841422,42.122055860663785,83.27190668671875,0.3006263042794583,-0.0224114654898457,4.155062530000397,5.275819169394173,6.265565306133646,1.2697327973529071,4613.446544679537,31282590.125593927,5593.084133605888,9998701.104978368,1980.0,7.269550492032601,65.47640695248181,7.948070692146632,,,,,,,,,8.547231270358306,0.1815264908556293,82.22050803512846,17.094462540716613,0.0913885262987055,41.39346838824351,25.850162866449512,0.046648458218099,21.128926779055984,3.127035830618893,0.0160220037990427,7.256997509778043,18.136807817589577,0.0125873247457783,5.7012958853710085,16.26058631921824,0.0119439841138674,5.4099015365570695,7.713355048859936,0.0115964501381827,5.252489690464665,30.853420195439742,0.0100169730885218,4.537082232077611,3.709064707735071,50.33221291892778,27.410500119200023,0.7178447408659536,0.0112945116170964,0.0337713831910343,0.0328724665943104,0.3693857491735618,0.5526758894239969,0.0004174144866845,0.007492327287596,0.0160220037990427,17.94937049060627,,,,,1.018395254853697,1.0157773335750386,1.0157773335750386,1.0318035914048156,0.9547839555235295,0.974674177177389
tgt,M,target,32000,13,104000,575.9999999999986,7.929260657467037,10.087252790206326,10.087252790206326,101.75266885352534,42.99677459631801,85.43563442695313,0.3550895085144754,-0.0641597652692823,4.262486079268197,5.422545235137685,6.44875770643552,1.272155529495152,4624.920154611939,31586784.43523306,5620.212134362284,10196897.998697337,1238.0,7.274964242798557,64.46456761775327,8.00329288320959,,,,,,,,,8.547231270358306,0.1439844997084042,59.25477299381964,17.094462540716613,0.1148466887584167,47.2635213182925,25.850162866449512,0.0578197647570007,23.79490182742328,15.635179153094462,0.0142132177768286,5.849247624454864,4.794788273615636,0.012874313943439,5.298240794770213,21.88925081433225,0.0126830457546929,5.2195270920588746,8.13029315960912,0.0119515635975875,4.9184960140186105,1.4592833876221498,0.011839474882877,4.87236749769366,3.8265407220434415,38.4262686033066,21.741659455969028,0.7000812058958534,0.0253219231149818,0.0326451882176679,0.0642819985736562,0.3141123840537549,0.5636385060399388,0.0059368436312027,0.0011889370620105,0.0113909418878471,0.2002641699305513,,,,,1.0114150307926577,1.0107399373572523,1.0107399373572523,1.021595220968943,0.974611273951698,1.0
tgt,M,target,32000,14,112000,575.9999999999986,7.728175625050488,9.86997013886881,9.86997013886881,97.416310542162,42.997983052608696,85.43563442695313,0.3616158408950642,-0.0723688281640421,4.356445100403547,5.563794760723004,6.647775743396724,1.2771410249625443,4572.022816909184,31380457.78561899,5601.826290203847,10477065.14728081,1238.0,7.433026596259319,44.833657846877614,7.993297839025646,,,,,,,,,8.547231270358306,0.1458558253634742,52.45781868957756,17.302931596091206,0.0780010046045742,28.053473674808306,25.850162866449512,0.0605231863072716,21.767483924008243,14.175895765472314,0.0220601785196192,7.934059830370661,12.091205211726384,0.0194675857932759,7.0016201500526725,2.9185667752443,0.0170527642812036,6.1331168267723,28.768729641693813,0.0155034891701263,5.575911842503507,4.586319218241043,0.0149438598688869,5.374638205714339,3.922036550750032,43.2505044142012,22.0242296298846,0.691798402596046,0.0112039871375027,0.0314881399414476,0.0977523753154366,0.3131067832003894,0.5464487144052236,0.0017978219568631,0.0052600043327655,0.0170527642812036,2.925764873301191,,,,,0.9857656754442493,0.9889682758385756,0.9889682758385756,0.9780582506151253,0.9746386661255537,1.0
tgt,M,target,32000,15,120000,575.9999999999986,7.78325014038364,9.910606071166129,9.910606071166129,98.22011269783494,41.37669118363143,78.76305414140626,0.3066021385087514,-0.0423282685958341,4.174991003225162,5.316119928992368,6.333536700483954,1.2733248825890051,4598.320600820207,31521669.27408928,5614.416200647159,10377116.926161775,1238.0,7.298684890616428,71.3835645537772,7.993366703213736,,,,,,,,,8.547231270358306,0.1742904085538155,60.68015009107856,17.094462540716613,0.1001935856886202,34.88293973372364,25.850162866449512,0.058450902175042,20.349998295203708,2.9185667752443,0.0167454153636296,5.830007090084685,17.71986970684039,0.0159884341455539,5.566459977480509,9.589576547231273,0.0132387084271034,4.609128069836505,10.006514657980455,0.0125577622223255,4.372052959090424,5.628664495114006,0.0107658546554402,3.748190630634397,3.7970686969063534,51.63331692111783,26.31785169162613,0.6988320398218106,0.0289112213770224,0.0333131681727981,0.0597297622810738,0.3717524895172165,0.5062933586518888,0.0065161333835832,0.0007635702188126,0.0167454153636296,0.1171814899644639,,,,,0.9927906926593303,0.9930399850064595,0.9930399850064595,0.9861284118216298,0.9378887157233025,0.9218993300593807
tgt,M,target,32000,16,128000,575.9999999999986,7.878920692301953,9.996266786964728,9.996266786964728,99.92534967617412,43.43735584398297,84.788408578125,0.251151223861481,-0.0269690076071644,4.345357799035691,5.513109922075702,6.549088258407069,1.2687355511434764,4519.773215516621,30530724.86660476,5525.461507114565,10102374.946903303,1980.0,7.12016833180914,89.71787841325097,7.956530767128753,,,,,,,,,8.547231270358306,0.1806125933063851,72.31863682916196,17.302931596091206,0.0720258881135655,28.83970574491856,25.850162866449512,0.0448944355879121,17.976068686555106,20.221498371335507,0.0249316897627972,9.982835551419589,3.127035830618893,0.0208916291397571,8.365164980299424,5.628664495114006,0.0186620873055658,7.47243970987052,10.21498371335505,0.0162730082200328,6.515834527585597,6.045602605863192,0.0142361074752391,5.7002441940261885,3.8841463661990456,66.48989590183058,27.27250158926415,0.6913309184523242,0.0105715008593624,0.038109949426156,0.0797347791248947,0.3824393791351219,0.4891443914544647,0.0034145145606273,0.002847269036715,0.0208916291397571,0.8338722782772564,,,,,1.0049939280421007,1.0016231650179999,1.0016231650179999,1.0032489647006757,0.9845979637696534,0.9924244040186592
tgt,M,target,32000,17,136000,575.9999999999986,7.811650880783052,9.941297723713149,9.941297723713149,98.82940043150424,43.51848995504872,83.18611456640625,0.3270034391538226,-0.0628228338925727,4.377546188083568,5.5709722079490565,6.635137108974942,1.2726244266967732,4456.959825333747,29895897.71400892,5467.714121459618,10031406.829369895,1238.0,7.418999270716096,38.40686528444737,7.962474747005711,,,,,,,,,8.547231270358306,0.1448002091889517,53.16284374671823,17.094462540716613,0.0912378504694673,33.49762832155373,25.850162866449512,0.0571147864591433,20.96947570146391,2.9185667752443,0.0324594506901298,11.917363343666675,20.221498371335507,0.0144261945500513,5.296522228937877,14.175895765472314,0.0130600690510393,4.794954469822224,8.13029315960912,0.0129257762642355,4.745649386071654,11.6742671009772,0.0128047249559882,4.7012058605979465,3.89494242423814,41.14503763030893,21.8648315875317,0.6944524244146504,0.0113878360583927,0.0733139199987369,0.0857943528773211,0.324116221581694,0.505387669483855,0.0029141653375481,0.0067973876210447,0.0324594506901298,2.33253327501014,,,,,0.9964133426094938,0.9961152800960089,0.9961152800960089,0.9922456512407508,0.9864370370510596,0.9736700046106616
tgt,M,target,32000,18,144000,575.9999999999986,7.816624241033534,9.967223854223764,9.967223854223764,99.3455513602072,44.45880968668587,86.97610764609375,0.3589432799646519,-0.0724457165007765,4.460500771018734,5.687725073605652,6.780355564203988,1.2751315077804732,4472.009345943941,29952914.77928827,5472.925614265945,9954047.189078309,1238.0,7.255253234363252,77.00136156058322,7.976672515048055,,,,,,,,,8.547231270358306,0.1494455705369691,57.840574700970095,17.302931596091206,0.0727559011560393,28.159035564799645,25.850162866449512,0.0476857568472243,18.456027643936565,3.127035830618893,0.0187341922479783,7.250776602398324,11.048859934853422,0.0148130326969169,5.733153021366999,18.76221498371336,0.0142084096123848,5.499143096809482,1.4592833876221498,0.0130638058556225,5.056142084078596,2.0846905537459284,0.0126329570855599,4.889388794703166,3.974896393161713,49.73765488969044,22.56628115108233,0.678345504507762,0.0175031219029768,0.0670637560125818,0.0910065494077688,0.3355641250661586,0.4888624476105138,0.0001886364047019,0.0126329570855599,0.0187341922479783,66.9698780495199,,,,,0.9970477184394959,0.9987130711966402,0.9987130711966402,0.9974277985790253,1.007751338418476,1.0180308044702087
tgt,M,target,32000,19,152000,575.9999999999986,7.82522294177113,9.970273207579364,9.970273207579364,99.4063478337749,45.12960845903847,89.60468288789062,0.3484584177081804,-0.0655509760617067,4.526416430065987,5.767197790382474,6.868770176385532,1.274120019553265,4542.257067136628,30716748.11013286,5542.269220286295,10084648.846180215,1238.0,7.298212253997114,69.90626834272652,7.940202653271767,,,,,,,,,8.547231270358306,0.1431929926788591,51.97606032047042,17.094462540716613,0.0992371260888118,36.02100043533572,25.850162866449512,0.051369187746688,18.64594035633712,5.628664495114006,0.0293564217681375,10.65576687845257,18.136807817589577,0.0219208217939237,7.956799662609994,11.6742671009772,0.0125504329792852,4.555544579212207,28.768729641693813,0.0116099212047334,4.214158483344737,3.960912052117264,0.0114668152063783,4.162214000143607,3.8910974515594954,40.02598229265239,21.62214189450772,0.6924324973826492,0.0226245320019171,0.0361160382992402,0.095793714918672,0.3110492433115251,0.5344164714686455,0.0062443358822661,0.0059795556347843,0.0108633936020224,0.9575967319132556,,,,,0.9981445237466973,0.9990186155587891,0.9990186155587891,0.9980381942330002,1.0229563869884166,1.0487975361674406
tgt,M,target,32000,20,160000,575.9999999999986,7.839769447812914,9.939385080879234,9.939385080879234,98.7913757860047,45.13722363994327,84.44159533359374,0.2715467385764691,-0.0635646278664689,4.541249108737209,5.757468244494051,6.832334930169762,1.2678159921719112,4612.969381918449,31375602.759878024,5601.392930323495,10096116.241360951,1238.0,7.343486466944433,47.254259810778365,7.963895092357683,,,,,,,,,8.547231270358306,0.1239667844718731,41.45286964093768,17.094462540716613,0.0850587733228985,28.44254013196721,25.850162866449512,0.0526420124655016,17.60279973111803,2.9185667752443,0.0312171863873579,10.438618403993615,18.76221498371336,0.0203296057867104,6.797954001294333,2.2931596091205213,0.0123695410079943,4.136212559735783,9.589576547231273,0.0123024225728233,4.113769033790509,6.671009771986971,0.0121909680937904,4.076500115265839,4.057854382951721,37.69286513644147,18.71898445525283,0.6566409435026246,0.0212390534770239,0.0842944621998498,0.0901806688179745,0.273632285522841,0.5306535299823107,0.0036395730134653,0.0083963519696864,0.0312171863873579,2.3069607166322927,,,,,0.9999999999999999,0.9959236338134835,0.9959236338134835,0.991863884388254,1.0231290008933591,0.9883650528257119
tgt,M,target,32000,21,168000,575.9999999999986,7.864293937638235,9.960475088133204,9.960475088133204,99.21106398132213,44.390395236965546,86.8748953734375,0.2208572660298164,-0.0720397619923951,4.456654410977575,5.6445493503884725,6.701595477767304,1.2665441000954265,4498.601044861081,30207727.923335586,5496.155740454921,9970316.56251038,1238.0,7.255440328715913,73.78271531179813,7.994698477542789,,,,,,,,,8.547231270358306,0.1930357016868118,99.627643438653,17.302931596091206,0.0773952890454217,39.94447759388522,25.850162866449512,0.0692111221816126,35.72054776626763,14.175895765472314,0.0205593342969853,10.6108766864242,11.6742671009772,0.0164733451560108,8.502057096710807,3.127035830618893,0.0120850462982215,6.237212458720458,2.0846905537459284,0.0116225427193441,5.9985097667166,23.765472312703583,0.0114417271725424,5.905189066620657,3.551275201125348,50.98549852317903,29.148390954708574,0.7652909069657754,0.0116635926993451,0.0305191012151516,0.0637764239588956,0.4090830481405654,0.4849578339860421,0.0082436471643337,0.0116225427193441,0.0120850462982215,1.409878720697716,,,,,1.0031282156941697,0.9980368467024713,0.9980368467024713,0.9960775473758121,1.0062005827019218,1.0168461433702458
tgt,M,target,32000,22,176000,575.9999999999986,7.850342422885167,9.999083832768472,9.999083832768472,99.98167749473188,44.39875647287739,86.8748953734375,0.332898948302895,-0.0989243376757933,4.440282451415365,5.655645840803241,6.7393753209011,1.27371308079735,4564.500079234685,31004638.16587929,5568.180866843254,10169977.19254585,1978.0,7.267726471863722,60.025254943595925,7.979116777936714,,,,,,,,,8.547231270358306,0.1619861072704302,58.52667330625984,17.094462540716613,0.0794085836715878,28.690856966523366,25.850162866449512,0.0288562779539847,10.42596788765347,2.2931596091205213,0.0168640546477085,6.093096708210862,15.635179153094462,0.01504489414613,5.4358217470329215,10.006514657980455,0.014792579230657,5.344658665969857,2.9185667752443,0.0147666973734575,5.335307376366103,18.76221498371336,0.014458677820241,5.22401783390584,3.995770827694012,60.47234143042134,24.459902197834957,0.6646400810035431,0.0296270904661318,0.0580085770411613,0.0437515302943774,0.3889000488095778,0.4797127533887516,0.0031945362389565,5.889548222063415e-05,0.0147666973734575,0.0184363168224489,,,,,1.0013486334187036,1.0019054322277572,1.0019054322277572,1.0038144951274899,1.0063901074944293,1.0168461433702458
tgt,M,target,32000,23,184000,575.9999999999986,7.930661985443099,10.085227616239631,10.085227616239631,101.71181607136256,46.902940377179,91.34589845390624,0.3186615760028961,-0.0709539297705637,4.650657591668965,5.914126773182925,7.034826224726023,1.2716753828053715,4476.055073842001,30022343.629734464,5479.264880413655,9987274.605667744,1980.0,7.329422360973614,55.75556817478202,7.9428765914916655,,,,,,,,,8.547231270358306,0.1872564693233886,80.82239492962097,17.094462540716613,0.0810122374147491,34.965964434368765,25.850162866449512,0.0710036488693347,30.646123848735517,2.9185667752443,0.0209806002659621,9.05550749025208,5.420195439739414,0.014859398973794,6.413515199855264,22.72312703583062,0.0147986406230903,6.387291083627992,10.21498371335505,0.0123890806123763,5.3472927781156665,2.0846905537459284,0.0111000387850981,4.790925096819911,3.772806081216872,63.21308399212165,28.275726867831654,0.7246235307780622,0.0159714573520594,0.0548514265601518,0.0738059554907603,0.371659795277686,0.4837113653193423,0.0049109897205978,0.0111000387850981,0.0209806002659621,2.2602447600901363,,,,,1.0115937768623464,1.0105370154863715,1.0105370154863715,1.0211850596681042,1.063152641151773,1.0691779731794038
tgt,M,target,32000,24,192000,575.9999999999986,7.9091070213358465,10.013447888486496,10.013447888486496,100.26913861543466,46.89738734334928,91.34589845390624,0.2333869993342201,-0.0558685871181254,4.683440495782417,5.9295426420241295,7.040067748700004,1.2660655446275604,4528.18848237918,30680643.065243404,5539.011018696696,10176152.13329194,1982.0,7.31089018978144,54.183021684042586,8.060113214998223,,,,,,,,,8.547231270358306,0.1751069675078505,62.2377417859251,17.302931596091206,0.0815676651136042,28.991349411574475,25.850162866449512,0.0341299522983955,12.1307060966506,1.4592833876221498,0.015801917757543,5.616428010337715,5.628664495114006,0.0147108329072762,5.22862700993267,2.9185667752443,0.0125241816331058,4.451432136909809,6.254071661237785,0.0122776112922938,4.363794383701417,2.5016286644951142,0.0119762374950287,4.256678003113135,3.85496673214358,56.53397854847511,26.44115209368542,0.6888625263691457,0.039785916895308,0.0530979859908125,0.0566138804287835,0.4103259113088927,0.4401763053762033,0.0065996907923876,0.0058356217499758,0.0125241816331058,0.8842265391922057,,,,,1.0088443383424082,1.003344706634633,1.003344706634633,1.0067006003317382,1.0630267700968883,1.0691779731794038
tgt,M,target,32000,25,200000,575.9999999999986,7.786354695554789,9.857362811824489,9.857362811824489,97.16760160394035,44.13676337308177,85.61899405664062,0.2160936644614972,-0.0556609011837245,4.4775427480596175,5.668475827112483,6.7280073449668745,1.26597916447998,4412.655709360624,29374142.81825428,5419.791768901669,9902612.40890136,1238.0,7.326795876731625,47.48477738845708,7.916178248113014,,,,,,,,,8.547231270358306,0.1549826567526812,59.69583055014058,17.094462540716613,0.0874312546541831,33.676551118562585,25.850162866449512,0.0488411842488034,18.81252470357028,2.9185667752443,0.0164181509157306,6.323902142006211,2.5016286644951142,0.0142161430598523,5.475738285553834,7.087947882736157,0.0132272218459314,5.094828095661604,22.93159609120521,0.0115274765173504,4.440124458239225,26.267100977198695,0.0110629492063472,4.261198995064266,3.89677095853985,46.09818297132211,23.40238116965484,0.6844913612723842,0.0062270917266465,0.0559405116251179,0.0643662960894666,0.3570724858678833,0.5163936146908855,0.0002358627680397,0.005005236271903,0.0164181509157306,21.22096799032557,,,,,0.9931866934845862,0.98770502515853,0.98770502515853,0.9755612167234124,1.0004514892804892,1.0021461727406527
tgt,M,target,32000,26,208000,575.9999999999986,7.78117144261291,9.855343777492289,9.855343777492289,97.12780097255596,44.11494099210957,85.61899405664062,0.2124525338137646,-0.0391105893452992,4.4762457797621575,5.669447244217271,6.727326463996737,1.2665629912122338,4432.192107282094,29505192.641963087,5431.868246005521,9860865.766109398,1238.0,7.314593630548115,57.09055000693121,7.937691750165167,,,,,,,,,8.547231270358306,0.1500888649191558,53.063511367971365,17.302931596091206,0.0896726040037448,31.70350608295526,25.850162866449512,0.0537068181865079,18.987899994529226,20.221498371335507,0.019960905416815,7.057124004973264,2.9185667752443,0.0195444119542091,6.909873870197607,19.179153094462546,0.017350486863799,6.13421760123879,14.175895765472314,0.0171468133909705,6.062209396988534,6.671009771986971,0.0114730788647419,4.05627593421267,3.893391863334503,43.44145645902389,22.66341860279252,0.6888767677189931,0.0165021473225796,0.0334534024202244,0.0649123065853244,0.3325210616461785,0.5526110820256929,0.0035938899988306,0.0022032310310905,0.0195444119542091,0.6130491003326225,,,,,0.9925255448403075,0.9875027184773263,0.9875027184773263,0.9751616190001098,0.9999568396534031,1.0021461727406527
tgt,M,target,32000,27,216000,575.9999999999986,7.810756697531082,9.899193298520116,9.899193298520116,97.99402796146556,45.36139076131319,85.00849620703124,0.246072218180696,-0.0438356079247846,4.582332054076561,5.807553930804906,6.89244519947701,1.2673795487251451,4528.584188133852,30547344.484153464,5526.965214668305,10039269.735137522,1238.0,7.257008641101914,59.571182402868445,7.929946744135168,,,,,,,,,8.547231270358306,0.1309220839023805,52.35994160876903,17.302931596091206,0.058839926107549,23.53197415917037,25.850162866449512,0.0455399136820798,18.21287249781337,5.628664495114006,0.0258444779399683,10.336035873480768,2.9185667752443,0.0255391867846189,10.213940146073224,20.221498371335507,0.0238702350407033,9.546472800194188,6.254071661237785,0.0198525573818944,7.939674608874959,10.006514657980455,0.0142077146807895,5.682120914259797,3.977674438379218,39.83644270582735,19.769234669259447,0.6827081137436095,0.0371102932625384,0.0579237985692658,0.0779201109239554,0.409205044483975,0.4178407527602651,0.0106760157053198,0.0042801755807676,0.0255391867846189,0.4009150696766007,,,,,0.9962992852691699,0.9918964283464635,0.9918964283464635,0.9838585245664713,1.0282102146771281,0.9950004676293814
tgt,M,target,32000,28,224000,575.9999999999986,7.825418650696394,9.938811461609928,9.938811461609928,98.77997326942884,45.335063244835446,85.16788450898437,0.2722527147847127,-0.0461679055182892,4.561416968210335,5.793308354281495,6.889788915629025,1.27006769928203,4452.972243059591,29813991.348852675,5460.2189835987965,9985029.551393509,1896.0,7.252227211502095,58.93369068037446,7.977601335339049,,,,,,,,,8.547231270358306,0.1213810513156643,47.247439982011926,17.302931596091206,0.0542786022113558,21.127885880797123,25.850162866449512,0.0340214256851391,13.242802321598033,3.127035830618893,0.0326146072048944,12.695199784048029,11.6742671009772,0.0311682802336939,12.132218610088296,5.420195439739414,0.0238439336267046,9.281224793753456,22.72312703583062,0.0133976751855045,5.21503024866228,31.47882736156352,0.0130828997080077,5.092504242175774,4.062104945642303,38.91273088618801,18.32853874866531,0.6814061166803644,0.0351958225595585,0.0367964573805677,0.1206669006458641,0.3587472321615852,0.4485935872524243,0.0125700704404447,0.0014984474791939,0.0326146072048944,0.1192075642037318,,,,,0.9981694873539266,0.9958661573214809,0.9958661573214809,0.9917494032982523,1.027613446788949,0.9968660627410957
tgt,M,target,32000,29,232000,575.9999999999986,7.836633636336557,9.96921725705651,9.96921725705651,99.38529271839332,47.98127025857637,87.793936453125,0.2460034660748431,-0.0407998515687681,4.81294258329148,6.122688961251527,7.3037896789415,1.272130064984844,4482.123576972041,30191766.01123236,5494.7034507089065,10102334.251983728,1238.0,7.286406817788091,66.73813382209488,7.9590301486489725,,,,,,,,,8.547231270358306,0.1471315205364982,50.36855444552725,17.094462540716613,0.0629777336919988,21.55960460922765,25.850162866449512,0.0433664521870226,14.845938518997064,8.13029315960912,0.0159163337351921,5.448748979083214,1.4592833876221498,0.0149007171465567,5.101065904416893,28.768729641693813,0.0131082965511978,4.487454123491779,10.006514657980455,0.0114292492588872,3.9126542121540906,2.9185667752443,0.0114061369615043,3.904742019003029,3.937983738485578,46.24277426520786,22.216859601011212,0.6711988523604036,0.0226718477359041,0.0346828382580293,0.0552631576263459,0.4185372670589502,0.4688448893207703,0.0002349318972654,0.0005986601851259,0.0114061369615043,2.5482286124015623,,,,,0.9996000122838774,0.9989128096086936,0.9989128096086936,0.9978268012003344,1.0875952294462652,1.0276032599510712
tgt,M,target,32000,30,240000,575.9999999999986,7.765423999315999,9.851196287150884,9.851196287150884,97.04606828797536,48.0238714170805,86.59326731835938,0.2266156704090565,-0.0517634186963859,4.874927878527214,6.184320575580212,7.359198268423433,1.2685973474233136,4390.23122676819,29433199.94121001,5425.237316579802,10159069.716719482,1238.0,7.2769659006887135,52.82707658949989,7.968430836932658,,,,,,,,,8.547231270358306,0.2185915229819901,106.99793579078975,17.094462540716613,0.0569762291663347,27.88918264887652,25.850162866449512,0.0447762728416335,21.91744995918582,5.628664495114006,0.0180690398965203,8.844578894344354,11.6742671009772,0.0158597936219667,7.763179269116422,22.72312703583062,0.0148545437703869,7.271121491185579,2.9185667752443,0.0143849427746007,7.041257420937287,20.221498371335507,0.0142612696508157,6.980720906175518,3.5638114157744183,68.92914992737691,33.007319970280484,0.7637262022062821,0.0044842730154655,0.0325490977730348,0.077064190144161,0.4657138284623688,0.4201886106049698,0.0001458173950882,0.0067345099287712,0.0143849427746007,46.18454388456004,,,,,0.9905168833099223,0.9870871410931716,0.9870871410931716,0.9743410241114911,1.0885608732591172,1.01354976643143
tgt,N,target,32000,0,0,577.1999999999986,5.92349655106657,9.221245712280728,9.221245712280728,85.03137248625572,137.98676014577282,263.1865341574219,32.09636263575267,-0.2801717053693419,14.964004262676678,23.294815647508727,29.10246330719312,1.556723403615187,8122.472014500099,85012001.80353461,9220.19532350235,19037450.177197307,2066.0,8.065545216617883,19.746980721011077,9.263028151723432,,,,,,,,,8.526401299756296,0.1216064242853353,58.89952131229248,0.8318440292445166,0.0716156885432236,34.68673467241131,17.26076360682372,0.0650543405043762,31.50877544104146,7.694557270511779,0.0513087114829063,24.851142225864663,25.787164906580013,0.0399775791549809,19.36295955818685,9.358245329000813,0.0335662305433763,16.257651870628422,24.9553208773355,0.0191673449187804,9.283616775827792,3.535337124289196,0.0168817710756662,8.176609427536283,3.885872798306168,28.741822593231607,18.36257006708563,0.7191811956591607,0.1118061271070092,0.0204196827130601,0.0764147808842591,0.3977423966091242,0.3936170126865473,0.028967052927302,0.0001636314254117,0.00330529595609,0.0056488806720079,,,,,0.9789529770877847,0.9965912984315712,0.9965912984315712,0.9931942161095257,0.9223290369343262,0.9679188358456112
tgt,N,target,32000,1,8000,577.1999999999986,5.869728852892313,8.65602165756224,8.65602165756224,74.92671093618654,130.12348483194066,251.07190174335935,22.791718064210222,-0.2782621269923982,15.032712483828483,22.168568275142736,27.322483191124764,1.4746885034213302,8925.643761313193,97297032.98401403,9863.92584035454,17629916.430144913,2068.0,7.989981586489673,8.356998802545583,9.467678985451096,,,,,,,,,8.526401299756296,0.0940828718026938,24.793687616463664,17.26076360682372,0.0466324309492495,12.28905860969796,25.787164906580013,0.0374654455827081,9.87328018788948,1.455727051177904,0.0250626726534141,6.604773692554787,4.159220146222583,0.0171459877807919,4.5184873374633385,7.070674248578391,0.0156766736163586,4.13127853201995,9.9821283509342,0.0142086758351569,3.744416633447098,12.685621445978878,0.013563379898032,3.574361600275906,4.352157907293346,37.2015407510936,14.206513642206776,0.5749163982466254,0.0552066711198584,0.0429871690456729,0.1481285249204199,0.346285944235579,0.4073916906784696,0.00450894884665,0.0036437950534443,0.0092085459279925,0.808125169870444,,,,,0.9700670010860988,0.9355043919362304,0.9355043919362304,0.8751684673319765,0.8697694497703511,0.9233649572041488
tgt,N,target,32000,2,16000,577.1999999999986,6.077504922971387,9.19338068895063,9.19338068895063,84.51824849197035,150.20429272246338,266.89592189531254,23.774672981439934,-0.0242998562795299,16.33830881201026,24.71479573051525,30.713326928288826,1.512689961665112,9253.124524331854,102405583.43601774,10119.56438963742,16785269.97322613,2064.0,8.06588329738339,9.051066073940897,9.673375642272395,,,,,,,,,8.526401299756296,0.1148972592055224,38.447304910956646,17.26076360682372,0.0503808906185732,16.858622013193674,0.8318440292445166,0.0246882158197343,8.261253296137879,9.56620633631194,0.0200104332119331,6.695958044772498,25.787164906580013,0.0195920619410185,6.555961251723974,1.8716490658001623,0.0192826320301418,6.452418780699772,7.486596263200649,0.0185205474688754,6.197407497597444,15.181153533712427,0.0138365239088255,4.630023877930661,4.146612371142243,39.494099324893,17.349486140033893,0.6528442585555239,0.0712896786548719,0.0653873245030188,0.0426039536050183,0.4206038059780155,0.4001152372590753,0.0233505664262105,0.0105174326762963,0.0078573289056896,0.4504144560724789,,,,,1.004405334976896,0.9935797704181287,0.9935797704181287,0.9872007601841422,1.0039932853250293,0.981560818982984
tgt,N,target,32000,3,24000,577.1999999999986,5.962269468391757,8.993638286920278,8.993638286920278,80.8855296359583,150.20593038644955,251.28203636484375,23.44072437475127,0.0737508830592965,16.70135328934475,25.192744337155965,31.2466495335643,1.5084253294148215,8274.324318722243,86791112.0821306,9316.174755881868,18326669.150732294,2068.0,7.915880743472897,20.58081171803036,9.290899335141916,,,,,,,,,8.526401299756296,0.1343527332047252,48.14391598056523,17.26076360682372,0.0891672295449626,31.95215687120441,25.787164906580013,0.041094707670063,14.725864566511254,1.0398050365556455,0.0309166050759025,11.078646497726936,18.09260763606824,0.0249660992319568,8.946344113105944,9.56620633631194,0.0195783738796215,7.015708312091442,7.694557270511779,0.0134972207451488,4.836589818648631,24.9553208773355,0.0116187386204834,4.163455127424466,3.960606717858107,38.558727859140696,20.287262713913503,0.6743774220234231,0.0763543743576296,0.0401480955837697,0.0688673778546857,0.3423565063399618,0.4722736458639532,0.0309166050759025,0.0033149872102023,0.0058053505080734,0.1072235195926791,,,,,0.9853608246350305,0.9719924983724266,0.9719924983724266,0.9447694168922723,1.0040042317741351,0.9241377674805149
tgt,N,target,32000,4,32000,577.1999999999986,5.751674858269766,8.443363325187642,8.443363325187642,71.29038424112372,135.7890194235155,259.16958447187494,23.74463846063459,-0.3834070563823578,16.082337593885516,23.60860493152777,29.019077553564014,1.467983419307212,8359.065464265557,88686809.55886115,9417.367443126615,18812834.122984026,2068.0,8.023907160643162,14.700089092903646,9.29308029858832,,,,,,,,,8.526401299756296,0.1004196771794324,38.4415292246759,17.26076360682372,0.0865814359546419,33.14412965715515,25.787164906580013,0.0559520847067662,21.41894656356486,0.8318440292445166,0.0288681869273644,11.050994014338263,7.070674248578391,0.0233350961754434,8.932878563093622,1.247766043866775,0.0203120109684031,7.775615150192235,9.9821283509342,0.018597598382829,7.119323043280346,2.9114541023558083,0.0183470134559714,7.023396945331955,4.109049665437336,29.28048837235992,15.163371254094296,0.6568462216645037,0.0779939186991079,0.0406667933364158,0.0871858436688731,0.3454895447317056,0.4486638995638973,0.0071107748524567,0.0045302648771486,0.0183470134559714,0.6370986243427996,,,,,0.9505566817170366,0.9125212234797989,0.9125212234797989,0.8326949833010698,0.9076389312919477,0.9531457347987341
tgt,N,target,32000,5,40000,577.1999999999986,6.1566870302982695,9.720128042588042,9.720128042588042,94.48088916430646,152.6380936578231,291.6892839328125,35.19317198652848,-0.2915640886685614,15.703300716722511,24.792245067296125,31.04381739752784,1.5787919695693151,9726.976424149238,109222503.487342,10450.957060831415,14608433.131386932,2064.0,8.047733222339502,5.950486604964159,9.773774393295332,,,,,,,,,8.526401299756296,0.0728049885404537,20.62384645377502,17.26076360682372,0.032817425749822,9.296362285620289,0.8318440292445166,0.0320266132173453,9.072344720746168,6.654752233956133,0.0230557174783351,6.531112588398976,1.8716490658001623,0.0226242486849053,6.408888186971508,9.56620633631194,0.0215934681359979,6.116893638323329,7.694557270511779,0.0210587668735384,5.9654260403375625,10.398050365556458,0.016826401104858,4.766501852594902,4.362667417025826,21.04180046962653,10.99355326960852,0.5991960321291092,0.0917788685623112,0.0746462882582471,0.0440986050559627,0.4171406006667605,0.3723356374567182,0.0298604740065013,0.0133303902813814,0.0038029168707355,0.4464225945654014,,,,,1.017491450420954,1.0505082858797414,1.0505082858797414,1.1035676587019936,1.0202612611107407,1.0727431516842523
tgt,N,target,32000,6,48000,577.1999999999986,6.186682838655634,9.61594129800064,9.61594129800064,92.46632704659424,152.63581074658947,291.6892839328125,29.6324010585881,-0.140349559436806,15.873205338546509,24.67167215892589,30.94694394475549,1.5542967934151657,8653.558210939696,92381597.1234206,9611.534587328944,17497527.41329878,2066.0,7.972392711073486,18.154535474270936,9.39219127920696,,,,,,,,,8.526401299756296,0.1398944374659642,58.43184863919574,17.26076360682372,0.0812395119602074,33.93254908749245,25.787164906580013,0.036543044630751,15.263492182803356,0.8318440292445166,0.0325604388213736,13.60001632158668,9.358245329000813,0.0256475792360336,10.712616563087517,7.694557270511779,0.0234717757553798,9.80381545595892,3.1194151096669374,0.012693770288196,5.302001120102093,24.9553208773355,0.0117240441495761,4.896960776971243,3.8440621896533673,39.46075396117004,21.1240600573606,0.7244308164393034,0.0651519182327811,0.0262024837374769,0.059228838313959,0.454187895801757,0.3952288639140261,0.0150040054819638,0.0005737730177128,0.012693770288196,0.0382413228497116,,,,,1.0224487396906354,1.0392482450666618,1.0392482450666618,1.080036914874137,1.0202460017096409,1.0727431516842523
tgt,N,target,32000,7,56000,577.1999999999986,6.258700272373024,10.160735210085427,10.160735210085427,103.24054000946975,149.6068698047485,290.52015601875,32.48542605911502,-0.0066680590370782,14.724020133526924,23.90382400402125,30.450929084905574,1.623457709731689,9171.900787363233,102133713.57827827,10106.12257882707,18009949.525043976,2070.0,8.043021937706719,9.080024022997238,9.503266118043168,,,,,,,,,8.526401299756296,0.1195481010229484,42.10018904472901,17.26076360682372,0.0669400133438935,23.573667773222287,0.8318440292445166,0.0287885382611703,10.138202888593185,2.9114541023558083,0.0268481901791066,9.454887801457,25.787164906580013,0.0245496139392328,8.645418697352783,5.614947197400487,0.0215667541589441,7.59497155875736,9.358245329000813,0.0179933390360673,6.336553809574292,3.7432981316003247,0.0162067661235216,5.707392353083022,4.12704861486559,41.24059592899863,18.051763254465214,0.6541501820386324,0.0546428255401235,0.0795959803917765,0.143222396790385,0.3378513241478675,0.3846874731298473,0.0052316467966919,0.013038137361548,0.0268481901791066,2.4921669726060536,,,,,1.0343507777068754,1.0981271524467262,1.0981271524467262,1.2058832429407562,1.0,1.068443460086592
tgt,N,target,32000,8,64000,577.1999999999986,6.25971032337547,10.103715805671518,10.103715805671518,102.08507308177644,149.60439866549163,290.52015601875,33.06970108828751,-0.0775057542531563,14.806869229387804,23.89957217457875,30.330303790717927,1.6140868001415123,9680.381457500602,109742032.36432542,10475.783138473487,16032247.201603932,2064.0,7.968470737666428,9.087927936798735,9.763767022186949,,,,,,,,,8.526401299756296,0.0997350737843656,36.23994750099463,17.26076360682372,0.0418065419188886,15.190913555790209,0.8318440292445166,0.0352613971577625,12.812655902495091,7.694557270511779,0.0295074329639092,10.721883294669194,25.787164906580013,0.0276881965207955,10.060841690259512,1.8716490658001623,0.0221665209536119,8.05447396946251,9.358245329000813,0.0216379195028497,7.862400227521019,6.654752233956133,0.0196223177826998,7.1300069204375545,4.182202592425665,30.710800077434303,15.059996141439203,0.6559831587548166,0.0994795603608111,0.0670527414370435,0.0394909945287943,0.4114413449870622,0.3825353586862887,0.0284430736336418,0.0205104506982972,0.0053575592282327,0.7211052842515883,,,,,1.0345177048633833,1.0919647483579842,1.0919647483579842,1.1923870116565165,0.9999834824479645,1.068443460086592
tgt,N,target,32000,9,72000,577.1999999999986,5.795140070260572,8.326852036906256,8.326852036906256,69.33646484452987,136.40914060469882,247.78096086679687,17.226244085425368,-0.3447743872962558,16.381837938285695,23.538540734278023,28.93876615729323,1.4368681232808254,7702.770005462438,76662523.52965069,8755.71376471677,17329857.772598848,2066.0,8.034702694917883,17.463144366911028,9.208473402039514,,,,,,,,,8.526401299756296,0.1201791273335452,43.92583175320407,17.26076360682372,0.0749314711253287,27.387677600089635,7.694557270511779,0.0485068711672958,17.72940700305989,0.8318440292445166,0.0392103780268814,14.33151085719,25.787164906580013,0.0343105831971122,12.540621140373212,1.6636880584890332,0.0274588215808473,10.036281704342846,9.56620633631194,0.025996904411021,9.501946590886044,18.09260763606824,0.0164346118350535,6.0068999535352186,4.006191568304999,33.32095198381304,18.14704822736533,0.6892109909600321,0.0869109078507587,0.0570010662641878,0.0633545085514603,0.4005852943156534,0.3921482230179395,0.0197267743354657,0.0034125743095778,0.0104818315924203,0.1729920082914715,,,,,0.9577400063482445,0.8999292006996618,0.8999292006996618,0.8098725662719327,0.9117839360099306,0.9112618924623417
tgt,N,target,32000,10,80000,577.1999999999986,6.129871628190351,9.452655510675894,9.452655510675894,89.35269620351136,136.41059129057635,270.4840511625,27.6402563478016,0.0191988814971987,14.430928021919222,22.253417292333243,27.809461934271244,1.5420641873156071,8915.897023579222,96526226.6986109,9824.77616531852,17033006.96354207,2070.0,8.064135459841705,6.230064252253136,9.458382932253055,,,,,,,,,8.526401299756296,0.1055667473897543,35.0122977695512,17.26076360682372,0.0674785295353135,22.379948492863686,25.787164906580013,0.0223837261776379,7.423793055118973,4.9910641754671,0.0223168601307165,7.401616242785809,7.278635255889521,0.0211266052483563,7.006855966531427,3.535337124289196,0.0200736572531155,6.657634931908545,0.8318440292445166,0.0181348493818555,6.014609356289701,1.247766043866775,0.0180738806912859,5.994388462858554,4.166189138283891,34.970032094167365,15.940578855852907,0.649474623356445,0.0586351127098692,0.0589689710795537,0.1246553049111136,0.3764865414990297,0.3812540698004336,0.0021281489822116,0.0178867741493641,0.0141131442088315,8.404850548748163,,,,,1.013059774383154,1.021601042087495,1.021601042087495,1.0436686891942564,0.9117936326627609,0.9947568508935009
tgt,N,target,32000,11,88000,577.1999999999986,6.209352342527889,9.522555850159176,9.522555850159176,90.6790699194008,134.07822553133565,253.1819393167969,25.42108808434692,0.0628545539348647,14.080067120748923,21.59294852911012,26.9063659300467,1.5335827836564542,9271.852796288436,100955965.19411165,10047.684568800498,14988710.91806997,2064.0,8.057364221439855,5.976059425566881,9.677998171915313,,,,,,,,,8.526401299756296,0.109082657969941,41.7958489577584,17.26076360682372,0.0568357808362523,21.77706113361171,0.8318440292445166,0.0400886973796174,15.360288901774751,25.787164906580013,0.0288719286604513,11.06249876808034,7.694557270511779,0.0249165863347859,9.54697931250112,9.56620633631194,0.0191853449521199,7.351010644077459,6.862713241267263,0.018458831309585,7.072641423577651,10.398050365556458,0.0175239486272397,6.714434022770684,4.076111120970238,31.731370165946075,16.471481353461094,0.6792101880708679,0.0988095113667996,0.0525820794092549,0.0332134590453521,0.4406244526986632,0.3747704974799302,0.0291428001752464,0.0080791739970407,0.0037229664737568,0.2772271006279579,,,,,1.0261952394334015,1.0291555604530207,1.0291555604530207,1.0591611676113726,0.8962036683630956,0.9311250241019885
tgt,N,target,32000,12,96000,577.1999999999986,5.83113396641094,8.397369567043404,8.397369567043404,70.51581564550672,107.65726939433226,205.6850664339844,15.14960777403094,-0.220589593708339,12.82035624784632,18.462492889796664,22.645629039114745,1.4400920327698354,8384.508465628829,88195930.85362682,9391.268862812249,17895948.643425338,2066.0,7.99569848493023,15.646880615338407,9.32647544049364,,,,,,,,,8.526401299756296,0.140150508857432,57.97902732266453,17.26076360682372,0.074472096460139,30.80844836482762,0.8318440292445166,0.061241869288184,25.33522026925113,7.694557270511779,0.042857154857801,17.729626333357018,9.56620633631194,0.0260920699379597,10.794058816987436,25.787164906580013,0.0242415863179224,10.028530091897856,18.09260763606824,0.0209377219902586,8.661750608286772,16.220958570268074,0.0150807082352702,6.238755762972739,3.91444157354272,39.41284381539431,21.16272683747224,0.697415595983141,0.1161746560012278,0.0267650699322273,0.0502270453511515,0.3911504687497021,0.4156827599656911,0.0327322843061184,0.0015126681161436,0.0024172621606338,0.0462133379372687,,,,,0.9636885759961911,0.9075504222910107,0.9075504222910107,0.8236477690005923,0.7196011087915646,0.7564461863179072
tgt,N,target,32000,13,104000,577.1999999999986,6.050848906643038,9.259296762007857,9.259296762007857,85.73457652692915,149.34186323390702,269.98009254726566,26.19767224861621,-0.1563739878641147,16.128855902605988,24.681142355070968,30.786066279696094,1.5302475577998371,9264.945877082086,103867051.91343778,10191.518626457872,18027829.80817745,2068.0,8.015834871489123,9.171010931971662,9.50283182180308,,,,,,,,,8.526401299756296,0.1243149141282919,44.426862049168285,17.26076360682372,0.0688049248150747,24.589060166249585,0.8318440292445166,0.0426482740821672,15.241365065242444,25.787164906580013,0.0327771516622406,11.713687013935107,3.535337124289196,0.0220528560732586,7.881107439335419,4.9910641754671,0.0170408573604289,6.089951672009682,7.694557270511779,0.0161985279985819,5.788925438583476,16.428919577579205,0.0137549635295478,4.915660132202008,4.039755839867556,39.712519881747895,18.77155203337209,0.6738623738967155,0.0672576476745197,0.0344643330881099,0.1346087431275896,0.3408514823626322,0.4228177937471487,0.0052645370682933,0.0052584997719731,0.008520261990378,0.9988532140166008,,,,,0.9999999999999999,1.000703686956664,1.000703686956664,1.001407869088661,0.9982286470455044,0.9929034466616558
tgt,N,target,32000,14,112000,577.1999999999986,6.196783603866552,9.721463665640352,9.721463665640352,94.50685580236558,149.34343297764485,269.98009254726566,27.083183952046276,-0.0019499534367415,15.362237427834096,24.100153002670005,30.322190422880205,1.568791858339699,9354.19157329762,103846504.8744788,10190.510530610269,16345604.884526543,2066.0,8.050321261720654,7.604004159689675,9.595532761128991,,,,,,,,,8.526401299756296,0.1292926352016043,66.81247586331303,17.26076360682372,0.0789099325902145,40.77701686827361,25.787164906580013,0.0483457752340039,24.982868791237724,0.8318440292445166,0.0452845361687287,23.40096150903551,7.694557270511779,0.0231853322173399,11.981111273186398,18.09260763606824,0.0189618857740422,9.798628774374112,9.56620633631194,0.0177826590144538,9.189258725650747,4.9910641754671,0.0143530920116966,7.417016538491104,3.9005572876274055,33.6554400259948,19.523187915442254,0.7130109540659315,0.0854443850484637,0.0619481229150207,0.0629199803962868,0.3519603423371097,0.4377271693031189,0.0259384003597729,0.002936107141053,0.011789952591176,0.1131953821444349,,,,,1.0241180534293786,1.050652634089674,1.050652634089674,1.1038709575195718,0.9982391395031026,0.9929034466616558
tgt,N,target,32000,15,120000,577.1999999999986,5.760086720354276,8.51017009853454,8.51017009853454,72.42299510599138,134.7754531867032,240.09948206835935,20.163201843009112,0.0759763704402116,15.836986996287637,23.39816390444733,28.902983116686617,1.4774378428124848,8703.460548036346,94388331.79191938,9715.36575698102,18638106.280694235,2068.0,8.010272944842297,15.16723339444824,9.349432270640268,,,,,,,,,8.526401299756296,0.1305018418837915,55.56309533655729,17.26076360682372,0.0695210143493736,29.59960328857381,25.787164906580013,0.0422480905179806,17.98775134015647,0.8318440292445166,0.0409350538941353,17.428706517049125,9.358245329000813,0.0353020261509544,15.030361382529554,7.694557270511779,0.0302204759133715,12.866815977862045,16.220958570268074,0.0141642245792827,6.030628758235515,6.446791226645003,0.0131220456375881,5.586905611808989,3.942746167159276,37.56456395934293,19.705778124452525,0.7086254639547658,0.0670582034915045,0.0453461338322823,0.0356495478859246,0.4428364473647256,0.4091096674255627,0.005997668922863,0.0112333885335644,0.0050649512184354,1.872959090634364,,,,,0.9519468770787609,0.919741402951336,0.919741402951336,0.8459242483028925,0.9008640670217769,0.8830117844545011
tgt,N,target,32000,16,128000,577.1999999999986,5.903700369870804,9.027975036908026,9.027975036908026,81.50433326703447,152.23284952217026,294.4799109574219,31.61720344930407,-0.1296835930904343,16.862347193008116,25.78600538385317,32.03116431255817,1.5292061709263312,8432.244205392122,89657105.4595802,9468.743605124188,18554363.12021116,2070.0,8.040821524355913,9.816464730762515,9.288787381975332,,,,,,,,,8.526401299756296,0.1571498089775998,63.7522655216359,17.26076360682372,0.0886707748501705,35.97180816849128,25.787164906580013,0.0419799718839132,17.030363139133875,9.358245329000813,0.025984439303087,10.541322860388377,0.8318440292445166,0.0244937278907918,9.936573606214434,1.247766043866775,0.0217257538743845,8.813666645022167,5.8229082047116165,0.0192589833550078,7.812951402952294,7.486596263200649,0.013766421279218,5.584738221352261,3.886069551150531,49.40209715549367,23.72962115561757,0.6999752325804174,0.0569165389967722,0.0434017273670279,0.0543213770828745,0.4286080163802243,0.4167523401731008,0.00120206596628,0.0109780191461665,0.0108457659687183,9.132626199381088,,,,,0.9756813400825981,0.9757034618714945,0.9757034618714945,0.9519972455080195,1.0175525343244525,1.0830062165085474
tgt,N,target,32000,17,136000,577.1999999999986,6.076419078684382,9.387273129983903,9.387273129983903,88.12089681691783,152.2343181690207,294.4799109574219,30.601061090419748,-0.1614741750557228,16.21709692059056,25.053294744436258,31.28926201087062,1.5448692738972207,9389.65584878292,103662596.8158533,10181.48303617176,15496959.85727002,2066.0,8.030781042602072,10.287481729119015,9.663748305092833,,,,,,,,,8.526401299756296,0.136057230621769,60.33053177530461,17.26076360682372,0.0570508790608927,25.297515290169,25.787164906580013,0.0295531125979761,13.10444869782677,1.8716490658001623,0.0248934858804278,11.038275834690964,0.8318440292445166,0.0215067215830671,9.536515949357131,1.455727051177904,0.0199922923139853,8.86498733803487,7.278635255889521,0.0198208062187347,8.788946930103155,9.56620633631194,0.0174703825473586,7.746721468484075,4.023640553598452,48.50840394979824,20.54464182388712,0.6850049851615148,0.0664773958599859,0.0780477967685504,0.0512370562830639,0.4537925128836918,0.3504452382047078,0.0060442599294267,0.0054152248061973,0.0045734700994447,0.8959285120974243,,,,,1.0042258817623542,1.0145348046504423,1.0145348046504423,1.0292808698471125,1.0175623510317493,1.0830062165085474
tgt,N,target,32000,18,144000,577.1999999999986,5.759633606330284,8.257065055450532,8.257065055450532,68.17912332994229,127.35970881347006,236.1778569609375,15.323082987654228,-0.1604609401382338,15.424331521935123,22.112467132192187,27.204124737621527,1.4336094307064853,8269.543416936536,86114272.53792392,9279.7776125252,17728924.2133255,2068.0,8.062529178799874,12.800324429213935,9.310748594093363,,,,,,,,,8.526401299756296,0.1176628136381862,52.1256737382811,17.26076360682372,0.0782439689097961,34.662774663214435,0.8318440292445166,0.0606856410277172,26.884279127782325,25.787164906580013,0.0503925107897837,22.324330814987388,9.358245329000813,0.0240310711988934,10.6459784375613,7.694557270511779,0.0212065523507571,9.39469144727808,18.09260763606824,0.0202665717317386,8.978271666446314,1.455727051177904,0.0170076872696589,7.534556842972209,3.896285944963585,28.60230184239966,17.76708485936613,0.7176693088059796,0.1270816524789,0.044018853839378,0.0309741414748681,0.3726735568385227,0.4252517953683308,0.0193648329542554,0.0059738780970459,0.0022277552990878,0.3084910730110232,,,,,0.951871992706174,0.8923869335664961,0.8923869335664961,0.7963544392002143,0.8512958594728094,0.8685892577824934
tgt,N,target,32000,19,152000,577.1999999999986,5.995036463267,9.252785697399789,9.252785697399789,85.61404316200607,152.07292522484528,286.2351760488281,35.21754169216815,-0.4685674015929615,16.435366623433666,25.36647210681812,31.628490776407077,1.5434077430708288,8586.24378335862,91739757.87921196,9578.087381059537,18016175.57194742,2068.0,8.080018505103574,17.813611435447086,9.412148607526918,,,,,,,,,8.526401299756296,0.1347906558343765,60.69176659248205,17.26076360682372,0.0711568357602803,32.03956565601268,0.8318440292445166,0.0395729089705904,17.81836982512908,25.787164906580013,0.0355041008113152,15.986320314102551,7.694557270511779,0.031151510404975,14.02649305917123,1.247766043866775,0.023353920351664,10.515496598994403,9.358245329000813,0.0210455352649871,9.476107273236495,9.77416734362307,0.0178919935176451,8.056171903944245,3.999398272695162,43.591528480508174,20.35338903099085,0.6900651064327599,0.093931273808665,0.0449316681755074,0.0545780379738406,0.4048149693637964,0.4017440506781904,0.006260535793825,0.0098732264927528,0.0068484755926488,1.5770577497398828,,,,,0.9907760970010729,0.9999999999999998,0.9999999999999998,1.0,1.0164835707298416,1.052684626385671
tgt,N,target,32000,20,160000,577.1999999999986,6.343692446557812,10.481742524112857,10.481742524112857,109.86692634179572,174.5406364461919,328.17042053085936,45.67275952702008,0.1924709401183148,16.651872152426094,27.51404452794254,34.91951700397094,1.652309378554246,9890.867425031072,112768087.68190058,10619.231972317988,14938829.262359828,2066.0,7.929539335948313,7.5053977195627315,9.84411603804714,,,,,,,,,8.526401299756296,0.0882517603319855,39.34408958806608,17.26076360682372,0.041359033842539,18.438539091519345,0.8318440292445166,0.0388556462860141,17.322487650425703,7.694557270511779,0.0303115736407959,13.513399215975811,1.8716490658001623,0.0296587017217995,13.222338151880328,25.787164906580013,0.0270742759833544,12.070158553370554,9.56620633631194,0.0235124798382709,10.482251115610328,6.862713241267263,0.0214672200780682,9.570440598363144,4.185266669786172,23.413248320913414,13.326015810129825,0.6580234424432341,0.0974487330322052,0.0796111586726205,0.0312519654059941,0.4026719593203622,0.3890161835688178,0.0331324843834116,0.0113946894151453,0.0057440492500246,0.3439129189028264,,,,,1.0483971000487666,1.1328201978198227,1.1328201978198227,1.2832816005885426,1.1666619098039042,1.2069095115983408
tgt,N,target,32000,21,168000,577.1999999999986,6.126922924188194,9.583934718908967,9.583934718908967,91.8518046963087,174.52353369000363,328.17042053085936,42.23720726762624,0.5357839435610985,18.21000860384128,28.484695474294572,35.61151240524655,1.564232949801185,8402.37169019043,87973722.20976669,9379.430804146205,17373872.1896531,2068.0,8.092032066543029,7.693487091446258,9.341754275705508,,,,,,,,,8.526401299756296,0.1193171832247581,60.95438108652797,17.26076360682372,0.0803893623551221,41.06771293005468,0.8318440292445166,0.0589263922864338,30.103139165761263,7.694557270511779,0.0461991498126473,23.601299556737967,9.358245329000813,0.0361344510233685,18.459647122928917,25.787164906580013,0.0347789236244632,17.76716234066195,18.09260763606824,0.021720555105488,11.096163666694162,4.367181153533712,0.0121237265481772,6.193527438662418,3.8187377606582302,26.46575144311572,18.01689466693847,0.7454841504374725,0.1135604461466039,0.0252333244745304,0.0336431031322379,0.4216440444557255,0.4059190817909023,0.0295750704738874,0.0020681840035658,0.0010255773571087,0.0699299771854111,,,,,1.0125724536703662,1.035789116093139,1.035789116093139,1.0728590930170068,1.1665475918169654,1.2069095115983408
tgt,N,target,32000,22,176000,577.1999999999986,6.272327558593885,10.068980034336985,10.068980034336985,101.3843589318768,165.80143119261243,314.6426012460937,34.024485592589215,-0.4867810133921458,16.46655675422775,26.433796647851565,33.36170642495173,1.6053020095450208,8856.0600073212,94422035.88632086,9717.100178876455,15992237.033046884,2066.0,8.0493297756555,12.772194533762905,9.53386033838622,,,,,,,,,8.526401299756296,0.1053808660665039,35.43233727349664,17.26076360682372,0.0499996496726985,16.81144326183183,25.787164906580013,0.0407735037728089,13.709324960269631,0.8318440292445166,0.0380430151764167,12.79124944542477,7.694557270511779,0.0292378527481324,9.830678930564876,2.9114541023558083,0.0271846794823404,9.14033797636777,5.614947197400487,0.0255995089303711,8.607354146096867,2.0796100731112914,0.0246705878636121,8.295021881555671,4.136418145856613,32.83106977841975,15.9125107760421,0.6694870112621278,0.0686300529347858,0.0852678124137878,0.1352675299791146,0.349346753892012,0.3614878507802996,0.0046011848468278,0.0246705878636121,0.0271846794823404,5.361790208289261,,,,,1.0366029057026513,1.0882106604032298,1.0882106604032298,1.184202441415234,1.108247444846613,1.1571583678494428
tgt,N,target,32000,23,184000,577.1999999999986,6.414220836114477,10.274128504752284,10.274128504752284,105.55771653216338,165.7929239447528,314.6426012460937,31.084532812095446,-0.492617093060399,16.136933061334535,25.847710607537927,32.724232976305224,1.6017734292688324,9609.524763221962,106582812.67445704,10323.895227793482,14239846.499480946,2064.0,8.03402897110865,6.742828643453521,9.76211965044037,,,,,,,,,8.526401299756296,0.1276337014184752,57.61777098295932,17.052802599512592,0.0545628459287692,24.63134364954844,1.0398050365556455,0.0382498906985017,17.267174875416448,9.56620633631194,0.0319890667956331,14.440846767784628,25.787164906580013,0.0318186070634063,14.363896011800088,1.8716490658001623,0.0241801644107837,10.9156685097058,7.694557270511779,0.0230383620060365,10.400223852586452,10.398050365556458,0.0171682219025312,7.750262405392264,3.9855721463915694,38.37511968026302,19.27268891418976,0.7005618944831171,0.0827631426608127,0.0617560041019856,0.0497883192196703,0.4442768793443388,0.3614156546731927,0.0382498906985017,0.0102081939765357,0.009648302870021,0.2668816508975984,,,,,1.0600530495931741,1.1103821963194835,1.1103821963194835,1.2329486219032808,1.1081905808277968,1.1571583678494428
tgt,N,target,32000,24,192000,577.1999999999986,5.944895680044603,8.727815168691405,8.727815168691405,76.17475761883978,112.37759772101172,210.0803705847656,16.69573224351236,-0.2575932551111226,12.8757994468217,18.90320768759893,23.365495113284947,1.4681191459737195,8352.777085067006,88451285.9315835,9404.854381200354,18682400.898763053,2064.0,7.983813636722694,11.848646956261597,9.319249261740792,,,,,,,,,8.526401299756296,0.1410061498352411,57.197474179784365,17.26076360682372,0.0684361823724105,27.76032661541872,0.8318440292445166,0.0450128905068917,18.258945766079865,25.787164906580013,0.0415001914050152,16.83406099037544,7.694557270511779,0.0304009905291029,12.331801647375016,18.09260763606824,0.0173897233553449,7.053935262916781,9.358245329000813,0.0147340075855777,5.976675623194748,15.597075548334686,0.0141823293513098,5.752893883200006,3.951620955808744,44.29876068423642,21.29192862512141,0.6905410350775896,0.0801694548650069,0.0324622556006823,0.0662186643301139,0.3922203031492879,0.4289293220549088,0.0141098782777403,0.0041978980636626,0.0073964224912332,0.2975148318598659,,,,,0.9824895269683377,0.9432635158884192,0.9432635158884192,0.8897460604061826,0.7511526567441416,0.7726107583026839
tgt,N,target,32000,25,200000,577.1999999999986,5.931449789853585,8.821914626275213,8.821914626275213,77.82617767328851,112.37751471265224,210.0803705847656,18.08663124971197,-0.2668092841985899,12.738449585301362,18.946045013289623,23.49362944851829,1.48731169255864,9201.23501682286,102375487.31370388,10118.07725379204,17712761.47889671,2068.0,7.837452065078425,16.881659300956542,9.496813074526926,,,,,,,,,8.526401299756296,0.0992269120839033,28.010095470687443,17.26076360682372,0.0602660249771379,17.012089541001693,25.787164906580013,0.0393750596286909,11.114919896238092,3.535337124289196,0.0285313476926504,8.053921622621566,5.199025182778229,0.0177508325737297,5.010762752084214,4.367181153533712,0.0172541187299511,4.870548752740112,13.933387489845654,0.0150112822011994,4.237433562756586,7.694557270511779,0.011655911131839,3.290268504219864,4.288442802471512,34.871888148371184,14.983263724669404,0.5984712997061317,0.0292442307080738,0.0490981209519762,0.20059374198927,0.2738515701622098,0.4472123361884701,0.0086171163996948,0.0035533539584432,0.0184675471081868,0.4123599813687919,,,,,0.980267377580959,0.953433367505133,0.953433367505133,0.9090351862721785,0.7511521019009075,0.7726107583026839
tgt,N,target,32000,26,208000,577.1999999999986,6.162752583253861,9.53286065966965,9.53286065966965,90.87543235667728,160.353174444008,303.39149736328125,30.32791612357937,0.0612192116293819,16.821097062961584,26.01973262397585,32.492775597027496,1.5468511076644365,9467.876342019372,105907822.64579974,10291.152639320811,16267140.218029654,2064.0,8.08181839617846,6.448516237476616,9.646374997627596,,,,,,,,,8.526401299756296,0.1074855356493038,45.98550282748652,17.26076360682372,0.0681692131960359,29.164812988436225,25.787164906580013,0.0343732469683926,14.70589541286945,1.0398050365556455,0.0271829319634983,11.629665211376013,2.0796100731112914,0.0240442075708488,10.28682574408423,9.56620633631194,0.0222653491385666,9.525777301861217,7.278635255889521,0.0178195464571936,7.623730942416478,18.09260763606824,0.0173767707118173,7.4342983348758995,4.043745143142524,29.224482588674697,16.23031588304488,0.6898487027758184,0.0843442619394566,0.054681117748312,0.0338756645727312,0.3988597585476139,0.4282391971918862,0.0271829319634983,0.0240442075708488,0.0044495329073424,0.884533265294975,,,,,1.0184938805012909,1.030269258516229,1.030269258516229,1.061454745043581,1.0718302886310267,1.1157802806038541
tgt,N,target,32000,27,216000,577.1999999999986,5.95855790355443,9.129909615344218,9.129909615344218,83.35524958435481,160.34429332116449,303.39149736328125,35.029746485970115,0.0893665171437889,17.562528007031272,26.90991610998496,33.420302467936146,1.5322347727621248,8088.476937286019,83796180.14042301,9154.025351746794,18372720.975415207,2064.0,8.034331406418005,10.453571489728237,9.230538379482816,,,,,,,,,8.526401299756296,0.1215344473382399,57.97379769726616,17.26076360682372,0.0650526334029087,31.03110509959936,0.8318440292445166,0.0438927447720073,20.93751328549827,25.787164906580013,0.0409659510942178,19.541387756531314,7.694557270511779,0.0331296731800977,15.8033628554232,9.358245329000813,0.0273965246783882,13.068562980277758,16.012997562956944,0.0193187102062196,9.215321431877644,18.09260763606824,0.0131288726340629,6.262673857083937,3.9369957476787767,32.3865924743178,18.35170154807424,0.7208102741958324,0.1216434533491638,0.0360159822721087,0.0187472836196218,0.4208026190903276,0.4027906616687778,0.0328681285245898,0.0082920694257123,0.0027494734343285,0.2522829804336574,,,,,0.984747428912448,0.9867200985655484,0.9867200985655484,0.9736165529132063,1.0717709255626386,1.1157802806038541
tgt,N,target,32000,28,224000,577.1999999999986,5.99572972274161,9.21510897594612,9.21510897594612,84.91823343856272,154.80568899916906,286.63638037617187,32.403071357916424,-0.50862911765251,16.799116473091768,25.81932411195425,32.15163096274423,1.536945359793649,8519.862204450035,90007038.57455161,9487.203938703522,17418986.591735397,2066.0,8.098634316407136,13.420109579572395,9.435934522370792,,,,,,,,,8.526401299756296,0.1357433213750855,47.01785923241352,17.26076360682372,0.0785056292097091,27.192252154599448,25.787164906580013,0.0339011629117395,11.742456936020178,3.7432981316003247,0.0298155128668039,10.327296935957415,0.8318440292445166,0.0259117823253645,8.975148990707869,4.783103168155971,0.0224676988227493,7.782210497158083,2.9114541023558083,0.0209740029500727,7.264834160951566,7.694557270511779,0.0190500731744856,6.598436297356876,4.027009557351277,45.84066043847224,20.497241527637915,0.6760059583732783,0.0431636001388578,0.0610682549152828,0.1586847938040706,0.3253871411964295,0.4116962099453592,0.0002467193223349,0.0087861598183454,0.0209740029500727,35.61196463893794,,,,,0.9908906692677593,0.9959280672128547,0.9959280672128547,0.991872715062333,1.034749869449214,1.0541601320634293
tgt,N,target,32000,29,232000,577.1999999999986,6.120319701603014,9.53359520969495,9.53359520969495,90.88943762231848,154.801634171354,303.2089788328125,33.83236414160178,-0.381777869992226,16.237487617883772,25.29306338863043,31.609050130424432,1.5576956228604175,8998.402914531871,98517233.29423282,9925.584783489225,17545978.281977102,2064.0,8.143946347223107,6.964364750178463,9.495262058643291,,,,,,,,,8.526401299756296,0.1231012833181342,47.2506809585288,17.26076360682372,0.0676628991539166,25.97144379387513,25.787164906580013,0.0399473518673878,15.33322421461692,0.8318440292445166,0.0389331234671146,14.94392703372126,9.358245329000813,0.0229027684713228,8.79090271795819,1.8716490658001623,0.0216767431322922,8.32031028723679,7.694557270511779,0.0204509730349185,7.849815827403835,10.398050365556458,0.0159483020942363,6.121529473722318,4.02964365507213,37.08182186579642,18.58829378103827,0.6845185617616483,0.0778446440644807,0.0596448051567578,0.0708931065938931,0.3794156024939564,0.4122018416909119,0.019483642537775,0.0050468917833917,0.0128079995907385,0.259032250943207,,,,,1.0114811650450741,1.030348645421894,1.030348645421894,1.0616183311227325,1.0347227662298208,1.1151090337860898
tgt,N,target,32000,30,240000,577.1999999999986,5.818799210985389,8.438462659687547,8.438462659687547,71.20765205894102,148.4093652422451,271.9097143382812,22.161879696460257,-0.1612712447585499,17.587251520494693,25.50515318728227,31.2987809033736,1.4502068818176452,8804.472016691478,97229315.6884205,9860.492669660096,19710588.195717208,2066.0,8.07318026271929,10.93178825101234,9.400005646415044,,,,,,,,,8.526401299756296,0.0828725609263616,22.91880304428722,17.26076360682372,0.0465393200486083,12.8706715236769,25.787164906580013,0.0298803949972083,8.26356613300557,2.49553208773355,0.0294786872029268,8.152471921416373,7.694557270511779,0.0255548364619555,7.067312234033089,1.0398050365556455,0.0213086798904785,5.893017327865539,6.030869212022745,0.0207812305730254,5.747148696711581,9.56620633631194,0.0165447479524348,4.575529167925217,4.330259202599118,26.618055518944484,12.513756699880608,0.5928510688039708,0.0583785692813069,0.0829233538357254,0.0872853786341864,0.3611935413040208,0.4102191569447601,0.0213086798904785,0.0021245120005408,0.004596229200765,0.0997017183307764,,,,,0.961650059481259,0.9119915813092825,0.9119915813092825,0.8317286443790061,0.9919956579262285,1.0
tgt,O,target,32000,0,0,577.1999999999986,1.1974148234848658,1.5697207488405374,1.5697207488405374,2.4640232293404973,10.336079778949228,19.70162773359375,1.892244341825437,0.0393424348152165,6.58466149891776,8.6319958432277,10.376550321691171,1.310924767300633,5156.2822580265065,39652794.26793259,6297.046471793946,13065547.543493662,346.0,7.819585500744655,33.745353792767595,7.753268782597531,,,,,,,,,1.0398050365556455,0.1324287450242079,45.05721948659066,2.0796100731112914,0.039503948398888,13.440722958374932,4.575142160844841,0.0260812423233841,8.873815572539504,3.1194151096669374,0.0232998826424055,7.927492826717966,3.535337124289196,0.016067201506297,5.466663787172279,8.734362307067425,0.0158632953140303,5.397287262778286,4.159220146222583,0.0153518868067083,5.223286932581824,16.220958570268074,0.0146246912716405,4.97586777273679,4.173626780195607,58.88825500294643,19.996740498655377,0.637046696482992,0.2305263723408054,0.1418285981225128,0.1521646746092274,0.1567568385801117,0.3187235163473423,0.1324287450242079,0.039503948398888,0.0232998826424055,0.2983034264303302,,,,,1.0596515366077128,1.0795348136957683,1.0795348136957683,1.1653954139811586,1.3824200103011404,1.3579199598059863
tgt,O,target,32000,1,8000,577.1999999999986,1.1428973463073244,1.4846542278767938,1.4846542278767938,2.2041981763524388,9.24873120035583,16.32265180546875,1.2738984388973869,0.1259105898138653,6.229552327194882,8.092355127282586,9.698968786188356,1.2990267522034056,4921.638730610472,37678244.45795348,6138.260702996695,13455716.66330843,70.0,7.781114689632533,41.03381591054591,7.638635196395653,,,,,,,,,1.0398050365556455,0.0715749292901698,17.528965217438394,9.77416734362307,0.0484901111472395,11.875407773632556,27.24289195775792,0.027551346472469,6.747426770784554,2.703493095044679,0.0212487635357585,5.203900871796457,11.645816409423231,0.0201860607680814,4.943641028918134,3.3273761169780665,0.0200837557552053,4.918586152440293,9.358245329000813,0.0198497862320045,4.861286149844407,10.813972380178717,0.0162215367404008,3.9727144143324655,4.4950595271536695,27.58231213225664,10.807814322815624,0.5345195318292584,0.1501829156415351,0.0676767726787832,0.0716601612673609,0.2650986971119565,0.4453814533003641,0.0715749292901698,0.0054024642451205,0.0097351378807937,0.0754798404779854,,,,,1.011406327570606,1.0210325158009528,1.0210325158009528,1.0425073983228241,1.2369903633394923,1.12502657056175
tgt,O,target,32000,2,16000,577.1999999999986,1.1345406679555037,1.4736236625845072,1.4736236625845072,2.1715666989289777,9.261854748805684,17.01964269140625,1.2706592485499597,0.1235280354883288,6.28508823789891,8.16352821048524,9.790517162333456,1.2988724901670987,5055.6814533083225,37962279.43875264,6161.353701805524,12402364.481426876,70.0,7.870986625412543,18.71852753917093,7.703496936779418,,,,,,,,,1.0398050365556455,0.0977731419157338,30.773313434891147,8.734362307067425,0.0433035627525983,13.629449594467232,1.6636880584890332,0.0406369487832634,12.790154202293731,9.77416734362307,0.0368678871454278,11.603872235038317,10.606011372867586,0.0255604613703184,8.044950524011542,3.7432981316003247,0.0162661101769272,5.119627916554699,21.83590576766856,0.0156462489182567,4.924531549337076,2.2875710804224205,0.0136796577703265,4.305562734305051,4.241430693952028,31.83906385851356,14.763744429275798,0.6305217967031629,0.2361667967128534,0.101129684122488,0.117748503589264,0.2720292553227744,0.27292576025262,0.0977731419157338,0.0029066445842636,0.0087127352104111,0.0297284563764864,,,,,1.0040110900282213,1.013446530041025,1.013446530041025,1.0270738692521952,1.2387455990159992,1.1730661462057237
tgt,O,target,32000,3,24000,577.1999999999986,1.0957294110704732,1.404093809412295,1.404093809412295,1.9714794256299304,7.748411272322887,14.193409133203126,0.6877825840093656,-0.0440759546834158,5.518442728239493,7.07146417174839,8.42979272631546,1.281423858139651,4921.570293280709,37983544.65182857,6163.0791534612445,13761690.500125416,70.0,7.894802374651353,33.246739269379496,7.587694530697654,,,,,,,,,1.0398050365556455,0.0566477351006804,12.615090389879828,10.813972380178717,0.0328722144995572,7.320433138066476,8.318440292445166,0.0224281021535591,4.994595731634264,9.77416734362307,0.0223868255481838,4.985403694090817,28.074735987002438,0.0206542007205707,4.599559162562024,11.437855402112104,0.0192252390936481,4.281338494864362,13.309504467912266,0.0183757646672008,4.0921659418138745,12.47766043866775,0.0160392954522149,3.571849105000665,4.545125949234106,17.0597079424952,8.553808000202734,0.5196814268163448,0.1189724034145262,0.0382274737052907,0.0731438277467003,0.2995605282267958,0.4700957669066867,0.0566477351006804,0.0086346943088279,0.0084066897558901,0.1524278824798375,,,,,0.9696650913072367,0.9656291732621196,0.9656291732621196,0.932439700254886,1.0363270233960036,0.9782701114997391
tgt,O,target,32000,4,32000,577.1999999999986,1.110395838258948,1.424764391241758,1.424764391241758,2.0299535705504974,7.560120312961656,13.973882237109375,0.7542125275337295,-0.0995226875161044,5.306224916505179,6.808491217698352,8.107040460325832,1.2831139510342933,4766.140145667756,36772263.83867279,6064.013838924907,14056171.950526943,70.0,7.81755599873534,38.46985255025575,7.576754705234276,,,,,,,,,1.0398050365556455,0.0702765145952406,18.544899916483107,9.77416734362307,0.0459333895432389,12.12112064478916,6.030869212022745,0.0328419780862145,8.666496911180426,10.813972380178717,0.0246313423309225,6.499835413956718,17.884646628757107,0.0191114505031236,5.04322018359246,7.9025182778229075,0.0186259202317538,4.915096153241297,17.26076360682372,0.0180645191978805,4.766950986308152,29.53046303818034,0.0166204760588351,4.385890035250495,4.451116584368043,24.041718495948466,10.611753703881323,0.5560315591507814,0.1506826712237469,0.0374716385917168,0.0724959069657605,0.2653090960118409,0.4740406872069346,0.0702765145952406,0.0102390805666745,0.0086265177964261,0.1456970458125455,,,,,0.9826441373337276,0.9798448308692036,0.9798448308692036,0.9600958925810994,1.0111436661129172,0.9631393843359292
tgt,O,target,32000,5,40000,577.1999999999986,1.1227237087739212,1.4420144187515185,1.4420144187515185,2.079405583887279,7.418844775918676,14.82942032578125,0.7394173263579633,-0.0016952725770425,5.144778498356967,6.607898913984699,7.883155118737782,1.2843893893761238,4904.173109633829,37880691.74281368,6154.729217667799,13829777.853558134,346.0,7.838234533173855,39.47884243044419,7.6872641961278845,,,,,,,,,1.0398050365556455,0.1075156785953244,29.343451811932383,4.9910641754671,0.0260039041902459,7.09705151376657,7.278635255889521,0.0247298083113761,6.749322033621505,7.9025182778229075,0.0203067626825713,5.542173197596235,18.50852965069049,0.0200210669939096,5.464200405324021,10.813972380178717,0.0190509992056598,5.19944704311016,3.7432981316003247,0.0187082786873465,5.105910889634918,6.030869212022745,0.0161601440446398,4.410467517324465,4.370587647700242,54.17537426301831,16.234867467893963,0.5743452354118546,0.2163818980872208,0.0786029488138066,0.1325589962501944,0.2073421375248649,0.3651140193239133,0.1075156785953244,0.0022744017028138,0.015366441888193,0.0211541398659935,,,,,0.9935536790214394,0.9917080907819945,0.9917080907819945,0.9834849373224696,0.9922484821020493,1.0221067073759877
tgt,O,target,32000,6,48000,577.1999999999986,1.1300081037188665,1.454071447188095,1.454071447188095,2.1143237735276803,7.59035794952693,15.026658092578124,0.770423996170825,0.0554954244708261,5.22007220773096,6.717082757672515,8.033524688543968,1.286779663262101,4794.620434145039,37332417.07850777,6110.025947449632,14344031.970986612,346.0,7.8054586627586335,56.32688259291591,7.602392651197802,,,,,,,,,1.0398050365556455,0.070433631489942,19.07796292646092,4.9910641754671,0.0297157293874504,8.048933039431322,21.627944760357437,0.0279414885339916,7.568354365453207,18.716490658001625,0.0275008085602176,7.448989851310635,29.32250203086921,0.0237669032939268,6.437607863270079,12.685621445978878,0.0232545164899432,6.2988205220011215,9.77416734362307,0.0218211661938085,5.910576962328991,20.796100731112915,0.0200106405468255,5.420170029733436,4.444801880197951,22.878998606406576,10.635478354981233,0.5682648224734292,0.1395680974896483,0.046686877033663,0.1256407797460037,0.1706253212351569,0.5174789244955281,0.070433631489942,0.0014348734655275,0.0110689576495479,0.0203719932531388,,,,,0.999999999999999,0.9999999999999992,0.9999999999999992,0.9999999999999996,1.015187860308978,1.0357011729695258
tgt,O,target,32000,7,56000,577.1999999999986,1.1656794538130193,1.5074068299539232,1.5074068299539232,2.272275350991736,8.382258109155101,15.9926605453125,0.9110474138526764,-0.0199035459244136,5.560713897923469,7.190877459261167,8.622432532367903,1.2931572440620758,5209.277588994923,40260082.74123505,6345.083351795707,13123509.742030296,70.0,7.890143056271711,21.884721520745792,7.763635617130508,,,,,,,,,10.813972380178717,0.0468477124822528,14.403782215054054,2.9114541023558083,0.0396937053058549,12.204213530183786,8.942323314378553,0.0383655588076126,11.795862046264157,9.77416734362307,0.023080816286704,7.0964201563800655,21.83590576766856,0.0212044069365543,6.519499956998189,7.694557270511779,0.0204735114348153,6.294779067306941,4.783103168155971,0.0181734562174675,5.587604849444611,5.8229082047116165,0.0150697337972483,4.633335378683278,4.344355425736412,18.536828003786447,10.645874663530233,0.6078193143864457,0.0868441800546865,0.1059894003797275,0.1368787920826078,0.3224986924730432,0.347788935009935,0.0004220697395468,0.0144650939412325,0.0396937053058549,34.271809967922806,,,,,1.031567340071949,1.0366800289414717,1.0366800289414717,1.0747054824060924,1.1211021576289568,1.1022821697037624
tgt,O,target,32000,8,64000,577.1999999999986,1.137782404399668,1.4681871104928963,1.4681871104928963,2.15557339141748,8.357097861390672,15.670940094140622,0.8652499623936665,-0.0359503662813778,5.692120440002606,7.34507567445887,8.790747087941979,1.2903935803667752,4940.711766410255,37627799.02659617,6134.150228564358,13217166.26785143,346.0,7.838475482013173,24.442071854462025,7.63867110356462,,,,,,,,,1.0398050365556455,0.076152125790317,19.83890965656695,9.77416734362307,0.0341244914558026,8.890004002410159,11.853777416734362,0.0271478929370837,7.072482741032545,20.588139723801785,0.0263594799360994,6.867087893071803,3.3273761169780665,0.0237231450359066,6.180278308091956,1.8716490658001623,0.0194292335309712,5.0616421369328455,10.813972380178717,0.0186114502847899,4.84859584608712,7.278635255889521,0.0181505150639504,4.728514468070911,4.399479013150635,25.614366087297164,11.498970994337856,0.5737357532137193,0.1863452984881157,0.0391585519766345,0.0936925142256727,0.2883113502026665,0.3924922851069104,0.076152125790317,0.0092659855859482,0.0101382132051748,0.1216773069650111,,,,,1.0068798627684308,1.0097076820620454,1.0097076820620454,1.0195096032151099,1.1177370491238428,1.0801078281705925
tgt,O,target,32000,9,72000,577.1999999999986,1.1098206057031048,1.4209372895326775,1.4209372895326775,2.019062780784472,8.01145169459414,14.390086167187498,0.661675140751337,0.0123577690570482,5.63814585879672,7.218690708586569,8.603029951439517,1.2803306067931497,5157.829436741871,39721790.87655559,6302.522580408228,13118586.37803462,70.0,7.979047726267293,17.039479723496555,7.644069091103102,,,,,,,,,1.8716490658001623,0.0642116543220316,15.53271389027572,1.455727051177904,0.0517464665169301,12.51740151731972,11.229894394800974,0.0298681504018308,7.225065909323288,9.77416734362307,0.0295016583569372,7.136411970462834,7.694557270511779,0.0199665814592671,4.829889534044749,8.942323314378553,0.0196838709222921,4.761502230665588,20.172217709179527,0.0135984387891093,3.2894442807275683,14.141348497156782,0.0133134533721321,3.2205066868975227,4.391747913188002,18.28156634274271,9.695959802626769,0.5745810743431201,0.1090780468795673,0.1857557936263735,0.0357574115817188,0.2796723319048911,0.3897364160074492,0.0115322474658246,0.0505481551463385,0.0082090061948991,4.383200698021141,,,,,0.9821350856252044,0.9772128407311114,0.9772128407311114,0.9549449360897696,1.0715078996123837,0.9918259290034588
tgt,O,target,32000,10,80000,577.1999999999986,1.1471354222224257,1.4723385338547108,1.4723385338547108,2.16778075827344,8.028443240781579,15.4969727390625,0.7832055584997244,0.0375721476326332,5.452851403513131,6.998688284963354,8.35055166588796,1.2834914739194114,4776.535785029581,36266424.350759074,6022.161103022658,13451130.245090924,346.0,7.780926524324611,44.66269899502447,7.612553889809954,,,,,,,,,1.0398050365556455,0.0516779585454032,13.03948980815729,22.04386677497969,0.0391691392569388,9.883238551043336,1.8716490658001623,0.0315994440641445,7.973237341715778,20.588139723801785,0.0309888186521931,7.819163069823904,10.813972380178717,0.0256349224898282,6.468256872905276,9.77416734362307,0.0203119448888401,5.125152111594836,3.535337124289196,0.018935666273033,4.777886633446471,4.159220146222583,0.0188469812439773,4.755509442762886,4.450544248957533,10.864347809622988,7.803371740355869,0.5697420049605475,0.1117767803650805,0.0637939098896237,0.1286896640366243,0.2339468482663635,0.4617927974423078,0.0516779585454032,0.0102293317622025,0.003186484401101,0.1979438052495301,,,,,1.0151568103336532,1.012562716021926,1.012562716021926,1.0252832538777008,1.0737804685125687,1.0681172583045082
tgt,O,target,32000,11,88000,577.1999999999986,1.1400595463416914,1.459400127467118,1.459400127467118,2.12984873205104,7.46175183438772,14.864606309765623,0.6598541592912892,0.0235449627997303,5.112889668807247,6.545054473974631,7.802583063708902,1.2801086856812616,5001.847811381519,38459348.74751834,6201.560186559374,13440867.219296249,346.0,7.87484643120891,30.46574188115696,7.677761076290419,,,,,,,,,3.1194151096669374,0.0352265355673457,8.081783012776164,18.50852965069049,0.0299351258330353,6.867811084636018,1.0398050365556455,0.0280718683433916,6.440336668384033,9.77416734362307,0.0255924338900116,5.871496987618113,19.340373679935013,0.0201524103221828,4.62342960456454,10.606011372867586,0.0198074261949982,4.544282256866178,25.37124289195776,0.0192682164718985,4.420575059712486,6.446791226645003,0.0179608533421741,4.1206356826727975,4.56377661262294,6.196498931333657,5.319206870669201,0.5180027833242602,0.0697652056280342,0.0603451459686409,0.1267760308528872,0.246167817717371,0.4969457998330664,0.0280718683433916,0.0040910667414728,0.0352265355673457,0.1457354633928442,,,,,1.008895018177077,1.0036646619320713,1.0036646619320713,1.00734275361122,0.9979871738961638,1.0245318750120773
tgt,O,target,32000,12,96000,577.1999999999986,1.105349360646471,1.409131872655122,1.409131872655122,1.9856526345325305,6.739711131470862,13.169370834374998,0.4964504825313391,-0.0006899864477827,4.782881760219464,6.097358329789053,7.250130171164224,1.2748294094364034,4815.765904241296,37469139.143794864,6121.204059970135,14277537.899341878,346.0,7.829323513226644,35.54173495035358,7.603439914811328,,,,,,,,,1.0398050365556455,0.0981344966725541,23.67870360121901,9.77416734362307,0.0319017069419898,7.697507896462186,19.54833468724614,0.0247840735904705,5.980106409856188,1.8716490658001623,0.0244045095156623,5.888522048293262,10.813972380178717,0.0234685487434847,5.6626856863795645,4.783103168155971,0.0194600049480467,4.6954710613187,8.734362307067425,0.019237329458429,4.641742076133108,7.070674248578391,0.0179205748047166,4.32402461471059,4.401506307246607,47.58436669173752,14.818308997555654,0.5660848641149538,0.1852223854789663,0.0572656691750028,0.1002288272655258,0.2275204216176754,0.4297626964628294,0.0981344966725541,0.0059672056810599,0.0032510363894879,0.0608064022675935,,,,,0.9781782599688936,0.9690939708500028,0.9690939708500028,0.9391431243378269,0.9014163716857304,0.9076890374693228
tgt,O,target,32000,13,104000,577.1999999999986,1.1404277631302182,1.4584886150866103,1.4584886150866103,2.127189040337259,7.299775689415576,14.186820522656248,0.6224844158678922,0.0408046181318294,5.005027542828699,6.400910189500235,7.613808021647024,1.2788960969190255,5275.612882228877,41178740.24626123,6417.066327089135,13346648.963121943,346.0,7.95980460873958,15.076790925039267,7.708576186243533,,,,,,,,,9.77416734362307,0.0431251215365973,9.6375954175138,19.54833468724614,0.0255197320356692,5.703145724805123,1.0398050365556455,0.0236979773048985,5.296020262440683,4.783103168155971,0.0210532685502972,4.704981163516076,3.1194151096669374,0.0177888999514091,3.9754605794866262,11.229894394800974,0.0174555248719047,3.90095796884892,13.309504467912266,0.016166460036827,3.6128779610771184,25.787164906580013,0.0160781788031928,3.5931488847891027,4.532898153318683,20.206493782825124,9.13659241959556,0.5235687779738449,0.09890404152759,0.0375604660294297,0.1201753390980078,0.285685605426704,0.4576745479182682,0.0236979773048985,0.0092576218554887,0.0177888999514091,0.3906502962674552,,,,,1.0092208714053106,1.0030377928863512,1.0030377928863512,1.006084813958324,0.9763233449794237,0.9778159964443756
tgt,O,target,32000,14,112000,577.1999999999986,1.164111936283265,1.505469070071212,1.505469070071212,2.266437120941079,7.476801335288586,14.790589578515624,0.9144724134493768,0.0497633626965122,4.966426400862524,6.422751199643074,7.686240204050317,1.2932339435299722,5005.351343164028,38678165.10068397,6219.177204476809,13624623.032170037,276.0,7.907211982389466,21.182700956823485,7.666900039062874,,,,,,,,,1.0398050365556455,0.0907007792008333,26.5436732955935,7.070674248578391,0.0239387335014739,7.005694182256439,10.813972380178717,0.0217885186256699,6.376431659028385,4.575142160844841,0.0194164722534898,5.682249927626383,8.734362307067425,0.0177121048850479,5.183465121120806,27.24289195775792,0.0174195479383647,5.09784803953079,2.9114541023558083,0.0164194378745637,4.805164834082374,11.645816409423231,0.0163782233740567,4.793103369493674,4.313240065544484,36.20188641644147,13.69581765932582,0.601374328185585,0.2332688150579923,0.0368380730202257,0.1376979474807363,0.224736121050892,0.3674590433901536,0.0907007792008333,0.0052294516867656,0.0164194378745637,0.0576560833631724,,,,,1.030180166365322,1.035347384739938,1.035347384739938,1.0719442070878302,0.9999999999999999,1.01943032715608
tgt,O,target,32000,15,120000,577.1999999999986,1.1208101593128976,1.455046473262916,1.455046473262916,2.11716023935485,7.461869597521434,14.596295658984374,1.1067602832223449,0.0384268118001804,5.128268914176463,6.657567774090491,7.988801347906894,1.298209568472881,5209.170973979548,39231299.208869,6263.489379640473,12095836.972717969,82.0,7.952912495790781,8.767788020696328,7.731245462756647,,,,,,,,,1.0398050365556455,0.0810866804161027,25.573978323280468,8.734362307067425,0.0462122733738,14.574917501449203,5.8229082047116165,0.0307760696935961,9.706483668845507,9.77416734362307,0.0297998285954383,9.39858638467423,9.150284321689682,0.023968916472816,7.559571401403515,17.052802599512592,0.0151190924311217,4.768419919486527,28.074735987002438,0.0146926011399918,4.633908567209506,2.49553208773355,0.0126237475361979,3.9814115486367743,4.348784323103225,25.521853156353497,12.2440887428315,0.592148051904763,0.1788138035907907,0.0346088669723341,0.145751143236963,0.2647323235475871,0.376093862652325,0.0810866804161027,0.0031706713516014,0.0013801496814136,0.0391022463281493,,,,,0.9918602845628279,1.0006705489449679,1.0006705489449679,1.001341547525825,0.9980029243659747,1.0060387640340875
tgt,O,target,32000,16,128000,577.1999999999986,1.109446537073831,1.4266863565764518,1.4266863565764518,2.0354339600413907,7.477047374092153,14.290135543359376,0.8681985499769072,0.0383995790301385,5.240848725874978,6.739439102497134,8.044719966738564,1.2859442153364649,4962.926560323827,37983969.45248583,6163.11361671078,13353329.409318132,346.0,7.86211815514422,41.57864717184727,7.639356456324429,,,,,,,,,8.942323314378553,0.0327640318945611,9.082643318576546,4.9910641754671,0.0290841455228349,8.062527861637685,9.77416734362307,0.026714478473871,7.405623343329725,6.238830219333875,0.0260900082177782,7.232511541418296,3.9512591389114537,0.0248723258456591,6.894953126847465,1.0398050365556455,0.024022380650013,6.659336549582689,10.398050365556458,0.0215437216377329,5.9722179498522125,1.455727051177904,0.0213191057519342,5.909951316094777,4.459653207879214,12.25786218217643,8.513874178121815,0.564516752537582,0.1274152087169955,0.0370737432860549,0.1675927237824364,0.3322619615436953,0.3356563626708178,0.024022380650013,0.0036073234129484,0.0014630248493374,0.1501651091685755,,,,,0.9818040538139785,0.9811666127791713,0.9811666127791713,0.9626879220325535,1.0000329069601468,0.9849369069933719
tgt,O,target,32000,17,136000,577.1999999999986,1.119342596275245,1.4355861980255955,1.4355861980255955,2.060907731961585,7.462367415397176,14.551016484375,0.7392070250744354,0.0091197203750411,5.198132599529859,6.6667412106199535,7.941287598189089,1.2825261924288496,5040.795660265616,38151534.27455519,6176.692826631028,12741913.38600253,346.0,7.92549553779008,24.495355840075856,7.6660632720852515,,,,,,,,,1.0398050365556455,0.0379618986610308,9.536909817102623,10.813972380178717,0.0374564135328116,9.40992022354308,12.685621445978878,0.031902639363359,8.01468328158804,6.030869212022745,0.0229357334306284,5.761988441888676,3.1194151096669374,0.0205031023537779,5.150855068256343,23.083671811535336,0.0197267458704136,4.955816304945798,1.6636880584890332,0.018214594086746,4.575928688697212,2.0796100731112914,0.0178749961146263,4.490613798019716,4.535039714572864,7.564419443614345,5.732246697815652,0.5313435839214649,0.119150749189669,0.072884079546852,0.0956735032280339,0.2149149859879647,0.4973766820474801,0.0379618986610308,0.0178749961146263,0.0205031023537779,0.4708667570546138,,,,,0.9905615655245991,0.9872872483685395,0.9872872483685395,0.9747361107911239,0.9980695060301673,1.002917930781271
tgt,O,target,32000,18,144000,577.1999999999986,1.10200922953754,1.413313276831369,1.413313276831369,1.9974544184678216,7.297395289734099,14.0390674265625,0.7450970584922056,-0.0004855861362326,5.163324656575509,6.621900338157641,7.892055367505901,1.2824876951558617,5181.043234466102,39868342.59697837,6314.138309934172,13025133.5995714,346.0,7.953061554784444,22.55938647280365,7.651622545611453,,,,,,,,,0.8318440292445166,0.0590216937969903,16.716833518801508,2.0796100731112914,0.0528990708366143,14.982710654096168,15.389114541023558,0.0296821657909349,8.40693975525701,6.030869212022745,0.0259730076819193,7.356387414000952,7.278635255889521,0.0231245185910988,6.549604096748951,12.06173842404549,0.0201486462055882,5.706741751712086,10.813972380178717,0.0198563103304871,5.623942871482596,5.406986190089358,0.0194066896663408,5.496595902840867,4.391715657041332,15.608693477312416,8.912275763345532,0.5848724596526464,0.1083421331195712,0.1292097770033947,0.1347357842115793,0.2527278397085462,0.3749844659569084,0.0446457746309968,0.0528990708366143,0.0140332628143046,1.1848617539430588,,,,,0.9752224129285596,0.971969623338973,0.971969623338973,0.944724948693706,0.9760049735830565,0.9676322247772903
tgt,O,target,32000,19,152000,577.1999999999986,1.0947844070593244,1.404902320885346,1.404902320885346,1.9737505312290315,7.293701209527612,13.9964517328125,0.7510295498532127,0.0489118520691809,5.1916073460011445,6.662226062492427,7.940597078822082,1.2832684790037692,5129.695925181775,39787461.58395307,6307.730303679214,13473681.29912655,346.0,7.862867361817246,20.99339637624671,7.619935937082732,,,,,,,,,1.0398050365556455,0.1168883832920912,30.537582975338378,5.8229082047116165,0.0288652604130501,7.541170988442535,6.862713241267263,0.0255074871477362,6.663938565390998,1.8716490658001623,0.0252180850401584,6.588331044570811,9.77416734362307,0.0239024199929576,6.244608003708417,10.813972380178717,0.0234312104156057,6.121502514849017,9.150284321689682,0.0232130859463876,6.064516577580515,13.101543460601135,0.0187605446030027,4.9012713782268165,4.352282532152961,65.51685652122555,17.650145877105746,0.580149823903259,0.1899970102818195,0.066332158116909,0.101835921318565,0.2605500538265773,0.3812848564561289,0.1168883832920912,0.0188656448249276,0.0086784745834776,0.1613988002351188,,,,,0.9688288105690378,0.9661852060998557,0.9661852060998557,0.9335138524862218,0.9755109013132676,0.9646949699511101
tgt,O,target,32000,20,160000,577.1999999999986,1.1713305885441536,1.520654893816084,1.520654893816084,2.312391306086805,8.188724811759084,16.163684053125,1.1555394744971084,0.0556943601784987,5.384998821924737,6.990959590605292,8.378374571538306,1.298228620243587,5168.968589743064,40509026.32366433,6364.670166133067,13790790.041913928,276.0,7.926582739299245,20.843885723587377,7.672849566180103,,,,,,,,,1.0398050365556455,0.1056824184433245,30.59154010243184,10.813972380178717,0.0429347075081339,12.428167767807416,12.47766043866775,0.0327361785521583,9.47603332446239,8.734362307067425,0.0291111571838916,8.426710379426115,9.77416734362307,0.0287610196409408,8.325357223013533,3.7432981316003247,0.0207485596947067,6.006016945086441,2.49553208773355,0.0202885492952703,5.872859256331986,18.924451665312752,0.0176444473207677,5.107479803634327,4.336174271040785,50.092941889837846,15.958045184941986,0.5939219229554649,0.1579998739209167,0.0554029764885989,0.0975665630549048,0.294493369378591,0.3945372171569886,0.1056824184433245,0.0009616304490823,0.0097333839028715,0.0090992471901929,,,,,1.0365683083946862,1.0457910419441547,1.0457910419441547,1.093678903410642,1.0952176531841764,1.1140698370983013
tgt,O,target,32000,21,168000,577.1999999999986,1.18639912787368,1.5415868971748692,1.5415868971748692,2.376490161541241,8.21242660223965,16.163684053125,1.1009621791547213,0.0264105312475087,5.3272550624843245,6.92214484087781,8.3101917706175,1.2993830330408904,5254.937607265816,40025678.27548464,6326.585040563719,12411309.019228067,276.0,7.972489574623056,12.089867464456248,7.770363498367972,,,,,,,,,0.8318440292445166,0.0926763705569548,27.01510322411165,2.0796100731112914,0.032260563288181,9.40393373262928,10.813972380178717,0.0239562765161115,6.983239406752412,17.26076360682372,0.0233374106466227,6.802840398400594,4.367181153533712,0.0205288562926106,5.98414858593328,20.588139723801785,0.0203392114224744,5.928867226597979,3.535337124289196,0.0203332520155879,5.927130063271154,9.77416734362307,0.0200108612178039,5.833153350239599,4.280184463998725,40.11229394478334,13.994131954100157,0.6080533327921427,0.2058330894174542,0.0707817818486751,0.1275473417941756,0.2042481876403563,0.3915895992993387,0.0905211261123924,0.032260563288181,0.0178102347248849,0.3563871183812877,,,,,1.0499032033214886,1.0601864854412841,1.0601864854412841,1.1239953839123435,1.0983876973538271,1.1140698370983013
tgt,O,target,32000,22,176000,577.1999999999986,1.1250131864222377,1.4438436815186535,1.4438436815186535,2.08468457666134,7.335634377545947,13.930986176953123,0.6595192402262824,-0.011637563417999,5.080629206220683,6.520487462789819,7.779774051184312,1.2834015627044124,4851.870890763172,37345506.73971108,6111.097016061116,13804855.59907606,346.0,7.755669866405229,42.62895774724007,7.620188789170045,,,,,,,,,1.0398050365556455,0.0513227444893406,13.872110027080424,10.813972380178717,0.0383326729372826,10.361001967237248,9.77416734362307,0.0326445102158715,8.823538998168228,8.942323314378553,0.027088777176699,7.321870668320954,15.181153533712427,0.0267511520367548,7.2306134073187325,3.1194151096669374,0.0227225164760852,6.14170679656209,2.0796100731112914,0.0211347492482738,5.712546549955098,21.21202274573517,0.0209595947883641,5.665203759467621,4.457554054666154,11.459929568160794,7.7497344178904255,0.5634991619232148,0.1348035145072245,0.0647402138256693,0.0583235388971342,0.2752973285465627,0.4668354042234092,0.0513227444893406,0.0211347492482738,0.0227225164760852,0.4118008391435802,,,,,0.9955797509060408,0.9929661189006763,0.9929661189006763,0.985981713284674,0.9811193381484716,0.9601828054648397
tgt,O,target,32000,23,184000,577.1999999999986,1.105886773087516,1.4144734435357529,1.4144734435357529,2.00073512246789,7.305649488286816,13.387636081640624,0.6644328695968094,-0.0067673876339872,5.164925168209417,6.606146005240327,7.866215280236665,1.2790400228636585,4760.818514029459,36517660.37684858,6042.984393232253,13852267.45332291,346.0,7.8238127457334095,36.19128371907263,7.594745989885722,,,,,,,,,1.0398050365556455,0.0628124091644337,18.74648060321778,2.9114541023558083,0.0392853356820223,11.724781665768957,1.8716490658001623,0.033495648616125,9.996838768444135,9.77416734362307,0.0277482436628293,8.281515046442985,17.46872461413485,0.0246589613412557,7.359512978863719,22.459788789601948,0.0191812684987721,5.72468533910256,3.3273761169780665,0.0177849946233164,5.307964798190198,3.9512591389114537,0.0165261107001346,4.932248544641504,4.402327395600024,18.107652763710327,9.484673783829471,0.5800538117016931,0.1761749961675307,0.1216151236693524,0.1015167136999912,0.1486163249965495,0.4520768414665759,0.0628124091644337,0.0229657128761481,0.0392853356820223,0.3656238183073285,,,,,0.9786538427892967,0.9727674979596647,0.9727674979596647,0.9462766050867072,0.9771089481548777,0.9227328064310419
tgt,O,target,32000,24,192000,577.1999999999986,1.1211054647944196,1.44003353719506,1.44003353719506,2.073696588246516,6.825636056619434,13.110073339453123,0.6975790274307831,0.0531756762480988,4.73991464803651,6.088308612307926,7.272927192488376,1.2844764229722476,4975.389397428548,37579430.62347989,6130.206409533033,12824930.967435472,346.0,7.884267515900676,25.819812201936895,7.643665540016149,,,,,,,,,0.8318440292445166,0.0970762062196809,31.437717272096307,2.703493095044679,0.0321848973093985,10.422942360918023,9.77416734362307,0.0258829112769487,8.382070937775286,2.0796100731112914,0.0255560855275085,8.276229806273996,4.783103168155971,0.021572311493733,6.986101497527207,6.862713241267263,0.0209850151653984,6.795908074812044,6.030869212022745,0.0198076673746184,6.414628990896172,8.942323314378553,0.0154542581020397,5.00479587925461,4.253063447552735,35.809443062980485,14.658507139171796,0.6206678916078421,0.2349936787203175,0.1119282057018461,0.1081922088958954,0.2414980139199864,0.3033878927619545,0.0807276245396085,0.0255560855275085,0.0310542434880478,0.3165717518995369,,,,,0.9921216149732472,0.9903457907655208,0.9903457907655208,0.9807847852869855,0.9129085755434185,0.9036020019710523
tgt,O,target,32000,25,200000,577.1999999999986,1.1153446397220936,1.4331158161158677,1.4331158161158677,2.053820942401449,6.838832053500951,13.577584321875,0.6441834440540672,0.053642431586335,4.772002357793572,6.131586426235774,7.326813803298535,1.284908507267912,4703.196468864759,35685251.55837348,5973.713381002932,13565194.533631548,346.0,7.784648545408682,41.22022223746045,7.604246924431148,,,,,,,,,1.0398050365556455,0.0438813478737836,13.028929188608505,8.734362307067425,0.0330249323858665,9.805521625079884,14.141348497156782,0.0326086991854051,9.681936704435286,18.50852965069049,0.032289126248373,9.58705144295329,6.238830219333875,0.025031536857309,7.432181029032809,12.685621445978878,0.0213035517402639,6.325294926858502,20.172217709179527,0.0205634074047371,6.1055366786691945,17.052802599512592,0.0185857521313129,5.518345724757852,4.42316993488709,7.600557910442521,6.6260835289413205,0.5849231593583322,0.1256289009573616,0.0358329011423276,0.0505418823038419,0.2299827703553253,0.5580135452411433,0.0438813478737836,0.0162675594122886,0.0031160808725379,0.3707169492311046,,,,,0.9870235762482442,0.98558830715454,0.98558830715454,0.9713843111997529,0.9146735009827552,0.935824846856944
tgt,O,target,32000,26,208000,577.1999999999986,1.1095857307482602,1.4292222973342663,1.4292222973342663,2.0426763751974377,7.390705524122607,14.50868115703125,0.837640314979625,0.0578528563256065,5.171137854413769,6.660779171278591,7.959076096919792,1.288068382394543,4988.420072206052,38064297.875986725,6169.627045128962,13179963.05919849,70.0,7.87808621936787,21.02392718737551,7.607729022489456,,,,,,,,,1.0398050365556455,0.1359905075848559,36.78248844223965,9.77416734362307,0.0505849632343688,13.682137515063538,23.91551584077985,0.0232794881996654,6.296597614441174,2.2875710804224205,0.0202986002614873,5.490331956044156,10.813972380178717,0.0200600869969486,5.425819281211023,11.645816409423231,0.019254925263875,5.208040462182547,17.46872461413485,0.0170671581735105,4.616296824006687,19.54833468724614,0.0138616393010075,3.749273360581115,4.279789195176474,71.80346330773764,20.534566645313216,0.5865099594752403,0.2216495737606108,0.0636492174137382,0.068722812622214,0.2464882466833845,0.3994901495200523,0.1359905075848559,0.0194163330714737,0.0029843663586139,0.1427771203752252,,,,,0.9819272331734638,0.9829106403939893,0.9829106403939893,0.9661133269997234,0.9884849406443863,0.9999999999999999
tgt,O,target,32000,27,216000,577.1999999999986,1.131676006354553,1.4555207756692632,1.4555207756692632,2.1185407284048536,7.369332905313122,14.50868115703125,0.7513913942546075,0.0325274128577439,5.063021448058387,6.511875186826047,7.779495366622025,1.2861638556397594,5187.403545215746,40068603.130975306,6329.976550586527,13159447.590058418,70.0,7.920114015913585,21.832234225755617,7.674238121510904,,,,,,,,,1.0398050365556455,0.0459319802550529,12.337489036693755,4.9910641754671,0.0414145797437723,11.124099607960206,3.9512591389114537,0.0358169511352935,9.620557169661062,12.893582453290009,0.0276470147979639,7.426083963137333,2.703493095044679,0.0267157791254026,7.175950835042143,9.77416734362307,0.0261988516724992,7.037102330197643,28.282696994313564,0.0248558318772494,6.676362560042968,9.150284321689682,0.0201636520717009,5.416026807312547,4.4178310420846,8.919162379391011,6.935729018512992,0.581272691476439,0.1348515733330808,0.0894160319113446,0.1892743080453333,0.1928538606930674,0.3936042260171738,0.0459319802550529,0.0051945106985552,0.0226529881307337,0.1130913727123868,,,,,1.0014760094464776,1.0009967381478881,1.0009967381478881,1.0019944697827128,0.9856264162766715,0.9999999999999999
tgt,O,target,32000,28,224000,577.1999999999986,1.1351047184199952,1.4474799010171395,1.4474799010171395,2.095198063848589,6.861524070790418,13.449597057421876,0.5080400854930369,0.0254572369469351,4.7403242462738895,6.044837942648363,7.186851005398081,1.2751950348957044,4598.14068234006,34967565.36756559,5913.337920968629,13824667.632974865,346.0,7.763774706938205,41.16153498361943,7.591670289239205,,,,,,,,,1.0398050365556455,0.1209478357116564,37.50194523573455,10.813972380178717,0.0591898505480545,18.35282558553898,9.77416734362307,0.0325539450991093,10.093907502606491,8.734362307067425,0.0221623645808344,6.8718202183152775,5.8229082047116165,0.0212400490962546,6.585840526415359,6.862713241267263,0.0210656782758536,6.531773870993954,17.46872461413485,0.0196363866325577,6.08859754942203,5.406986190089358,0.0188432142804286,5.842660894689661,4.244071037800909,55.329535106164606,18.263123192460096,0.6209790074998707,0.1941271866336558,0.0474942848876069,0.099539892334209,0.3155694913691851,0.3432691447753431,0.1209478357116564,0.0110843958968207,0.0097846979521949,0.0916460871871623,,,,,1.0045102461516466,0.9954668347393085,0.9954668347393085,0.9909542190658994,0.9177084909834079,0.9270034203559488
tgt,O,target,32000,29,232000,577.1999999999986,1.1538059835329115,1.48027515204001,1.48027515204001,2.1912145257470748,7.690585897515203,14.149111241015625,0.7072926687785781,0.0300302345084072,5.195375931907922,6.665406495778646,7.950598727520137,1.2829497967294108,4816.085334421924,36554326.64358172,6046.017420052784,13359648.695147786,346.0,7.77589564574255,47.25950039698117,7.671537375708899,,,,,,,,,1.0398050365556455,0.1489657186104349,46.4370194547226,9.77416734362307,0.0394044344651115,12.283527424480509,22.04386677497969,0.0238310304693023,7.428836888459522,1.8716490658001623,0.0189423180160903,5.904880656005587,18.924451665312752,0.0185802914949673,5.79202628413176,19.340373679935013,0.0180602498903735,5.629913938183616,13.725426482534523,0.0177043919412499,5.518982492608671,17.26076360682372,0.0173422255959833,5.406084533414616,4.199216463239743,77.65877899815558,22.493823510175645,0.6199621752874214,0.2595014201358874,0.0612761585263267,0.1062661650885641,0.1944042131951159,0.3785520430541058,0.1489657186104349,0.0119081754445063,0.0152879948136539,0.079939032654673,,,,,1.0210599196021026,1.0180209197440655,1.0180209197440655,1.0363665930365547,1.0285930510441152,0.9752169124041044
tgt,O,target,32000,30,240000,577.1999999999986,1.1551598667523686,1.482309608864477,1.482309608864477,2.1972417765319587,7.724222392937083,14.149111241015625,0.6500133093952649,-0.0190640882312205,5.21093727433165,6.686712908964172,7.989726336600269,1.2832073304542495,4837.415515816675,37106090.06829937,6091.476838033563,13705501.195635457,70.0,7.809386663166546,41.692664861045046,7.61932441615,,,,,,,,,1.0398050365556455,0.1173165524731148,36.3631609829224,1.8716490658001623,0.0329086432993671,10.200285201005164,12.893582453290009,0.027337785997744,8.473555454849064,12.06173842404549,0.021578737317224,6.688494354232179,4.159220146222583,0.0199888795517654,6.195705803540951,9.77416734362307,0.0199751718192884,6.191456987220786,6.862713241267263,0.0198869898475506,6.164124311937571,11.437855402112104,0.0141742023760594,4.393402226197262,4.297703676379488,56.99174695693476,17.714799423440308,0.6004912447067032,0.21255726907345,0.0841700659888178,0.0701530478893458,0.2446541916608899,0.3884654253874963,0.1173165524731148,0.0306808364411888,0.0084832090278567,0.2615218039923089,,,,,1.0222580377527615,1.0194200647643472,1.0194200647643472,1.0392172684441472,1.03309183253014,0.9752169124041044
tgt,P,target,32000,0,0,577.1999999999986,6.78820552866986,8.559404659137316,8.559404659137316,73.2634081188616,35.47140403692143,69.56353143632813,0.1382303493834573,0.0138885266882822,4.144143833537643,5.225446384483114,6.188234179875555,1.2609230264147968,5764.139845180152,37170980.20718052,6096.80081741076,3945672.052387051,6346.0,7.679575930724916,4.907884325740237,6.914724949295968,,,,,,,,,24.12347684809098,0.0348792109800731,7.495233460829425,8.318440292445166,0.0269708128459302,5.79578875864125,7.486596263200649,0.0252633251928384,5.4288647878347325,20.588139723801785,0.0233320523393834,5.013851359879677,21.627944760357437,0.0226282949384655,4.862620128683558,11.021933387489844,0.0211294567718487,4.540533084191269,30.362307067424855,0.0206880909177566,4.445687472002725,31.61007311129163,0.016157032031993,3.472003056005866,4.612120015424623,5.758987160459466,5.266760857991002,0.4914527185063093,0.0495356541512814,0.0291288174089602,0.0633305899640975,0.2588040638412774,0.5992008746343833,0.008786849855871,0.0044582047101299,0.0126499974078902,0.5073723555938322,,,,,1.0100993260577844,1.0139577488863938,1.0139577488863938,1.0281103165267638,1.0164685169557706,1.0326333729406452
tgt,P,target,32000,1,8000,577.1999999999986,6.720334677543908,8.476185477054049,8.476185477054049,71.84572024142197,35.46543025012124,68.44585075781251,0.1507887346589269,0.0294452537121205,4.184126261291215,5.277330959219068,6.244201987862449,1.2612743090572676,5788.00009440286,37334769.775264814,6110.218471975026,3833824.6824573088,6450.0,7.693086289990209,4.339723336411041,6.5534125795843625,,,,,,,,,23.91551584077985,0.0341104951711621,7.2447759222109,15.181153533712427,0.0235248584128524,4.9964776807738005,5.8229082047116165,0.0230259692692826,4.890517915691214,5.406986190089358,0.0194197113820408,4.124579743885927,13.309504467912266,0.0187909404103802,3.9910341951269954,12.893582453290009,0.0180050344482,3.824114525290645,20.380178716490654,0.0179159043421556,3.8051840570293503,1.247766043866775,0.0169413981395649,3.598207317549385,4.6291917204010105,5.843946526547288,5.150684770845375,0.4819544724273996,0.06402917599806,0.0396472432542901,0.12586642755551,0.1638102279958926,0.6066469251962469,0.0013330735592166,0.001694581849705,0.0157861429556258,1.271184051861088,,,,,0.9999999999999999,1.0040995008084461,1.0040995008084461,1.0082158075237713,1.0162973321274769,1.0160420017854506
tgt,P,target,32000,2,16000,577.1999999999986,6.618567507064014,8.366600444886812,8.366600444886812,70.0000030043802,34.58785715575608,66.49492111992188,0.1333169904465116,0.014186872288144,4.134039552096702,5.225882657967172,6.196766316019778,1.2641104643800722,5707.994045009082,36505698.691736005,6041.994595473916,3924502.673876872,7364.0,7.6764618388872945,4.497440376719084,6.529563257698113,,,,,,,,,18.716490658001625,0.0487337214380105,11.375993727166756,22.875710804224205,0.0348348828311293,8.13156469237811,16.428919577579205,0.0252534606177023,5.894957353947625,5.199025182778229,0.025116108508678,5.862895022474305,26.826969943135666,0.0212195439851125,4.953313478738396,8.110479285134037,0.0191332871260066,4.466315066917192,20.588139723801785,0.0184223313799895,4.300355483525422,2.9114541023558083,0.0167629671412384,3.913007326764407,4.560439226710625,11.77072438541937,7.358791937139409,0.5138459579324102,0.0359276451929781,0.0504900456148478,0.1258940554253945,0.1374743669213728,0.6502138868454065,0.0108727315359593,0.0030843236384207,0.0167629671412384,0.2836751397692719,,,,,0.9848568299998584,0.9911179212532234,0.9911179212532234,0.9823147338293114,0.9911495984538634,0.9870814960326793
tgt,P,target,32000,3,24000,577.1999999999986,6.743195017756043,8.50143063425798,8.50143063425798,72.27432282910004,35.08676146758526,67.8952111359375,0.0597348284075192,0.0047796048226295,4.127159648423523,5.203284403786383,6.165311274932744,1.2607422166897038,5711.216747128711,36607583.54009856,6050.420112694535,3989586.807415094,6700.0,7.683854382597213,4.848765463510013,6.570816309682424,,,,,,,,,13.933387489845654,0.0641999417780101,12.948009220650944,23.91551584077985,0.0304554128905123,6.1423259274692095,16.844841592201462,0.0233641822886462,4.712148318645059,23.083671811535336,0.0204732389739226,4.129095442602699,24.9553208773355,0.0192614594837037,3.8847006413269702,18.300568643379364,0.0183142557068022,3.693666149744977,18.716490658001625,0.0162502747987547,3.2773971767752834,10.190089358245327,0.0157512974316489,3.1767621392464016,4.557431002310747,25.594858777610188,9.694191208479324,0.5074360326969298,0.0371461250511322,0.0236211937655609,0.0802162581347328,0.1743144660721811,0.6847019569763926,0.0087831139935438,0.0044889544001993,0.008547756158565,0.5110891652992262,,,,,1.0034016669271728,1.007090073609728,1.007090073609728,1.0142304163632478,1.0054461998914608,1.0078680514659213
tgt,P,target,32000,4,32000,577.1999999999986,6.802733105266541,8.544209803011237,8.544209803011237,73.00352115787332,35.119193903002255,68.53963332070313,0.0685635174522074,0.0004986468462325,4.110291614166718,5.162512384295733,6.099381364295074,1.2559966223568615,5774.09221818009,37284555.36240992,6106.10803723697,3944414.4183620512,6450.0,7.615110700615246,7.903900785170787,6.660938580586845,,,,,,,,,12.893582453290009,0.0354422054670121,7.715677845864627,5.406986190089358,0.0303537754422763,6.607939591578257,24.9553208773355,0.028280115984979,6.156509210096273,20.380178716490654,0.0248160190962589,5.402384141747951,5.8229082047116165,0.0235257942412967,5.121505477498859,8.526401299756296,0.0227308111537878,4.948439684461841,2.0796100731112914,0.0186365229366348,4.057123569242251,4.367181153533712,0.0184541932030678,4.017430850705459,4.615128139016258,6.929031630275536,5.351773025518756,0.4871513100187619,0.0362323081893125,0.050462721856617,0.1590173919085114,0.1985281581090373,0.5557594199365212,0.0080701096096973,0.0186365229366348,0.0149671005364517,2.309327113962768,,,,,1.0122610601519546,1.0121577472828003,1.0121577472828003,1.0244633053845937,1.0063755837268245,1.0174341537110525
tgt,P,target,32000,5,40000,577.1999999999986,6.724125868503026,8.44157921623254,8.44157921623254,71.26025966392918,33.423833913388656,66.20488207265625,0.057012528914226,0.007915117041018,3.959429042508196,4.970732934959878,5.872400291602353,1.255416597088569,5789.700173296418,37234866.34069149,6102.037884239288,3714238.2440229272,6440.0,7.659607048449295,5.174055828433914,6.8476352377410565,,,,,,,,,7.694557270511779,0.0240447128496096,4.745085639460794,31.402112103980503,0.0217192675300509,4.286172394781797,10.813972380178717,0.0204713834468794,4.039909655866826,12.26969943135662,0.020266598419214,3.999496509740708,19.13241267262388,0.020171146754725,3.980659673332549,19.9642567018684,0.0195858334247334,3.86515145769698,1.6636880584890332,0.0193622331102077,3.821025223041105,23.707554833468723,0.0184973973199226,3.6503548592633943,4.662097546180196,3.3553145861936216,3.630751640291025,0.4635419498689079,0.0232353160271051,0.0504239323853998,0.1083766437422406,0.2071748342387921,0.6107892736064621,0.001054371614245,0.0061107207219768,0.0141993989717163,5.795604352035656,,,,,1.0005641372254548,0.9999999999999998,0.9999999999999998,1.0,0.9577933496389108,0.9827760216917661
tgt,P,target,32000,6,48000,577.1999999999986,6.769591364544781,8.495138423379409,8.495138423379409,72.1673768323772,32.47822747486377,63.56144741132812,0.0389069394934615,0.0107225725286137,3.82315459221675,4.79766439743486,5.661565684466105,1.2548967826729975,5808.103599771888,37764185.07771694,6145.257120553781,4030117.652033784,6598.0,7.706989280761048,4.649996985595695,6.9999810289527575,,,,,,,,,14.141348497156782,0.031873764214955,6.49031367002574,16.844841592201462,0.0268832092002512,5.474109019250599,7.486596263200649,0.0210562350262637,4.28758803348722,5.199025182778229,0.0194550199271908,3.961539682998117,13.517465475223394,0.0172881740816265,3.5203144446653982,1.0398050365556455,0.0167305905287864,3.40677617128251,17.46872461413485,0.01670468198326,3.4015005287174667,26.4110479285134,0.015846022416583,3.226655477912731,4.680013113529193,5.6816365490313,4.812938396458181,0.4503078079623364,0.0554210394438178,0.0502921547086111,0.0961649950808588,0.1677589789225913,0.6303628318441207,0.0167305905287864,0.0038114093264376,0.0106515257430759,0.2278108067764832,,,,,1.0073294991044812,1.0063446904631157,1.0063446904631157,1.0127296360233051,0.9306960525262635,0.9435356497021126
tgt,P,target,32000,7,56000,577.1999999999986,6.787640065078309,8.532137920058924,8.532137920058924,72.79737748690741,32.47450832235172,64.22213084765625,0.0701244896876578,-0.0022045663937387,3.806139636585204,4.784359219255725,5.653097707979672,1.257010954949514,5833.815187163664,37805688.64363627,6148.633071149739,3772289.005654861,6472.0,7.624577850408186,5.324329493052357,6.657552891197767,,,,,,,,,17.676685621445976,0.0400330569552294,8.68456527143377,12.893582453290009,0.0230040757361074,4.9903857570171,23.91551584077985,0.0225048293204582,4.882081809904491,20.172217709179527,0.0196053896483164,4.253092294778031,14.34930950446791,0.0191677911993632,4.158161940174781,13.517465475223394,0.0176766916683717,3.834690484632868,21.419983753046303,0.0171520363356476,3.720874457864184,22.875710804224205,0.0160469965448415,3.481152814785084,4.597702723529384,7.127685449484371,6.044991600239552,0.4986824565724193,0.0058328123020673,0.0215415858440304,0.0878428803179581,0.1431180633828291,0.7416646581531148,0.0015909842298775,0.0012484363395417,0.0054973754106578,0.7846943516549894,,,,,1.010015183880544,1.0107276969754952,1.0107276969754952,1.0215704774333891,0.9305894764957707,0.9533431415187981
tgt,P,target,32000,8,64000,577.1999999999986,6.64260043906112,8.364312102910842,8.364312102910842,69.9617169549008,36.943511006034775,68.69047044726562,0.1067251290445727,0.0029662797063641,4.416802069494005,5.561603673884514,6.584222209106572,1.2591924171329223,5812.315458369073,37532293.40334699,6126.360534880966,3749282.4157509007,6674.0,7.648665107998526,6.041523516933966,6.505697340119298,,,,,,,,,18.50852965069049,0.0333551653023042,7.837520194324451,2.2875710804224205,0.0299947310821868,7.0479132227154695,28.074735987002438,0.028325592627568,6.655712907512884,8.734362307067425,0.0280666506612108,6.594868871151818,13.933387489845654,0.0250846643426315,5.894186449726372,13.309504467912266,0.0211382809975911,4.966898010860123,21.627944760357437,0.0208564971982366,4.900686789963481,12.685621445978878,0.0194526309507154,4.57081793860698,4.54930360346168,5.797045521774388,5.036629960647836,0.5263742594444969,0.0375637557970158,0.0905609196260878,0.0387091834100558,0.2106976063778312,0.6224685347890092,0.0137596789983952,0.0272492512709814,0.0120739214216901,1.9803696926490124,,,,,0.9884329810623064,0.9908468414093514,0.9908468414093514,0.9817774631308889,1.0586532127218975,1.019673250081677
tgt,P,target,32000,9,72000,577.1999999999986,6.64244015426077,8.386330501265947,8.386330501265947,70.33053927646355,36.95482267034863,71.7709963359375,0.1353011109532818,0.0177681878054517,4.406554531182113,5.563440815742769,6.598887400509616,1.2625376076418695,5802.546439645603,37495531.94310616,6123.359530772807,3825986.758862298,6690.0,7.678655399981437,4.812960457518947,6.604223789662092,,,,,,,,,20.380178716490654,0.0313465738994726,7.243694317194163,2.49553208773355,0.0274247014142757,6.33741200625049,13.725426482534523,0.0251480731851394,5.811319457232368,8.110479285134037,0.0233012340177733,5.384544319881656,15.389114541023558,0.0214880843541715,4.965554290649916,12.06173842404549,0.0204789577976794,4.73236120466758,27.45085296506905,0.0181873905264652,4.202816480794533,17.052802599512592,0.0177630192585932,4.104751035067555,4.643269357574667,5.406514716557431,4.733332658820271,0.4735479351193477,0.0488026114407536,0.0769749594008058,0.0797044411036231,0.1524244545160335,0.642093533538784,0.0022919152124793,0.0072108874464614,0.015458282718821,3.14622783777184,,,,,0.9884091303453346,0.9934551683338639,0.9934551683338639,0.9869531714892665,1.0589773597626362,1.065402007279144
tgt,P,target,32000,10,80000,577.1999999999986,6.782037068846284,8.57889288522965,8.57889288522965,73.5974031362439,35.024295059281656,69.870672834375,0.1584203842257303,-4.783843651249369e-05,4.08261246851318,5.164273610382168,6.131109529860492,1.2649433788317188,5823.873686280638,37589612.1803753,6131.036794896545,3672107.4666232574,6722.0,7.592138386116466,6.594220546069391,6.5293344076375295,,,,,,,,,9.358245329000813,0.0241931384184507,5.559743716979798,22.66774979691308,0.0223282562321138,5.131181418072468,16.220958570268074,0.0220115738175367,5.05840569818571,29.114541023558083,0.0213607786702539,4.908848655665451,25.16328188464663,0.0207876748101882,4.77714558638748,30.98619008935824,0.0206706905881075,4.750261836026133,7.486596263200649,0.0197795865183863,4.545480208809495,2.0796100731112914,0.0191605456915482,4.403220519800222,4.6026765504554685,2.932083282181293,3.653163901185982,0.4988304217743156,0.0313117601567014,0.0770790324304713,0.0859969687484894,0.1985582223644562,0.6070540162998814,0.0024969146917802,0.0191605456915482,0.0162421253817341,7.673688551294916,,,,,1.0091814462021593,1.0162663484497145,1.0162663484497145,1.0327972909913175,1.0036561625604932,1.0371927225206066
tgt,P,target,32000,11,88000,577.1999999999986,6.762470968475712,8.545091041795935,8.545091041795935,73.01858091258114,35.02675411798508,68.71177829414063,0.1728247009435084,-0.0018363144255935,4.0990498458889855,5.179579222042127,6.136242692486434,1.2636048393595942,5775.025663518234,37243800.13671206,6102.769874140107,3892878.722417832,6598.0,7.637713307348166,6.186417738863902,6.621839621041104,,,,,,,,,6.238830219333875,0.0340698264845744,7.68813149403469,29.114541023558083,0.0222475606895886,5.020341740822077,10.606011372867586,0.0217775681565313,4.914284130079777,26.203086921202274,0.0207895624351071,4.691332659909911,19.54833468724614,0.0199568790148877,4.50343092138925,5.614947197400487,0.0184828885719752,4.170813074004775,16.428919577579205,0.0174100564523805,3.928719842030061,2.703493095044679,0.0168843876332388,3.810098427691325,4.623744906833831,4.957975091063425,5.144543799170646,0.4851352926444952,0.017256387477991,0.0489283054556436,0.095764628536712,0.2523592083921662,0.5856914701374868,0.003554562889969,0.0089766420720563,0.0059217782131152,2.5253856373910253,,,,,1.0062699691240975,1.0122621399280773,1.0122621399280773,1.0246746399317712,1.0037266293441247,1.0199895536581964
tgt,P,target,32000,12,96000,577.1999999999986,6.634498271808885,8.366994226562982,8.366994226562982,70.00659238733827,33.68289583591265,66.97939426992187,0.1342004308902025,0.015909123872961,4.0256865158307855,5.076931887831209,6.00672730635349,1.261134434553176,5750.7306725575645,36947899.09582813,6078.478353653004,3876995.827533763,6720.0,7.660784665458161,5.295396691423012,6.513084408227102,,,,,,,,,17.052802599512592,0.0280384075431711,5.0827522744617175,11.229894394800974,0.0261093136771637,4.733049595377612,2.703493095044679,0.0260903004340075,4.729602908730072,8.110479285134037,0.0243060573592921,4.406158521518045,10.190089358245327,0.0241107905336254,4.370760901280301,25.787164906580013,0.020401711536668,3.6983857073996855,4.159220146222583,0.0170479963659011,3.0904302311171548,20.796100731112915,0.0167746268649675,3.0408742978674,4.682454904281897,5.517875512418448,4.2337995390187375,0.4464887138883617,0.0569632242430182,0.0560771960399844,0.1239047527592835,0.2225154882987726,0.5405393386589411,0.006611125989047,0.0065889951838304,0.0114883480739969,0.996652490627182,,,,,0.9872273614553978,0.9911645691216,0.9911645691216,0.9824072030820077,0.9652170278196105,0.9942732405093319
tgt,P,target,32000,13,104000,577.1999999999986,6.722163491995997,8.45624737068235,8.45624737068235,71.50811959417214,33.227090328440035,65.28626154257813,0.058636618176254,0.030050927640143,3.929294978246946,4.942916126333167,5.847769135441945,1.2579651448153335,5822.277934857386,37694951.83588385,6139.621473338878,3796031.4851566553,6698.0,7.646555549444955,5.8371267572611245,6.493408300740911,,,,,,,,,4.367181153533712,0.0383205157301507,7.572779504782882,8.318440292445166,0.0349438196908272,6.905487479264773,1.455727051177904,0.0243851547435548,4.818917400886059,3.3273761169780665,0.023896952907258,4.722440493160168,30.154346060113728,0.0197651848359248,3.9059335132060977,7.694557270511779,0.0186020901077151,3.6760863999278697,5.8229082047116165,0.0183805381345926,3.632303997490469,9.56620633631194,0.0181127873900519,3.579391939497146,4.597005106081489,8.546935487279017,5.786397875252599,0.4946523996046501,0.0476237508174763,0.0408636940673077,0.1810897534366222,0.2334874632186449,0.4969353384599486,0.0117810749064058,0.0048904139052346,0.0162761297859924,0.4151076148544284,,,,,1.0002721314547323,1.001737607866263,1.001737607866263,1.0034782350136233,0.9521554656745453,0.9691395918435296
tgt,P,target,32000,14,112000,577.1999999999986,6.740604151137173,8.484122622220093,8.484122622220093,71.98033666886674,31.584586245589964,62.73731036015624,0.0665607156335941,0.0310792163905572,3.7227875706163833,4.685720380161592,5.545783487513775,1.2586590804012012,5800.335334491308,37346969.92936488,6111.216730681777,3703079.936816484,6382.0,7.64305684998588,5.055565414164949,6.551539773208039,,,,,,,,,17.884646628757107,0.0502252589222441,12.295774768467949,3.535337124289196,0.0273371019916569,6.6924662236670445,3.1194151096669374,0.0250768488403268,6.13912783846328,8.526401299756296,0.0242697903542131,5.941549775489091,7.694557270511779,0.0235000148830278,5.753099063256035,16.012997562956944,0.0215479238073137,5.27520262808433,1.6636880584890332,0.0184462923054064,4.5158842456489445,25.995125913891144,0.0174155172719658,4.263537559536925,4.498946704502741,13.660665941911638,7.584014097258718,0.5439479976669757,0.0439678302195365,0.070850432986817,0.1440460277298257,0.1975568714009374,0.5435788376628831,0.0059848449608736,0.0026055138771591,0.0250768488403268,0.4353519420732789,,,,,1.0030161404998168,1.0050397449218675,1.0050397449218675,1.0101048888726132,0.9050878703955255,0.9313017765023898
tgt,P,target,32000,15,120000,577.1999999999986,6.679076114908081,8.406849186412627,8.406849186412627,70.67511324308666,36.2912593278184,67.378776215625,0.1203520586006403,0.0433406852592656,4.316868130151423,5.4335747494790185,6.423730760690887,1.258684441048186,5827.426783354479,37761835.18357398,6145.065921824922,3802932.2682168568,6758.0,7.669943043050504,5.312225569344344,6.582112727893576,,,,,,,,,10.813972380178717,0.0344535039208392,7.279492127491248,1.455727051177904,0.0236282826039484,4.992290409613337,3.3273761169780665,0.0234258781400391,4.949525479086024,0.8318440292445166,0.0221949643054403,4.689452437192546,24.74735987002437,0.0193099185096718,4.079886913581299,5.406986190089358,0.0192172518610493,4.060307884967004,7.070674248578391,0.018803283050546,3.972842682472376,8.526401299756296,0.0169686024790795,3.585203073823656,4.657838353990997,5.802012739634358,5.202479092046619,0.4650384053073544,0.0689516092289501,0.0581458249248826,0.1136615102955429,0.2000348585762082,0.5592061969744159,0.0128021666021322,0.0113637349858452,0.0077113915789515,0.8876415483504856,,,,,0.9938606387009721,0.9958858373616714,0.9958858373616714,0.9917886010575582,1.0399622893136102,1.0002018516244893
tgt,P,target,32000,16,128000,577.1999999999986,6.839556606959538,8.601807737126784,8.601807737126784,73.99109634649419,36.35989182374973,67.95675156210937,0.1225154704331337,0.0298429372724872,4.2270058730574,5.316118268068238,6.278514560881988,1.2576557562770696,5758.739880921136,37016075.06560557,6084.083749062432,3852990.049493997,6664.0,7.673625239829285,4.679696561944519,6.576538210131086,,,,,,,,,27.45085296506905,0.0329500325575573,6.0477260891440485,6.654752233956133,0.0260373651147891,4.778958928863432,5.199025182778229,0.0232452864229866,4.266494271420042,6.030869212022745,0.0231376941050363,4.246746525583276,9.358245329000813,0.0226534237331277,4.157862408176869,26.4110479285134,0.0220934819441199,4.055089381780946,16.012997562956944,0.0188764658484699,3.464630718747037,16.63688058489033,0.0178250323655376,3.2716481566017084,4.610101724156168,6.252028283943575,4.975454916191034,0.491821126096025,0.0257121049423097,0.0484390595960364,0.1256954050514935,0.210931222759848,0.589222207650312,0.0072176181451733,0.0056026059872568,0.01321958547881,0.7762402878333573,,,,,1.0177404750114618,1.0189808703786294,1.0189808703786294,1.0383220141975895,1.041929022045184,1.0087815861375795
tgt,P,target,32000,17,136000,577.1999999999986,6.802271967604427,8.539480768019851,8.539480768019851,72.92273178738091,35.47328155635161,67.08088690898437,0.0824590359142982,-0.0148925958408529,4.154032606899712,5.214916681556781,6.1536589690672345,1.255386554475852,5757.678428056207,36846882.54727114,6070.163304827238,3696021.666367348,5030.0,7.625709715968245,5.915844678264554,6.464765767169695,,,,,,,,,7.694557270511779,0.0270833568811488,6.156392210076128,19.9642567018684,0.0234919792028096,5.34002628987668,30.98619008935824,0.0226512992350282,5.148929018311399,25.787164906580013,0.0211028032136671,4.796936136296217,1.8716490658001623,0.0196616355175481,4.469340350562001,0.8318440292445166,0.0195273541859238,4.438816492400767,2.49553208773355,0.0191750808065666,4.358740263371657,16.63688058489033,0.0186477798988555,4.238878046333908,4.61411220663033,3.834667167553459,4.089586889053356,0.4921954303718527,0.0585559234473619,0.0849642932583164,0.0480949054050414,0.224880473592498,0.5835044042967819,0.0142306550532809,0.0062237780877196,0.0038726605410099,0.4373500772789342,,,,,1.012192441893454,1.0115975399009527,1.0115975399009527,1.0233295827336601,1.0165223191505968,0.995779844386964
tgt,P,target,32000,18,144000,577.1999999999986,6.709583485131712,8.419094047317255,8.419094047317255,70.88114457757285,34.00212485708196,67.44872763398438,0.0626603894347503,0.0074723791695494,4.038691653279809,5.067695324519748,5.9823651089334335,1.2547863911332986,5771.014976760722,37218678.31920847,6100.711296169363,3914064.457211904,6634.0,7.604695611533211,6.609346808935225,6.492370279418365,,,,,,,,,1.0398050365556455,0.0397215678680809,8.802649612882345,26.203086921202274,0.0297480553296153,6.592431310891561,11.645816409423231,0.0271779509686284,6.022873527234969,1.8716490658001623,0.0245991585264579,5.451390388196627,21.83590576766856,0.0241658527592338,5.355366010287322,17.052802599512592,0.0202137186618454,4.479538253488459,31.194151096669373,0.019674970179702,4.3601468404019705,31.61007311129163,0.0189244008631316,4.193814063058138,4.600458822730799,7.729936337711921,5.997956748080094,0.4967327728718578,0.074401262217421,0.0616080943077802,0.0756275155054427,0.1645621920685823,0.6238009359007735,0.0397215678680809,0.0043652676732341,0.0025698946174555,0.1098966608675094,,,,,0.9984001998519326,0.9973363788528988,0.9973363788528988,0.9946798525834137,0.9743648543161162,1.0012402429710894
tgt,P,target,32000,19,152000,577.1999999999986,6.700039412468391,8.418030502112831,8.418030502112831,70.86323753450202,34.896707025570265,68.3510869125,0.0752154338794039,0.0151941758139653,4.145471677348691,5.208433096770189,6.155125350874997,1.256415072192874,5750.678960878654,36756620.51800679,6062.723853022401,3686312.006914378,6608.0,7.64795074905472,5.515816203825271,6.474324962969835,,,,,,,,,18.716490658001625,0.0399129510094341,9.728842963463563,31.194151096669373,0.0313970739125074,7.653084872998806,16.428919577579205,0.0298493734881848,7.27583052317234,25.787164906580013,0.0270629477911102,6.596634990128654,20.380178716490654,0.025465570023631,6.20727171179176,13.933387489845654,0.0203494777724914,4.960216386662712,7.278635255889521,0.0199925679438651,4.873219069075216,23.499593826157597,0.0195499957947199,4.765341429608804,4.51351757086209,7.187952777124913,6.026855602424384,0.5425020248012893,0.0526890304249881,0.0531217050605145,0.0677602968641301,0.1382569730123456,0.6881719946380213,0.0145481081422796,0.0090286535259275,0.0063815834338805,0.6206067096152447,,,,,0.9969800216731267,0.997210389961818,0.997210389961818,0.9944285618478019,1.0,1.0146352832477716
tgt,P,target,32000,20,160000,577.1999999999986,6.698095359655522,8.424041107876924,8.424041107876924,70.96446858720027,36.34610236680788,67.36517844492188,0.1000621185912784,0.0071165133206347,4.314568495257939,5.426333967373033,6.413889505743796,1.257677094090955,5757.129418229515,37011049.87865237,6083.670756924012,3866510.740408661,6640.0,7.653700671360839,5.695486750070259,6.736107918077599,,,,,,,,,18.924451665312752,0.0307509558527429,6.197716108669204,10.606011372867586,0.0288665077481277,5.817914113900208,9.56620633631194,0.0239761786315447,4.83229039255377,4.575142160844841,0.0220182256261557,4.437673817393421,25.579203899268887,0.0202700704447739,4.085341045040363,17.46872461413485,0.0188125519209097,3.791584776867932,29.73842404549147,0.0182387681457656,3.675941251407041,28.074735987002438,0.0170628834434652,3.4389470065359418,4.65917214941069,5.554897519888071,4.643394333764149,0.4624355848455039,0.0202243937919082,0.0288082640625635,0.0995131517545506,0.2098187599902787,0.6416354304006985,0.0003235023124972,0.0041638279380121,0.0087599542796349,12.871091687100376,,,,,0.9966907425068129,0.9979224138154277,0.9979224138154277,0.9958491439952102,1.041533871381491,1.0
tgt,P,target,32000,21,168000,577.1999999999986,6.723630225586828,8.486428976227309,8.486428976227309,72.0194767685505,36.38071680183156,68.14151302382813,0.1312431957706299,0.0412167099146038,4.286928801706714,5.410874123234654,6.412621404808919,1.262179610046203,5779.764123497574,37251879.49334828,6103.431780019195,3846206.170078605,6372.0,7.661730358618372,5.266184845109248,6.526255560331461,,,,,,,,,13.309504467912266,0.0322238181415063,7.429534729585173,10.813972380178717,0.0315149613278033,7.266100455825846,6.862713241267263,0.0310903079630421,7.16819222820136,14.141348497156782,0.0297605189958652,6.861595620956545,1.8716490658001623,0.0234034171579058,5.395900007940608,14.9731925264013,0.023182113928245,5.344876258262217,24.9553208773355,0.0231313697780783,5.333176669332959,16.012997562956944,0.0190122538351897,4.383471863450259,4.553317567469301,6.176701758955821,4.865796539367354,0.52255145243239,0.0251442029522361,0.0641824926465033,0.091461088312065,0.2157254937468598,0.6034867223423352,0.0040657776920132,0.0180461942333998,0.0142655227811359,4.438559015268063,,,,,1.0004903845122373,1.0053129584934208,1.0053129584934208,1.0106541445147952,1.0425257825953005,1.0115242710971364
tgt,P,target,32000,22,176000,577.1999999999986,6.684544757493579,8.41481971127281,8.41481971127281,70.8091907732254,34.83339868317498,67.41494348203125,0.0666948596434484,0.037543163424631,4.139530005201027,5.211035298121157,6.167645638751679,1.2588470893007755,5805.2802297772105,37650256.54875711,6135.980487970696,3948978.002514955,6424.0,7.664986595536842,5.35159088428364,6.8655330789338285,,,,,,,,,10.398050365556458,0.0373406642639604,8.623591106983113,20.380178716490654,0.0259959507069006,6.003601000477285,9.150284321689682,0.0251770777607329,5.814487453744377,17.052802599512592,0.0240786341364139,5.560808820626372,14.34930950446791,0.0225265066992912,5.202354769861275,29.32250203086921,0.0187510157571476,4.330428928290519,23.499593826157597,0.0175725686242865,4.058273989022371,9.56620633631194,0.0166916438973567,3.8548299745460426,4.604125819404816,6.550898214659059,5.638440303857977,0.4973511031737851,0.019350024905886,0.0125387917561222,0.0710370964292679,0.2503861349414116,0.6466879519673121,0.002939751611867,0.0012215859103733,0.0104133027631405,0.4155405188066154,,,,,0.9946743842728663,0.9968300356752826,0.9968300356752826,0.9936701200243857,0.9981858362065825,1.0007387353267394
tgt,P,target,32000,23,184000,577.1999999999986,6.68854695402358,8.39195266293718,8.39195266293718,70.42486949697843,36.52917843313183,64.8571607578125,0.0142384644554498,0.0295532252226262,4.35288185006781,5.461452043952803,6.453266513840676,1.254675002002885,5800.026684325542,37362181.09125376,6112.46113208532,3721871.5523654143,6608.0,7.6446419840885875,5.333953874557416,6.489397392342352,,,,,,,,,14.34930950446791,0.0318534243729291,7.019173934445461,6.654752233956133,0.0258937652006391,5.705912169224757,26.203086921202274,0.0232994453775246,5.134231653283228,9.150284321689682,0.0228115326557143,5.026715920622308,11.437855402112104,0.020041484278654,4.416312117948614,22.04386677497969,0.0196892816716637,4.33870126739494,10.398050365556458,0.0192333826149585,4.238240019081481,21.00406173842405,0.0184143420576813,4.057757441648467,4.623087594996473,4.849576120098168,4.809867080312189,0.4873669791255908,0.0280238675834219,0.0680938879059004,0.0607463076030931,0.2428935334528537,0.6002424034547305,0.008007089320276,0.0178836563610634,0.0107210211243343,2.233477814908836,,,,,0.9952699195731206,0.9941211766158714,0.9941211766158714,0.9882769137961251,1.0467800989464533,0.9627698204769107
tgt,P,target,32000,24,192000,577.1999999999986,6.569253084946529,8.248140356577977,8.248140356577977,68.03181934181028,36.47725732804902,67.99978780546874,0.0485001399044882,0.0283086558319669,4.422482614393632,5.552725227108582,6.55717327860913,1.255567451873238,5761.532605022052,36944094.84463456,6078.165417676172,3748836.885902369,6388.0,7.704637564141887,4.794558492219547,6.742516064020031,,,,,,,,,26.826969943135666,0.0296267367171223,5.560214261281512,5.8229082047116165,0.0268052406496869,5.030688420413678,11.021933387489844,0.0262432526737445,4.9252170150294425,3.1194151096669374,0.02052512493686,3.852064217472772,9.56620633631194,0.0199081838706765,3.7362794603692,29.53046303818034,0.017437512304489,3.2725948025405414,12.26969943135662,0.0162398297155301,3.0478190577394324,21.627944760357437,0.0160290854894709,3.008267518114759,4.650274863893294,5.061567416035643,4.473637244285417,0.4675533977761843,0.024472373458668,0.0383266924647475,0.1128649029540861,0.2170470799185735,0.6072889512039247,0.0023552246354209,0.0011389716135035,0.02052512493686,0.4835936224046773,,,,,0.9775187397880314,0.9770849914809072,0.9770849914809072,0.9546950805772452,1.0452922478135436,1.0094204361243653
tgt,P,target,32000,25,200000,577.1999999999986,6.582565968317517,8.24297489788559,8.24297489788559,67.94663516717195,32.176860335604594,62.8351582359375,0.0134920061623722,0.0244112712021832,3.903549475063232,4.888194131356957,5.754294220975187,1.2522434165579988,5791.907390426924,37374123.85687564,6113.437973585374,3827932.637593609,6686.0,7.644339968949045,5.842700835909088,6.608401274416957,,,,,,,,,8.942323314378553,0.0325811877964193,6.481224572432688,23.707554833468723,0.0282229608935698,5.614262708688432,30.778229082047115,0.0223786275169873,4.451676576885169,21.21202274573517,0.0181159514086624,3.603722189518316,15.597075548334686,0.0179544533112603,3.5715961220518992,27.658813972380177,0.0178302715434188,3.54689321894684,19.9642567018684,0.0176315128376544,3.5073550714786075,16.63688058489033,0.0168764033859661,3.3571446505529363,4.644261415051618,5.995321778174671,4.919759357259241,0.4699990524745536,0.0368495791203594,0.046477956105677,0.0413281098038949,0.1824258610346632,0.6929184939354049,0.0106916477242977,0.0047406557185897,0.0050270110890771,0.4433980468111334,,,,,0.9794997249635872,0.9764730848032498,0.9764730848032498,0.9534996853451752,0.9220600760990794,0.9327542758208806
tgt,P,target,32000,26,208000,577.1999999999986,6.680830366320719,8.383037279291779,8.383037279291779,70.2753140259957,32.17399558897066,64.1932531078125,0.0073077011803404,-0.0030706437217257,3.837987893534093,4.815867762660284,5.692299995401894,1.2547897221804851,5664.736401565813,36162439.40522182,6013.521381455446,4073200.905997024,6598.0,7.649005670302724,5.531440618070935,6.509582552676146,,,,,,,,,8.734362307067425,0.0354501893755138,7.7525496636667,1.6636880584890332,0.0315748911881107,6.905066414956278,14.141348497156782,0.029558534010283,6.464112235693217,16.844841592201462,0.0251176834423652,5.492949170468925,16.012997562956944,0.0221027825135976,4.833624930089847,17.26076360682372,0.0193753387463943,4.2371642726834,3.3273761169780665,0.0183646177831415,4.016131194954952,16.428919577579205,0.0174566481390533,3.817568651767018,4.622493767523149,7.255261659484255,5.352978595702442,0.4836653399400257,0.0466489284235872,0.0588430440647643,0.0845363585206524,0.1924085532683924,0.6175631157226034,0.0028604935721545,0.00824881081142,0.0143289065263566,2.883701920827312,,,,,0.9941216750178835,0.9930650491523919,0.9930650491523919,0.9861781918480429,0.9219779839225357,0.952914466934831
tgt,P,target,32000,27,216000,577.1999999999986,6.673262181658825,8.406509115929289,8.406509115929289,70.66939551620223,32.04523137889643,62.6719849875,0.0725664549566076,-0.0019511590200567,3.811954633840924,4.80203392382313,5.69091289600348,1.259730082092827,5708.094287317675,36381117.87647721,6031.676207861063,3798777.48356854,6716.0,7.640389013947733,5.415233793157846,6.505484528650504,,,,,,,,,17.26076360682372,0.0376549738644155,7.146624322155945,12.685621445978878,0.0353346068663679,6.706236518826577,15.181153533712427,0.0276253780597271,5.243084206120563,9.358245329000813,0.0257537332365626,4.887860419116275,13.517465475223394,0.022603680522064,4.290004650405117,1.455727051177904,0.0221129089848999,4.1968599886468025,11.645816409423231,0.0210085107054489,3.9872536924456377,19.9642567018684,0.0177599342911812,3.370698883559489,4.593688087404271,7.920105112388713,5.68590105352659,0.4989648700935389,0.0466289867630366,0.0444523611485765,0.0937424607697198,0.1808538886895301,0.6343223026291367,0.0145486858815854,0.0151787952990322,0.0016733153041453,1.0433104007834204,,,,,0.992995513148716,0.9958455521881716,0.9958455521881716,0.991708363812965,0.91828811685342,0.9303320563270078
tgt,P,target,32000,28,224000,577.1999999999986,6.711200965434374,8.426043679215635,8.426043679215635,70.99821208404975,32.07527447272854,62.8149718546875,0.0671492879950532,0.0364486729557983,3.80668267265742,4.779364325092555,5.637922786580195,1.2555194998052055,5831.799213381316,37919303.97507045,6157.865212479926,3909421.909875488,6754.0,7.682680500330855,4.920632042956026,6.685866216229935,,,,,,,,,13.517465475223394,0.0393262602394567,8.525087318678185,23.291632818846463,0.0287960013288444,6.242353690953536,19.13241267262388,0.0250634299052996,5.43321249331186,1.247766043866775,0.0245060422038087,5.312382828944231,7.070674248578391,0.0235061266869164,5.095622652896389,18.300568643379364,0.0218399403037566,4.734429284415886,19.75629569455727,0.0194501505590428,4.216374271736969,22.66774979691308,0.0191441511213234,4.15004017563577,4.5777933695238335,6.81596676645559,5.938265296157873,0.5107966344116905,0.0556749202463201,0.0284986051227206,0.1003031691135089,0.2231030901769158,0.5924202153405341,0.0234492024438458,0.0085205847595253,0.0015971850556158,0.3633635207664893,,,,,0.9986408843386839,0.9981596409132745,0.9981596409132745,0.9963226687481176,0.9191490317188282,0.93245461980102
tgt,P,target,32000,29,232000,577.1999999999986,6.777863118951702,8.50237477561563,8.50237477561563,72.29037682502495,31.57601437113533,62.95697743945313,0.0426629920574361,0.0230655346737083,3.713787642211442,4.658697559536194,5.497914653802401,1.254432942418199,5726.774013186989,36687127.07886192,6056.98993550938,3891186.480748112,6376.0,7.656912076198553,5.35402928934456,6.5554197486559245,,,,,,,,,6.862713241267263,0.0335491075983255,6.974375297348368,18.924451665312752,0.029391375843773,6.110042868923395,2.2875710804224205,0.0246762886045331,5.129844278847066,4.575142160844841,0.0246242044315284,5.119016730945163,8.110479285134037,0.0220055325021797,4.574632628852973,17.052802599512592,0.0216021080693882,4.490766511396291,24.53939886271324,0.0214541627117499,4.460010806653753,13.517465475223394,0.0210053797792038,4.366715311700641,4.614282332115277,5.839236294376794,5.065915247347047,0.4899199250227617,0.02478992389409,0.0800985177153981,0.0947298792888969,0.2681323567228837,0.5322493223787309,0.0031027887321872,0.0147933700776983,0.0011614070604058,4.767765822877145,,,,,1.0085603536383425,1.0072019177722318,1.0072019177722318,1.0144557031640624,0.9048422347701253,0.9345626166629556
tgt,P,target,32000,30,240000,577.1999999999986,6.747636522921987,8.48987850534662,8.48987850534662,72.07803703554656,32.52650740885992,64.07577958359374,0.0578706330437417,0.022026590672153,3.831209997689845,4.820429686507457,5.704691594604071,1.258200330812857,5725.689699769471,36641096.48847477,6053.188951988429,3857573.950428556,7294.0,7.690317763997911,4.00812234639407,6.595372651497345,,,,,,,,,6.446791226645003,0.0432238037457557,9.838722320570046,28.074735987002438,0.0361238555526713,8.222612383252226,3.535337124289196,0.0297081948775451,6.762261872296434,0.8318440292445166,0.0284942195128028,6.48593342633257,25.37124289195776,0.0231523238944922,5.269996301428593,19.9642567018684,0.0211119105138084,4.805551737738489,28.69861900893582,0.0153835231888205,3.501640296562683,29.9463850528026,0.0142882647889625,3.2523345360410296,4.555189868359827,9.26775979330104,6.526794365608996,0.5191261385468269,0.0641491564704416,0.013072700563254,0.1135631818107795,0.1998239021891791,0.6093910589663455,0.0135422455489394,0.0004919965436993,0.0052776816478163,0.036330499390597,,,,,1.004062572280709,1.0057215940142104,1.0057215940142104,1.0114759246664846,0.9320795622643248,0.9511706353748092
